action_id,module,route,control_type,visible_label,selector_or_testid,roles_allowed,roles_denied,preconditions,positive_scenario,negative_scenario,persistence_required,refresh_required,selenium_required,selenium_test_ids,playwright_test_ids,unit_test_ids,status,blocker
"AUTH-LOGIN","Autenticación","/login","OTHER","Iniciar sesión","[data-action-id=AUTH-LOGIN]","ADMIN|DOCTOR|NURSE|INVENTORY|FINANCE|AUDITOR","","Sesión ausente","Inicia una sesión sintética autorizada.","Credenciales sintéticas inválidas muestran un error genérico.","true","true","true","","playwright:workspace-login","","IMPLEMENTED_UNVERIFIED","Selenium pendiente."
"AUTH-LOGOUT","Autenticación","/*","OTHER","Cerrar sesión","[data-action-id=AUTH-LOGOUT]","ADMIN|DOCTOR|NURSE|INVENTORY|FINANCE|AUDITOR","","Sesión activa","Elimina la sesión y vuelve a login.","Una URL protegida ya no puede abrirse.","true","true","true","","","","IMPLEMENTED_UNVERIFIED","Selenium pendiente."
"DASHBOARD-NAVIGATE","Dashboard","/dashboard","NAVIGATE","Inicio","[data-action-id=DASHBOARD-NAVIGATE]","ADMIN|DOCTOR|NURSE|INVENTORY|FINANCE|AUDITOR","","Sesión autorizada","Abre el dashboard.","Sin sesión redirige a login.","false","true","true","","playwright:navigation-session-role-guard","","IMPLEMENTED_UNVERIFIED","Selenium pendiente."
"DASHBOARD-PATIENT-CREATE","Dashboard","/dashboard","NAVIGATE","Nuevo paciente","[data-action-id=DASHBOARD-PATIENT-CREATE]","ADMIN|DOCTOR|NURSE","INVENTORY|FINANCE|AUDITOR","Sesión con permiso patients:write","Abre el formulario de creación de pacientes existente.","Los roles sin permiso no ven la acción.","false","false","true","","playwright:dashboard-operational-actions","","IMPLEMENTED_UNVERIFIED","Selenium pendiente."
"DASHBOARD-QUOTE-CREATE","Dashboard","/dashboard","NAVIGATE","Nueva cotización","[data-action-id=DASHBOARD-QUOTE-CREATE]","ADMIN|DOCTOR|FINANCE","NURSE|INVENTORY|AUDITOR","Sesión con permiso quotes:write","Abre el formulario de creación de cotizaciones existente.","Los roles sin permiso no ven la acción.","false","false","true","","playwright:dashboard-operational-actions","","IMPLEMENTED_UNVERIFIED","Selenium pendiente."
"DASHBOARD-HOSPITALIZATION-DETAIL","Dashboard","/dashboard","NAVIGATE","Ver","[data-action-id=DASHBOARD-HOSPITALIZATION-DETAIL]","ADMIN|DOCTOR|NURSE|INVENTORY|FINANCE|AUDITOR","","Medición individual vinculada a hospitalización existente","Abre la hospitalización vinculada sin clasificar la medición.","Una medición sin caso muestra el estado explícito.","false","true","true","","playwright:dashboard-operational-actions","","IMPLEMENTED_UNVERIFIED","Selenium pendiente."
"PATIENT-NAVIGATE","Pacientes","/patients","NAVIGATE","Pacientes","[data-action-id=PATIENT-NAVIGATE]","ADMIN|DOCTOR|NURSE|FINANCE|AUDITOR","INVENTORY","Sesión autorizada","Abre la lista de pacientes.","INVENTORY recibe acceso denegado.","false","true","true","SEL-PAT-NAVIGATION","playwright:patient-list-interactions","","IMPLEMENTED_EXACT",""
"PATIENT-DETAIL-NAVIGATE","Pacientes","/patients","NAVIGATE","Detalle del paciente","[data-action-id=PATIENT-DETAIL-NAVIGATE]","ADMIN|DOCTOR|NURSE|FINANCE|AUDITOR","INVENTORY","Paciente visible en el listado","Abre el detalle administrativo del paciente seleccionado.","INVENTORY no puede acceder a la ruta de pacientes.","false","true","true","SEL-PAT-EDIT","playwright:patient-detail-complete-edit","","IMPLEMENTED_EXACT",""
"PATIENT-CREATE","Pacientes","/patients","CREATE","Agregar paciente","[data-action-id=PATIENT-CREATE]","ADMIN|DOCTOR|NURSE","INVENTORY|FINANCE|AUDITOR","Sesión con permiso de escritura","Crea un paciente sintético completo y se conserva tras recargar.","Documento duplicado, campos obligatorios y correo inválido se rechazan.","true","true","true","SEL-PAT-CREATE","playwright:patient-registration-data","domain:findDuplicatePatient","IMPLEMENTED_EXACT",""
"PATIENT-CREATE-SUBMIT","Pacientes","/patients","CREATE","Guardar registro","[data-action-id=PATIENT-CREATE-SUBMIT]","ADMIN|DOCTOR|NURSE","INVENTORY|FINANCE|AUDITOR","Formulario de creación abierto con permiso patients:write","Valida y persiste un paciente sintético completo.","Rechaza campos obligatorios, documento duplicado y correo inválido.","true","true","true","SEL-PAT-CREATE","playwright:patient-registration-data","domain:findDuplicatePatient","IMPLEMENTED_EXACT",""
"PATIENT-CREATE-CANCEL","Pacientes","/patients","CANCEL","Cancelar","[data-action-id=PATIENT-CREATE-CANCEL]","ADMIN|DOCTOR|NURSE","INVENTORY|FINANCE|AUDITOR","Formulario de creación abierto con permiso patients:write","Cierra el formulario sin persistir datos.","No modifica pacientes existentes.","false","false","true","SEL-PAT-PERMISSION-INTEGRITY","","","IMPLEMENTED_EXACT",""
"PATIENT-DOCUMENT-TYPE","Pacientes","/patients","OTHER","Tipo de documento","[data-action-id=PATIENT-DOCUMENT-TYPE]","ADMIN|DOCTOR|NURSE","INVENTORY|FINANCE|AUDITOR","Formulario de paciente abierto","Cambia entre DUI, PASAPORTE, Carnet de residente y OTRO; limpia solo el documento y sus errores.","Conserva los demás datos válidos del formulario.","false","false","true","SEL-PAT-DOCUMENT","playwright:patient-document-switch-validation","","IMPLEMENTED_EXACT",""
"PATIENT-INSURANCE-TOGGLE","Pacientes","/patients","OTHER","Tipo de paciente","[data-action-id=PATIENT-INSURANCE-TOGGLE]","ADMIN|DOCTOR|NURSE","INVENTORY|FINANCE|AUDITOR","Formulario de paciente abierto","Muestra y guarda datos de seguro sintético para paciente asegurado.","No inventa reglas de cobertura.","true","true","true","SEL-PAT-INSURANCE","playwright:patient-registration-data","","IMPLEMENTED_EXACT",""
"PATIENT-CONTACT-ADD","Pacientes","/patients","CREATE","Agregar contacto","[data-action-id=PATIENT-CONTACT-ADD]","ADMIN|DOCTOR|NURSE","INVENTORY|FINANCE|AUDITOR","Formulario de paciente abierto","Añade un contacto editable antes de guardar.","No crea un estado con múltiples contactos principales.","true","true","true","SEL-PAT-CONTACTS","playwright:patient-registration-data","","IMPLEMENTED_EXACT",""
"PATIENT-CONTACT-REMOVE","Pacientes","/patients","OTHER","Eliminar contacto","[data-action-id=PATIENT-CONTACT-REMOVE]","ADMIN|DOCTOR|NURSE","INVENTORY|FINANCE|AUDITOR","Contacto sin guardar presente","Elimina el contacto antes de guardar.","No modifica contactos ya persistidos hasta guardar el formulario.","false","false","true","SEL-PAT-CONTACTS","playwright:patient-registration-data","","IMPLEMENTED_EXACT",""
"PATIENT-CONTACT-PRIMARY","Pacientes","/patients","OTHER","Definir principal","[data-action-id=PATIENT-CONTACT-PRIMARY]","ADMIN|DOCTOR|NURSE","INVENTORY|FINANCE|AUDITOR","Dos o más contactos sin guardar","Marca un único contacto como principal.","El formulario rechaza múltiples principales.","true","true","true","SEL-PAT-CONTACTS","playwright:patient-registration-data","","IMPLEMENTED_EXACT",""
"PATIENT-ADDRESS-CLEAR","Pacientes","/patients","OTHER","Limpiar dirección","[data-action-id=PATIENT-ADDRESS-CLEAR]","ADMIN|DOCTOR|NURSE","INVENTORY|FINANCE|AUDITOR","Formulario de paciente abierto","Limpia localmente enlace, dirección, coordenadas y referencia.","No consulta servicios externos ni finge geocodificación.","false","false","true","SEL-PAT-ADDRESS","playwright:patient-registration-data","","IMPLEMENTED_EXACT",""
"PATIENT-ADDRESS-LOOKUP","Pacientes","/patients","OTHER","Consultar enlace","[data-action-id=PATIENT-ADDRESS-LOOKUP]","ADMIN|DOCTOR|NURSE","INVENTORY|FINANCE|AUDITOR","Enlace de ubicación disponible","Informa que requiere una integración de mapas configurada y conserva el enlace.","No realiza consultas externas inexistentes.","false","false","true","SEL-PAT-ADDRESS","","","IMPLEMENTED_EXACT",""
"PATIENT-EDIT","Pacientes","/patients/:id","EDIT","Editar paciente","[data-action-id=PATIENT-EDIT]","ADMIN|DOCTOR|NURSE","INVENTORY|FINANCE|AUDITOR","Paciente existente","Abre el formulario completo compartido y conserva los cambios tras recargar.","AUDITOR no puede editar.","true","true","true","SEL-PAT-EDIT","playwright:patient-detail-complete-edit","","IMPLEMENTED_EXACT",""
"PATIENT-EDIT-SUBMIT","Pacientes","/patients/:id","EDIT","Guardar cambios","[data-action-id=PATIENT-EDIT-SUBMIT]","ADMIN|DOCTOR|NURSE","INVENTORY|FINANCE|AUDITOR","Formulario completo válido","Guarda datos generales, seguro, contactos y dirección.","Rechaza documento de otro paciente.","true","true","true","SEL-PAT-EDIT","playwright:patient-detail-complete-edit","","IMPLEMENTED_EXACT",""
"PATIENT-EDIT-CANCEL","Pacientes","/patients/:id","OTHER","Cancelar","[data-action-id=PATIENT-EDIT-CANCEL]","ADMIN|DOCTOR|NURSE","INVENTORY|FINANCE|AUDITOR","Edición abierta","Cierra la edición sin guardar.","No modifica datos persistidos.","false","false","true","SEL-PAT-EDIT","","","IMPLEMENTED_EXACT",""
"PATIENT-BACK-TO-LIST","Pacientes","/patients/:id","NAVIGATE","Volver a pacientes","[data-action-id=PATIENT-BACK-TO-LIST]","ADMIN|DOCTOR|NURSE|FINANCE|AUDITOR","INVENTORY","Detalle de paciente visible","Regresa al listado de pacientes.","INVENTORY no puede acceder a la ruta de pacientes.","false","false","true","SEL-PAT-EDIT","playwright:patient-detail-complete-edit","","IMPLEMENTED_EXACT",""
"PATIENT-IMPORT","Pacientes","/patients","CREATE","Importar CSV","[data-action-id=PATIENT-IMPORT]","ADMIN|DOCTOR|NURSE","INVENTORY|FINANCE|AUDITOR","Sesión con patients:write","Abre importación local CSV.","Roles de solo lectura no tienen acceso.","false","false","true","SEL-PAT-IMPORT","playwright:patient-import-export","","IMPLEMENTED_EXACT",""
"PATIENT-IMPORT-FILE","Pacientes","/patients","OTHER","Archivo CSV","[data-action-id=PATIENT-IMPORT-FILE]","ADMIN|DOCTOR|NURSE","INVENTORY|FINANCE|AUDITOR","Importación abierta","Lee CSV local y valida sus filas.","Archivo vacío, estructura o filas inválidas producen error controlado.","false","false","true","SEL-PAT-IMPORT","playwright:patient-import-export","","IMPLEMENTED_EXACT",""
"PATIENT-IMPORT-PREVIEW","Pacientes","/patients","OTHER","Previsualización de importación","[data-action-id=PATIENT-IMPORT-PREVIEW]","ADMIN|DOCTOR|NURSE","INVENTORY|FINANCE|AUDITOR","CSV válido seleccionado","Muestra filas válidas antes de confirmar.","No permite confirmar si existen errores.","false","false","true","SEL-PAT-IMPORT","playwright:patient-import-export","","IMPLEMENTED_EXACT",""
"PATIENT-IMPORT-CONFIRM","Pacientes","/patients","CREATE","Importar pacientes","[data-action-id=PATIENT-IMPORT-CONFIRM]","ADMIN|DOCTOR|NURSE","INVENTORY|FINANCE|AUDITOR","Preview sin errores y filas válidas","Persiste las filas válidas mediante DataProvider.","No importa cuando hay errores.","true","true","true","SEL-PAT-IMPORT","playwright:patient-import-export","","IMPLEMENTED_EXACT",""
"PATIENT-IMPORT-CANCEL","Pacientes","/patients","OTHER","Cancelar","[data-action-id=PATIENT-IMPORT-CANCEL]","ADMIN|DOCTOR|NURSE","INVENTORY|FINANCE|AUDITOR","Importación abierta","Descarta la preview local.","No cambia pacientes persistidos.","false","false","true","SEL-PAT-IMPORT","","","IMPLEMENTED_EXACT",""
"PATIENT-EXPORT-CSV","Pacientes","/patients","OTHER","Exportar CSV","[data-action-id=PATIENT-EXPORT-CSV]","ADMIN|DOCTOR|NURSE|FINANCE|AUDITOR","INVENTORY","Listado de pacientes","Descarga CSV UTF-8 del tab y filtro actuales.","No exporta registros que no coinciden con el filtro.","false","false","true","SEL-PAT-EXPORT","playwright:patient-import-export","domain:toCsv","IMPLEMENTED_EXACT",""
"PATIENT-SEARCH","Pacientes","/patients","SEARCH","Buscar paciente","[data-action-id=PATIENT-SEARCH]","ADMIN|DOCTOR|NURSE|FINANCE|AUDITOR","INVENTORY","Lista cargada","Encuentra por nombre, documento o teléfono normalizados.","Sin resultados y limpiar búsqueda son visibles.","false","false","true","SEL-PAT-SEARCH","playwright:patient-list-interactions","domain:searchPatients","IMPLEMENTED_EXACT",""
"PATIENT-SEARCH-CLEAR","Pacientes","/patients","SEARCH","Limpiar búsqueda","[data-action-id=PATIENT-SEARCH-CLEAR]","ADMIN|DOCTOR|NURSE|FINANCE|AUDITOR","INVENTORY","Búsqueda aplicada","Restaura el listado de la pestaña actual.","No modifica pacientes.","false","false","true","SEL-PAT-SEARCH","playwright:patient-list-interactions","","IMPLEMENTED_EXACT",""
"PATIENT-TAB-ACTIVE","Pacientes","/patients","OTHER","Activos","[data-action-id=PATIENT-TAB-ACTIVE]","ADMIN|DOCTOR|NURSE|FINANCE|AUDITOR","INVENTORY","Lista cargada","Muestra solo pacientes ACTIVE y reinicia la página.","INVENTORY no puede abrir la ruta.","false","false","true","SEL-PAT-PAGINATION","playwright:patient-list-interactions","","IMPLEMENTED_EXACT",""
"PATIENT-TAB-INACTIVE","Pacientes","/patients","OTHER","Inactivos","[data-action-id=PATIENT-TAB-INACTIVE]","ADMIN|DOCTOR|NURSE|FINANCE|AUDITOR","INVENTORY","Lista cargada","Muestra solo pacientes INACTIVE y reinicia la página.","INVENTORY no puede abrir la ruta.","false","false","true","SEL-PAT-PAGINATION","playwright:patient-list-interactions","","IMPLEMENTED_EXACT",""
"PATIENT-SORT-NAME","Pacientes","/patients","OTHER","Ordenar por paciente","[data-action-id=PATIENT-SORT-NAME]","ADMIN|DOCTOR|NURSE|FINANCE|AUDITOR","INVENTORY","Lista cargada","Alterna orden ascendente y descendente por nombre.","No cambia el estado de pacientes.","false","false","true","SEL-PAT-PAGINATION","playwright:patient-list-interactions","","IMPLEMENTED_EXACT",""
"PATIENT-SORT-DOCUMENT","Pacientes","/patients","OTHER","Ordenar por documento","[data-action-id=PATIENT-SORT-DOCUMENT]","ADMIN|DOCTOR|NURSE|FINANCE|AUDITOR","INVENTORY","Lista cargada","Alterna orden ascendente y descendente por documento.","No cambia el estado de pacientes.","false","false","true","SEL-PAT-PAGINATION","playwright:patient-list-interactions","","IMPLEMENTED_EXACT",""
"PATIENT-PAGE-SIZE","Pacientes","/patients","OTHER","Mostrar registros","[data-action-id=PATIENT-PAGE-SIZE]","ADMIN|DOCTOR|NURSE|FINANCE|AUDITOR","INVENTORY","Lista cargada","Cambia el tamaño de página y vuelve a la primera.","No modifica pacientes.","false","false","true","SEL-PAT-PAGINATION","playwright:patient-list-interactions","","IMPLEMENTED_EXACT",""
"PATIENT-PAGINATE","Pacientes","/patients","OTHER","Página de pacientes","[data-action-id=PATIENT-PAGINATE]","ADMIN|DOCTOR|NURSE|FINANCE|AUDITOR","INVENTORY","Más de una página de resultados","Navega a la página seleccionada.","No modifica pacientes.","false","false","true","SEL-PAT-PAGINATION","playwright:patient-list-interactions","","IMPLEMENTED_EXACT",""
"PATIENT-PAGE-PREVIOUS","Pacientes","/patients","OTHER","Anterior","[data-action-id=PATIENT-PAGE-PREVIOUS]","ADMIN|DOCTOR|NURSE|FINANCE|AUDITOR","INVENTORY","Página posterior a la primera","Muestra la página anterior.","Se deshabilita en la primera página.","false","false","true","SEL-PAT-PAGINATION","playwright:patient-list-interactions","","IMPLEMENTED_EXACT",""
"PATIENT-PAGE-NEXT","Pacientes","/patients","OTHER","Siguiente","[data-action-id=PATIENT-PAGE-NEXT]","ADMIN|DOCTOR|NURSE|FINANCE|AUDITOR","INVENTORY","Página anterior a la última","Muestra la página siguiente.","Se deshabilita en la última página.","false","false","true","SEL-PAT-PAGINATION","playwright:patient-list-interactions","","IMPLEMENTED_EXACT",""
"PATIENT-INACTIVATE","Pacientes","/patients","STATE_TRANSITION","Inactivar","[data-action-id=PATIENT-INACTIVATE]","ADMIN|DOCTOR|NURSE","INVENTORY|FINANCE|AUDITOR","Paciente ACTIVE y permiso patients:write","Cambia el paciente a INACTIVE y se conserva tras recargar.","AUDITOR no recibe el control y INVENTORY no accede a la ruta.","true","true","true","SEL-PAT-STATUS","playwright:patient-list-interactions","","IMPLEMENTED_EXACT",""
"PATIENT-REACTIVATE","Pacientes","/patients","STATE_TRANSITION","Reactivar","[data-action-id=PATIENT-REACTIVATE]","ADMIN|DOCTOR|NURSE","INVENTORY|FINANCE|AUDITOR","Paciente INACTIVE y permiso patients:write","Cambia el paciente a ACTIVE y se conserva tras recargar.","AUDITOR no recibe el control y INVENTORY no accede a la ruta.","true","true","true","SEL-PAT-STATUS","playwright:patient-list-interactions","","IMPLEMENTED_EXACT",""
"HOSPITALIZATION-CREATE","Hospitalizaciones","/hospitalizations","CREATE","Nueva hospitalización","[data-action-id=HOSPITALIZATION-CREATE]","ADMIN|DOCTOR","NURSE|INVENTORY|FINANCE|AUDITOR","Paciente existente","Crea una hospitalización sintética persistente.","Campos requeridos inválidos no se guardan.","true","true","true","SEL-HOSP-CREATE","playwright:hospitalization-route-parity","","IMPLEMENTED_UNVERIFIED","Selenium pendiente."
"HOSPITALIZATION-CREATE-SUBMIT","Hospitalizaciones","/hospitalizations","CREATE","Guardar hospitalización","[data-action-id=HOSPITALIZATION-CREATE-SUBMIT]","ADMIN|DOCTOR","NURSE|INVENTORY|FINANCE|AUDITOR","Formulario de nueva hospitalización abierto","Valida y persiste el registro sintético.","No guarda sin paciente.","true","true","true","SEL-HOSP-CREATE","playwright:hospitalization-route-parity","","IMPLEMENTED_UNVERIFIED","Selenium pendiente."
"HOSPITALIZATION-CREATE-CANCEL","Hospitalizaciones","/hospitalizations","CANCEL","Cancelar","[data-action-id=HOSPITALIZATION-CREATE-CANCEL]","ADMIN|DOCTOR","NURSE|INVENTORY|FINANCE|AUDITOR","Formulario de nueva hospitalización abierto","Cierra el formulario sin persistir.","No cambia el listado.","false","false","true","SEL-HOSP-CREATE","playwright:hospitalization-route-parity","","IMPLEMENTED_UNVERIFIED","Selenium pendiente."
"HOSPITALIZATION-SEARCH","Hospitalizaciones","/hospitalizations","SEARCH","Buscar hospitalización","[data-action-id=HOSPITALIZATION-SEARCH]","ADMIN|DOCTOR|NURSE|FINANCE|AUDITOR","INVENTORY","Ruta de hospitalizaciones autorizada","Filtra por nombre, documento o identificador normalizado.","Muestra Sin resultados cuando no hay coincidencia.","false","false","true","SEL-HOSP-SEARCH","playwright:hospitalization-route-parity","vitest:search-hospitalizations","IMPLEMENTED_UNVERIFIED","Selenium pendiente."
"HOSPITALIZATION-SEARCH-CLEAR","Hospitalizaciones","/hospitalizations","RESET","Limpiar búsqueda","[data-action-id=HOSPITALIZATION-SEARCH-CLEAR]","ADMIN|DOCTOR|NURSE|FINANCE|AUDITOR","INVENTORY","Búsqueda activa","Restablece todos los resultados de búsqueda.","Permanece inactivo sin consulta.","false","false","true","SEL-HOSP-SEARCH","playwright:hospitalization-route-parity","","IMPLEMENTED_UNVERIFIED","Selenium pendiente."
"HOSPITALIZATION-FILTER-STATUS","Hospitalizaciones","/hospitalizations","FILTER","Estado administrativo","[data-action-id=HOSPITALIZATION-FILTER-STATUS]","ADMIN|DOCTOR|NURSE|FINANCE|AUDITOR","INVENTORY","Ruta de hospitalizaciones autorizada","Filtra ACTIVE, PENDING_CLOSE o CLOSED sin transicionar estados.","Sin coincidencias muestra estado vacío.","false","false","true","SEL-HOSP-FILTERS","playwright:hospitalization-route-parity","","IMPLEMENTED_UNVERIFIED","Selenium pendiente."
"HOSPITALIZATION-FILTER-DATE","Hospitalizaciones","/hospitalizations","FILTER","Fecha de inicio","[data-action-id=HOSPITALIZATION-FILTER-DATE]","ADMIN|DOCTOR|NURSE|FINANCE|AUDITOR","INVENTORY","Ruta de hospitalizaciones autorizada","Filtra por fecha de ingreso exacta.","Sin fecha muestra todos los resultados.","false","false","true","SEL-HOSP-FILTERS","playwright:hospitalization-route-parity","","IMPLEMENTED_UNVERIFIED","Selenium pendiente."
"HOSPITALIZATION-FILTER-ACCOUNT-TYPE","Hospitalizaciones","/hospitalizations","FILTER","Tipo de cuenta","[data-action-id=HOSPITALIZATION-FILTER-ACCOUNT-TYPE]","ADMIN|DOCTOR|NURSE|FINANCE|AUDITOR","INVENTORY","Ruta de hospitalizaciones autorizada","Filtra por tipo de cuenta presente en el listado.","Sin valor muestra todos los resultados.","false","false","true","SEL-HOSP-FILTERS","playwright:hospitalization-route-parity","","IMPLEMENTED_UNVERIFIED","Selenium pendiente."
"HOSPITALIZATION-FILTER-CLEAR","Hospitalizaciones","/hospitalizations","RESET","Limpiar","[data-action-id=HOSPITALIZATION-FILTER-CLEAR]","ADMIN|DOCTOR|NURSE|FINANCE|AUDITOR","INVENTORY","Filtros activos","Elimina todos los filtros del listado.","No altera datos persistidos.","false","false","true","SEL-HOSP-FILTERS","playwright:hospitalization-route-parity","","IMPLEMENTED_UNVERIFIED","Selenium pendiente."
"HOSPITALIZATION-FILTER-APPLY","Hospitalizaciones","/hospitalizations","FILTER","Aplicar","[data-action-id=HOSPITALIZATION-FILTER-APPLY]","ADMIN|DOCTOR|NURSE|FINANCE|AUDITOR","INVENTORY","Filtros staged","Aplica en conjunto los filtros observados.","No altera datos persistidos.","false","false","true","SEL-HOSP-FILTERS","playwright:ch03-administrative-board","vitest:ch03-hospitalization-filters","IMPLEMENTED_UNVERIFIED","Selenium pendiente."
"HOSPITALIZATION-DETAIL-NAVIGATE","Hospitalizaciones","/hospitalizations","NAVIGATE","Ver","[data-action-id=HOSPITALIZATION-DETAIL-NAVIGATE]","ADMIN|DOCTOR|NURSE|FINANCE|AUDITOR","INVENTORY","Hospitalización existente","Abre el detalle de hospitalización.","Un id inexistente muestra un estado explícito.","false","true","true","SEL-HOSP-DETAIL","playwright:hospitalization-route-parity","","IMPLEMENTED_UNVERIFIED","Selenium pendiente."
"HOSPITALIZATION-BACK-TO-LIST","Hospitalizaciones","/hospitalizations/:id","NAVIGATE","Volver al listado","[data-action-id=HOSPITALIZATION-BACK-TO-LIST]","ADMIN|DOCTOR|NURSE|FINANCE|AUDITOR","INVENTORY","Detalle de hospitalización abierto","Vuelve al listado.","No modifica el registro.","false","false","true","SEL-HOSP-DETAIL","playwright:hospitalization-route-parity","","IMPLEMENTED_UNVERIFIED","Selenium pendiente."
"HOSPITALIZATION-EDIT","Hospitalizaciones","/hospitalizations","EDIT","Editar","[data-action-id=HOSPITALIZATION-EDIT]","ADMIN|DOCTOR","NURSE|INVENTORY|FINANCE|AUDITOR","Hospitalización existente","Abre valores persistidos para edición.","Roles sin cases:write no reciben el control.","true","true","true","SEL-HOSP-EDIT","playwright:hospitalization-route-parity","","IMPLEMENTED_UNVERIFIED","Selenium pendiente."
"HOSPITALIZATION-EDIT-SUBMIT","Hospitalizaciones","/hospitalizations","EDIT","Guardar cambios","[data-action-id=HOSPITALIZATION-EDIT-SUBMIT]","ADMIN|DOCTOR","NURSE|INVENTORY|FINANCE|AUDITOR","Formulario de edición abierto","Actualiza y audita la hospitalización persistida.","No persiste si se cancela.","true","true","true","SEL-HOSP-EDIT","playwright:hospitalization-route-parity","","IMPLEMENTED_UNVERIFIED","Selenium pendiente."
"HOSPITALIZATION-EDIT-CANCEL","Hospitalizaciones","/hospitalizations","CANCEL","Cancelar","[data-action-id=HOSPITALIZATION-EDIT-CANCEL]","ADMIN|DOCTOR","NURSE|INVENTORY|FINANCE|AUDITOR","Formulario de edición abierto","Descarta cambios locales.","No modifica datos persistidos.","false","false","true","SEL-HOSP-EDIT","playwright:hospitalization-route-parity","","IMPLEMENTED_UNVERIFIED","Selenium pendiente."
"HOSPITALIZATION-NAVIGATE","Hospitalizaciones","*","NAVIGATE","Hospitalizaciones","[data-action-id=HOSPITALIZATION-NAVIGATE]","ADMIN|DOCTOR|NURSE|FINANCE|AUDITOR","INVENTORY","Sesión autorizada","Abre el listado de hospitalizaciones.","INVENTORY no recibe navegación ni acceso directo.","false","false","true","SEL-HOSP-NAVIGATION","playwright:hospitalization-route-parity","","IMPLEMENTED_UNVERIFIED","Selenium pendiente."
"HOSPITALIZATION-DETAIL-EDIT","Hospitalizaciones","/hospitalizations/:id","EDIT","Editar hospitalización","[data-action-id=HOSPITALIZATION-DETAIL-EDIT]","ADMIN|DOCTOR","NURSE|INVENTORY|FINANCE|AUDITOR","Detalle de hospitalización existente","Abre la edición con los valores del detalle.","Roles sin cases:write no reciben el control.","true","true","true","SEL-HOSP-EDIT","playwright:hospitalization-route-parity","","IMPLEMENTED_UNVERIFIED","Selenium pendiente."
"HOSPITALIZATION-ADMIN-PROFILE-OPEN","Hospitalizaciones","/hospitalizations/:id","EDIT","Editar perfil administrativo","[data-action-id=HOSPITALIZATION-ADMIN-PROFILE-OPEN]","ADMIN|DOCTOR","NURSE|INVENTORY|FINANCE|AUDITOR","Modo mock-local y detalle de hospitalización existente con cases:write","En modo mock-local abre el perfil administrativo de ejecución asociado al PIC.","Roles sin cases:write no reciben el control; modo Supabase muestra el bloqueo de integración y no expone este control.","false","false","true","SEL-CH08-ADMINISTRATIVE-PROFILE|SEL-CH08-ADMINISTRATIVE-PROFILE-PERMISSIONS","playwright:ch08-administrative-profile|playwright:ch08-administrative-profile-permissions","vitest:ch08-supabase-profile-ui-block","BLOCKED_INTEGRATION","DEMO_LOCAL_ONLY. Supabase requiere la RPC auditada de ejecución administrativa; Selenium runtime pendiente."
"HOSPITALIZATION-ADMIN-PROFILE-SAVE","Hospitalizaciones","/hospitalizations/:id","EDIT","Guardar","[data-action-id=HOSPITALIZATION-ADMIN-PROFILE-SAVE]","ADMIN|DOCTOR","NURSE|INVENTORY|FINANCE|AUDITOR","Modo mock-local y perfil administrativo de ejecución abierto","En modo mock-local guarda los campos administrativos observados y los conserva tras recargar.","En modo Supabase no existe control de guardar ni se muta hospitalización/auditoría; no configura cobertura, facturación, impuestos ni decisiones de aseguradora.","true","true","true","SEL-CH08-ADMINISTRATIVE-PROFILE|SEL-CH08-ADMINISTRATIVE-PROFILE-PERMISSIONS","playwright:ch08-administrative-profile|playwright:ch08-administrative-profile-permissions","vitest:ch08-supabase-profile-ui-block|vitest:ch08-supabase-profile-guard","BLOCKED_INTEGRATION","DEMO_LOCAL_ONLY. El provider rechaza administrativeProfile antes de cualquier upsert de hospitalizations; falta RPC auditada."
"HOSPITALIZATION-ADMIN-PROFILE-CANCEL","Hospitalizaciones","/hospitalizations/:id","CANCEL","Cancelar","[data-action-id=HOSPITALIZATION-ADMIN-PROFILE-CANCEL]","ADMIN|DOCTOR","NURSE|INVENTORY|FINANCE|AUDITOR","Modo mock-local y perfil administrativo de ejecución abierto","En modo mock-local cierra el perfil sin persistir las modificaciones locales.","En modo Supabase no expone el diálogo ni altera el perfil guardado.","false","true","true","SEL-CH08-ADMINISTRATIVE-PROFILE|SEL-CH08-ADMINISTRATIVE-PROFILE-PERMISSIONS","playwright:ch08-administrative-profile|playwright:ch08-administrative-profile-permissions","vitest:ch08-supabase-profile-ui-block","BLOCKED_INTEGRATION","DEMO_LOCAL_ONLY. Supabase requiere la RPC auditada de ejecución administrativa; Selenium runtime pendiente."
"HOSPITALIZATION-PAGE-SIZE","Hospitalizaciones","/hospitalizations","PAGINATE","Registros por página","[data-action-id=HOSPITALIZATION-PAGE-SIZE]","ADMIN|DOCTOR|NURSE|FINANCE|AUDITOR","INVENTORY","Más de una hospitalización visible","Cambia el tamaño de página entre 5, 10, 25 y 50.","No altera los datos.","false","false","true","SEL-HOSP-PAGINATION","playwright:hospitalization-route-parity","","IMPLEMENTED_UNVERIFIED","Selenium pendiente."
"HOSPITALIZATION-PAGE-PREV","Hospitalizaciones","/hospitalizations","PAGINATE","Anterior","[data-action-id=HOSPITALIZATION-PAGE-PREV]","ADMIN|DOCTOR|NURSE|FINANCE|AUDITOR","INVENTORY","Página posterior a la primera","Muestra la página previa.","Permanece deshabilitado en la primera página.","false","false","true","SEL-HOSP-PAGINATION","playwright:hospitalization-route-parity","","IMPLEMENTED_UNVERIFIED","Selenium pendiente."
"HOSPITALIZATION-PAGE-NEXT","Hospitalizaciones","/hospitalizations","PAGINATE","Siguiente","[data-action-id=HOSPITALIZATION-PAGE-NEXT]","ADMIN|DOCTOR|NURSE|FINANCE|AUDITOR","INVENTORY","Página previa a la última","Muestra la página siguiente.","Permanece deshabilitado en la última página.","false","false","true","SEL-HOSP-PAGINATION","playwright:hospitalization-route-parity","","IMPLEMENTED_UNVERIFIED","Selenium pendiente."
"QUOTE-CREATE","Cotizaciones","/quotes","CREATE","Nueva cotización","[data-action-id=QUOTE-CREATE]","ADMIN|DOCTOR|FINANCE","NURSE|INVENTORY|AUDITOR","Hospitalización existente","Crea un borrador persistente.","Datos inválidos no se guardan.","true","true","true","SEL-QUOTE-CREATE","playwright:quotes-builder-lifecycle","","IMPLEMENTED_VERIFIED","Selenium queda para el siguiente turno; precios y descuentos son manuales, sin tarifas ni reglas inventadas."
"QUOTE-SEND","Cotizaciones","/quotes/:id","STATE_TRANSITION","Enviar cotización","[data-action-id=QUOTE-SEND]","ADMIN|DOCTOR|FINANCE","NURSE|INVENTORY|AUDITOR","Borrador válido","Envía una versión y la vuelve inmutable.","No permite mutar una versión enviada.","true","true","true","SEL-QUOTE-SEND","playwright:quotes-builder-lifecycle","","IMPLEMENTED_VERIFIED","Selenium and role evidence pending."
"INSURANCE-NAVIGATE","Seguros","/insurance","NAVIGATE","Seguros","[data-action-id=INSURANCE-NAVIGATE]","ADMIN|DOCTOR|FINANCE|AUDITOR","NURSE|INVENTORY","Sesión autorizada","Abre seguros.","Rol denegado no ve datos.","false","true","true","","playwright:insurance-route-parity","","IMPLEMENTED_VERIFIED","Selenium no corresponde a este turno."
"INSURANCE-SEARCH","Seguros","/insurance","SEARCH","Buscar solicitudes","[data-action-id=INSURANCE-SEARCH]","ADMIN|DOCTOR|FINANCE|AUDITOR","NURSE|INVENTORY","Seguros cargados","Busca por nombre, documento, teléfono, cotización y aseguradora.","Sin coincidencia y limpiar se muestran.","false","false","true","","playwright:insurance-route-parity","domain:searchInsuranceRequests","IMPLEMENTED_VERIFIED","Selenium no corresponde a este turno."
"INSURANCE-UPDATE","Seguros","/insurance","UPDATE","Registrar actualización","[data-action-id=INSURANCE-UPDATE]","ADMIN|FINANCE","DOCTOR|NURSE|INVENTORY|AUDITOR","Cotización y paciente asegurado existentes","Registra un hecho administrativo observado y agrega historial.","AUDITOR no puede mutar; no se infiere una transición de negocio.","true","true","true","","playwright:insurance-route-parity","domain:appendInsuranceEvent","IMPLEMENTED_VERIFIED","CH07-Q001 mantiene abierta la máquina de estados; la acción no la implementa."
"INSURANCE-SEARCH-CLEAR","Seguros","/insurance","CLEAR","Limpiar búsqueda","[data-action-id=INSURANCE-SEARCH-CLEAR]","ADMIN|DOCTOR|FINANCE|AUDITOR","NURSE|INVENTORY","Búsqueda con texto","Limpia la consulta sin mutar solicitudes.","Deshabilitado sin texto.","false","false","true","","playwright:insurance-route-parity","","IMPLEMENTED_VERIFIED","Selenium no corresponde a este turno."
"INSURANCE-FILTER-STATUS","Seguros","/insurance","FILTER","Estado observado","[data-action-id=INSURANCE-FILTER-STATUS]","ADMIN|DOCTOR|FINANCE|AUDITOR","NURSE|INVENTORY","Solicitudes existentes","Filtra registros existentes por el estado observado.","No modifica ningún estado.","false","false","true","","playwright:insurance-route-parity","","IMPLEMENTED_VERIFIED","Selenium no corresponde a este turno."
"INSURANCE-FILTER-RESET","Seguros","/insurance","RESET","Restablecer filtro","[data-action-id=INSURANCE-FILTER-RESET]","ADMIN|DOCTOR|FINANCE|AUDITOR","NURSE|INVENTORY","Filtro aplicado","Restablece el filtro de estado.","No modifica solicitudes.","false","false","true","","playwright:insurance-route-parity","","IMPLEMENTED_VERIFIED","Selenium no corresponde a este turno."
"INSURANCE-UPDATE-SUBMIT","Seguros","/insurance","SUBMIT","Registrar actualización","[data-action-id=INSURANCE-UPDATE-SUBMIT]","ADMIN|FINANCE","DOCTOR|NURSE|INVENTORY|AUDITOR","Modal válido","Persiste una observación y un evento append-only.","Datos inválidos o rol denegado no mutan el snapshot.","true","true","true","","playwright:insurance-route-parity","domain:appendInsuranceEvent","IMPLEMENTED_VERIFIED","Selenium no corresponde a este turno."
"INSURANCE-UPDATE-CANCEL","Seguros","/insurance","CANCEL","Cancelar","[data-action-id=INSURANCE-UPDATE-CANCEL]","ADMIN|FINANCE","DOCTOR|NURSE|INVENTORY|AUDITOR","Modal abierto","Cierra sin persistir.","No crea solicitud ni evento.","false","false","true","","playwright:insurance-route-parity","","IMPLEMENTED_VERIFIED","Selenium no corresponde a este turno."
"INSURANCE-OPEN-QUOTE","Seguros","/insurance","NAVIGATE","Abrir cotización","[data-action-id=INSURANCE-OPEN-QUOTE]","ADMIN|DOCTOR|FINANCE|AUDITOR","NURSE|INVENTORY","Cotización relacionada visible","Abre la cotización relacionada.","No duplica información editable.","false","false","true","","playwright:insurance-route-parity","","IMPLEMENTED_VERIFIED","Selenium no corresponde a este turno."
"INSURANCE-WHATSAPP","Seguros","/insurance","EXTERNAL","WhatsApp","[data-action-id=INSURANCE-WHATSAPP]","ADMIN|FINANCE","DOCTOR|NURSE|INVENTORY|AUDITOR","Canal no configurado","Muestra bloqueo seguro.","No crea entrega ni expone datos.","false","false","true","","playwright:insurance-route-parity","","IMPLEMENTED_VERIFIED","BLOCKED_INTEGRATION proveedor no configurado."
"INSURANCE-EMAIL","Seguros","/insurance","EXTERNAL","Email","[data-action-id=INSURANCE-EMAIL]","ADMIN|FINANCE","DOCTOR|NURSE|INVENTORY|AUDITOR","Canal no configurado","Muestra bloqueo seguro.","No crea entrega ni expone datos.","false","false","true","","playwright:insurance-route-parity","","IMPLEMENTED_VERIFIED","BLOCKED_INTEGRATION proveedor no configurado."
"INSURANCE-SEND","Seguros","/insurance","EXTERNAL","Enviar al seguro","[data-action-id=INSURANCE-SEND]","ADMIN|FINANCE","DOCTOR|NURSE|INVENTORY|AUDITOR","Proveedor no configurado","Muestra bloqueo seguro.","No declara notificación ni entrega.","false","false","true","","playwright:insurance-route-parity","","IMPLEMENTED_VERIFIED","BLOCKED_INTEGRATION proveedor no configurado."
"INSURANCE-CLAIM","Seguros","/insurance","BLOCKED","Reclamo","[data-action-id=INSURANCE-CLAIM]","ADMIN|DOCTOR|FINANCE|AUDITOR","NURSE|INVENTORY","Sesión autorizada","Informa la definición pendiente.","No crea ni procesa reclamos.","false","false","true","","playwright:insurance-route-parity","","IMPLEMENTED_VERIFIED","BLOCKED_CLIENT CH08-Q002."
"PAYMENT-APPLY","Pagos","/payments","CREATE","Aplicar pago","[data-action-id=PAYMENT-APPLY]","ADMIN|FINANCE","DOCTOR|NURSE|INVENTORY|AUDITOR","Cotización enviada y reglas financieras externas no requeridas","Registra un pago sintético idempotente con referencia y auditoría.","Una clave repetida no duplica el pago.","true","true","true","","playwright:payment-idempotent-void","","IMPLEMENTED_UNVERIFIED","Selenium y evidencia de todos los roles pendientes."
"PAYMENT-VOID","Pagos","/payments","VOID","Reversar pago","[data-action-id=PAYMENT-VOID]","ADMIN|FINANCE","DOCTOR|NURSE|INVENTORY|AUDITOR","Pago aplicado","Conserva el pago original y registra una reversión con motivo y auditoría.","Sin motivo no cambia el estado.","true","true","true","","playwright:payment-idempotent-void","","IMPLEMENTED_UNVERIFIED","Selenium y evidencia de todos los roles pendientes."
"HEALTH-REPORT-SEARCH","Reportes de salud","/clinical/reports","SEARCH","Buscar reporte","[data-action-id=HEALTH-REPORT-SEARCH]","ADMIN|DOCTOR|NURSE|AUDITOR","INVENTORY|FINANCE","CH16-Q008 pendiente: no hay fuente de reportes autorizada.","Permanece visible y deshabilitada junto a la anatomía factual vacía; no consulta datos clínicos.","No permite buscar, copiar ni revelar datos mientras falten fuente, roles, minimización y auditoría aprobados.","false","false","true","SEL-CH17-HEALTH-REPORT-EMPTY-SURFACE","playwright:ch17-health-report-empty-surface","","BLOCKED_CLIENT","CH16-Q008; Selenium runtime pendiente: Python no disponible."
"HEALTH-REPORT-PAGE-PREV","Reportes de salud","/clinical/reports","PAGINATION","Anterior","[data-action-id=HEALTH-REPORT-PAGE-PREV]","ADMIN|DOCTOR|NURSE|AUDITOR","INVENTORY|FINANCE","CH16-Q008 pendiente: no hay datos autorizados que paginar.","Permanece visible y deshabilitada en la anatomía del reporte vacío.","No cambia página ni revela registros.","false","true","true","SEL-CH17-HEALTH-REPORT-EMPTY-SURFACE","playwright:ch17-health-report-empty-surface","","BLOCKED_CLIENT","CH16-Q008; Selenium runtime pendiente: Python no disponible."
"HEALTH-REPORT-PAGE-NEXT","Reportes de salud","/clinical/reports","PAGINATION","Siguiente","[data-action-id=HEALTH-REPORT-PAGE-NEXT]","ADMIN|DOCTOR|NURSE|AUDITOR","INVENTORY|FINANCE","CH16-Q008 pendiente: no hay datos autorizados que paginar.","Permanece visible y deshabilitada en la anatomía del reporte vacío.","No cambia página ni revela registros.","false","true","true","SEL-CH17-HEALTH-REPORT-EMPTY-SURFACE","playwright:ch17-health-report-empty-surface","","BLOCKED_CLIENT","CH16-Q008; Selenium runtime pendiente: Python no disponible."
"HEALTH-REPORT-HOSPITALIZATION-ACTIONS-OPEN","Reportes de salud","/clinical/reports","MENU","Acciones de hospitalización","[data-action-id=HEALTH-REPORT-HOSPITALIZATION-ACTIONS-OPEN]","ADMIN|DOCTOR|NURSE|AUDITOR","INVENTORY|FINANCE","Sesión con clinical:read; CH17-Q007 pendiente: no existe una hospitalización autorizada que contextualice las acciones.","Abre sólo los siete rótulos observados como opciones deshabilitadas y no carga ni navega a contenido clínico.","No revela ni consulta historia, Claims, visitas, notas, auditorías o Registro XPO; roles sin clinical:read no reciben el control.","false","true","true","SEL-CH17-HEALTH-REPORT-ACTIONS-MENU","playwright:ch17-health-report-actions-menu","","IMPLEMENTED_UNVERIFIED","CH17-Q007; Selenium runtime pendiente: Python no disponible."
"HEALTH-REPORT-SECTION-INFORMATION","Reportes de salud","/clinical/reports","TAB","Información Principal","[data-action-id=HEALTH-REPORT-SECTION-INFORMATION]","ADMIN|DOCTOR|NURSE|AUDITOR","INVENTORY|FINANCE","Sesión con clinical:read; CH16-Q008 pendiente: no existe fuente de reporte autorizada.","Selecciona sólo la pestaña observada y muestra su estado vacío factual.","No consulta ni revela paciente, hospitalización, seguro, información clínica, auditoría o documento.","false","true","true","SEL-CH17-HEALTH-REPORT-EMPTY-SECTIONS","playwright:ch17-health-report-empty-sections","","IMPLEMENTED_UNVERIFIED","CH16-Q008; Selenium runtime pendiente: Python no disponible."
"HEALTH-REPORT-SECTION-CLINICAL","Reportes de salud","/clinical/reports","TAB","Evaluación Clínica","[data-action-id=HEALTH-REPORT-SECTION-CLINICAL]","ADMIN|DOCTOR|NURSE|AUDITOR","INVENTORY|FINANCE","Sesión con clinical:read; CH16-Q008 pendiente: no existe fuente de reporte autorizada.","Selecciona sólo la pestaña observada y muestra su estado vacío factual.","No consulta ni revela evaluación, signos, perfil, nota o auditoría clínica.","false","true","true","SEL-CH17-HEALTH-REPORT-EMPTY-SECTIONS","playwright:ch17-health-report-empty-sections","","IMPLEMENTED_UNVERIFIED","CH16-Q008; Selenium runtime pendiente: Python no disponible."
"HEALTH-REPORT-SECTION-MEDICAL","Reportes de salud","/clinical/reports","TAB","Atención Médica","[data-action-id=HEALTH-REPORT-SECTION-MEDICAL]","ADMIN|DOCTOR|NURSE|AUDITOR","INVENTORY|FINANCE","Sesión con clinical:read; CH16-Q008 pendiente: no existe fuente de reporte autorizada.","Selecciona sólo la pestaña observada y muestra su estado vacío factual.","No consulta ni revela atención médica, paciente o hospitalización.","false","true","true","SEL-CH17-HEALTH-REPORT-EMPTY-SECTIONS","playwright:ch17-health-report-empty-sections","","IMPLEMENTED_UNVERIFIED","CH16-Q008; Selenium runtime pendiente: Python no disponible."
"HEALTH-REPORT-SECTION-TREATMENTS","Reportes de salud","/clinical/reports","TAB","Tratamientos y Órdenes","[data-action-id=HEALTH-REPORT-SECTION-TREATMENTS]","ADMIN|DOCTOR|NURSE|AUDITOR","INVENTORY|FINANCE","Sesión con clinical:read; CH16-Q008 pendiente: no existe fuente de reporte autorizada.","Selecciona sólo la pestaña observada y muestra su estado vacío factual.","No consulta ni revela tratamiento, orden, medicamento o contenido clínico.","false","true","true","SEL-CH17-HEALTH-REPORT-EMPTY-SECTIONS","playwright:ch17-health-report-empty-sections","","IMPLEMENTED_UNVERIFIED","CH16-Q008; Selenium runtime pendiente: Python no disponible."
"HEALTH-REPORT-SECTION-EVENTS","Reportes de salud","/clinical/reports","TAB","Eventos Clínicos","[data-action-id=HEALTH-REPORT-SECTION-EVENTS]","ADMIN|DOCTOR|NURSE|AUDITOR","INVENTORY|FINANCE","Sesión con clinical:read; CH16-Q008 pendiente: no existe fuente de reporte autorizada.","Selecciona sólo la pestaña observada y muestra su estado vacío factual.","No consulta ni revela eventos, estado clínico, paciente o auditoría.","false","true","true","SEL-CH17-HEALTH-REPORT-EMPTY-SECTIONS","playwright:ch17-health-report-empty-sections","","IMPLEMENTED_UNVERIFIED","CH16-Q008; Selenium runtime pendiente: Python no disponible."
"HEALTH-REPORT-SECTION-EVIDENCE","Reportes de salud","/clinical/reports","TAB","Evidencia y Documentos","[data-action-id=HEALTH-REPORT-SECTION-EVIDENCE]","ADMIN|DOCTOR|NURSE|AUDITOR","INVENTORY|FINANCE","Sesión con clinical:read; CH16-Q008 pendiente: no existe fuente de reporte autorizada.","Selecciona sólo la pestaña observada y muestra su estado vacío factual.","No consulta ni revela evidencia, adjunto, documento, paciente o clínica.","false","true","true","SEL-CH17-HEALTH-REPORT-EMPTY-SECTIONS","playwright:ch17-health-report-empty-sections","","IMPLEMENTED_UNVERIFIED","CH16-Q008; Selenium runtime pendiente: Python no disponible."
"MEDICAL-ORDER-SEARCH","Órdenes médicas","/clinical/orders","SEARCH","Buscar orden médica","[data-action-id=MEDICAL-ORDER-SEARCH]","ADMIN|DOCTOR|NURSE|AUDITOR","INVENTORY|FINANCE","Pacientes cargados","Busca el nombre o documento ya mostrado en el listado factual.","Sin resultado se muestra de forma explícita.","false","false","true","SEL-CH10-MEDICAL-ORDER-LIST","playwright:ch10-medical-order-list","domain:searchPatients","IMPLEMENTED_UNVERIFIED","Runtime Selenium pendiente: Python no disponible."
"MEDICAL-ORDER-CREATE","Órdenes médicas","/clinical/orders","CREATE","Nueva orden","[data-action-id=MEDICAL-ORDER-CREATE]","ADMIN|DOCTOR","NURSE|INVENTORY|FINANCE|AUDITOR","Paciente y caso existentes","Abre la elección de tipo visible sin crear un documento clínico.","Las opciones quedan deshabilitadas y NURSE no ve Nuevo.","false","false","true","SEL-CH10-MEDICAL-ORDER-LIST","playwright:ch10-medical-order-menu-and-guards","","BLOCKED_CLIENT","CH10-Q001/CH10-Q011: faltan modelo, autorización y auditoría para crear documentos clínicos."
"MEDICATION-CARD-CREATE","Tarjeta de medicamentos","/clinical/medication-cards","CREATE","Nueva tarjeta","[data-action-id=MEDICATION-CARD-CREATE]","ADMIN|DOCTOR","NURSE|INVENTORY|FINANCE|AUDITOR","Paciente y caso existentes","Crea una tarjeta persistente.","Validación impide crear un registro incompleto.","true","true","true","","","","MISSING","No ruta React."
"CARE-PLAN-CREATE","Planes de cuidado","/clinical/care-plans","CREATE","Nuevo plan de cuidado","[data-action-id=CARE-PLAN-CREATE]","ADMIN|DOCTOR|NURSE","INVENTORY|FINANCE|AUDITOR","Hospitalización existente","Crea un borrador sintético persistente.","AUDITOR no puede crear.","true","true","true","","playwright:clinical-document-immutability","","IMPLEMENTED_UNVERIFIED","Selenium y evidencia de todos los roles pendientes."
"EVOLUTION-CREATE","Evoluciones","/clinical/evolutions","CREATE","Nueva evolución","[data-action-id=EVOLUTION-CREATE]","ADMIN|DOCTOR|NURSE","INVENTORY|FINANCE|AUDITOR","Hospitalización existente","Crea un borrador sintético persistente.","AUDITOR no puede crear.","true","true","true","","playwright:clinical-document-immutability","","IMPLEMENTED_UNVERIFIED","Selenium y evidencia de todos los roles pendientes."
"CLINICAL-DOCUMENT-SIGN","Expediente clínico","/clinical/*","SIGN","Firmar","[data-action-id=CLINICAL-DOCUMENT-SIGN]","ADMIN|DOCTOR","NURSE|INVENTORY|FINANCE|AUDITOR","Documento en borrador existente","Firma y bloquea una versión.","La edición directa posterior es denegada.","true","true","true","","playwright:clinical-document-immutability","","IMPLEMENTED_UNVERIFIED","Selenium y evidencia de todos los roles pendientes."
"CLINICAL-DOCUMENT-CORRECT","Expediente clínico","/clinical/*","CORRECT","Corregir documento","[data-action-id=CLINICAL-DOCUMENT-CORRECT]","ADMIN|DOCTOR","NURSE|INVENTORY|FINANCE|AUDITOR","Documento firmado existente","Crea corrección autorizada con motivo y auditoría.","No sobrescribe la versión firmada.","true","true","true","","playwright:clinical-document-immutability","","IMPLEMENTED_UNVERIFIED","Selenium y evidencia de todos los roles pendientes."
"VITALS-RECORD","Signos vitales","/clinical/reports","CREATE","Registrar signos vitales","[data-action-id=VITALS-RECORD]","ADMIN|DOCTOR|NURSE","INVENTORY|FINANCE|AUDITOR","Paciente y caso existentes","Guarda FC, FR, SpO2, sistólica, diastólica, temperatura, dolor o glicemia con metadata.","No asigna umbrales clínicos inventados.","true","true","true","","playwright:patient-vital","domain:measuredVitalMetrics","IMPLEMENTED_UNVERIFIED","Selenium y evidencia de todos los roles pendientes."
"NURSING-RESOURCE-CREATE","Recursos de enfermería","/clinical/nursing","CREATE","Nuevo recurso","[data-action-id=NURSING-RESOURCE-CREATE]","ADMIN|NURSE","DOCTOR|INVENTORY|FINANCE|AUDITOR","Sesión con permiso de enfermería","Registra recurso con número de junta y persiste.","Roles sin permiso no pueden crear.","true","true","true","SEL-DOCTOR-LIFECYCLE","playwright:nursing-resource-persistence-role-guard|playwright:cr005-independent-doctor-resource","","IMPLEMENTED_UNVERIFIED","Selenium y evidencia de todos los roles pendientes."
"AGENDA-PATIENT-SEARCH","Agenda y turnos","/agenda","FILTER","Buscar paciente","[data-action-id=AGENDA-PATIENT-SEARCH]","ADMIN|DOCTOR|NURSE|AUDITOR","INVENTORY|FINANCE","Sesión con agenda:read","Reduce las opciones del selector por nombre o documento ya mostrado.","No cambia ni crea turnos.","false","false","true","SEL-CH11-AGENDA-PATIENT-FILTER","playwright:ch11-agenda-patient-filter","","IMPLEMENTED_UNVERIFIED","Runtime Selenium pendiente: Python no disponible."
"AGENDA-PATIENT-FILTER","Agenda y turnos","/agenda","FILTER","Paciente","[data-action-id=AGENDA-PATIENT-FILTER]","ADMIN|DOCTOR|NURSE|AUDITOR","INVENTORY|FINANCE","Paciente factual disponible y sesión con agenda:read","Muestra sólo los turnos existentes del paciente elegido en calendario y tabla.","Una selección sin turnos muestra el estado vacío sin mutar datos.","false","false","true","SEL-CH11-AGENDA-PATIENT-FILTER","playwright:ch11-agenda-patient-filter","","IMPLEMENTED_UNVERIFIED","Runtime Selenium pendiente: Python no disponible."
"AGENDA-CALENDAR-PREV","Agenda y turnos","/agenda","NAVIGATE","Periodo anterior","[data-action-id=AGENDA-CALENDAR-PREV]","ADMIN|DOCTOR|NURSE|AUDITOR","INVENTORY|FINANCE","Sesión con agenda:read","Muestra el periodo anterior usando únicamente turnos existentes.","No crea, elimina ni reclasifica visitas.","false","false","true","SEL-CH11-CALENDAR-NAVIGATION-VIEWS","playwright:ch11-calendar-navigation-views","","IMPLEMENTED_UNVERIFIED","Runtime Selenium pendiente: Python no disponible."
"AGENDA-CALENDAR-TODAY","Agenda y turnos","/agenda","NAVIGATE","Hoy","[data-action-id=AGENDA-CALENDAR-TODAY]","ADMIN|DOCTOR|NURSE|AUDITOR","INVENTORY|FINANCE","Sesión con agenda:read","Restablece el ancla temporal del calendario sintético.","No cambia el estado de ningún turno.","false","false","true","SEL-CH11-CALENDAR-NAVIGATION-VIEWS","playwright:ch11-calendar-navigation-views","","IMPLEMENTED_UNVERIFIED","Runtime Selenium pendiente: Python no disponible."
"AGENDA-CALENDAR-NEXT","Agenda y turnos","/agenda","NAVIGATE","Periodo siguiente","[data-action-id=AGENDA-CALENDAR-NEXT]","ADMIN|DOCTOR|NURSE|AUDITOR","INVENTORY|FINANCE","Sesión con agenda:read","Muestra el periodo siguiente usando únicamente turnos existentes.","No crea, elimina ni reclasifica visitas.","false","false","true","SEL-CH11-CALENDAR-NAVIGATION-VIEWS","playwright:ch11-calendar-navigation-views","","IMPLEMENTED_UNVERIFIED","Runtime Selenium pendiente: Python no disponible."
"AGENDA-CALENDAR-VIEW-MONTH","Agenda y turnos","/agenda","VIEW","Mes","[data-action-id=AGENDA-CALENDAR-VIEW-MONTH]","ADMIN|DOCTOR|NURSE|AUDITOR","INVENTORY|FINANCE","Sesión con agenda:read","Presenta el calendario mensual de turnos existentes.","No deriva ni altera visitas.","false","false","true","SEL-CH11-CALENDAR-NAVIGATION-VIEWS","playwright:ch11-calendar-navigation-views","","IMPLEMENTED_UNVERIFIED","Runtime Selenium pendiente: Python no disponible."
"AGENDA-CALENDAR-VIEW-WEEK","Agenda y turnos","/agenda","VIEW","Semana","[data-action-id=AGENDA-CALENDAR-VIEW-WEEK]","ADMIN|DOCTOR|NURSE|AUDITOR","INVENTORY|FINANCE","Sesión con agenda:read","Presenta una semana de turnos existentes.","No calcula disponibilidad ni altera recursos.","false","false","true","SEL-CH11-CALENDAR-NAVIGATION-VIEWS","playwright:ch11-calendar-navigation-views","","IMPLEMENTED_UNVERIFIED","Runtime Selenium pendiente: Python no disponible."
"AGENDA-CALENDAR-VIEW-LIST-WEEK","Agenda y turnos","/agenda","VIEW","Lista por semana","[data-action-id=AGENDA-CALENDAR-VIEW-LIST-WEEK]","ADMIN|DOCTOR|NURSE|AUDITOR","INVENTORY|FINANCE","Sesión con agenda:read","Lista los turnos existentes del intervalo semanal mostrado.","No crea ni actualiza registros.","false","false","true","SEL-CH11-CALENDAR-NAVIGATION-VIEWS","playwright:ch11-calendar-navigation-views","","IMPLEMENTED_UNVERIFIED","Runtime Selenium pendiente: Python no disponible."
"AGENDA-CALENDAR-VIEW-LIST-DAY","Agenda y turnos","/agenda","VIEW","Lista por día","[data-action-id=AGENDA-CALENDAR-VIEW-LIST-DAY]","ADMIN|DOCTOR|NURSE|AUDITOR","INVENTORY|FINANCE","Sesión con agenda:read","Lista los turnos existentes del día mostrado.","No crea ni actualiza registros.","false","false","true","SEL-CH11-CALENDAR-NAVIGATION-VIEWS","playwright:ch11-calendar-navigation-views","","IMPLEMENTED_UNVERIFIED","Runtime Selenium pendiente: Python no disponible."
"AGENDA-VISITS-DELETE","Agenda y turnos","/agenda","BLOCKED_ACTION","Eliminar visitas","[data-action-id=AGENDA-VISITS-DELETE]","ADMIN|DOCTOR|NURSE|AUDITOR","INVENTORY|FINANCE","CH11-Q004 y CH11-Q006 aprobados","Presenta la acción observada sin habilitar una eliminación insegura.","Permanece deshabilitada y no muta turnos ni auditoría.","false","true","true","SEL-CH11-CALENDAR-NAVIGATION-VIEWS","playwright:ch11-calendar-navigation-views","","BLOCKED_CLIENT","CH11-Q004/Q006: selección, confirmación, permisos, motivo y auditoría de eliminación no definidos."
"AGENDA-SHIFT-CREATE","Agenda y turnos","/agenda","CREATE","Crear turno","[data-action-id=AGENDA-SHIFT-CREATE]","ADMIN|NURSE","DOCTOR|INVENTORY|FINANCE|AUDITOR","Caso y recurso existentes","Crea turno persistente.","Horario inválido no se crea.","true","true","true","SEL-B3-AGENDA-SERIES|SEL-CH11-AGENDA-PATIENT-CONTEXT|SEL-CH11-AGENDA-PATIENT-CONTEXT-SAVE","playwright:agenda-shift-persistence-validation|playwright:cr017-multi-day-shifts|playwright:ch11-agenda-patient-context|playwright:ch11-agenda-patient-context-save","domain:validateShift|vitest:cr017-multi-day-shifts","IMPLEMENTED_UNVERIFIED","Selenium y evidencia de todos los roles pendientes."
"AGENDA-SHIFT-PATIENT-SELECT","Agenda y turnos","/agenda","SELECT","Paciente","[data-action-id=AGENDA-SHIFT-PATIENT-SELECT]","ADMIN|NURSE","DOCTOR|INVENTORY|FINANCE|AUDITOR","Formulario de turno abierto","Muestra sólo el documento y empresa factual ya almacenados del paciente seleccionado.","Cerrar el formulario no crea visita clínica, turno ni auditoría.","false","true","true","SEL-CH11-AGENDA-PATIENT-CONTEXT|SEL-CH11-AGENDA-PATIENT-CONTEXT-SAVE","playwright:ch11-agenda-patient-context|playwright:ch11-agenda-patient-context-save","","IMPLEMENTED_UNVERIFIED","Runtime Selenium pendiente: Python no disponible. Frecuencia, clasificación, tipos, descuentos y visita clínica requieren CH11-Q001/Q003/Q006/Q008 y CR-010."
"AGENDA-SHIFT-CLASSIFICATION-OBSERVED","Agenda y turnos","/agenda","DISPLAY","Clasificación observada","[data-action-id=AGENDA-SHIFT-CLASSIFICATION-OBSERVED]","ADMIN|NURSE","DOCTOR|INVENTORY|FINANCE|AUDITOR","Formulario Crear turno a paciente abierto","Muestra Puntual y Turno únicamente como etiquetas observadas no seleccionables.","No clasifica, persiste, crea una visita, aplica descuento ni modifica turnos o auditoría.","false","true","true","SEL-CH11-OBSERVED-CLASSIFICATION-TYPE-LABELS","playwright:ch11-observed-classification-type-labels","","IMPLEMENTED_UNVERIFIED","CR-010 y CH11-Q001/Q003/Q006/Q008: etiquetas visibles sin semántica de Puntual, visita, tarifa, descuento, disponibilidad o estado. Runtime Selenium pendiente: Python no disponible."
"AGENDA-SHIFT-TYPE-OBSERVED-CATALOG","Agenda y turnos","/agenda","DISCLOSURE","Tipos observados (sin selección)","[data-action-id=AGENDA-SHIFT-TYPE-OBSERVED-CATALOG]","ADMIN|NURSE","DOCTOR|INVENTORY|FINANCE|AUDITOR","Formulario Crear turno a paciente abierto","Expone seis etiquetas visibles de CH11-E0040 como catálogo factual no seleccionable.","No selecciona servicio, no infiere atención, tarifa o disponibilidad y no altera el turno ni auditoría.","false","true","true","SEL-CH11-OBSERVED-CLASSIFICATION-TYPE-LABELS","playwright:ch11-observed-classification-type-labels","","IMPLEMENTED_UNVERIFIED","CH11-Q001/Q003/Q006/Q008: el catálogo visible no define selección autorizada, servicio, visita, regla clínica, tarifa, descuento o disponibilidad. Runtime Selenium pendiente: Python no disponible."
"AGENDA-SHIFT-CLOSE","Agenda y turnos","/agenda","CLOSE","Cerrar","[data-action-id=AGENDA-SHIFT-CLOSE]","ADMIN|NURSE","DOCTOR|INVENTORY|FINANCE|AUDITOR","Formulario de turno abierto","Cierra el formulario sin crear turnos, visitas ni auditorÃ­a.","No simula una cancelaciÃ³n o transiciÃ³n clÃ­nica.","false","true","true","SEL-CH11-AGENDA-PATIENT-CONTEXT","playwright:ch11-agenda-patient-context","","IMPLEMENTED_UNVERIFIED","Runtime Selenium pendiente: Python no disponible. El cierre no define cancelaciÃ³n de visita, frecuencia, clasificaciÃ³n, descuentos ni Puntual."
"AGENDA-SHIFT-DETAIL-OPEN","Agenda y turnos","/agenda","OPEN","Ver detalle","[data-action-id=AGENDA-SHIFT-DETAIL-OPEN]","ADMIN|DOCTOR|NURSE|AUDITOR","INVENTORY|FINANCE","Turno sintético existente y sesión con agenda:read","Abre una vista factual de agenda del turno ya persistido, sin actualizarlo.","No finaliza visitas, registra observaciones clínicas, pagos, disponibilidad ni mutaciones.","false","true","true","SEL-CH11-SYNTHETIC-SHIFT-DETAIL","playwright:ch11-synthetic-shift-detail","","IMPLEMENTED_UNVERIFIED","Runtime Selenium pendiente: Python no disponible. Estado finalizado, actualizaciones, permisos de detalle, eliminación, liquidación y disponibilidad requieren CH11-Q002/Q004/Q006/Q008."
"AGENDA-SHIFT-DETAIL-UPDATES","Agenda y turnos","/agenda","TAB","Actualizaciones","[data-action-id=AGENDA-SHIFT-DETAIL-UPDATES]","ADMIN|DOCTOR|NURSE|AUDITOR","INVENTORY|FINANCE","Detalle factual del turno abierto","Presenta la pestaña observada con una explicación accesible de la definición pendiente.","Permanece deshabilitada y no registra actualizaciones, observaciones ni una transición clínica.","false","false","true","SEL-CH11-SYNTHETIC-SHIFT-DETAIL","playwright:ch11-synthetic-shift-detail","","BLOCKED_CLIENT","CH11-Q002/Q006: estados, actualizaciones, roles y auditoría del detalle no definidos."
"AGENDA-SHIFT-DETAIL-CLOSE","Agenda y turnos","/agenda","CLOSE","Cerrar detalle","[data-action-id=AGENDA-SHIFT-DETAIL-CLOSE]","ADMIN|DOCTOR|NURSE|AUDITOR","INVENTORY|FINANCE","Detalle factual del turno abierto","Cierra la vista factual sin cambiar turno ni auditoría.","No equivale a cancelar, finalizar ni editar una visita.","false","true","true","SEL-CH11-SYNTHETIC-SHIFT-DETAIL","playwright:ch11-synthetic-shift-detail","","IMPLEMENTED_UNVERIFIED","Runtime Selenium pendiente: Python no disponible. No define ninguna transición de visita."
"NURSE-HOURS-FILTER","Reporte de horas","/reports/nurse-hours","FILTER","Filtrar horas","[data-action-id=NURSE-HOURS-FILTER-FROM]","ADMIN|NURSE|AUDITOR","DOCTOR|INVENTORY|FINANCE","Turnos cargados","Filtra por rango, mes, enfermera y estado.","Reset restaura la vista.","false","false","true","","playwright:nurse-hours-filter-export","domain:nurseHoursTotal","IMPLEMENTED_UNVERIFIED","Selenium y evidencia de todos los roles pendientes."
"NURSE-HOURS-EXPORT","Reporte de horas","/reports/nurse-hours","EXPORT","Exportar CSV","[data-action-id=NURSE-HOURS-EXPORT]","ADMIN|NURSE|AUDITOR","DOCTOR|INVENTORY|FINANCE","Reporte filtrado","Descarga CSV de turnos y horas derivadas.","No etiqueta horas programadas como trabajadas.","false","false","true","","playwright:nurse-hours-filter-export","domain:toCsv","IMPLEMENTED_UNVERIFIED","Selenium y evidencia de todos los roles pendientes."
"PURCHASE-CREATE","Compras","/purchases","CREATE","Nueva compra","[data-action-id=PURCHASE-CREATE]","ADMIN|INVENTORY|FINANCE","DOCTOR|NURSE|AUDITOR","Ítem de catálogo existente","Crea compra sintética en borrador y persiste.","Campos inválidos no se guardan.","true","true","true","","playwright:purchase-draft-persistence","","IMPLEMENTED_UNVERIFIED","Selenium y evidencia de todos los roles pendientes."
"INVENTORY-MOVEMENT-CREATE","Inventario","/inventory/movements","CREATE","Registrar movimiento","[data-action-id=INVENTORY-MOVEMENT-CREATE]","ADMIN|INVENTORY","DOCTOR|NURSE|FINANCE|AUDITOR","Ítem y bodega sintéticos existentes","Crea movimiento auditado persistente.","No permite saldo negativo.","true","true","true","SEL-INVENTORY-MOVEMENT-SAFETY","playwright:inventory-movement-safety","domain:canRecordMovement","IMPLEMENTED_UNVERIFIED","Selenium y evidencia de todos los roles pendientes."
"KARDEX-FILTER","Kárdex","/inventory/kardex","FILTER","Filtrar Kárdex","[data-action-id=KARDEX-FILTER]","ADMIN|INVENTORY|AUDITOR","DOCTOR|NURSE|FINANCE","Movimientos cargados","Filtra por item, fechas, bodega, tipo y referencia.","Filtro vacío conserva saldo cronológico reproducible.","false","false","true","","","domain:deriveKardex","IMPLEMENTED_UNVERIFIED","Selenium y evidencia de todos los roles pendientes."
"INVENTORY-CLOSURE-APPROVE","Cierres","/inventory/closures","APPROVE","Aprobar cierre","[data-action-id=INVENTORY-CLOSURE-APPROVE]","ADMIN|INVENTORY","DOCTOR|NURSE|FINANCE|AUDITOR","Cierre pendiente","Aprueba cierre auditado.","AUDITOR no puede aprobar.","true","true","true","SEL-INVENTORY-CLOSURE-BOUNDARY","","","MISSING","No ruta React."
"CATALOG-CREATE","Catálogos","/catalogs","CREATE","Nuevo ítem","[data-action-id=CATALOG-CREATE]","ADMIN|INVENTORY","DOCTOR|NURSE|FINANCE|AUDITOR","Sesión autorizada","Crea ítem sintético con SKU único y persiste.","SKU duplicado se rechaza.","true","true","true","","playwright:catalog-sku-persistence","","IMPLEMENTED_UNVERIFIED","Selenium y evidencia de todos los roles pendientes."
"DISCOUNT-APPROVE","Descuentos","/catalogs/discounts","APPROVE","Aprobar descuento","[data-action-id=DISCOUNT-APPROVE]","ADMIN|FINANCE","DOCTOR|NURSE|INVENTORY|AUDITOR","Solicitud pendiente","Aprueba solicitud persistente y auditada.","AUDITOR no puede aprobar.","true","true","true","","","","MISSING","No ruta React."
"AUDIT-EXPORT","Auditoría","/audit","EXPORT","Exportar auditoría","[data-action-id=AUDIT-EXPORT]","ADMIN|AUDITOR","DOCTOR|NURSE|INVENTORY|FINANCE","Auditoría disponible","Descarga auditoría sintética acotada al rol.","Rol no permitido recibe denegación.","false","false","true","","playwright:audit-export-role-guard","","IMPLEMENTED_UNVERIFIED","Selenium y evidencia del rol AUDITOR pendientes."
"SETTINGS-EDIT","Configuración","/settings","EDIT","Guardar configuración","[data-action-id=SETTINGS-EDIT]","ADMIN","DOCTOR|NURSE|INVENTORY|FINANCE|AUDITOR","ADMIN autenticado","Actualiza configuración segura persistente.","No expone secretos ni deja configurar canal no aprobado.","true","true","true","","","","MISSING","No ruta React."
"HELP-SEARCH","Ayuda","/help","SEARCH","¿Qué necesitas hacer?","[data-action-id=HELP-SEARCH]","ADMIN|DOCTOR|NURSE|INVENTORY|FINANCE|AUDITOR","","Knowledge base local cargada","Encuentra respuesta, pasos y enlace de módulo determinísticamente.","Sin respuesta muestra CTA de WhatsApp configurable sin inventar número.","false","false","true","","playwright:help-search-safe-empty","","IMPLEMENTED_UNVERIFIED","Selenium pendiente."
"PORTAL-REQUEST-OTP","Portal del paciente","/portal/:token","PORTAL_ACTION","Solicitar código","[data-action-id=PORTAL-REQUEST-OTP]","","","Token válido no expirado","Solicita un OTP sin revelar identidad.","Token inexistente recibe la misma respuesta genérica.","true","true","true","","playwright:portal-second-factor-generic-errors","","IMPLEMENTED_UNVERIFIED","Selenium y entorno Supabase de integración pendientes."
"PORTAL-VERIFY-OTP","Portal del paciente","/portal/:token","PORTAL_ACTION","Verificar código","[data-action-id=PORTAL-VERIFY-OTP]","","","Token válido y OTP emitido","Permite acceso tras verificación secundaria.","Código o token expirado no revela datos.","true","true","true","","playwright:portal-second-factor-generic-errors","","IMPLEMENTED_UNVERIFIED","Selenium y entorno Supabase de integración pendientes."
"QUOTE-NAVIGATE","Cotizaciones","/quotes","NAVIGATE","Cotizaciones","[data-action-id=QUOTE-NAVIGATE]","ADMIN|DOCTOR|FINANCE|AUDITOR","NURSE|INVENTORY","Sesión con quotes:read","Abre el listado autorizado.","La ruta queda denegada sin permiso.","false","false","true","SEL-QUOTE-NAVIGATION","playwright:quotes-list-search","","IMPLEMENTED_VERIFIED","Certificación Selenium de cotizaciones requerida."
"QUOTE-SEARCH","Cotizaciones","/quotes","SEARCH","Buscar cotización","[data-action-id=QUOTE-SEARCH]","ADMIN|DOCTOR|FINANCE|AUDITOR","NURSE|INVENTORY","Cotizaciones disponibles","Busca ID, paciente, caso y estado normalizados.","Muestra vacío explícito.","false","false","true","SEL-QUOTE-SEARCH","playwright:quotes-list-search","domain:searchQuotes","IMPLEMENTED_VERIFIED","Certificación Selenium de cotizaciones requerida."
"QUOTE-SEARCH-CLEAR","Cotizaciones","/quotes","CLEAR","Limpiar búsqueda","[data-action-id=QUOTE-SEARCH-CLEAR]","ADMIN|DOCTOR|FINANCE|AUDITOR","NURSE|INVENTORY","Búsqueda activa","Restaura el listado.","No altera cotizaciones.","false","false","true","SEL-QUOTE-SEARCH","playwright:quotes-list-search","","IMPLEMENTED_VERIFIED","Certificación Selenium de cotizaciones requerida."
"QUOTE-CREATE-SUBMIT","Cotizaciones","/quotes?create=1","CREATE","Guardar borrador","[data-action-id=QUOTE-CREATE-SUBMIT]","ADMIN|DOCTOR|FINANCE","NURSE|INVENTORY|AUDITOR","Hospitalización válida","Persiste borrador con paciente derivado.","Resumen o caso inválido no persiste.","true","true","true","SEL-QUOTE-CREATE","playwright:quotes-builder-lifecycle","","IMPLEMENTED_VERIFIED","Certificación Selenium de cotizaciones requerida."
"QUOTE-CREATE-CANCEL","Cotizaciones","/quotes?create=1","CANCEL","Cancelar","[data-action-id=QUOTE-CREATE-CANCEL]","ADMIN|DOCTOR|FINANCE","NURSE|INVENTORY|AUDITOR","Constructor abierto","Cierra sin persistir.","No modifica el listado.","false","false","true","SEL-QUOTE-CREATE","playwright:quotes-builder-lifecycle","","IMPLEMENTED_VERIFIED","Certificación Selenium de cotizaciones requerida."
"QUOTE-ITEM-ADD","Cotizaciones","/quotes?create=1","CREATE","Agregar línea","[data-action-id=QUOTE-ITEM-ADD]","ADMIN|DOCTOR|FINANCE","NURSE|INVENTORY|AUDITOR","Concepto manual válido","Agrega ítem en una de siete categorías y recalcula.","Línea inválida no se incorpora.","true","true","true","SEL-QUOTE-ITEMS","playwright:quotes-builder-lifecycle","domain:validateQuoteItem","IMPLEMENTED_VERIFIED","Certificación Selenium de cotizaciones requerida."
"QUOTE-ITEM-EDIT","Cotizaciones","/quotes?edit=:id","EDIT","Editar línea","[data-action-id=QUOTE-ITEM-EDIT]","ADMIN|DOCTOR|FINANCE","NURSE|INVENTORY|AUDITOR","Borrador editable","Actualiza línea y totales.","Versión enviada no expone edición.","true","true","true","SEL-QUOTE-ITEMS","playwright:quotes-builder-lifecycle","","IMPLEMENTED_VERIFIED","Certificación Selenium de cotizaciones requerida."
"QUOTE-ITEM-REMOVE","Cotizaciones","/quotes?edit=:id","DELETE","Eliminar","[data-action-id=QUOTE-ITEM-REMOVE]","ADMIN|DOCTOR|FINANCE","NURSE|INVENTORY|AUDITOR","Borrador editable","Elimina línea y recalcula.","No permite mutar una enviada.","true","true","true","SEL-QUOTE-ITEMS","playwright:quotes-builder-lifecycle","","IMPLEMENTED_VERIFIED","Certificación Selenium de cotizaciones requerida."
"QUOTE-DISCOUNT-UPDATE","Cotizaciones","/quotes?create=1","UPDATE","Descuento general manual","[data-action-id=QUOTE-DISCOUNT-UPDATE]","ADMIN|DOCTOR|FINANCE","NURSE|INVENTORY|AUDITOR","Valores manuales válidos","Actualiza porcentaje, fijo o categorías manuales.","No infiere porcentaje ni cobertura.","true","true","true","SEL-QUOTE-DISCOUNT","playwright:quotes-builder-lifecycle","domain:calculateQuoteTotals","IMPLEMENTED_VERIFIED","Política comercial permanece configurable por cliente."
"QUOTE-DETAIL-NAVIGATE","Cotizaciones","/quotes/:id","NAVIGATE","Consultar","[data-action-id=QUOTE-DETAIL-NAVIGATE]","ADMIN|DOCTOR|FINANCE|AUDITOR","NURSE|INVENTORY","Cotización visible","Abre detalle funcional.","ID inexistente muestra estado vacío.","false","true","true","SEL-QUOTE-DETAIL","playwright:quotes-builder-lifecycle","","IMPLEMENTED_VERIFIED","Certificación Selenium de cotizaciones requerida."
"QUOTE-BACK-TO-LIST","Cotizaciones","/quotes/:id","NAVIGATE","Volver a cotizaciones","[data-action-id=QUOTE-BACK-TO-LIST]","ADMIN|DOCTOR|FINANCE|AUDITOR","NURSE|INVENTORY","Detalle abierto","Vuelve al listado.","No muta datos.","false","false","true","SEL-QUOTE-DETAIL","playwright:quotes-builder-lifecycle","","IMPLEMENTED_VERIFIED","Certificación Selenium de cotizaciones requerida."
"QUOTE-EDIT","Cotizaciones","/quotes/:id","EDIT","Editar borrador","[data-action-id=QUOTE-EDIT]","ADMIN|DOCTOR|FINANCE","NURSE|INVENTORY|AUDITOR","DRAFT no inmutable","Abre constructor prellenado.","No aparece para enviada o AUDITOR.","false","false","true","SEL-QUOTE-EDIT","playwright:quotes-builder-lifecycle","domain:canEditQuote","IMPLEMENTED_VERIFIED","Certificación Selenium de cotizaciones requerida."
"QUOTE-EDIT-SUBMIT","Cotizaciones","/quotes?edit=:id","UPDATE","Guardar cambios","[data-action-id=QUOTE-EDIT-SUBMIT]","ADMIN|DOCTOR|FINANCE","NURSE|INVENTORY|AUDITOR","Borrador editable","Persiste el borrador recalculado.","Provider rechaza versión inmutable.","true","true","true","SEL-QUOTE-EDIT","playwright:quotes-builder-lifecycle","","IMPLEMENTED_VERIFIED","Certificación Selenium de cotizaciones requerida."
"QUOTE-EDIT-CANCEL","Cotizaciones","/quotes?edit=:id","CANCEL","Cancelar","[data-action-id=QUOTE-EDIT-CANCEL]","ADMIN|DOCTOR|FINANCE","NURSE|INVENTORY|AUDITOR","Edición abierta","Descarta cambios locales.","No persiste al cancelar.","false","false","true","SEL-QUOTE-EDIT","playwright:quotes-builder-lifecycle","","IMPLEMENTED_VERIFIED","Certificación Selenium de cotizaciones requerida."
"QUOTE-REVISE","Cotizaciones","/quotes/:id","CREATE_VERSION","Revisar / nueva versión","[data-action-id=QUOTE-REVISE]","ADMIN|DOCTOR|FINANCE","NURSE|INVENTORY|AUDITOR","Versión inmutable","Abre revisión basada en la versión original.","No sobrescribe la enviada.","false","false","true","SEL-QUOTE-REVISION","playwright:quotes-builder-lifecycle","domain:createQuoteRevision","IMPLEMENTED_VERIFIED","Certificación Selenium de cotizaciones requerida."
"QUOTE-REVISE-SUBMIT","Cotizaciones","/quotes?revise=:id","CREATE_VERSION","Crear revisión","[data-action-id=QUOTE-REVISE-SUBMIT]","ADMIN|DOCTOR|FINANCE","NURSE|INVENTORY|AUDITOR","Motivo de revisión","Crea v+1 DRAFT con copia independiente.","Motivo vacío no persiste.","true","true","true","SEL-QUOTE-REVISION","playwright:quotes-builder-lifecycle","domain:createQuoteRevision","IMPLEMENTED_VERIFIED","Certificación Selenium de cotizaciones requerida."
"QUOTE-REVISE-CANCEL","Cotizaciones","/quotes?revise=:id","CANCEL","Cancelar","[data-action-id=QUOTE-REVISE-CANCEL]","ADMIN|DOCTOR|FINANCE","NURSE|INVENTORY|AUDITOR","Revisión abierta","Descarta revisión local.","No crea versión.","false","false","true","SEL-QUOTE-REVISION","playwright:quotes-builder-lifecycle","","IMPLEMENTED_VERIFIED","Certificación Selenium de cotizaciones requerida."
"QUOTE-PRINT","Cotizaciones","/quotes/:id","PRINT","Imprimir","[data-action-id=QUOTE-PRINT]","ADMIN|DOCTOR|FINANCE|AUDITOR","NURSE|INVENTORY","Detalle visible","Invoca ventana de impresión con layout imprimible.","No fabrica comprobante fiscal.","false","false","true","SEL-QUOTE-PRINT","playwright:quotes-builder-lifecycle","","IMPLEMENTED_VERIFIED","Certificación Selenium de cotizaciones requerida."
"QUOTE-OPEN-INSURANCE","Cotizaciones","/quotes/:id","NAVIGATE","Abrir seguro","[data-action-id=QUOTE-OPEN-INSURANCE]","ADMIN|DOCTOR|FINANCE|AUDITOR","NURSE|INVENTORY","insurance:read","Navega a seguro con contexto de cotización.","No crea aprobación.","false","false","true","SEL-QUOTE-RELATED","playwright:quotes-builder-lifecycle","","IMPLEMENTED_VERIFIED","Workflow aseguradora pendiente de módulo Insurance."
"QUOTE-OPEN-PAYMENT","Cotizaciones","/quotes/:id","NAVIGATE","Abrir pagos","[data-action-id=QUOTE-OPEN-PAYMENT]","ADMIN|FINANCE|AUDITOR","DOCTOR|NURSE|INVENTORY","payments:read","Navega a pagos con contexto de cotización.","No aplica pagos desde Quotes.","false","false","true","SEL-QUOTE-RELATED","playwright:quotes-builder-lifecycle","","IMPLEMENTED_VERIFIED","Workflow de pagos pertenece a Payments."
"QUOTE-WHATSAPP","Cotizaciones","/quotes/:id","EXTERNAL_MESSAGE","Enviar WhatsApp","[data-action-id=QUOTE-WHATSAPP]","ADMIN|DOCTOR|FINANCE","NURSE|INVENTORY|AUDITOR","quotes:write","Muestra estado seguro de proveedor no configurado.","No finge entrega ni expone contenido clínico.","false","false","true","SEL-QUOTE-RELATED","playwright:quotes-builder-lifecycle","","IMPLEMENTED_VERIFIED","Proveedor de mensajería no configurado."
"QUOTE-PORTAL","Cotizaciones","/quotes/:id","PORTAL_ACTION","Copiar enlace portal","[data-action-id=QUOTE-PORTAL]","ADMIN|DOCTOR|FINANCE","NURSE|INVENTORY|AUDITOR","quotes:write","Muestra estado seguro de portal no configurado.","No genera token inseguro.","false","false","true","SEL-QUOTE-RELATED","playwright:quotes-builder-lifecycle","","IMPLEMENTED_VERIFIED","Portal seguro no configurado."
"AUTH-LOGIN-EMAIL","Autenticación","/login","INPUT","Usuario o correo","","","","","","","","","","","","","IMPLEMENTED_UNVERIFIED",""
"AUTH-LOGIN-PASSWORD","Autenticación","/login","INPUT","Clave","","","","","","","","","","","","","IMPLEMENTED_UNVERIFIED",""
"AUTH-RECOVER-OPEN","Autenticación","/login","OPEN","Recuperar acceso","","","","","","","","","","","","","IMPLEMENTED_UNVERIFIED",""
"AUTH-RECOVER-SUBMIT","Autenticación","/login","SUBMIT","Solicitar recuperación","","","","","","","","","","","","","IMPLEMENTED_UNVERIFIED",""
"AUTH-RECOVER-CANCEL","Autenticación","/login","CANCEL","Cancelar","","","","","","","","","","","","","IMPLEMENTED_UNVERIFIED",""
"AUTH-INSTALL","Autenticación","/login","OTHER","Instalar en dispositivo","","","","","","","","","","","","","IMPLEMENTED_UNVERIFIED",""
"USER-MENU-OPEN","Usuario","/*","OPEN","Mi cuenta","","","","","","","","","","","","","IMPLEMENTED_UNVERIFIED",""
"USER-MENU-CLOSE","Usuario","/*","CANCEL","Cerrar menú","","","","","","","","","","","","","IMPLEMENTED_UNVERIFIED",""
"USER-PROFILE-OPEN","Usuario","/*","OPEN","Mi usuario","","","","","","","","","","","","","IMPLEMENTED_UNVERIFIED",""
"PATIENT-TAB-IMPORT","Pacientes","/patients","TAB","Carga masiva","","","","","","","","","","","","","IMPLEMENTED_UNVERIFIED",""
"PATIENT-BOTMAKER-CONSENT","Pacientes","/patients","UPDATE","Consentimiento Botmaker","","","","","","","","","","","","","IMPLEMENTED_UNVERIFIED",""
"PATIENT-EXPORT-XLSX","Pacientes","/patients","EXPORT","Exportar Excel","[data-action-id=PATIENT-EXPORT-XLSX]","ADMIN|DOCTOR|NURSE|FINANCE|AUDITOR","INVENTORY","Listado de pacientes","Descarga workbook XLSX de la pestaña y filtro actuales.","No exporta datos de roles sin permiso de lectura.","false","false","false","","playwright:ch01-xlsx-export","","IMPLEMENTED_EXACT",""
"PATIENT-NATIONALITY-SEARCH","Pacientes","/patients","SEARCH","Nacionalidad","","","","","","","","","false","","","","IMPLEMENTED_VERIFIED",""
"PATIENT-COMPANY-SEARCH","Pacientes","/patients","SEARCH","Empresa","","","","","","","","","false","","","","IMPLEMENTED_VERIFIED",""
"PATIENT-INSURER-SEARCH","Pacientes","/patients","SEARCH","Aseguradora demo","","","","","","","","","false","","","","IMPLEMENTED_VERIFIED",""
"PATIENT-INSURANCE-HOLDER-YES","Pacientes","/patients","CONFIRM","Sí","","","","","","","","","false","","","","IMPLEMENTED_VERIFIED",""
"PATIENT-INSURANCE-HOLDER-NO","Pacientes","/patients","CONFIRM","No","","","","","","","","","false","","","","IMPLEMENTED_VERIFIED",""
"PATIENT-INSURANCE-HOLDER-CANCEL","Pacientes","/patients","CANCEL","Cancelar","","","","","","","","","false","","","","IMPLEMENTED_VERIFIED",""
"PATIENT-COVERAGE-ADD","Pacientes","/patients","ADD","Agregar","","","","","","","","","false","","","","IMPLEMENTED_VERIFIED",""
"PATIENT-ADDRESS-IMPORT","Pacientes","/patients","IMPORT","Importar enlace","","","","","","","","","false","","","","IMPLEMENTED_VERIFIED",""
"PATIENT-ADDRESS-INFO","Pacientes","/patients","INFO","Información sobre pegar enlace","","","","","","","","","false","","","","IMPLEMENTED_VERIFIED",""
"PATIENT-MAP-ZOOM-IN","Pacientes","/patients","MAP","Acercar mapa","","","","","","","","","false","","","","IMPLEMENTED_VERIFIED",""
"PATIENT-MAP-ZOOM-OUT","Pacientes","/patients","MAP","Alejar mapa","","","","","","","","","false","","","","IMPLEMENTED_VERIFIED",""
"PATIENT-MAP-LAYER","Pacientes","/patients","MAP","Cambiar capa del mapa","","","","","","","","","false","","","","IMPLEMENTED_VERIFIED",""
"PATIENT-MAP-FULLSCREEN","Pacientes","/patients","MAP","Pantalla completa del mapa","","","","","","","","","false","","","","IMPLEMENTED_VERIFIED",""
"PATIENT-MAP-MARKER","Pacientes","/patients","MAP","Marcador","","","","","","","","","false","","","","IMPLEMENTED_VERIFIED",""
"PATIENT-BACK","Pacientes","/patients","CANCEL","Atrás","","","","","","","","","false","","","","IMPLEMENTED_VERIFIED",""
"PATIENT-CONTACT-DOCUMENT-TYPE","Pacientes","/patients","INPUT","Tipo de documento del contacto","[data-action-id=PATIENT-CONTACT-DOCUMENT-TYPE]","ADMIN|DOCTOR|NURSE","INVENTORY|FINANCE|AUDITOR","Contacto agregado en formulario de paciente","Selecciona el tipo administrativo junto con un número de documento.","No permite guardar el número sin tipo.","true","true","true","SEL-PAT-CONTACT-DOCUMENT","playwright:cr004-contact-document-pair","vitest:cr004-contact-document-pair","IMPLEMENTED_VERIFIED",""
"PATIENT-CONTACT-DOCUMENT-ID","Pacientes","/patients","INPUT","Número de documento del contacto","[data-action-id=PATIENT-CONTACT-DOCUMENT-ID]","ADMIN|DOCTOR|NURSE","INVENTORY|FINANCE|AUDITOR","Contacto agregado en formulario de paciente","Guarda el identificador administrativo junto con su tipo.","No permite guardar el tipo sin número.","true","true","true","SEL-PAT-CONTACT-DOCUMENT","playwright:cr004-contact-document-pair","vitest:cr004-contact-document-pair","IMPLEMENTED_VERIFIED",""
"PATIENT-SAVE","Pacientes","/patients","SAVE","Guardar","","","","","","","","","false","","","","IMPLEMENTED_VERIFIED",""
"DOCTOR-NAVIGATE","Administración · Médicos y recursos","/doctors","NAVIGATE","Médicos y recursos","[data-action-id=DOCTOR-NAVIGATE]","ADMIN","DOCTOR|NURSE|INVENTORY|FINANCE|AUDITOR","Sesión administrativa","Abre la superficie administrativa independiente.","DOCTOR, NURSE, INVENTORY, FINANCE y AUDITOR reciben una alerta restringida sin datos ni controles de médico.","false","false","true","SEL-DOCTOR-LIFECYCLE|SEL-DOCTOR-ADMIN-ONLY","playwright:cr005-independent-doctor-resource|playwright:b2-doctors-admin-only","vitest:b2-doctors-admin-only","IMPLEMENTED_UNVERIFIED","Ejecución Selenium pendiente: Python no está disponible."
"DOCTOR-RESOURCE-CREATE","Administración · Médicos y recursos","/doctors","NAVIGATE","Nuevo recurso","[data-action-id=DOCTOR-RESOURCE-CREATE]","ADMIN","DOCTOR|NURSE|INVENTORY|FINANCE|AUDITOR","Sesión administrativa","Abre el alta independiente de recursos.","No mezcla el formulario de médico.","false","false","true","SEL-DOCTOR-LIFECYCLE","playwright:cr005-independent-doctor-resource","","IMPLEMENTED_UNVERIFIED","Ejecución Selenium pendiente: Python no está disponible."
"DOCTOR-CREATE","Administración · Médicos","/doctors","CREATE","Nuevo médico","[data-action-id=DOCTOR-CREATE]","ADMIN","DOCTOR|NURSE|INVENTORY|FINANCE|AUDITOR","Modo demo y sesión administrativa","Abre alta de médico independiente.","No se muestra sin permiso o con integración Supabase pendiente.","true","true","true","SEL-DOCTOR-LIFECYCLE","playwright:cr005-independent-doctor-resource|playwright:cr006-doctor-save-reload-edit","","IMPLEMENTED_UNVERIFIED","Supabase organizacional y Selenium pendientes."
"DOCTOR-SPECIALTY-SELECT","Administración · Médicos","/doctors","SELECT","Especialidad o profesión","[data-action-id=DOCTOR-SPECIALTY-SELECT]","ADMIN","DOCTOR|NURSE|INVENTORY|FINANCE|AUDITOR","Formulario de médico abierto","Busca y selecciona una categoría solicitada.","No permite guardar sin selección.","true","true","true","SEL-DOCTOR-LIFECYCLE","playwright:cr007-professional-specialties","vitest:cr007-professional-specialties","IMPLEMENTED_UNVERIFIED","Ejecución Selenium pendiente: Python no está disponible."
"DOCTOR-ATTACHMENTS","Administración · Médicos","/doctors","UPLOAD","Archivos administrativos (demo)","[data-action-id=DOCTOR-ATTACHMENTS]","ADMIN","DOCTOR|NURSE|INVENTORY|FINANCE|AUDITOR","Formulario de médico abierto","Conserva metadatos de archivos durante alta y edición demo.","No afirma almacenar bytes ni exponer archivos privados.","true","true","true","SEL-DOCTOR-LIFECYCLE","playwright:cr006-doctor-save-reload-edit","vitest:cr006-doctor-attachment-metadata","IMPLEMENTED_UNVERIFIED","El contenido binario requiere Storage privado/RLS de Supabase; ejecución Selenium pendiente."
"DOCTOR-EDIT","Administración · Médicos","/doctors","EDIT","Editar médico","[data-action-id=DOCTOR-EDIT]","ADMIN","DOCTOR|NURSE|INVENTORY|FINANCE|AUDITOR","Médico demo existente","Abre campos y metadatos persistidos.","No permite edición fuera del rol administrativo.","true","true","true","SEL-DOCTOR-LIFECYCLE","playwright:cr006-doctor-save-reload-edit","","IMPLEMENTED_UNVERIFIED","Supabase organizacional y Selenium pendientes."
"DOCTOR-SAVE","Administración · Médicos","/doctors","SAVE","Guardar médico","[data-action-id=DOCTOR-SAVE]","ADMIN","DOCTOR|NURSE|INVENTORY|FINANCE|AUDITOR","Formulario válido","Persiste el médico demo y su selección de especialidad.","Campos requeridos incompletos no persisten.","true","true","true","SEL-DOCTOR-LIFECYCLE","playwright:cr006-doctor-save-reload-edit","","IMPLEMENTED_UNVERIFIED","Supabase organizacional y Selenium pendientes."
"DOCTOR-EDIT-SAVE","Administración · Médicos","/doctors","UPDATE","Guardar cambios","[data-action-id=DOCTOR-EDIT-SAVE]","ADMIN","DOCTOR|NURSE|INVENTORY|FINANCE|AUDITOR","Edición de médico válida","Actualiza y recarga datos demo sin crear otro médico.","No permite guardar datos requeridos incompletos.","true","true","true","SEL-DOCTOR-LIFECYCLE","playwright:cr006-doctor-save-reload-edit","","IMPLEMENTED_UNVERIFIED","Supabase organizacional y Selenium pendientes."
"HOSPITALIZATION-ADMISSION-DATE","Hospitalización","/hospitalizations","INPUT","Fecha de ingreso","[data-action-id=HOSPITALIZATION-ADMISSION-DATE]","ADMIN|DOCTOR","NURSE|INVENTORY|FINANCE|AUDITOR","Formulario de hospitalización abierto","Guarda la fecha administrativa de ingreso.","No permite guardar sin ingreso.","true","true","true","SEL-B3-HOSPITALIZATION-PERIODS","playwright:cr009-admission-periods","vitest:cr009-admission-periods","IMPLEMENTED_UNVERIFIED","Ejecución Selenium pendiente: Python no está disponible."
"HOSPITALIZATION-ADMISSION-PERIOD-ADD","Hospitalización","/hospitalizations","ADD","Agregar período","[data-action-id=HOSPITALIZATION-ADMISSION-PERIOD-ADD]","ADMIN|DOCTOR","NURSE|INVENTORY|FINANCE|AUDITOR","Formulario de hospitalización abierto","Añade un ingreso/egreso administrativo adicional que persiste en demo.","No permite períodos duplicados ni egresos anteriores al ingreso.","true","true","true","SEL-B3-HOSPITALIZATION-PERIODS","playwright:cr009-admission-periods","vitest:cr009-admission-periods","IMPLEMENTED_UNVERIFIED","Persistencia de producción pendiente de integración Supabase."
"AGENDA-SHIFT-DATE-ADD","Agenda y turnos","/agenda","ADD","Agregar fecha","[data-action-id=AGENDA-SHIFT-DATE-ADD]","ADMIN|NURSE","DOCTOR|INVENTORY|FINANCE|AUDITOR","Formulario de turno abierto","Añade otra fecha a la serie de turnos.","No permite fechas repetidas.","true","true","true","SEL-B3-AGENDA-SERIES","playwright:cr017-multi-day-shifts","vitest:cr017-multi-day-shifts","IMPLEMENTED_UNVERIFIED","Ejecución Selenium pendiente: Python no está disponible."
"AGENDA-SHIFT-PRESET-6H","Agenda y turnos","/agenda","PRESET","Turno 6 horas","[data-action-id=AGENDA-SHIFT-PRESET-6H]","ADMIN|NURSE","DOCTOR|INVENTORY|FINANCE|AUDITOR","Formulario de turno abierto","Deriva un fin exactamente seis horas después del inicio, incluso al día siguiente.","No crea un turno hasta guardar.","true","true","true","SEL-B3-AGENDA-SERIES","playwright:cr018-shift-presets","vitest:cr018-shift-presets","IMPLEMENTED_UNVERIFIED","Ejecución Selenium pendiente: Python no está disponible."
"AGENDA-SHIFT-PRESET-8H","Agenda y turnos","/agenda","PRESET","Turno 8 horas","[data-action-id=AGENDA-SHIFT-PRESET-8H]","ADMIN|NURSE","DOCTOR|INVENTORY|FINANCE|AUDITOR","Formulario de turno abierto","Deriva un fin exactamente ocho horas después del inicio, incluso al día siguiente.","No crea un turno hasta guardar.","true","true","true","SEL-B3-AGENDA-SERIES","playwright:cr018-shift-presets","vitest:cr018-shift-presets","IMPLEMENTED_UNVERIFIED","Ejecución Selenium pendiente: Python no está disponible."
"AGENDA-SHIFT-PRESET-PUNTUAL","Agenda y turnos","/agenda","BLOCKED_ACTION","Puntual (pendiente de definición)","[data-action-id=AGENDA-SHIFT-PRESET-PUNTUAL]","ADMIN|NURSE","DOCTOR|INVENTORY|FINANCE|AUDITOR","Formulario de turno abierto","Muestra que Puntual no puede crearse sin definición aprobada.","No inventa entidad, duración, estado ni relación clínica.","false","false","true","SEL-B3-AGENDA-SERIES","playwright:cr018-shift-presets","","BLOCKED_CLIENT","CR-010 requiere definición de Puntual."
"AGENDA-SHIFT-SAVE","Agenda y turnos","/agenda","SAVE","Guardar","[data-action-id=AGENDA-SHIFT-SAVE]","ADMIN|NURSE","DOCTOR|INVENTORY|FINANCE|AUDITOR","Serie válida sin colisiones","Persiste un turno sintético existente por cada fecha seleccionada; no certifica una visita clínica.","No persiste una serie duplicada o con colisión del recurso.","true","true","true","SEL-B3-AGENDA-SERIES|SEL-CH11-AGENDA-PATIENT-CONTEXT-SAVE","playwright:cr017-multi-day-shifts|playwright:ch11-agenda-patient-context-save","vitest:cr017-multi-day-shifts","IMPLEMENTED_UNVERIFIED","Ejecución Selenium pendiente: Python no está disponible. No define semántica de visita clínica."
"HOSPITALIZATION-DISCHARGE-DATE","Hospitalizaciones","/hospitalizations","INPUT","Fecha de egreso (opcional)","[data-action-id=HOSPITALIZATION-DISCHARGE-DATE]","ADMIN|DOCTOR","NURSE|INVENTORY|FINANCE|AUDITOR","Formulario de hospitalización abierto","Guarda el egreso primario opcional junto con el ingreso.","No acepta un egreso anterior al ingreso.","true","true","true","SEL-B3-HOSPITALIZATION-PERIODS","playwright:cr009-admission-periods","vitest:cr009-admission-periods","IMPLEMENTED_UNVERIFIED","Ejecución Selenium pendiente: Python no está disponible."
"HOSPITALIZATION-ADMISSION-PERIOD-DATE","Hospitalizaciones","/hospitalizations","INPUT","Ingreso adicional","[data-action-id=HOSPITALIZATION-ADMISSION-PERIOD-DATE]","ADMIN|DOCTOR","NURSE|INVENTORY|FINANCE|AUDITOR","Período adicional agregado","Añade una fecha de ingreso adicional persistente.","No acepta períodos duplicados.","true","true","true","SEL-B3-HOSPITALIZATION-PERIODS","playwright:cr009-admission-periods","vitest:cr009-admission-periods","IMPLEMENTED_UNVERIFIED","Ejecución Selenium pendiente: Python no está disponible."
"HOSPITALIZATION-DISCHARGE-PERIOD-DATE","Hospitalizaciones","/hospitalizations","INPUT","Egreso adicional","[data-action-id=HOSPITALIZATION-DISCHARGE-PERIOD-DATE]","ADMIN|DOCTOR","NURSE|INVENTORY|FINANCE|AUDITOR","Período adicional agregado","Añade un egreso adicional persistente.","No acepta un egreso anterior al ingreso del período.","true","true","true","SEL-B3-HOSPITALIZATION-PERIODS","playwright:cr009-admission-periods","vitest:cr009-admission-periods","IMPLEMENTED_UNVERIFIED","Ejecución Selenium pendiente: Python no está disponible."
"HOSPITALIZATION-ADMISSION-PERIOD-REMOVE","Hospitalizaciones","/hospitalizations","REMOVE","Quitar período","[data-action-id=HOSPITALIZATION-ADMISSION-PERIOD-REMOVE]","ADMIN|DOCTOR","NURSE|INVENTORY|FINANCE|AUDITOR","Período adicional agregado","Quita un período adicional antes de guardar.","No elimina el período primario obligatorio.","false","false","true","SEL-B3-HOSPITALIZATION-PERIODS","playwright:cr009-admission-periods","vitest:cr009-admission-periods","IMPLEMENTED_UNVERIFIED","Ejecución Selenium pendiente: Python no está disponible."
"AGENDA-SHIFT-DATE","Agenda y turnos","/agenda","INPUT","Fecha del turno","[data-action-id=AGENDA-SHIFT-DATE]","ADMIN|NURSE","DOCTOR|INVENTORY|FINANCE|AUDITOR","Formulario de turno abierto","Incluye cada fecha seleccionada como turno independiente.","No acepta fechas duplicadas.","true","true","true","SEL-B3-AGENDA-SERIES","playwright:cr017-multi-day-shifts","vitest:cr017-multi-day-shifts","IMPLEMENTED_UNVERIFIED","Ejecución Selenium pendiente: Python no está disponible."
"AGENDA-SHIFT-DATE-REMOVE","Agenda y turnos","/agenda","REMOVE","Quitar fecha","[data-action-id=AGENDA-SHIFT-DATE-REMOVE]","ADMIN|NURSE","DOCTOR|INVENTORY|FINANCE|AUDITOR","Hay más de una fecha seleccionada","Quita una fecha adicional antes de guardar.","No elimina la fecha primaria obligatoria.","false","false","true","SEL-B3-AGENDA-SERIES","playwright:cr017-multi-day-shifts","vitest:cr017-multi-day-shifts","IMPLEMENTED_UNVERIFIED","Ejecución Selenium pendiente: Python no está disponible."
"QUOTE-FEE-DOCTOR-SELECT","Cotizaciones · Honorarios","/quotes?create=1","SELECT","Médico","[data-action-id=QUOTE-FEE-DOCTOR-SELECT]","ADMIN|DOCTOR|FINANCE","NURSE|INVENTORY|AUDITOR","Constructor de cotización abierto en Honorarios","Vincula el médico seleccionado a una línea de honorario manual y conserva su nombre al recargar.","No infiere tarifa, cobertura ni reglas financieras.","true","true","true","SEL-B4-DOCTOR-FEE","playwright:cr013-doctor-fee","vitest:cr013-doctor-fee-reference","IMPLEMENTED_UNVERIFIED","Ejecución Selenium pendiente: Python no está disponible."
"QUOTE-FEE-AMOUNT","Cotizaciones · Honorarios","/quotes?create=1","INPUT","Honorario médico (manual)","[data-action-id=QUOTE-FEE-AMOUNT]","ADMIN|DOCTOR|FINANCE","NURSE|INVENTORY|AUDITOR","Constructor de cotización abierto en Honorarios","Conserva el importe manual junto al médico seleccionado.","No sugiere ni calcula una tarifa médica.","true","true","true","SEL-B4-DOCTOR-FEE","playwright:cr013-doctor-fee","vitest:cr013-doctor-fee-reference","IMPLEMENTED_UNVERIFIED","Ejecución Selenium pendiente: Python no está disponible."
"QUOTE-PATIENT-SEARCH","Cotizaciones","/quotes?create=1","SEARCH","Buscar paciente","[data-action-id=QUOTE-PATIENT-SEARCH]","ADMIN|DOCTOR|FINANCE","NURSE|INVENTORY|AUDITOR","Constructor abierto","Filtra opciones de paciente antes de seleccionar.","No modifica al paciente sin selección.","false","false","true","SEL-QUOTE-METADATA","playwright:quotes-metadata-filters-pagination","","IMPLEMENTED_UNVERIFIED","Ejecución Selenium pendiente: Python no está disponible."
"QUOTE-PATIENT-SELECT","Cotizaciones","/quotes?create=1","SELECT","Paciente","[data-action-id=QUOTE-PATIENT-SELECT]","ADMIN|DOCTOR|FINANCE","NURSE|INVENTORY|AUDITOR","Paciente compatible disponible","Asocia paciente y caso compatibles al borrador guardado.","No guarda un caso incompatible.","true","true","true","SEL-QUOTE-METADATA","playwright:quotes-metadata-filters-pagination","","IMPLEMENTED_UNVERIFIED","Ejecución Selenium pendiente: Python no está disponible."
"QUOTE-INVOICE-DATE","Cotizaciones","/quotes?create=1","INPUT","Fecha","[data-action-id=QUOTE-INVOICE-DATE]","ADMIN|DOCTOR|FINANCE","NURSE|INVENTORY|AUDITOR","Constructor abierto","Conserva la fecha administrativa del borrador.","No infiere fecha comercial.","true","true","true","SEL-QUOTE-METADATA","playwright:quotes-metadata-filters-pagination","","IMPLEMENTED_UNVERIFIED","Ejecución Selenium pendiente: Python no está disponible."
"QUOTE-DISCOUNT-GROUP","Cotizaciones","/quotes?create=1","SELECT","Grupo de descuento","[data-action-id=QUOTE-DISCOUNT-GROUP]","ADMIN|DOCTOR|FINANCE","NURSE|INVENTORY|AUDITOR","Constructor abierto","Conserva la etiqueta administrativa configurada.","No aplica una regla de descuento.","true","true","true","SEL-QUOTE-METADATA","playwright:quotes-metadata-filters-pagination","","IMPLEMENTED_UNVERIFIED","Ejecución Selenium pendiente: Python no está disponible."
"QUOTE-REFERRAL","Cotizaciones","/quotes?create=1","INPUT","Referido por","[data-action-id=QUOTE-REFERRAL]","ADMIN|DOCTOR|FINANCE","NURSE|INVENTORY|AUDITOR","Constructor abierto","Exige una etiqueta de referido seleccionada y la conserva al guardar/recargar.","Rechaza el borrador sin selección y no atribuye comisión.","true","true","true","SEL-QUOTE-METADATA|SEL-CH04-QUOTE-GENERAL","playwright:quotes-metadata-filters-pagination|playwright:ch04-quote-general-sections","","IMPLEMENTED_UNVERIFIED","Ejecución Selenium pendiente: Python no está disponible."
"QUOTE-REFERRAL-CATALOG","Cotizaciones · Referidos","/quotes?create=1","TOGGLE","Mostrar opciones de referido","[data-action-id=QUOTE-REFERRAL-CATALOG]","ADMIN|DOCTOR|FINANCE","NURSE|INVENTORY|AUDITOR","Constructor de cotización abierto","Un botón circular verde abre/cierra un catálogo administrativo filtrable y desplazable.","No clasifica datos ambiguos ni aplica comisión, descuento, impuesto o cobertura.","false","false","true","SEL-CH04-QUOTE-GENERAL","playwright:ch04-quote-general-sections","","IMPLEMENTED_UNVERIFIED","Ejecución Selenium pendiente: Python no está disponible."
"QUOTE-REFERRAL-ADD","Cotizaciones · Referidos","/quotes?create=1","MULTISELECT","Catálogo de referidos","[data-action-id=QUOTE-REFERRAL-ADD]","ADMIN|DOCTOR|FINANCE","NURSE|INVENTORY|AUDITOR","Catálogo de referidos visible","Añade etiquetas administrativas seleccionadas y las conserva al guardar/recargar.","No infiere atribución comercial.","true","true","true","SEL-CH04-QUOTE-GENERAL","playwright:ch04-quote-general-sections","","IMPLEMENTED_UNVERIFIED","Ejecución Selenium pendiente: Python no está disponible."
"QUOTE-REFERRAL-REMOVE","Cotizaciones · Referidos","/quotes?create=1","REMOVE","Quitar referido","[data-action-id=QUOTE-REFERRAL-REMOVE]","ADMIN|DOCTOR|FINANCE","NURSE|INVENTORY|AUDITOR","Existe una etiqueta de referido seleccionada","Quita una etiqueta antes de guardar y el resultado persiste al recargar.","No modifica importes ni reglas financieras.","true","true","true","SEL-CH04-QUOTE-GENERAL","playwright:ch04-quote-general-sections","","IMPLEMENTED_UNVERIFIED","Ejecución Selenium pendiente: Python no está disponible."
"QUOTE-INVENTORY-ONLY","Cotizaciones · Servicios","/quotes?create=1","FILTER","Solo disponibles en inventario","[data-action-id=QUOTE-INVENTORY-ONLY]","ADMIN|DOCTOR|FINANCE","NURSE|INVENTORY|AUDITOR","Constructor abierto en Servicios","Limita el catálogo sintético a opciones marcadas disponibles.","No afirma existencias reales, reserva ni descuenta inventario.","false","false","true","SEL-CH04-QUOTE-GENERAL","playwright:ch04-quote-general-sections","","IMPLEMENTED_UNVERIFIED","Disponibilidad real requiere catálogo e integración de inventario aprobados."
"QUOTE-BUSINESS-PARTNER","Cotizaciones · Servicios","/quotes?create=1","SELECT","Socio de negocios","[data-action-id=QUOTE-BUSINESS-PARTNER]","ADMIN|DOCTOR|FINANCE","NURSE|INVENTORY|AUDITOR","Constructor abierto en Servicios","Conserva una etiqueta de socio sintética junto a una línea manual.","No crea proveedor, obligación, tarifa ni acuerdo comercial.","true","true","true","SEL-CH04-QUOTE-GENERAL","playwright:ch04-quote-general-sections","","IMPLEMENTED_UNVERIFIED","Modelo de socios de producción pendiente de definición del cliente."
"QUOTE-SERVICE-CATALOG","Cotizaciones · Servicios","/quotes?create=1","SELECT","Servicios","[data-action-id=QUOTE-SERVICE-CATALOG]","ADMIN|DOCTOR|FINANCE","NURSE|INVENTORY|AUDITOR","Constructor abierto en Servicios","Selecciona un concepto de catálogo sintético sin modificar el precio manual.","No infiere precio, impuestos, cobertura, existencias ni reserva.","true","true","true","SEL-CH04-QUOTE-GENERAL","playwright:ch04-quote-general-sections","","IMPLEMENTED_UNVERIFIED","Catálogo de servicios de producción pendiente de datos y reglas aprobados."
"QUOTE-SERVICE-SEARCH","Cotizaciones · Servicios","/quotes?create=1","SEARCH","Buscar servicios","[data-action-id=QUOTE-SERVICE-SEARCH]","ADMIN|DOCTOR|FINANCE","NURSE|INVENTORY|AUDITOR","Constructor abierto en Servicios","Filtra el catálogo sintético por texto parcial.","No consulta ni clasifica un catálogo de producción.","false","false","true","SEL-CH05-QUOTE-CATALOG","playwright:ch05-quote-services-medications","","IMPLEMENTED_UNVERIFIED","Ejecución Selenium pendiente: Python no está disponible."
"QUOTE-SERVICE-SELECT","Cotizaciones · Servicios","/quotes?create=1","SELECT","Resultado de servicio","[data-action-id=QUOTE-SERVICE-SELECT]","ADMIN|DOCTOR|FINANCE","NURSE|INVENTORY|AUDITOR","Resultado sintético visible","Selecciona un servicio sintético y persiste como línea con importe manual.","No completa tarifa, impuestos, cobertura, reserva ni disponibilidad real.","true","true","true","SEL-CH05-QUOTE-CATALOG","playwright:ch05-quote-services-medications","","IMPLEMENTED_UNVERIFIED","Datos y reglas de catálogo de producción pendientes."
"QUOTE-MEDICATION-CATEGORY","Cotizaciones · Medicamentos","/quotes?create=1","TAB","Medicamentos","[data-action-id=QUOTE-MEDICATION-CATEGORY]","ADMIN|DOCTOR|FINANCE","NURSE|INVENTORY|AUDITOR","Constructor abierto","Cambia al compositor de medicamentos y reinicia el concepto local.","No infiere medicación, dosis ni tratamiento.","false","false","true","SEL-CH05-QUOTE-CATALOG","playwright:ch05-quote-services-medications","","IMPLEMENTED_UNVERIFIED","Ejecución Selenium pendiente: Python no está disponible."
"QUOTE-MEDICATION-SEARCH","Cotizaciones · Medicamentos","/quotes?create=1","SEARCH","Buscar medicamentos","[data-action-id=QUOTE-MEDICATION-SEARCH]","ADMIN|DOCTOR|FINANCE","NURSE|INVENTORY|AUDITOR","Compositor de medicamentos activo","Muestra resultados sintéticos o un estado recuperable sin resultados.","No consulta catálogo clínico ni determina elegibilidad.","false","false","true","SEL-CH05-QUOTE-CATALOG","playwright:ch05-quote-services-medications","","IMPLEMENTED_UNVERIFIED","Ejecución Selenium pendiente: Python no está disponible."
"QUOTE-MEDICATION-SELECT","Cotizaciones · Medicamentos","/quotes?create=1","SELECT","Resultado de medicamento","[data-action-id=QUOTE-MEDICATION-SELECT]","ADMIN|DOCTOR|FINANCE","NURSE|INVENTORY|AUDITOR","Resultado sintético visible","Selecciona un medicamento sintético y persiste como línea con importe manual.","No completa tarifa, inventario, reserva, dosis ni tratamiento.","true","true","true","SEL-CH05-QUOTE-CATALOG","playwright:ch05-quote-services-medications","","IMPLEMENTED_UNVERIFIED","Datos y reglas de catálogo de producción pendientes."
"QUOTE-MEDICATION-BUSINESS-PARTNER","Cotizaciones · Medicamentos","/quotes?create=1","SELECT","Socio de negocios","[data-action-id=QUOTE-MEDICATION-BUSINESS-PARTNER]","ADMIN|DOCTOR|FINANCE","NURSE|INVENTORY|AUDITOR","Compositor de medicamentos activo","Conserva una etiqueta de socio sintética junto a la línea manual.","No crea proveedor, lista de precios, obligación ni acuerdo comercial.","true","true","true","SEL-CH05-QUOTE-CATALOG","playwright:ch05-quote-services-medications","","IMPLEMENTED_UNVERIFIED","Modelo de socios de producción pendiente de definición del cliente."
"QUOTE-MEDICATION-INVENTORY-ONLY","Cotizaciones · Medicamentos","/quotes?create=1","FILTER","Solo disponibles en inventario","[data-action-id=QUOTE-MEDICATION-INVENTORY-ONLY]","ADMIN|DOCTOR|FINANCE","NURSE|INVENTORY|AUDITOR","Compositor de medicamentos activo","Limita el catálogo sintético a opciones marcadas disponibles.","No afirma existencias, reserva, lote, bodega ni descuento de inventario.","false","false","true","SEL-CH05-QUOTE-CATALOG","playwright:ch05-quote-services-medications","","IMPLEMENTED_UNVERIFIED","Disponibilidad real requiere catálogo e integración de inventario aprobados."
"QUOTE-GIFTCARD","Cotizaciones","/quotes?create=1","INPUT","Giftcard","[data-action-id=QUOTE-GIFTCARD]","ADMIN|DOCTOR|FINANCE","NURSE|INVENTORY|AUDITOR","Constructor abierto","Conserva el código administrativo.","No convierte el código en descuento.","true","true","true","SEL-QUOTE-METADATA","playwright:quotes-metadata-filters-pagination","","IMPLEMENTED_UNVERIFIED","Ejecución Selenium pendiente: Python no está disponible."
"QUOTE-COMMENTS","Cotizaciones","/quotes?create=1","INPUT","Comentarios","[data-action-id=QUOTE-COMMENTS]","ADMIN|DOCTOR|FINANCE","NURSE|INVENTORY|AUDITOR","Constructor abierto","Conserva comentarios administrativos al recargar.","No envía contenido externo.","true","true","true","SEL-QUOTE-METADATA","playwright:quotes-metadata-filters-pagination","","IMPLEMENTED_UNVERIFIED","Ejecución Selenium pendiente: Python no está disponible."
"QUOTE-FILTER-STATUS","Cotizaciones","/quotes","FILTER","Estado","[data-action-id=QUOTE-FILTER-STATUS]","ADMIN|DOCTOR|FINANCE|AUDITOR","NURSE|INVENTORY","Listado disponible","Prepara el estado a filtrar.","No modifica cotizaciones.","false","false","true","SEL-QUOTE-METADATA","playwright:quotes-metadata-filters-pagination","","IMPLEMENTED_UNVERIFIED","Ejecución Selenium pendiente: Python no está disponible."
"QUOTE-FILTER-CREATED-DATE","Cotizaciones","/quotes","FILTER","Fecha de creación","[data-action-id=QUOTE-FILTER-CREATED-DATE]","ADMIN|DOCTOR|FINANCE|AUDITOR","NURSE|INVENTORY","Listado disponible","Prepara una fecha de creación para filtrar.","No modifica cotizaciones.","false","false","true","SEL-QUOTE-METADATA","playwright:quotes-metadata-filters-pagination","","IMPLEMENTED_UNVERIFIED","Ejecución Selenium pendiente: Python no está disponible."
"QUOTE-FILTER-APPLY","Cotizaciones","/quotes","FILTER","Aplicar","[data-action-id=QUOTE-FILTER-APPLY]","ADMIN|DOCTOR|FINANCE|AUDITOR","NURSE|INVENTORY","Filtro preparado","Actualiza el listado visible.","No persiste el filtro como dato de cotización.","false","false","true","SEL-QUOTE-METADATA","playwright:quotes-metadata-filters-pagination","","IMPLEMENTED_UNVERIFIED","Ejecución Selenium pendiente: Python no está disponible."
"QUOTE-FILTER-CLEAR","Cotizaciones","/quotes","CLEAR","Limpiar","[data-action-id=QUOTE-FILTER-CLEAR]","ADMIN|DOCTOR|FINANCE|AUDITOR","NURSE|INVENTORY","Filtro preparado","Restaura los filtros vacíos y el listado.","No modifica cotizaciones.","false","false","true","SEL-QUOTE-METADATA","playwright:quotes-metadata-filters-pagination","","IMPLEMENTED_UNVERIFIED","Ejecución Selenium pendiente: Python no está disponible."
"QUOTE-PAGE-PREV","Cotizaciones","/quotes","PAGINATE","Anterior","[data-action-id=QUOTE-PAGE-PREV]","ADMIN|DOCTOR|FINANCE|AUDITOR","NURSE|INVENTORY","Segunda página disponible","Vuelve a la página previa.","No cambia datos de cotización.","false","false","true","SEL-QUOTE-METADATA","playwright:quotes-metadata-filters-pagination","","IMPLEMENTED_UNVERIFIED","Ejecución Selenium pendiente: Python no está disponible."
"QUOTE-PAGE-NEXT","Cotizaciones","/quotes","PAGINATE","Siguiente","[data-action-id=QUOTE-PAGE-NEXT]","ADMIN|DOCTOR|FINANCE|AUDITOR","NURSE|INVENTORY","Siguiente página disponible","Muestra la página siguiente.","No cambia datos de cotización.","false","false","true","SEL-QUOTE-METADATA","playwright:quotes-metadata-filters-pagination","","IMPLEMENTED_UNVERIFIED","Ejecución Selenium pendiente: Python no está disponible."
"QUOTE-SUPPLY-INVENTORY-ONLY","Cotizaciones · Insumos","/quotes?create=1","FILTER","Solo disponibles en inventario","[data-action-id=QUOTE-SUPPLY-INVENTORY-ONLY]","ADMIN|DOCTOR|FINANCE","NURSE|INVENTORY|AUDITOR","Constructor abierto en Insumos","Oculta opciones sintéticas sin disponibilidad configurada.","No afirma existencias reales, reservas ni movimientos.","false","false","true","SEL-CH06-QUOTE-CATALOG","playwright:ch06-synthetic-catalogs","","IMPLEMENTED_UNVERIFIED","Disponibilidad real requiere catálogo de inventario e integración aprobados."
"QUOTE-SUPPLY-BUSINESS-PARTNER","Cotizaciones · Insumos","/quotes?create=1","SELECT","Socio de negocios","[data-action-id=QUOTE-SUPPLY-BUSINESS-PARTNER]","ADMIN|DOCTOR|FINANCE","NURSE|INVENTORY|AUDITOR","Constructor abierto en Insumos","Conserva una etiqueta de socio sintética con la línea manual.","No crea proveedores, acuerdos ni tarifas.","true","true","true","SEL-CH06-QUOTE-CATALOG","playwright:ch06-synthetic-catalogs","","IMPLEMENTED_UNVERIFIED","Modelo de socios de producción pendiente de definición del cliente."
"QUOTE-SUPPLY-SEARCH","Cotizaciones · Insumos","/quotes?create=1","SEARCH","Buscar insumos","[data-action-id=QUOTE-SUPPLY-SEARCH]","ADMIN|DOCTOR|FINANCE","NURSE|INVENTORY|AUDITOR","Constructor abierto en Insumos","Filtra el catálogo sintético y presenta un estado recuperable sin resultados.","No consulta catálogo de producción.","false","false","true","SEL-CH06-QUOTE-CATALOG","playwright:ch06-synthetic-catalogs","","IMPLEMENTED_UNVERIFIED","Datos de catálogo de producción pendientes."
"QUOTE-SUPPLY-SELECT","Cotizaciones · Insumos","/quotes?create=1","SELECT","Resultado de insumo","[data-action-id=QUOTE-SUPPLY-SELECT]","ADMIN|DOCTOR|FINANCE","NURSE|INVENTORY|AUDITOR","Resultado sintético visible","Selecciona un insumo sintético y lo persiste con importe manual.","No asigna precio, inventario, reserva, impuesto ni cobertura.","true","true","true","SEL-CH06-QUOTE-CATALOG","playwright:ch06-synthetic-catalogs","","IMPLEMENTED_UNVERIFIED","Datos y reglas de catálogo de producción pendientes."
"QUOTE-STUDY-INVENTORY-ONLY","Cotizaciones · Estudios Dx","/quotes?create=1","FILTER","Solo disponibles en inventario","[data-action-id=QUOTE-STUDY-INVENTORY-ONLY]","ADMIN|DOCTOR|FINANCE","NURSE|INVENTORY|AUDITOR","Constructor abierto en Estudios Dx","Limita el catálogo sintético a opciones marcadas disponibles.","No afirma existencia real ni reglas clínicas.","false","false","true","SEL-CH06-QUOTE-CATALOG","playwright:ch06-synthetic-catalogs","","IMPLEMENTED_UNVERIFIED","Disponibilidad real requiere catálogo e integración aprobados."
"QUOTE-STUDY-BUSINESS-PARTNER","Cotizaciones · Estudios Dx","/quotes?create=1","SELECT","Socio de negocios","[data-action-id=QUOTE-STUDY-BUSINESS-PARTNER]","ADMIN|DOCTOR|FINANCE","NURSE|INVENTORY|AUDITOR","Constructor abierto en Estudios Dx","Conserva una etiqueta de socio sintética con la línea manual.","No crea proveedores, acuerdos ni tarifas.","true","true","true","SEL-CH06-QUOTE-CATALOG","playwright:ch06-synthetic-catalogs","","IMPLEMENTED_UNVERIFIED","Modelo de socios de producción pendiente de definición del cliente."
"QUOTE-STUDY-SEARCH","Cotizaciones · Estudios Dx","/quotes?create=1","SEARCH","Buscar estudios","[data-action-id=QUOTE-STUDY-SEARCH]","ADMIN|DOCTOR|FINANCE","NURSE|INVENTORY|AUDITOR","Constructor abierto en Estudios Dx","Filtra el catálogo sintético por texto parcial.","No consulta ni clasifica catálogo clínico de producción.","false","false","true","SEL-CH06-QUOTE-CATALOG","playwright:ch06-synthetic-catalogs","","IMPLEMENTED_UNVERIFIED","Datos de catálogo de producción pendientes."
"QUOTE-STUDY-SELECT","Cotizaciones · Estudios Dx","/quotes?create=1","SELECT","Resultado de estudio","[data-action-id=QUOTE-STUDY-SELECT]","ADMIN|DOCTOR|FINANCE","NURSE|INVENTORY|AUDITOR","Resultado sintético visible","Selecciona un estudio sintético y lo persiste con importe manual.","No completa precio, diagnóstico, cobertura ni regla clínica.","true","true","true","SEL-CH06-QUOTE-CATALOG","playwright:ch06-synthetic-catalogs","","IMPLEMENTED_UNVERIFIED","Datos y reglas clínicas/de catálogo de producción pendientes."
"QUOTE-FEE-BUSINESS-PARTNER","Cotizaciones · Honorarios","/quotes?create=1","SELECT","Socio de negocios","[data-action-id=QUOTE-FEE-BUSINESS-PARTNER]","ADMIN|DOCTOR|FINANCE","NURSE|INVENTORY|AUDITOR","Constructor abierto en Honorarios","Conserva una etiqueta de socio sintética con el honorario manual.","No crea proveedor, tarifa ni acuerdo comercial.","true","true","true","SEL-CH06-QUOTE-CATALOG","playwright:ch06-synthetic-catalogs","","IMPLEMENTED_UNVERIFIED","Modelo de socios de producción pendiente de definición del cliente."
"QUOTE-FEE-SERVICE-CATALOG","Cotizaciones · Honorarios","/quotes?create=1","SELECT","Servicio de honorario","[data-action-id=QUOTE-FEE-SERVICE-CATALOG]","ADMIN|DOCTOR|FINANCE","NURSE|INVENTORY|AUDITOR","Constructor abierto en Honorarios","Selecciona un servicio sintético asociado a un médico y persiste el importe manual.","No infiere tarifa profesional, cobertura ni reglas financieras.","true","true","true","SEL-CH06-QUOTE-CATALOG","playwright:ch06-synthetic-catalogs","","IMPLEMENTED_UNVERIFIED","Catálogo de honorarios de producción pendiente de reglas aprobadas."
"HOSPITALIZATION-TAB-QUOTES","Hospitalización · Cotizaciones","/hospitalizations","TAB","Cotizaciones","[data-action-id=HOSPITALIZATION-TAB-QUOTES]","ADMIN|DOCTOR|FINANCE|AUDITOR","NURSE|INVENTORY","Sesión autorizada en Hospitalización","Abre el listado visible de cotizaciones de hospitalización.","No crea ni envía una solicitud de seguro.","false","false","true","SEL-CH07-HOSPITALIZATION-QUOTES","playwright:ch07-hospitalization-quote-tracking","","IMPLEMENTED_UNVERIFIED","Ejecución Selenium pendiente de Python."
"HOSPITALIZATION-QUOTE-FILTER-STATUS","Hospitalización · Cotizaciones","/hospitalizations","FILTER","Estado","[data-action-id=HOSPITALIZATION-QUOTE-FILTER-STATUS]","ADMIN|DOCTOR|FINANCE|AUDITOR","NURSE|INVENTORY","Pestaña Cotizaciones abierta","Prepara un filtro por estado sin mutar la cotización.","No cambia envío, respuesta ni reclamo.","false","false","true","SEL-CH07-HOSPITALIZATION-QUOTES","playwright:ch07-hospitalization-quote-tracking","","IMPLEMENTED_UNVERIFIED","Ejecución Selenium pendiente de Python."
"HOSPITALIZATION-QUOTE-FILTER-DATE","Hospitalización · Cotizaciones","/hospitalizations","FILTER","Fecha de creación","[data-action-id=HOSPITALIZATION-QUOTE-FILTER-DATE]","ADMIN|DOCTOR|FINANCE|AUDITOR","NURSE|INVENTORY","Pestaña Cotizaciones abierta","Prepara un filtro por fecha de creación.","No altera datos de cotización.","false","false","true","SEL-CH07-HOSPITALIZATION-QUOTES","playwright:ch07-hospitalization-quote-tracking","","IMPLEMENTED_UNVERIFIED","Ejecución Selenium pendiente de Python."
"HOSPITALIZATION-QUOTE-FILTER-APPLY","Hospitalización · Cotizaciones","/hospitalizations","APPLY","Aplicar","[data-action-id=HOSPITALIZATION-QUOTE-FILTER-APPLY]","ADMIN|DOCTOR|FINANCE|AUDITOR","NURSE|INVENTORY","Filtro preparado","Aplica filtros discriminantes al listado.","No persiste ni envía cambios.","false","false","true","SEL-CH07-HOSPITALIZATION-QUOTES","playwright:ch07-hospitalization-quote-tracking","","IMPLEMENTED_UNVERIFIED","Ejecución Selenium pendiente de Python."
"HOSPITALIZATION-QUOTE-FILTER-CLEAR","Hospitalización · Cotizaciones","/hospitalizations","CLEAR","Limpiar","[data-action-id=HOSPITALIZATION-QUOTE-FILTER-CLEAR]","ADMIN|DOCTOR|FINANCE|AUDITOR","NURSE|INVENTORY","Filtro aplicado","Restablece filtros y resultados.","No altera las cotizaciones.","false","false","true","SEL-CH07-HOSPITALIZATION-QUOTES","playwright:ch07-hospitalization-quote-tracking","","IMPLEMENTED_UNVERIFIED","Ejecución Selenium pendiente de Python."
"HOSPITALIZATION-QUOTE-SEARCH","Hospitalización · Cotizaciones","/hospitalizations","SEARCH","Buscar cotización","[data-action-id=HOSPITALIZATION-QUOTE-SEARCH]","ADMIN|DOCTOR|FINANCE|AUDITOR","NURSE|INVENTORY","Pestaña Cotizaciones abierta","Reduce el listado por paciente, documento o número.","No modifica cotizaciones.","false","false","true","SEL-CH07-HOSPITALIZATION-QUOTES","playwright:ch07-hospitalization-quote-tracking","domain:searchQuotes","IMPLEMENTED_UNVERIFIED","Ejecución Selenium pendiente de Python."
"HOSPITALIZATION-QUOTE-PAGE-SIZE","Hospitalización · Cotizaciones","/hospitalizations","PAGINATION","Registros","[data-action-id=HOSPITALIZATION-QUOTE-PAGE-SIZE]","ADMIN|DOCTOR|FINANCE|AUDITOR","NURSE|INVENTORY","Más de un resultado visible","Cambia el tamaño de página del listado.","No altera datos de cotización.","false","false","true","SEL-CH07-HOSPITALIZATION-QUOTES","playwright:ch07-hospitalization-quote-tracking","","IMPLEMENTED_UNVERIFIED","Ejecución Selenium pendiente de Python."
"HOSPITALIZATION-QUOTE-PAGE-PREV","Hospitalización · Cotizaciones","/hospitalizations","PAGINATION","Anterior","[data-action-id=HOSPITALIZATION-QUOTE-PAGE-PREV]","ADMIN|DOCTOR|FINANCE|AUDITOR","NURSE|INVENTORY","Página posterior visible","Regresa a la página anterior.","No modifica cotizaciones.","false","false","true","SEL-CH07-HOSPITALIZATION-QUOTES","playwright:ch07-hospitalization-quote-tracking","","IMPLEMENTED_UNVERIFIED","Ejecución Selenium pendiente de Python."
"HOSPITALIZATION-QUOTE-PAGE-NEXT","Hospitalización · Cotizaciones","/hospitalizations","PAGINATION","Siguiente","[data-action-id=HOSPITALIZATION-QUOTE-PAGE-NEXT]","ADMIN|DOCTOR|FINANCE|AUDITOR","NURSE|INVENTORY","Página siguiente disponible","Muestra la siguiente página del listado.","No modifica cotizaciones.","false","false","true","SEL-CH07-HOSPITALIZATION-QUOTES","playwright:ch07-hospitalization-quote-tracking","","IMPLEMENTED_UNVERIFIED","Ejecución Selenium pendiente de Python."
"HOSPITALIZATION-QUOTE-CREATE","Hospitalización · Cotizaciones","/hospitalizations","NAVIGATE","+ Nuevo","[data-action-id=HOSPITALIZATION-QUOTE-CREATE]","ADMIN|DOCTOR|FINANCE","NURSE|INVENTORY|AUDITOR","Pestaña Cotizaciones abierta","Abre el constructor autorizado de cotizaciones.","No crea una cotización al navegar.","false","false","false","","playwright:ch03-quotes-invoice-metadata","","IMPLEMENTED_VERIFIED","La creación completa se certifica en el flujo de cotizaciones."
"CLINICAL-HOSPITALIZATION-STATUS-FILTER","Hospitalización Clínica","/clinical/hospitalizations","FILTER","Estado clínico","[data-action-id=CLINICAL-HOSPITALIZATION-STATUS-FILTER]","ADMIN|DOCTOR|NURSE|AUDITOR","INVENTORY|FINANCE","Catálogo y máquina de estados clínicos aprobados","Presenta el selector observado cuando exista configuración aprobada.","Permanece deshabilitado y no infiere estados mientras CH09-Q002/Q004 estén abiertos.","false","false","true","SEL-CH09-CLINICAL-HOSPITALIZATION-LIST","playwright:ch09-clinical-hospitalization-list|playwright:ch09-clinical-hospitalization-permissions","","BLOCKED_CLIENT","CH09-Q002/Q004."
"CLINICAL-HOSPITALIZATION-ACTIVATOR-FILTER","Hospitalización Clínica","/clinical/hospitalizations","FILTER","Activado por","[data-action-id=CLINICAL-HOSPITALIZATION-ACTIVATOR-FILTER]","ADMIN|DOCTOR|NURSE|AUDITOR","INVENTORY|FINANCE","Roles y auditoría de activación aprobados","Presenta el selector observado cuando exista configuración aprobada.","Permanece deshabilitado y no inventa atribución de activación.","false","false","true","SEL-CH09-CLINICAL-HOSPITALIZATION-LIST","playwright:ch09-clinical-hospitalization-list|playwright:ch09-clinical-hospitalization-permissions","","BLOCKED_CLIENT","CH09-Q002."
"CLINICAL-HOSPITALIZATION-SERVICE-FILTER","Hospitalización Clínica","/clinical/hospitalizations","FILTER","Tipo de servicio","[data-action-id=CLINICAL-HOSPITALIZATION-SERVICE-FILTER]","ADMIN|DOCTOR|NURSE|AUDITOR","INVENTORY|FINANCE","Catálogo de servicio aprobado","Presenta el selector observado cuando exista configuración aprobada.","Permanece deshabilitado sin catálogo de producción.","false","false","true","SEL-CH09-CLINICAL-HOSPITALIZATION-LIST","playwright:ch09-clinical-hospitalization-list|playwright:ch09-clinical-hospitalization-permissions","","BLOCKED_CLIENT","CH09-Q004."
"CLINICAL-HOSPITALIZATION-CARE-FILTER","Hospitalización Clínica","/clinical/hospitalizations","FILTER","Tipo de atención","[data-action-id=CLINICAL-HOSPITALIZATION-CARE-FILTER]","ADMIN|DOCTOR|NURSE|AUDITOR","INVENTORY|FINANCE","Catálogo de atención aprobado","Presenta el selector observado cuando exista configuración aprobada.","Permanece deshabilitado sin catálogo de producción.","false","false","true","SEL-CH09-CLINICAL-HOSPITALIZATION-LIST","playwright:ch09-clinical-hospitalization-list|playwright:ch09-clinical-hospitalization-permissions","","BLOCKED_CLIENT","CH09-Q004."
"CLINICAL-HOSPITALIZATION-SEARCH","Hospitalización Clínica","/clinical/hospitalizations","SEARCH","Buscar hospitalización o paciente","[data-action-id=CLINICAL-HOSPITALIZATION-SEARCH]","ADMIN|DOCTOR|NURSE|AUDITOR","INVENTORY|FINANCE","Sesión con clinical:read","Reduce el listado por paciente, documento o código de hospitalización.","No deriva ni modifica datos clínicos.","false","false","true","SEL-CH09-CLINICAL-HOSPITALIZATION-LIST","playwright:ch09-clinical-hospitalization-list|playwright:ch09-clinical-hospitalization-permissions","","IMPLEMENTED_UNVERIFIED","Runtime Selenium pendiente: Python no disponible."
"CLINICAL-HOSPITALIZATION-DETAIL","Hospitalización Clínica","/clinical/hospitalizations","NAVIGATE","Ver hospitalización","[data-action-id=CLINICAL-HOSPITALIZATION-DETAIL]","ADMIN|DOCTOR|NURSE|AUDITOR","INVENTORY|FINANCE","Registro hospitalario visible","Abre el detalle existente sin crear ni activar un perfil clínico.","No inicia transición clínica ni registra auditoría.","false","false","true","SEL-CH09-CLINICAL-HOSPITALIZATION-LIST","playwright:ch09-clinical-hospitalization-list|playwright:ch09-clinical-hospitalization-permissions","","IMPLEMENTED_UNVERIFIED","Runtime Selenium pendiente: Python no disponible."
"CLINICAL-HOSPITALIZATION-PATIENT-COLUMN-FILTER","Hospitalizacion Clinica","/clinical/hospitalizations","FILTER","Paciente","[data-action-id=CLINICAL-HOSPITALIZATION-PATIENT-COLUMN-FILTER]","ADMIN|DOCTOR|NURSE|AUDITOR","INVENTORY|FINANCE","Sesion con clinical:read","Filtra por coincidencia textual sin distinguir mayusculas del paciente mostrado.","Una no coincidencia muestra el estado vacio y no deriva datos clinicos.","false","false","true","SEL-CH09-CLINICAL-HOSPITALIZATION-LIST","playwright:ch09-clinical-hospitalization-column-filters","","IMPLEMENTED_UNVERIFIED","Runtime Selenium pendiente: Python no disponible."
"CLINICAL-HOSPITALIZATION-DOCUMENT-COLUMN-FILTER","Hospitalizacion Clinica","/clinical/hospitalizations","FILTER","DUI/NIT","[data-action-id=CLINICAL-HOSPITALIZATION-DOCUMENT-COLUMN-FILTER]","ADMIN|DOCTOR|NURSE|AUDITOR","INVENTORY|FINANCE","Sesion con clinical:read","Filtra el documento ya mostrado sin distinguir mayusculas.","No clasifica ni modifica informacion clinica.","false","false","true","SEL-CH09-CLINICAL-HOSPITALIZATION-LIST","playwright:ch09-clinical-hospitalization-column-filters","","IMPLEMENTED_UNVERIFIED","Runtime Selenium pendiente: Python no disponible."
"CLINICAL-HOSPITALIZATION-CASE-COLUMN-FILTER","Hospitalizacion Clinica","/clinical/hospitalizations","FILTER","Hospitalización","[data-action-id=CLINICAL-HOSPITALIZATION-CASE-COLUMN-FILTER]","ADMIN|DOCTOR|NURSE|AUDITOR","INVENTORY|FINANCE","Sesion con clinical:read","Filtra el codigo de hospitalizacion ya mostrado sin distinguir mayusculas.","No inicia transiciones ni auditoria clinica.","false","false","true","SEL-CH09-CLINICAL-HOSPITALIZATION-LIST","playwright:ch09-clinical-hospitalization-column-filters","","IMPLEMENTED_UNVERIFIED","Runtime Selenium pendiente: Python no disponible."
"CLINICAL-HOSPITALIZATION-TRIAGE-COLUMN-FILTER","Hospitalizacion Clinica","/clinical/hospitalizations","FILTER","Triage","[data-action-id=CLINICAL-HOSPITALIZATION-TRIAGE-COLUMN-FILTER]","ADMIN|DOCTOR|NURSE|AUDITOR","INVENTORY|FINANCE","Sesion con clinical:read","Filtra texto triage ya mostrado cuando exista.","No deriva ni interpreta triage.","false","false","true","SEL-CH09-CLINICAL-HOSPITALIZATION-LIST","playwright:ch09-clinical-hospitalization-column-filters","","IMPLEMENTED_UNVERIFIED","Runtime Selenium pendiente: Python no disponible."
"CLINICAL-HOSPITALIZATION-COMPANY-COLUMN-FILTER","Hospitalizacion Clinica","/clinical/hospitalizations","FILTER","Empresa","[data-action-id=CLINICAL-HOSPITALIZATION-COMPANY-COLUMN-FILTER]","ADMIN|DOCTOR|NURSE|AUDITOR","INVENTORY|FINANCE","Sesion con clinical:read","Filtra la empresa ya mostrada sin distinguir mayusculas.","No infiere cobertura ni reglas comerciales.","false","false","true","SEL-CH09-CLINICAL-HOSPITALIZATION-LIST","playwright:ch09-clinical-hospitalization-column-filters","","IMPLEMENTED_UNVERIFIED","Runtime Selenium pendiente: Python no disponible."
"CLINICAL-HOSPITALIZATION-CLINICIAN-COLUMN-FILTER","Hospitalizacion Clinica","/clinical/hospitalizations","FILTER","Clínico","[data-action-id=CLINICAL-HOSPITALIZATION-CLINICIAN-COLUMN-FILTER]","ADMIN|DOCTOR|NURSE|AUDITOR","INVENTORY|FINANCE","Sesion con clinical:read","Filtra el texto clinico ya mostrado cuando exista.","No asigna ni deriva clinicos.","false","false","true","SEL-CH09-CLINICAL-HOSPITALIZATION-LIST","playwright:ch09-clinical-hospitalization-column-filters","","IMPLEMENTED_UNVERIFIED","Runtime Selenium pendiente: Python no disponible."
"CLINICAL-HOSPITALIZATION-START-COLUMN-FILTER","Hospitalizacion Clinica","/clinical/hospitalizations","FILTER","Inicio","[data-action-id=CLINICAL-HOSPITALIZATION-START-COLUMN-FILTER]","ADMIN|DOCTOR|NURSE|AUDITOR","INVENTORY|FINANCE","Sesion con clinical:read","Filtra la fecha de inicio ya mostrada por texto.","No calcula ni altera fechas.","false","false","true","SEL-CH09-CLINICAL-HOSPITALIZATION-LIST","playwright:ch09-clinical-hospitalization-column-filters","","IMPLEMENTED_UNVERIFIED","Runtime Selenium pendiente: Python no disponible."
"CLINICAL-HOSPITALIZATION-END-COLUMN-FILTER","Hospitalizacion Clinica","/clinical/hospitalizations","FILTER","Fin","[data-action-id=CLINICAL-HOSPITALIZATION-END-COLUMN-FILTER]","ADMIN|DOCTOR|NURSE|AUDITOR","INVENTORY|FINANCE","Sesion con clinical:read","Filtra la fecha o etiqueta de fin ya mostrada por texto.","No calcula ni altera fechas.","false","false","true","SEL-CH09-CLINICAL-HOSPITALIZATION-LIST","playwright:ch09-clinical-hospitalization-column-filters","","IMPLEMENTED_UNVERIFIED","Runtime Selenium pendiente: Python no disponible."
"CLINICAL-HOSPITALIZATION-DURATION-COLUMN-FILTER","Hospitalizacion Clinica","/clinical/hospitalizations","FILTER","Duración","[data-action-id=CLINICAL-HOSPITALIZATION-DURATION-COLUMN-FILTER]","ADMIN|DOCTOR|NURSE|AUDITOR","INVENTORY|FINANCE","Sesion con clinical:read","Filtra la etiqueta de duracion ya mostrada por texto.","No deriva duracion ni estados clinicos nuevos.","false","false","true","SEL-CH09-CLINICAL-HOSPITALIZATION-LIST","playwright:ch09-clinical-hospitalization-column-filters","","IMPLEMENTED_UNVERIFIED","Runtime Selenium pendiente: Python no disponible."
"CLINICAL-HOSPITALIZATION-ACTIVES-FILTER","Hospitalizacion Clinica","/clinical/hospitalizations","FILTER","Activos","[data-action-id=CLINICAL-HOSPITALIZATION-ACTIVES-FILTER]","ADMIN|DOCTOR|NURSE|AUDITOR","INVENTORY|FINANCE","Estado clinico aprobado","Presenta el control observado sin aplicar una regla local.","Permanece deshabilitado y no deriva estados mientras CH09-Q002/Q004 esten abiertos.","false","false","true","SEL-CH09-CLINICAL-HOSPITALIZATION-LIST","playwright:ch09-clinical-hospitalization-list","","BLOCKED_CLIENT","CH09-Q002/Q004."
"CLINICAL-HOSPITALIZATION-FILTER-APPLY","Hospitalizacion Clinica","/clinical/hospitalizations","SUBMIT","Aplicar","[data-action-id=CLINICAL-HOSPITALIZATION-FILTER-APPLY]","ADMIN|DOCTOR|NURSE|AUDITOR","INVENTORY|FINANCE","Filtros clinicos aprobados","Presenta la accion observada sin mutar el listado local.","Permanece deshabilitada y no aplica reglas mientras CH09-Q002/Q004 esten abiertos.","false","false","true","SEL-CH09-CLINICAL-HOSPITALIZATION-LIST","playwright:ch09-clinical-hospitalization-list","","BLOCKED_CLIENT","CH09-Q002/Q004."
"CLINICAL-HOSPITALIZATION-ACTIONS-MENU","Hospitalizacion Clinica","/clinical/hospitalizations","MENU","Acciones de hospitalizacion","[data-action-id=CLINICAL-HOSPITALIZATION-ACTIONS-MENU]","ADMIN|DOCTOR|NURSE|AUDITOR","INVENTORY|FINANCE","Registro hospitalario visible y sesion con clinical:read","Abre el menu de fila observado sin mutar el registro.","No crea perfiles, documentos ni eventos clinicos.","false","false","true","SEL-CH09-CLINICAL-HOSPITALIZATION-LIST","playwright:ch09-clinical-hospitalization-row-menu","","IMPLEMENTED_UNVERIFIED","Runtime Selenium pendiente: Python no disponible."
"CLINICAL-HOSPITALIZATION-QUOTE-VIEW","Hospitalizacion Clinica","/clinical/hospitalizations","NAVIGATE","Ver cotizaciones","[data-action-id=CLINICAL-HOSPITALIZATION-QUOTE-VIEW]","ADMIN|DOCTOR|AUDITOR","NURSE|INVENTORY|FINANCE","Hospitalizacion con cotizacion existente vinculada y sesion con clinical:read y quotes:read","Abre la cotizacion existente y acotada al caso sin crear ni modificar una version.","No expone navegacion a cotizaciones a roles sin quotes:read.","false","false","true","SEL-CH09-CLINICAL-HOSPITALIZATION-LIST","playwright:ch09-clinical-hospitalization-row-menu","","IMPLEMENTED_UNVERIFIED","Runtime Selenium pendiente: Python no disponible."
"CLINICAL-HOSPITALIZATION-PROFILE-OPEN","Hospitalizacion Clinica","/clinical/hospitalizations","OPEN","Perfil clinico","[data-action-id=CLINICAL-HOSPITALIZATION-PROFILE-OPEN]","ADMIN|DOCTOR|NURSE|AUDITOR","INVENTORY|FINANCE","Modelo, autorizacion, auditoria y definicion clinica aprobados","Presenta el item observado sin iniciar un perfil.","Permanece deshabilitado y no muta datos clinicos.","false","false","true","SEL-CH09-CLINICAL-HOSPITALIZATION-LIST","playwright:ch09-clinical-hospitalization-row-menu","","BLOCKED_CLIENT","CH09-Q006: semantica, permisos y auditoria clinica pendientes."
"CLINICAL-HOSPITALIZATION-RELIEF-DOCUMENT-OPEN","Hospitalizacion Clinica","/clinical/hospitalizations","OPEN","Doc de Relevos","[data-action-id=CLINICAL-HOSPITALIZATION-RELIEF-DOCUMENT-OPEN]","ADMIN|DOCTOR|NURSE|AUDITOR","INVENTORY|FINANCE","Modelo documental, autorizacion, auditoria y definicion clinica aprobados","Presenta el item observado sin crear un documento.","Permanece deshabilitado y no muta datos clinicos.","false","false","true","SEL-CH09-CLINICAL-HOSPITALIZATION-LIST","playwright:ch09-clinical-hospitalization-row-menu","","BLOCKED_CLIENT","CH09-Q006: semantica, permisos y auditoria clinica pendientes."
"CLINICAL-HOSPITALIZATION-READMISSION-OPEN","Hospitalizacion Clinica","/clinical/hospitalizations","OPEN","Reingresos","[data-action-id=CLINICAL-HOSPITALIZATION-READMISSION-OPEN]","ADMIN|DOCTOR|NURSE|AUDITOR","INVENTORY|FINANCE","Flujo, autorizacion, auditoria y definicion clinica aprobados","Presenta el item observado sin iniciar un reingreso.","Permanece deshabilitado y no inicia una transicion clinica.","false","false","true","SEL-CH09-CLINICAL-HOSPITALIZATION-LIST","playwright:ch09-clinical-hospitalization-row-menu","","BLOCKED_CLIENT","CH09-Q006: semantica, permisos y auditoria clinica pendientes."
"CLINICAL-HOSPITALIZATION-REINFECTION-OPEN","Hospitalizacion Clinica","/clinical/hospitalizations","OPEN","Reinfecciones","[data-action-id=CLINICAL-HOSPITALIZATION-REINFECTION-OPEN]","ADMIN|DOCTOR|NURSE|AUDITOR","INVENTORY|FINANCE","Flujo, autorizacion, auditoria y definicion clinica aprobados","Presenta el item observado sin iniciar una reinfeccion.","Permanece deshabilitado y no inicia una transicion clinica.","false","false","true","SEL-CH09-CLINICAL-HOSPITALIZATION-LIST","playwright:ch09-clinical-hospitalization-row-menu","","BLOCKED_CLIENT","CH09-Q006: semantica, permisos y auditoria clinica pendientes."
"CLINICAL-HOSPITALIZATION-ULCERATION-OPEN","Hospitalizacion Clinica","/clinical/hospitalizations","OPEN","Ulceraciones","[data-action-id=CLINICAL-HOSPITALIZATION-ULCERATION-OPEN]","ADMIN|DOCTOR|NURSE|AUDITOR","INVENTORY|FINANCE","Flujo, autorizacion, auditoria y definicion clinica aprobados","Presenta el item observado sin iniciar una ulceracion.","Permanece deshabilitado y no inicia una transicion clinica.","false","false","true","SEL-CH09-CLINICAL-HOSPITALIZATION-LIST","playwright:ch09-clinical-hospitalization-row-menu","","BLOCKED_CLIENT","CH09-Q006: semantica, permisos y auditoria clinica pendientes."
"CLINICAL-HOSPITALIZATION-NEAR-MISS-OPEN","Hospitalizacion Clinica","/clinical/hospitalizations","OPEN","Near miss","[data-action-id=CLINICAL-HOSPITALIZATION-NEAR-MISS-OPEN]","ADMIN|DOCTOR|NURSE|AUDITOR","INVENTORY|FINANCE","Semantica, fuente, permisos y auditoria clinica aprobados","Presenta el item observado sin crear un evento.","Permanece deshabilitado y no inicia una transicion clinica.","false","false","true","SEL-CH09-CLINICAL-HOSPITALIZATION-LIST","playwright:ch09-clinical-hospitalization-row-menu","","BLOCKED_CLIENT","CH09-Q006: semantica, fuente, permisos y auditoria pendientes."
"MEDICAL-ORDER-TAB-ACTIVE","Órdenes médicas","/clinical/orders","TAB","Activos","[data-action-id=MEDICAL-ORDER-TAB-ACTIVE]","ADMIN|DOCTOR|NURSE|AUDITOR","INVENTORY|FINANCE","Sesión con clinical:read","Muestra pacientes activos ya registrados.","No deriva estados clínicos ni muta datos.","false","false","true","SEL-CH10-MEDICAL-ORDER-LIST","playwright:ch10-medical-order-list","","IMPLEMENTED_UNVERIFIED","Runtime Selenium pendiente: Python no disponible."
"MEDICAL-ORDER-TAB-INACTIVE","Órdenes médicas","/clinical/orders","TAB","Inactivos","[data-action-id=MEDICAL-ORDER-TAB-INACTIVE]","ADMIN|DOCTOR|NURSE|AUDITOR","INVENTORY|FINANCE","Sesión con clinical:read","Muestra pacientes inactivos ya registrados.","No reactiva ni modifica pacientes.","false","false","true","SEL-CH10-MEDICAL-ORDER-LIST","playwright:ch10-medical-order-list","","IMPLEMENTED_UNVERIFIED","Runtime Selenium pendiente: Python no disponible."
"MEDICAL-ORDER-TAB-CHANGES","Órdenes médicas","/clinical/orders","TAB","Tratamientos con cambios","[data-action-id=MEDICAL-ORDER-TAB-CHANGES]","ADMIN|DOCTOR|NURSE|AUDITOR","INVENTORY|FINANCE","CH10-Q011 resuelto","Expone el control observado sin aplicar una regla local.","Permanece deshabilitado y no deriva historial clínico.","false","false","true","SEL-CH10-MEDICAL-ORDER-LIST","playwright:ch10-medical-order-list","","BLOCKED_CLIENT","CH10-Q011: unidad de versionado y estados no definidos."
"MEDICAL-ORDER-TAB-UPDATES","Órdenes médicas","/clinical/orders","TAB","Actualizaciones","[data-action-id=MEDICAL-ORDER-TAB-UPDATES]","ADMIN|DOCTOR|NURSE|AUDITOR","INVENTORY|FINANCE","CH10-Q011 resuelto","Expone el control observado sin aplicar una regla local.","Permanece deshabilitado y no deriva actualizaciones clínicas.","false","false","true","SEL-CH10-MEDICAL-ORDER-LIST","playwright:ch10-medical-order-list","","BLOCKED_CLIENT","CH10-Q011: unidad de versionado y estados no definidos."
"MEDICAL-ORDER-MENU-OPEN","Órdenes médicas","/clinical/orders","MENU","Acciones de paciente","[data-action-id=MEDICAL-ORDER-MENU-OPEN]","ADMIN|DOCTOR|NURSE|AUDITOR","INVENTORY|FINANCE","Paciente factual visible","Abre el menú de fila sin mutar datos.","No inicia órdenes ni tratamientos.","false","false","true","SEL-CH10-MEDICAL-ORDER-LIST","playwright:ch10-medical-order-menu-and-guards","","IMPLEMENTED_UNVERIFIED","Runtime Selenium pendiente: Python no disponible."
"MEDICAL-ORDER-VIEW","Órdenes médicas","/clinical/orders","OPEN","Ver Órdenes","[data-action-id=MEDICAL-ORDER-VIEW]","ADMIN|DOCTOR|NURSE|AUDITOR","INVENTORY|FINANCE","Modelo de orden aprobado","Presenta la acción observada sin abrir una orden inexistente.","Permanece deshabilitada y no revela datos clínicos.","false","false","true","SEL-CH10-MEDICAL-ORDER-LIST","playwright:ch10-medical-order-menu-and-guards","","BLOCKED_CLIENT","CH10-Q011: modelo y versionado de órdenes no definidos."
"MEDICAL-ORDER-XPO","Órdenes médicas","/clinical/orders","OPEN","Registro XPO","[data-action-id=MEDICAL-ORDER-XPO]","ADMIN|DOCTOR|NURSE|AUDITOR","INVENTORY|FINANCE","CH10-Q012 resuelto","Presenta la acción observada sin crear registro.","Permanece deshabilitada y no muta la hospitalización.","false","false","true","SEL-CH10-MEDICAL-ORDER-LIST","playwright:ch10-medical-order-menu-and-guards","","BLOCKED_CLIENT","CH10-Q012: propósito, campos, permisos y auditoría no definidos."
"MEDICAL-ORDER-PAGE-PREV","Órdenes médicas","/clinical/orders","PAGINATION","Anterior","[data-action-id=MEDICAL-ORDER-PAGE-PREV]","ADMIN|DOCTOR|NURSE|AUDITOR","INVENTORY|FINANCE","Página posterior visible","Regresa a la página factual anterior.","No modifica registros.","false","false","true","SEL-CH10-MEDICAL-ORDER-LIST","playwright:ch10-medical-order-list","","IMPLEMENTED_UNVERIFIED","Runtime Selenium pendiente: Python no disponible."
"MEDICAL-ORDER-PAGE-NEXT","Órdenes médicas","/clinical/orders","PAGINATION","Siguiente","[data-action-id=MEDICAL-ORDER-PAGE-NEXT]","ADMIN|DOCTOR|NURSE|AUDITOR","INVENTORY|FINANCE","Más de una página factual","Muestra la siguiente página factual.","No modifica registros.","false","false","true","SEL-CH10-MEDICAL-ORDER-LIST","playwright:ch10-medical-order-list","","IMPLEMENTED_UNVERIFIED","Runtime Selenium pendiente: Python no disponible."
"PAYABLES-NAVIGATE","Navegación","/payables","NAVIGATION","Cuentas por pagar","[data-action-id=PAYABLES-NAVIGATE]","ADMIN|FINANCE|AUDITOR","DOCTOR|NURSE|INVENTORY","Sesión con payments:read","Navega al resumen factual de cuentas por pagar.","Los roles sin payments:read reciben acceso restringido.","false","false","true","SEL-CH12-PAYABLES-PERMISSIONS","playwright:ch12-payables-permissions","","IMPLEMENTED_UNVERIFIED","Runtime Selenium pendiente: Python no disponible."
"PAYABLES-SUMMARY-TAB","Cuentas por pagar","/payables","TAB","Resumen","[data-action-id=PAYABLES-SUMMARY-TAB]","ADMIN|FINANCE|AUDITOR","DOCTOR|NURSE|INVENTORY","Sesión con payments:read","Muestra el resumen factual sin registros financieros sintetizados.","No genera planilla, pago, reclamo o auditoría.","false","true","true","SEL-CH12-PAYABLES-SUMMARY","playwright:ch12-payables-summary","","IMPLEMENTED_UNVERIFIED","Runtime Selenium pendiente: Python no disponible."
"PAYABLES-SERVICE-PAYMENTS-TAB","Cuentas por pagar","/payables","TAB","Pagos de Servicio","[data-action-id=PAYABLES-SERVICE-PAYMENTS-TAB]","ADMIN|FINANCE|AUDITOR","DOCTOR|NURSE|INVENTORY","Definición de pago, visita y permisos aprobada","Mantiene visible la pestaña observada con explicación accesible.","Permanece deshabilitada y no muestra ni altera pagos.","false","false","true","SEL-CH12-PAYABLES-SUMMARY","playwright:ch12-payables-summary","","BLOCKED_CLIENT","CH12-Q001/Q002/Q003."
"PAYABLES-STATEMENT-GENERATE","Cuentas por pagar","/payables","GENERATE","Generar planilla","[data-action-id=PAYABLES-STATEMENT-GENERATE]","ADMIN|FINANCE|AUDITOR","DOCTOR|NURSE|INVENTORY","Período, unicidad, aprobación, permisos y RPC auditada aprobados","Presenta la acción observada sin ejecutar una planilla.","Permanece deshabilitada y no genera un corte financiero.","false","false","true","SEL-CH12-PAYABLES-SUMMARY","playwright:ch12-payables-summary","","BLOCKED_CLIENT","CH12-Q002/Q007/Q008."
"PAYABLES-RESTRICTIONS","Cuentas por pagar","/payables","OPEN","Restricciones","[data-action-id=PAYABLES-RESTRICTIONS]","ADMIN|FINANCE|AUDITOR","DOCTOR|NURSE|INVENTORY","Reglas, permisos y auditoría aprobados","Presenta el control observado con explicación accesible.","Permanece deshabilitado y no impone restricciones inventadas.","false","false","true","SEL-CH12-PAYABLES-SUMMARY","playwright:ch12-payables-summary","","BLOCKED_CLIENT","CH12-Q002/Q007/Q009."
"PAYABLES-DOWNLOAD","Cuentas por pagar","/payables","EXPORT","Descargar","[data-action-id=PAYABLES-DOWNLOAD]","ADMIN|FINANCE|AUDITOR","DOCTOR|NURSE|INVENTORY","Formato, columnas, minimización y autorización aprobados","Presenta el control observado sin descargar información.","Permanece deshabilitado y no expone datos financieros o de pacientes.","false","false","true","SEL-CH12-PAYABLES-SUMMARY","playwright:ch12-payables-summary","","BLOCKED_CLIENT","CH12-Q010."
"PAYABLES-CLEAR-TABLE","Cuentas por pagar","/payables","CLEAR","Limpiar Tabla","[data-action-id=PAYABLES-CLEAR-TABLE]","ADMIN|FINANCE|AUDITOR","DOCTOR|NURSE|INVENTORY","Confirmación, reversibilidad, permisos y auditoría aprobados","Presenta el control observado sin borrar información.","Permanece deshabilitado y no elimina datos ni auditoría.","false","false","true","SEL-CH12-PAYABLES-SUMMARY","playwright:ch12-payables-summary","","BLOCKED_CLIENT","CH12-Q009."
"PAYABLES-INVOICE-SEARCH","Cuentas por pagar","/payables","SEARCH","Buscar facturas","[data-action-id=PAYABLES-INVOICE-SEARCH]","ADMIN|FINANCE|AUDITOR","DOCTOR|NURSE|INVENTORY","Sesión con payments:read","Refleja una búsqueda local sobre el resumen vacío sin crear registros.","No altera facturas, reclamos, pagos o auditoría.","false","true","true","SEL-CH12-PAYABLES-SUMMARY","playwright:ch12-payables-summary","","IMPLEMENTED_UNVERIFIED","Runtime Selenium pendiente: Python no disponible. La fuente de facturas sigue sin definir."
"PURCHASE-LIST-SEARCH","Compras","/purchases","SEARCH","Buscar compras","[data-action-id=PURCHASE-LIST-SEARCH]","ADMIN|INVENTORY|FINANCE|AUDITOR","DOCTOR|NURSE","purchases:read","Filtra localmente borradores sintéticos sin mutar auditoría.","No crea compras ni estados financieros.","false","true","true","SEL-CH13-PURCHASE-LIST","playwright:ch13-factual-purchase-list","","IMPLEMENTED_UNVERIFIED","Runtime Selenium pendiente: Python no disponible."
"PURCHASE-LIST-EXPORT","Compras","/purchases","EXPORT","Excel","[data-action-id=PURCHASE-LIST-EXPORT]","ADMIN|INVENTORY|FINANCE|AUDITOR","DOCTOR|NURSE","CH13-Q012 aprobado","Muestra el control observado con explicación accesible.","Permanece deshabilitado y no exporta datos.","false","false","true","SEL-CH13-PURCHASE-LIST","playwright:ch13-factual-purchase-list","","BLOCKED_CLIENT","CH13-Q012."
"INVENTORY-ITEM-SEARCH","Inventario","/inventory","SEARCH","Buscar inventario","[data-action-id=INVENTORY-ITEM-SEARCH]","ADMIN|INVENTORY|AUDITOR","DOCTOR|NURSE|FINANCE","Sesión con inventory:read","Filtra localmente ítems sintéticos y muestra un estado vacío factual.","No crea compromiso, reserva, lote, traslado ni auditoría.","false","true","true","SEL-CH14-INVENTORY-LIST","playwright:ch14-inventory-factual-list","","IMPLEMENTED_UNVERIFIED","Runtime Selenium pendiente: Python no disponible."
"INVENTORY-ITEM-EXPORT","Inventario","/inventory","EXPORT","Excel","[data-action-id=INVENTORY-ITEM-EXPORT]","ADMIN|INVENTORY|AUDITOR","DOCTOR|NURSE|FINANCE","CH14-Q015 aprobado","Expone el control observado con explicación accesible.","Permanece deshabilitado y no exporta datos de inventario.","false","false","true","SEL-CH14-INVENTORY-LIST","playwright:ch14-inventory-factual-list","","BLOCKED_CLIENT","CH14-Q015: formato, columnas, minimización y autorización de exportación pendientes."
"INVENTORY-TRANSFERS","Inventario","/inventory","NAVIGATION","Traslados","[data-action-id=INVENTORY-TRANSFERS]","ADMIN|INVENTORY|AUDITOR","DOCTOR|NURSE|FINANCE","CH14-Q001 aprobado","Expone el control observado con explicación accesible.","Permanece deshabilitado y no mueve existencias.","false","false","true","SEL-CH14-INVENTORY-LIST","playwright:ch14-inventory-factual-list","","BLOCKED_CLIENT","CH14-Q001: reglas de bodega, autorización, traslado y auditoría pendientes."
"INVENTORY-ITEM-HISTORY-OPEN","Inventario","/inventory","OPEN","Movimientos de item","[data-action-id=INVENTORY-ITEM-HISTORY-OPEN]","ADMIN|INVENTORY|AUDITOR","DOCTOR|NURSE|FINANCE","Ítem sintético con movimientos locales","Abre un historial factual limitado al ítem seleccionado.","No crea, reclasifica ni modifica movimientos, reservas o existencias.","false","true","true","SEL-CH14-INVENTORY-ITEM-HISTORY","playwright:ch14-inventory-item-history","","IMPLEMENTED_UNVERIFIED","Runtime Selenium pendiente: Python no disponible."
"INVENTORY-ITEM-HISTORY-FROM","Inventario","/inventory","FILTER","Desde","[data-action-id=INVENTORY-ITEM-HISTORY-FROM]","ADMIN|INVENTORY|AUDITOR","DOCTOR|NURSE|FINANCE","Diálogo Movimientos de item abierto","Restringe el historial factual al límite inicial de fecha.","No deriva lote, origen, destino, estado ni reglas de stock.","false","false","true","SEL-CH14-INVENTORY-ITEM-HISTORY","playwright:ch14-inventory-item-history","","IMPLEMENTED_UNVERIFIED","Runtime Selenium pendiente: Python no disponible."
"INVENTORY-ITEM-HISTORY-TO","Inventario","/inventory","FILTER","Hasta","[data-action-id=INVENTORY-ITEM-HISTORY-TO]","ADMIN|INVENTORY|AUDITOR","DOCTOR|NURSE|FINANCE","Diálogo Movimientos de item abierto","Restringe el historial factual al límite final de fecha y permite estado vacío.","No deriva lote, origen, destino, estado ni reglas de stock.","false","false","true","SEL-CH14-INVENTORY-ITEM-HISTORY","playwright:ch14-inventory-item-history","","IMPLEMENTED_UNVERIFIED","Runtime Selenium pendiente: Python no disponible."
"INVENTORY-ACKNOWLEDGEMENTS-OPEN","Inventario","/inventory","TAB","Acuses","[data-action-id=INVENTORY-ACKNOWLEDGEMENTS-OPEN]","ADMIN|INVENTORY|AUDITOR","DOCTOR|NURSE|FINANCE","Sesión con inventory:read","Abre el panel factual Inventario / Acuses sin crear un acuse.","No cambia estado, reserva inventario ni registra auditoría.","false","true","true","SEL-CH14-INVENTORY-ACKNOWLEDGEMENTS","playwright:ch14-inventory-acknowledgements","","IMPLEMENTED_UNVERIFIED","Runtime Selenium pendiente: Python no disponible."
"INVENTORY-ACK-AREA","Inventario / Acuses","/inventory","FILTER","Tipo Área","[data-action-id=INVENTORY-ACK-AREA]","ADMIN|INVENTORY|AUDITOR","DOCTOR|NURSE|FINANCE","CH14-Q002 aprobado","Mantiene visible el selector observado con explicación accesible.","Permanece deshabilitado y no filtra ni altera acuses.","false","false","true","SEL-CH14-INVENTORY-ACKNOWLEDGEMENTS","playwright:ch14-inventory-acknowledgements","","BLOCKED_CLIENT","CH14-Q002: área, efectos y permisos de acuse no definidos."
"INVENTORY-ACK-TAB-PATIENTS","Inventario / Acuses","/inventory","TAB","Pacientes","[data-action-id=INVENTORY-ACK-TAB-PATIENTS]","ADMIN|INVENTORY|AUDITOR","DOCTOR|NURSE|FINANCE","inventory:read; la superficie no consulta fuentes de pacientes ni casos","Muestra la tabla factual vacía documentada sin leer ni presentar datos de pacientes o casos.","No expone pacientes a ningún rol ni crea acuses.","false","true","true","SEL-CH14-INVENTORY-ACKNOWLEDGEMENTS","playwright:ch14-inventory-acknowledgements","","IMPLEMENTED_UNVERIFIED","CH14-Q002: no existe una fuente de acuses autorizada; runtime Selenium pendiente por falta de Python."
"INVENTORY-ACK-TAB-RESOURCES","Inventario / Acuses","/inventory","TAB","Recursos","[data-action-id=INVENTORY-ACK-TAB-RESOURCES]","ADMIN|INVENTORY|AUDITOR","DOCTOR|NURSE|FINANCE","Fuente autorizada de recursos de acuse","Muestra el estado vacío factual de una fuente no conectada.","No infiere disponibilidad ni crea recursos.","false","true","true","SEL-CH14-INVENTORY-ACKNOWLEDGEMENTS","playwright:ch14-inventory-acknowledgements","","PARTIAL","CH14-Q002: fuente y reglas de acuse de recursos no definidas."
"INVENTORY-ACK-TAB-UNAVAILABLE","Inventario / Acuses","/inventory","TAB","No disponible","[data-action-id=INVENTORY-ACK-TAB-UNAVAILABLE]","ADMIN|INVENTORY|AUDITOR","DOCTOR|NURSE|FINANCE","Fuente y semántica aprobadas de disponibilidad","Muestra el estado vacío factual.","No deriva ni cambia disponibilidad.","false","true","true","SEL-CH14-INVENTORY-ACKNOWLEDGEMENTS","playwright:ch14-inventory-acknowledgements","","PARTIAL","CH14-Q002: semántica y estado de acuse no definidos."
"INVENTORY-ACK-TAB-REQUESTS","Inventario / Acuses","/inventory","TAB","Solicitudes","[data-action-id=INVENTORY-ACK-TAB-REQUESTS]","ADMIN|INVENTORY|AUDITOR","DOCTOR|NURSE|FINANCE","Fuente autorizada de solicitudes","Muestra el estado vacío factual y el contador observado en cero.","No crea ni procesa solicitudes.","false","true","true","SEL-CH14-INVENTORY-ACKNOWLEDGEMENTS","playwright:ch14-inventory-acknowledgements","","PARTIAL","CH14-Q002: solicitudes y transición de acuse no definidas."
"INVENTORY-ACK-TAB-TASKS","Inventario / Acuses","/inventory","TAB","Tareas","[data-action-id=INVENTORY-ACK-TAB-TASKS]","ADMIN|INVENTORY|AUDITOR","DOCTOR|NURSE|FINANCE","Fuente autorizada de tareas","Muestra el estado vacío factual y el contador observado en cero.","No crea ni completa tareas.","false","true","true","SEL-CH14-INVENTORY-ACKNOWLEDGEMENTS","playwright:ch14-inventory-acknowledgements","","PARTIAL","CH14-Q002: tareas y autorización de acuse no definidas."
"INVENTORY-CLOSURES-OPEN","Inventario / Cierres","/inventory","TAB","Cierres","[data-action-id=INVENTORY-CLOSURES-OPEN]","ADMIN|INVENTORY|AUDITOR","DOCTOR|NURSE|FINANCE","Sesión con inventory:read","Abre la superficie factual Inventario / Cierres sin consultar pacientes o casos.","No crea, aprueba, cancela, concilia ni revierte cierres.","false","true","true","SEL-CH14-INVENTORY-CLOSURES","playwright:ch14-inventory-closures","","IMPLEMENTED_UNVERIFIED","CH14-Q007: runtime Selenium pendiente; fuente y transiciones de cierres no definidas."
"INVENTORY-CLOSURES-TAB-PENDING","Inventario / Cierres","/inventory","TAB","Pendientes","[data-action-id=INVENTORY-CLOSURES-TAB-PENDING]","ADMIN|INVENTORY|AUDITOR","DOCTOR|NURSE|FINANCE","Superficie Cierres abierta","Muestra Pacientes activos y la tabla vacía factual observada.","No obtiene pacientes/casos ni altera estados.","false","true","true","SEL-CH14-INVENTORY-CLOSURES","playwright:ch14-inventory-closures","","IMPLEMENTED_UNVERIFIED","CH14-Q007: fuente y semántica de pendientes no definidas."
"INVENTORY-CLOSURES-TAB-TOTALS","Inventario / Cierres","/inventory","TAB","Cierres totales","[data-action-id=INVENTORY-CLOSURES-TAB-TOTALS]","ADMIN|INVENTORY|AUDITOR","DOCTOR|NURSE|FINANCE","Superficie Cierres abierta","Muestra el estado vacío factual sin fabricar totales.","No calcula ni registra un cierre total.","false","true","true","SEL-CH14-INVENTORY-CLOSURES","playwright:ch14-inventory-closures","","PARTIAL","CH14-Q007: definición de cierres totales y conciliación pendiente."
"INVENTORY-CLOSURES-TAB-CLOSED","Inventario / Cierres","/inventory","TAB","Cerrados","[data-action-id=INVENTORY-CLOSURES-TAB-CLOSED]","ADMIN|INVENTORY|AUDITOR","DOCTOR|NURSE|FINANCE","Superficie Cierres abierta","Muestra el estado vacío factual de cerrados.","No deriva, aprueba ni cambia el estado Cerrado.","false","true","true","SEL-CH14-INVENTORY-CLOSURES","playwright:ch14-inventory-closures","","PARTIAL","CH14-Q007: transiciones y autorización de cierre pendientes."
"INVENTORY-CLOSURES-TAB-RESOURCES","Inventario / Cierres","/inventory","TAB","Recursos","[data-action-id=INVENTORY-CLOSURES-TAB-RESOURCES]","ADMIN|INVENTORY|AUDITOR","DOCTOR|NURSE|FINANCE","Superficie Cierres abierta","Muestra el estado vacío factual de recursos de cierre.","No crea ni asigna recursos.","false","true","true","SEL-CH14-INVENTORY-CLOSURES","playwright:ch14-inventory-closures","","PARTIAL","CH14-Q007: fuente y autorización de recursos de cierre pendientes."
"INVENTORY-SUPPLIERS-OPEN","Inventario / Proveedores","/inventory","TAB","Proveedores","[data-action-id=INVENTORY-SUPPLIERS-OPEN]","ADMIN|INVENTORY|AUDITOR","DOCTOR|NURSE|FINANCE","Sesión con inventory:read","Abre el listado factual vacío de proveedores sin consultar una fuente de proveedor.","No crea, edita, desactiva ni expone identidades de proveedores.","false","true","true","SEL-CH14-INVENTORY-SUPPLIERS","playwright:ch14-inventory-suppliers|playwright:ch14-inventory-supplier-permissions","","IMPLEMENTED_UNVERIFIED","CH14-Q008: runtime Selenium pendiente; fuente y ciclo de vida de proveedores no definidos."
"INVENTORY-SUPPLIERS-SEARCH","Inventario / Proveedores","/inventory","SEARCH","Buscar proveedores","[data-action-id=INVENTORY-SUPPLIERS-SEARCH]","ADMIN|INVENTORY|AUDITOR","DOCTOR|NURSE|FINANCE","Listado Proveedores abierto","Refleja una búsqueda local en el estado vacío factual.","No consulta, crea ni modifica un proveedor o auditoría.","false","true","true","SEL-CH14-INVENTORY-SUPPLIERS","playwright:ch14-inventory-suppliers","","IMPLEMENTED_UNVERIFIED","CH14-Q008: no existe fuente autorizada de proveedores; runtime Selenium pendiente."
"INVENTORY-SUPPLIERS-PAGE-SIZE","Inventario / Proveedores","/inventory","PAGINATION","Registros","[data-action-id=INVENTORY-SUPPLIERS-PAGE-SIZE]","ADMIN|INVENTORY|AUDITOR","DOCTOR|NURSE|FINANCE","CH14-Q008 aprobado","Presenta el selector de tamaño observado sin paginar datos inexistentes.","Permanece deshabilitado y no altera registros.","false","false","true","SEL-CH14-INVENTORY-SUPPLIERS","playwright:ch14-inventory-suppliers","","BLOCKED_CLIENT","CH14-Q008: fuente, identidad y ciclo de vida de proveedores no definidos."
"INVENTORY-SUPPLIERS-PAGE-PREV","Inventario / Proveedores","/inventory","PAGINATION","Anterior","[data-action-id=INVENTORY-SUPPLIERS-PAGE-PREV]","ADMIN|INVENTORY|AUDITOR","DOCTOR|NURSE|FINANCE","CH14-Q008 aprobado","Presenta la paginación observada sin datos de proveedores.","Permanece deshabilitado y no cambia datos o auditoría.","false","false","true","SEL-CH14-INVENTORY-SUPPLIERS","playwright:ch14-inventory-suppliers","","BLOCKED_CLIENT","CH14-Q008: fuente y paginación de proveedores no definidas."
"INVENTORY-SUPPLIERS-PAGE-NEXT","Inventario / Proveedores","/inventory","PAGINATION","Siguiente","[data-action-id=INVENTORY-SUPPLIERS-PAGE-NEXT]","ADMIN|INVENTORY|AUDITOR","DOCTOR|NURSE|FINANCE","CH14-Q008 aprobado","Presenta la paginación observada sin datos de proveedores.","Permanece deshabilitado y no cambia datos o auditoría.","false","false","true","SEL-CH14-INVENTORY-SUPPLIERS","playwright:ch14-inventory-suppliers","","BLOCKED_CLIENT","CH14-Q008: fuente y paginación de proveedores no definidas."
"INVENTORY-SUPPLIERS-CREATE","Inventario / Proveedores","/inventory","CREATE","Nuevo","[data-action-id=INVENTORY-SUPPLIERS-CREATE]","ADMIN|INVENTORY|AUDITOR","DOCTOR|NURSE|FINANCE","CH14-Q008 aprobado","Presenta el control Nuevo observado con explicación accesible.","Permanece deshabilitado y no crea proveedor ni entrada de auditoría.","false","false","true","SEL-CH14-INVENTORY-SUPPLIERS","playwright:ch14-inventory-suppliers","","BLOCKED_CLIENT","CH14-Q008: identificación, unicidad, campos, estados, edición, eliminación y auditoría pendientes."
"INVENTORY-WAREHOUSES-OPEN","Inventario / Bodegas","/inventory","TAB","Bodegas","[data-action-id=INVENTORY-WAREHOUSES-OPEN]","ADMIN|INVENTORY|AUDITOR","DOCTOR|NURSE|FINANCE","Sesión con inventory:read","Abre la superficie factual vacía de Bodegas sin consultar una fuente de bodega.","No crea bodegas, filas, traslados ni entradas de auditoría.","false","true","true","SEL-CH14-INVENTORY-WAREHOUSES","playwright:ch14-inventory-warehouses|playwright:ch14-inventory-warehouse-permissions","","IMPLEMENTED_UNVERIFIED","CH14-Q009: runtime Selenium pendiente; fuente, roles y operaciones de bodega no definidos."
"INVENTORY-WAREHOUSES-ACTIVE-FILTER","Inventario / Bodegas","/inventory","FILTER","Activo","[data-action-id=INVENTORY-WAREHOUSES-ACTIVE-FILTER]","ADMIN|INVENTORY|AUDITOR","DOCTOR|NURSE|FINANCE","CH14-Q009 aprobado","Presenta el filtro de estado observado sin derivar un estado de bodega.","Permanece deshabilitado y no filtra, crea ni cambia registros.","false","false","true","SEL-CH14-INVENTORY-WAREHOUSES","playwright:ch14-inventory-warehouses","","BLOCKED_CLIENT","CH14-Q009: fuente y semántica de estado de bodegas no definidas."
"INVENTORY-WAREHOUSES-PAGE-SIZE","Inventario / Bodegas","/inventory","PAGINATION","Registros","[data-action-id=INVENTORY-WAREHOUSES-PAGE-SIZE]","ADMIN|INVENTORY|AUDITOR","DOCTOR|NURSE|FINANCE","CH14-Q009 aprobado","Presenta el selector de tamaño observado sin paginar datos inexistentes.","Permanece deshabilitado y no altera registros.","false","false","true","SEL-CH14-INVENTORY-WAREHOUSES","playwright:ch14-inventory-warehouses","","BLOCKED_CLIENT","CH14-Q009: fuente y paginación de bodegas no definidas."
"INVENTORY-WAREHOUSES-PAGE-PREV","Inventario / Bodegas","/inventory","PAGINATION","Anterior","[data-action-id=INVENTORY-WAREHOUSES-PAGE-PREV]","ADMIN|INVENTORY|AUDITOR","DOCTOR|NURSE|FINANCE","CH14-Q009 aprobado","Presenta la paginación observada sin datos de bodegas.","Permanece deshabilitado y no cambia datos o auditoría.","false","false","true","SEL-CH14-INVENTORY-WAREHOUSES","playwright:ch14-inventory-warehouses","","BLOCKED_CLIENT","CH14-Q009: fuente y paginación de bodegas no definidas."
"INVENTORY-WAREHOUSES-PAGE-NEXT","Inventario / Bodegas","/inventory","PAGINATION","Siguiente","[data-action-id=INVENTORY-WAREHOUSES-PAGE-NEXT]","ADMIN|INVENTORY|AUDITOR","DOCTOR|NURSE|FINANCE","CH14-Q009 aprobado","Presenta la paginación observada sin datos de bodegas.","Permanece deshabilitado y no cambia datos o auditoría.","false","false","true","SEL-CH14-INVENTORY-WAREHOUSES","playwright:ch14-inventory-warehouses","","BLOCKED_CLIENT","CH14-Q009: fuente y paginación de bodegas no definidas."
"INVENTORY-WAREHOUSES-SEARCH","Inventario / Bodegas","/inventory","SEARCH","Buscar bodegas","[data-action-id=INVENTORY-WAREHOUSES-SEARCH]","ADMIN|INVENTORY|AUDITOR","DOCTOR|NURSE|FINANCE","Listado Bodegas abierto","Refleja una búsqueda local en el estado vacío factual.","No consulta, crea ni modifica bodegas, traslados o auditoría.","false","true","true","SEL-CH14-INVENTORY-WAREHOUSES","playwright:ch14-inventory-warehouses|playwright:ch14-inventory-warehouse-permissions","","IMPLEMENTED_UNVERIFIED","CH14-Q009: no existe fuente autorizada de bodegas; runtime Selenium pendiente."
"INVENTORY-KITS-OPEN","Inventario / Kit de insumos","/inventory","TAB","Kit de insumos","[data-action-id=INVENTORY-KITS-OPEN]","ADMIN|INVENTORY|AUDITOR","DOCTOR|NURSE|FINANCE","Sesión con inventory:read","Abre el listado factual vacío de kits sin consultar una fuente de kits.","No crea kits, filas, composición, consumo ni entradas de auditoría.","false","true","true","SEL-CH14-INVENTORY-KITS","playwright:ch14-inventory-kits|playwright:ch14-inventory-kit-permissions","","IMPLEMENTED_UNVERIFIED","CH14-Q012/Q013: runtime Selenium pendiente; fuente y operaciones de kits no definidas."
"INVENTORY-KITS-EXPORT","Inventario / Kit de insumos","/inventory","EXPORT","Excel","[data-action-id=INVENTORY-KITS-EXPORT]","ADMIN|INVENTORY|AUDITOR","DOCTOR|NURSE|FINANCE","CH14-Q015 aprobado","Presenta el control Excel observado con explicación accesible.","Permanece deshabilitado y no exporta datos ni crea auditoría.","false","false","true","SEL-CH14-INVENTORY-KITS","playwright:ch14-inventory-kits","","BLOCKED_CLIENT","CH14-Q015: columnas, minimización y autorización de exportación no definidas."
"INVENTORY-KITS-CREATE","Inventario / Kit de insumos","/inventory","CREATE","Nuevo","[data-action-id=INVENTORY-KITS-CREATE]","ADMIN|INVENTORY|AUDITOR","DOCTOR|NURSE|FINANCE","CH14-Q012 aprobado","Presenta el control Nuevo observado con explicación accesible.","Permanece deshabilitado y no crea kits ni entradas de auditoría.","false","false","true","SEL-CH14-INVENTORY-KITS","playwright:ch14-inventory-kits","","BLOCKED_CLIENT","CH14-Q012: versión, permisos, efectos y preservación histórica no definidos."
"INVENTORY-KITS-PAGE-SIZE","Inventario / Kit de insumos","/inventory","PAGINATION","Registros","[data-action-id=INVENTORY-KITS-PAGE-SIZE]","ADMIN|INVENTORY|AUDITOR","DOCTOR|NURSE|FINANCE","CH14-Q012 aprobado","Presenta el selector de tamaño observado sin paginar datos inexistentes.","Permanece deshabilitado y no altera registros.","false","false","true","SEL-CH14-INVENTORY-KITS","playwright:ch14-inventory-kits","","BLOCKED_CLIENT","CH14-Q012: fuente y paginación de kits no definidas."
"INVENTORY-KITS-PAGE-PREV","Inventario / Kit de insumos","/inventory","PAGINATION","Anterior","[data-action-id=INVENTORY-KITS-PAGE-PREV]","ADMIN|INVENTORY|AUDITOR","DOCTOR|NURSE|FINANCE","CH14-Q012 aprobado","Presenta la paginación observada sin datos de kits.","Permanece deshabilitado y no cambia datos o auditoría.","false","false","true","SEL-CH14-INVENTORY-KITS","playwright:ch14-inventory-kits","","BLOCKED_CLIENT","CH14-Q012: fuente y paginación de kits no definidas."
"INVENTORY-KITS-PAGE-NEXT","Inventario / Kit de insumos","/inventory","PAGINATION","Siguiente","[data-action-id=INVENTORY-KITS-PAGE-NEXT]","ADMIN|INVENTORY|AUDITOR","DOCTOR|NURSE|FINANCE","CH14-Q012 aprobado","Presenta la paginación observada sin datos de kits.","Permanece deshabilitado y no cambia datos o auditoría.","false","false","true","SEL-CH14-INVENTORY-KITS","playwright:ch14-inventory-kits","","BLOCKED_CLIENT","CH14-Q012: fuente y paginación de kits no definidas."
"INVENTORY-KITS-SEARCH","Inventario / Kit de insumos","/inventory","SEARCH","Buscar kits","[data-action-id=INVENTORY-KITS-SEARCH]","ADMIN|INVENTORY|AUDITOR","DOCTOR|NURSE|FINANCE","Listado Kit de insumos abierto","Refleja una búsqueda local en el estado vacío factual.","No consulta, crea ni modifica kits, componentes, existencias o auditoría.","false","true","true","SEL-CH14-INVENTORY-KITS","playwright:ch14-inventory-kits|playwright:ch14-inventory-kit-permissions","","IMPLEMENTED_UNVERIFIED","CH14-Q012/Q013: no existe fuente autorizada de kits; runtime Selenium pendiente."
"CATALOG-MEDICATIONS-SEARCH","Items / Medicamentos","/catalogs/medications","SEARCH","Buscar medicamentos","[data-action-id=CATALOG-MEDICATIONS-SEARCH]","ADMIN|INVENTORY|AUDITOR","DOCTOR|NURSE|FINANCE","Sesión con catalogs:read","Filtra únicamente la explicación del estado vacío factual.","No consulta ni crea medicamentos, ni modifica auditoría.","false","true","true","SEL-CH15-MEDICATION-CATALOG","playwright:ch15-medication-catalog|playwright:ch15-medication-catalog-permissions","","IMPLEMENTED_UNVERIFIED","CH15-Q004: no existe una fuente ni reglas aprobadas de medicamentos; runtime Selenium pendiente."
"CATALOG-MEDICATIONS-EXPORT","Items / Medicamentos","/catalogs/medications","EXPORT","Excel","[data-action-id=CATALOG-MEDICATIONS-EXPORT]","ADMIN|INVENTORY|AUDITOR","DOCTOR|NURSE|FINANCE","CH15-Q004 aprobado","Presenta el control Excel observado con explicación accesible.","Permanece deshabilitado y no exporta datos ni crea auditoría.","false","false","true","SEL-CH15-MEDICATION-CATALOG","playwright:ch15-medication-catalog","","BLOCKED_CLIENT","CH15-Q004: columnas, minimización y autorización de exportación no definidas."
"CATALOG-MEDICATIONS-CREATE","Items / Medicamentos","/catalogs/medications","CREATE","Nuevo","[data-action-id=CATALOG-MEDICATIONS-CREATE]","ADMIN|INVENTORY|AUDITOR","DOCTOR|NURSE|FINANCE","CH15-Q004 aprobado","Presenta el control Nuevo observado con explicación accesible.","Permanece deshabilitado y no crea un medicamento ni auditoría.","false","false","true","SEL-CH15-MEDICATION-CATALOG","playwright:ch15-medication-catalog","","BLOCKED_CLIENT","CH15-Q004: identidad, campos, roles, validación, auditoría y reglas clínicas no definidas."
"CATALOG-MEDICATIONS-PAGE-SIZE","Items / Medicamentos","/catalogs/medications","PAGINATION","Registros","[data-action-id=CATALOG-MEDICATIONS-PAGE-SIZE]","ADMIN|INVENTORY|AUDITOR","DOCTOR|NURSE|FINANCE","CH15-Q004 aprobado","Presenta el selector de registros observado sin paginar datos inexistentes.","Permanece deshabilitado y no altera registros.","false","false","true","SEL-CH15-MEDICATION-CATALOG","playwright:ch15-medication-catalog","","BLOCKED_CLIENT","CH15-Q004: fuente y paginación de medicamentos no definidas."
"CATALOG-MEDICATIONS-PAGE-PREV","Items / Medicamentos","/catalogs/medications","PAGINATION","Anterior","[data-action-id=CATALOG-MEDICATIONS-PAGE-PREV]","ADMIN|INVENTORY|AUDITOR","DOCTOR|NURSE|FINANCE","CH15-Q004 aprobado","Presenta la paginación observada sin datos de medicamentos.","Permanece deshabilitado y no cambia datos o auditoría.","false","false","true","SEL-CH15-MEDICATION-CATALOG","playwright:ch15-medication-catalog","","BLOCKED_CLIENT","CH15-Q004: fuente y paginación de medicamentos no definidas."
"CATALOG-MEDICATIONS-PAGE-NEXT","Items / Medicamentos","/catalogs/medications","PAGINATION","Siguiente","[data-action-id=CATALOG-MEDICATIONS-PAGE-NEXT]","ADMIN|INVENTORY|AUDITOR","DOCTOR|NURSE|FINANCE","CH15-Q004 aprobado","Presenta la paginación observada sin datos de medicamentos.","Permanece deshabilitado y no cambia datos o auditoría.","false","false","true","SEL-CH15-MEDICATION-CATALOG","playwright:ch15-medication-catalog","","BLOCKED_CLIENT","CH15-Q004: fuente y paginación de medicamentos no definidas."
"CATALOG-SUPPLIES-SEARCH","Items / Insumos","/catalogs/supplies","SEARCH","Buscar insumos","[data-action-id=CATALOG-SUPPLIES-SEARCH]","ADMIN|INVENTORY|AUDITOR","DOCTOR|NURSE|FINANCE","Sesión con catalogs:read; CH15-Q004 deja la fuente y banderas sin definición operativa","Filtra únicamente la explicación del estado vacío factual.","No consulta ni crea insumos, ni modifica auditoría.","false","true","true","SEL-CH15-SUPPLIES-CATALOG","playwright:ch15-supplies-catalog|playwright:ch15-supplies-catalog-permissions","","IMPLEMENTED_UNVERIFIED","CH15-Q004: fuente de insumos y runtime Selenium pendientes."
"CATALOG-SUPPLIES-EXPORT","Items / Insumos","/catalogs/supplies","EXPORT","Excel","[data-action-id=CATALOG-SUPPLIES-EXPORT]","ADMIN|INVENTORY|AUDITOR","DOCTOR|NURSE|FINANCE","CH15-Q004 aprobado","Presenta el control Excel observado con explicación accesible.","Permanece deshabilitado y no exporta datos ni crea auditoría.","false","false","true","SEL-CH15-SUPPLIES-CATALOG","playwright:ch15-supplies-catalog","","BLOCKED_CLIENT","CH15-Q004: no existe fuente de insumos ni contrato de columnas, minimización o autorización de exportación."
"CATALOG-SUPPLIES-CREATE","Items / Insumos","/catalogs/supplies","CREATE","Nuevo","[data-action-id=CATALOG-SUPPLIES-CREATE]","ADMIN|INVENTORY|AUDITOR","DOCTOR|NURSE|FINANCE","CH15-Q004 aprobado","Presenta el control Nuevo observado con explicación accesible.","Permanece deshabilitado y no crea un insumo ni auditoría.","false","false","true","SEL-CH15-SUPPLIES-CATALOG","playwright:ch15-supplies-catalog","","BLOCKED_CLIENT","CH15-Q004: CH15-E0068 no define fuente, efectos de banderas, roles, campos, validación, auditoría ni reglas clínicas de alta."
"CATALOG-SUPPLIES-PAGE-SIZE","Items / Insumos","/catalogs/supplies","PAGINATION","Registros","[data-action-id=CATALOG-SUPPLIES-PAGE-SIZE]","ADMIN|INVENTORY|AUDITOR","DOCTOR|NURSE|FINANCE","CH15-Q004 aprobado","Presenta el selector de registros observado sin paginar datos inexistentes.","Permanece deshabilitado y no altera registros.","false","false","true","SEL-CH15-SUPPLIES-CATALOG","playwright:ch15-supplies-catalog","","BLOCKED_CLIENT","CH15-Q004: fuente y paginación de insumos no definidas."
"CATALOG-SUPPLIES-PAGE-PREV","Items / Insumos","/catalogs/supplies","PAGINATION","Anterior","[data-action-id=CATALOG-SUPPLIES-PAGE-PREV]","ADMIN|INVENTORY|AUDITOR","DOCTOR|NURSE|FINANCE","CH15-Q004 aprobado","Presenta la paginación observada sin datos de insumos.","Permanece deshabilitado y no cambia datos o auditoría.","false","false","true","SEL-CH15-SUPPLIES-CATALOG","playwright:ch15-supplies-catalog","","BLOCKED_CLIENT","CH15-Q004: fuente y paginación de insumos no definidas."
"CATALOG-SUPPLIES-PAGE-NEXT","Items / Insumos","/catalogs/supplies","PAGINATION","Siguiente","[data-action-id=CATALOG-SUPPLIES-PAGE-NEXT]","ADMIN|INVENTORY|AUDITOR","DOCTOR|NURSE|FINANCE","CH15-Q004 aprobado","Presenta la paginación observada sin datos de insumos.","Permanece deshabilitado y no cambia datos o auditoría.","false","false","true","SEL-CH15-SUPPLIES-CATALOG","playwright:ch15-supplies-catalog","","BLOCKED_CLIENT","CH15-Q004: fuente y paginación de insumos no definidas."
"CATALOG-STUDIES-SEARCH","Items / Estudios Dx","/catalogs/studies","SEARCH","Buscar estudios diagnósticos","[data-action-id=CATALOG-STUDIES-SEARCH]","ADMIN|INVENTORY|AUDITOR","DOCTOR|NURSE|FINANCE","Sesión con catalogs:read; CH15-Q004 deja la fuente y banderas sin definición operativa","Filtra únicamente la explicación del estado vacío factual.","No consulta ni crea estudios, ni modifica auditoría.","false","true","true","SEL-CH15-STUDIES-CATALOG","playwright:ch15-studies-catalog|playwright:ch15-studies-catalog-permissions","","IMPLEMENTED_UNVERIFIED","CH15-Q004: fuente de estudios diagnósticos y runtime Selenium pendientes."
"CATALOG-STUDIES-EXPORT","Items / Estudios Dx","/catalogs/studies","EXPORT","Excel","[data-action-id=CATALOG-STUDIES-EXPORT]","ADMIN|INVENTORY|AUDITOR","DOCTOR|NURSE|FINANCE","CH15-Q004 aprobado","Presenta el control Excel observado con explicación accesible.","Permanece deshabilitado y no exporta datos ni crea auditoría.","false","false","true","SEL-CH15-STUDIES-CATALOG","playwright:ch15-studies-catalog","","BLOCKED_CLIENT","CH15-Q004: no existe fuente de estudios ni contrato de columnas, minimización o autorización de exportación."
"CATALOG-STUDIES-CREATE","Items / Estudios Dx","/catalogs/studies","CREATE","Nuevo","[data-action-id=CATALOG-STUDIES-CREATE]","ADMIN|INVENTORY|AUDITOR","DOCTOR|NURSE|FINANCE","CH15-Q004 aprobado","Presenta el control Nuevo observado con explicación accesible.","Permanece deshabilitado y no crea un estudio ni auditoría.","false","false","true","SEL-CH15-STUDIES-CATALOG","playwright:ch15-studies-catalog","","BLOCKED_CLIENT","CH15-Q004: el video no define fuente, identidad, precios, campos, roles, validación, auditoría ni reglas clínicas de alta."
"CATALOG-STUDIES-PAGE-SIZE","Items / Estudios Dx","/catalogs/studies","PAGINATION","Registros","[data-action-id=CATALOG-STUDIES-PAGE-SIZE]","ADMIN|INVENTORY|AUDITOR","DOCTOR|NURSE|FINANCE","CH15-Q004 aprobado","Presenta el selector de registros observado sin paginar datos inexistentes.","Permanece deshabilitado y no altera registros.","false","false","true","SEL-CH15-STUDIES-CATALOG","playwright:ch15-studies-catalog","","BLOCKED_CLIENT","CH15-Q004: fuente y paginación de estudios diagnósticos no definidas."
"CATALOG-STUDIES-PAGE-PREV","Items / Estudios Dx","/catalogs/studies","PAGINATION","Anterior","[data-action-id=CATALOG-STUDIES-PAGE-PREV]","ADMIN|INVENTORY|AUDITOR","DOCTOR|NURSE|FINANCE","CH15-Q004 aprobado","Presenta la paginación observada sin datos de estudios diagnósticos.","Permanece deshabilitado y no cambia datos o auditoría.","false","false","true","SEL-CH15-STUDIES-CATALOG","playwright:ch15-studies-catalog","","BLOCKED_CLIENT","CH15-Q004: fuente y paginación de estudios diagnósticos no definidas."
"CATALOG-STUDIES-PAGE-NEXT","Items / Estudios Dx","/catalogs/studies","PAGINATION","Siguiente","[data-action-id=CATALOG-STUDIES-PAGE-NEXT]","ADMIN|INVENTORY|AUDITOR","DOCTOR|NURSE|FINANCE","CH15-Q004 aprobado","Presenta la paginación observada sin datos de estudios diagnósticos.","Permanece deshabilitado y no cambia datos o auditoría.","false","false","true","SEL-CH15-STUDIES-CATALOG","playwright:ch15-studies-catalog","","BLOCKED_CLIENT","CH15-Q004: fuente y paginación de estudios diagnósticos no definidas."
"CATALOG-FEES-SEARCH","Items / Honorarios","/catalogs/fees","SEARCH","Buscar honorarios","[data-action-id=CATALOG-FEES-SEARCH]","ADMIN|INVENTORY|AUDITOR","DOCTOR|NURSE|FINANCE","Sesión con catalogs:read; CH15-Q004/Q006 dejan fuente y recurso sin definición operativa","Filtra únicamente la explicación del estado vacío factual.","No consulta ni crea honorarios, ni modifica auditoría.","false","true","true","SEL-CH15-FEES-CATALOG","playwright:ch15-fees-catalog|playwright:ch15-fees-catalog-permissions","","IMPLEMENTED_UNVERIFIED","CH15-Q004/Q006: fuente de honorarios, recurso y runtime Selenium pendientes."
"CATALOG-FEES-EXPORT","Items / Honorarios","/catalogs/fees","EXPORT","Excel","[data-action-id=CATALOG-FEES-EXPORT]","ADMIN|INVENTORY|AUDITOR","DOCTOR|NURSE|FINANCE","CH15-Q004/Q006 aprobados","Presenta el control Excel observado con explicación accesible.","Permanece deshabilitado y no exporta datos ni crea auditoría.","false","false","true","SEL-CH15-FEES-CATALOG","playwright:ch15-fees-catalog","","BLOCKED_CLIENT","CH15-Q004/Q006: columnas, minimización, autorización y datos de honorarios no definidos."
"CATALOG-FEES-CREATE","Items / Honorarios","/catalogs/fees","CREATE","Nuevo","[data-action-id=CATALOG-FEES-CREATE]","ADMIN|INVENTORY|AUDITOR","DOCTOR|NURSE|FINANCE","CH15-Q004/Q006 aprobados","Presenta el control Nuevo observado con explicación accesible.","Permanece deshabilitado y no crea un honorario ni auditoría.","false","false","true","SEL-CH15-FEES-CATALOG","playwright:ch15-fees-catalog","","BLOCKED_CLIENT","CH15-Q004/Q006: fuente, recurso elegible, precios, roles, validación, auditoría y liquidación no definidos."
"CATALOG-FEES-PAGE-SIZE","Items / Honorarios","/catalogs/fees","PAGINATION","Registros","[data-action-id=CATALOG-FEES-PAGE-SIZE]","ADMIN|INVENTORY|AUDITOR","DOCTOR|NURSE|FINANCE","CH15-Q004/Q006 aprobados","Presenta el selector de registros observado sin paginar datos inexistentes.","Permanece deshabilitado y no altera registros.","false","false","true","SEL-CH15-FEES-CATALOG","playwright:ch15-fees-catalog","","BLOCKED_CLIENT","CH15-Q004/Q006: fuente y paginación de honorarios no definidas."
"CATALOG-FEES-PAGE-PREV","Items / Honorarios","/catalogs/fees","PAGINATION","Anterior","[data-action-id=CATALOG-FEES-PAGE-PREV]","ADMIN|INVENTORY|AUDITOR","DOCTOR|NURSE|FINANCE","CH15-Q004/Q006 aprobados","Presenta la paginación observada sin datos de honorarios.","Permanece deshabilitado y no cambia datos o auditoría.","false","false","true","SEL-CH15-FEES-CATALOG","playwright:ch15-fees-catalog","","BLOCKED_CLIENT","CH15-Q004/Q006: fuente y paginación de honorarios no definidas."
"CATALOG-FEES-PAGE-NEXT","Items / Honorarios","/catalogs/fees","PAGINATION","Siguiente","[data-action-id=CATALOG-FEES-PAGE-NEXT]","ADMIN|INVENTORY|AUDITOR","DOCTOR|NURSE|FINANCE","CH15-Q004/Q006 aprobados","Presenta la paginación observada sin datos de honorarios.","Permanece deshabilitado y no cambia datos o auditoría.","false","false","true","SEL-CH15-FEES-CATALOG","playwright:ch15-fees-catalog","","BLOCKED_CLIENT","CH15-Q004/Q006: fuente y paginación de honorarios no definidas."
"CATALOG-SERVICES-SEARCH","Items / Servicios","/catalogs/services","SEARCH","Buscar servicios","[data-action-id=CATALOG-SERVICES-SEARCH]","ADMIN|INVENTORY|AUDITOR","DOCTOR|NURSE|FINANCE","Sesión con catalogs:read; CH15-Q004 deja fuente, tipos y banderas sin definición operativa","Filtra únicamente la explicación del estado vacío factual.","No consulta ni crea servicios, ni modifica auditoría.","false","true","true","SEL-CH15-SERVICES-CATALOG","playwright:ch15-services-catalog|playwright:ch15-services-catalog-permissions","","IMPLEMENTED_UNVERIFIED","CH15-Q004: fuente de servicios y runtime Selenium pendientes."
"CATALOG-SERVICES-EXPORT","Items / Servicios","/catalogs/services","EXPORT","Excel","[data-action-id=CATALOG-SERVICES-EXPORT]","ADMIN|INVENTORY|AUDITOR","DOCTOR|NURSE|FINANCE","CH15-Q004 aprobado","Presenta el control Excel observado con explicación accesible.","Permanece deshabilitado y no exporta datos ni crea auditoría.","false","false","true","SEL-CH15-SERVICES-CATALOG","playwright:ch15-services-catalog","","BLOCKED_CLIENT","CH15-Q004: no existe fuente de servicios ni contrato de columnas, minimización o autorización de exportación."
"CATALOG-SERVICES-CREATE","Items / Servicios","/catalogs/services","CREATE","Nuevo","[data-action-id=CATALOG-SERVICES-CREATE]","ADMIN|INVENTORY|AUDITOR","DOCTOR|NURSE|FINANCE","CH15-Q004 aprobado","Presenta el control Nuevo observado con explicación accesible.","Permanece deshabilitado y no crea un servicio ni auditoría.","false","false","true","SEL-CH15-SERVICES-CATALOG","playwright:ch15-services-catalog","","BLOCKED_CLIENT","CH15-Q004: el video no define fuente, tipo, categoría, banderas, campos, roles, validación, auditoría ni reglas clínicas o financieras de alta."
"CATALOG-SERVICES-PAGE-SIZE","Items / Servicios","/catalogs/services","PAGINATION","Registros","[data-action-id=CATALOG-SERVICES-PAGE-SIZE]","ADMIN|INVENTORY|AUDITOR","DOCTOR|NURSE|FINANCE","CH15-Q004 aprobado","Presenta el selector de registros observado sin paginar datos inexistentes.","Permanece deshabilitado y no altera registros.","false","false","true","SEL-CH15-SERVICES-CATALOG","playwright:ch15-services-catalog","","BLOCKED_CLIENT","CH15-Q004: fuente y paginación de servicios no definidas."
"CATALOG-SERVICES-PAGE-PREV","Items / Servicios","/catalogs/services","PAGINATION","Anterior","[data-action-id=CATALOG-SERVICES-PAGE-PREV]","ADMIN|INVENTORY|AUDITOR","DOCTOR|NURSE|FINANCE","CH15-Q004 aprobado","Presenta la paginación observada sin datos de servicios.","Permanece deshabilitado y no cambia datos o auditoría.","false","false","true","SEL-CH15-SERVICES-CATALOG","playwright:ch15-services-catalog","","BLOCKED_CLIENT","CH15-Q004: fuente y paginación de servicios no definidas."
"CATALOG-SERVICES-PAGE-NEXT","Items / Servicios","/catalogs/services","PAGINATION","Siguiente","[data-action-id=CATALOG-SERVICES-PAGE-NEXT]","ADMIN|INVENTORY|AUDITOR","DOCTOR|NURSE|FINANCE","CH15-Q004 aprobado","Presenta la paginación observada sin datos de servicios.","Permanece deshabilitado y no cambia datos o auditoría.","false","false","true","SEL-CH15-SERVICES-CATALOG","playwright:ch15-services-catalog","","BLOCKED_CLIENT","CH15-Q004: fuente y paginación de servicios no definidas."
"CATALOG-DISCOUNTS-SEARCH","Descuentos","/catalogs/discounts","SEARCH","Buscar descuentos","[data-action-id=CATALOG-DISCOUNTS-SEARCH]","ADMIN|INVENTORY|AUDITOR","DOCTOR|NURSE|FINANCE","Sesión con catalogs:read; CH15-Q004 y CH16-Q001/Q002/Q003/Q005 dejan perfiles y porcentajes sin definición operativa","Filtra únicamente la explicación del estado vacío factual.","No consulta ni crea perfiles, ni modifica auditoría.","false","true","true","SEL-CH15-DISCOUNTS-CATALOG|SEL-CH16-DISCOUNT-MATRIX","playwright:ch15-discounts-catalog|playwright:ch15-discounts-catalog-permissions|playwright:ch16-discount-matrix","","IMPLEMENTED_UNVERIFIED","CH15-Q004 y CH16-Q001/Q002/Q003/Q005: fuente de perfiles de descuento y runtime Selenium pendientes."
"CATALOG-DISCOUNTS-EXPORT","Descuentos","/catalogs/discounts","EXPORT","Excel","[data-action-id=CATALOG-DISCOUNTS-EXPORT]","ADMIN|INVENTORY|AUDITOR","DOCTOR|NURSE|FINANCE","CH15-Q004 y CH16-Q001/Q002/Q003/Q005 aprobados","Presenta el control Excel observado con explicación accesible.","Permanece deshabilitado y no exporta datos ni crea auditoría.","false","false","true","SEL-CH15-DISCOUNTS-CATALOG|SEL-CH16-DISCOUNT-MATRIX","playwright:ch15-discounts-catalog|playwright:ch16-discount-matrix","","BLOCKED_CLIENT","CH15-Q004 y CH16-Q001/Q002/Q003/Q005: no existe fuente de perfiles ni contrato de columnas, minimización o autorización de exportación."
"CATALOG-DISCOUNTS-CREATE","Descuentos","/catalogs/discounts","CREATE","Nuevo","[data-action-id=CATALOG-DISCOUNTS-CREATE]","ADMIN|INVENTORY|AUDITOR","DOCTOR|NURSE|FINANCE","CH15-Q004 y CH16-Q001/Q002/Q003/Q005 aprobados","Presenta el control Nuevo observado con explicación accesible.","Permanece deshabilitado y no crea un perfil ni auditoría.","false","false","true","SEL-CH15-DISCOUNTS-CATALOG|SEL-CH16-DISCOUNT-MATRIX","playwright:ch15-discounts-catalog|playwright:ch16-discount-matrix","","BLOCKED_CLIENT","CH15-Q004 y CH16-Q001/Q002/Q003/Q005: el video no define perfiles, categorías, porcentajes, cálculo, roles, validación, auditoría ni efectos de alta."
"CATALOG-DISCOUNTS-PAGE-SIZE","Descuentos","/catalogs/discounts","PAGINATION","Registros","[data-action-id=CATALOG-DISCOUNTS-PAGE-SIZE]","ADMIN|INVENTORY|AUDITOR","DOCTOR|NURSE|FINANCE","CH15-Q004 y CH16-Q001/Q002/Q003/Q005 aprobados","Presenta el selector de registros observado sin paginar datos inexistentes.","Permanece deshabilitado y no altera registros.","false","false","true","SEL-CH15-DISCOUNTS-CATALOG|SEL-CH16-DISCOUNT-MATRIX","playwright:ch15-discounts-catalog|playwright:ch16-discount-matrix","","BLOCKED_CLIENT","CH15-Q004 y CH16-Q001/Q002/Q003/Q005: fuente y paginación de perfiles no definidas."
"CATALOG-DISCOUNTS-PAGE-PREV","Descuentos","/catalogs/discounts","PAGINATION","Anterior","[data-action-id=CATALOG-DISCOUNTS-PAGE-PREV]","ADMIN|INVENTORY|AUDITOR","DOCTOR|NURSE|FINANCE","CH15-Q004 y CH16-Q001/Q002/Q003/Q005 aprobados","Presenta la paginación observada sin datos de perfiles.","Permanece deshabilitado y no cambia datos o auditoría.","false","false","true","SEL-CH15-DISCOUNTS-CATALOG|SEL-CH16-DISCOUNT-MATRIX","playwright:ch15-discounts-catalog|playwright:ch16-discount-matrix","","BLOCKED_CLIENT","CH15-Q004 y CH16-Q001/Q002/Q003/Q005: fuente y paginación de perfiles no definidas."
"CATALOG-DISCOUNTS-PAGE-NEXT","Descuentos","/catalogs/discounts","PAGINATION","Siguiente","[data-action-id=CATALOG-DISCOUNTS-PAGE-NEXT]","ADMIN|INVENTORY|AUDITOR","DOCTOR|NURSE|FINANCE","CH15-Q004 y CH16-Q001/Q002/Q003/Q005 aprobados","Presenta la paginación observada sin datos de perfiles.","Permanece deshabilitado y no cambia datos o auditoría.","false","false","true","SEL-CH15-DISCOUNTS-CATALOG|SEL-CH16-DISCOUNT-MATRIX","playwright:ch15-discounts-catalog|playwright:ch16-discount-matrix","","BLOCKED_CLIENT","CH15-Q004 y CH16-Q001/Q002/Q003/Q005: fuente y paginación de perfiles no definidas."
