requirement_id,chapter_id,feature,detailed_behavior,classification,priority,evidence_paths,open_question_ids,route_id,react_route,react_files,component_ids,action_ids,parity_status,functional_status,persistence_status,permissions_status,performance_status,unit_test_ids,playwright_test_ids,selenium_test_ids,visual_test_ids,blocker_type,blocker_ids,blocker_reason,last_verified_sha,notes
"CH01-F001","CH01","Acceso mediante ruta directa al módulo de pacientes","Un enlace externo apunta a /pacientes.php y el producto muestra la lista cuando existe sesión.","INFERRED","P1","references/video-audit/chapters/CH01_contexto_inicial_acceso_dashboard_y_listado_de_pacientes/event_frames/CH01-E0002_00h00m05s600ms_abrupt_change.jpg|references/video-audit/chapters/CH01_contexto_inicial_acceso_dashboard_y_listado_de_pacientes/detail_crops/CH01-E0002_00h00m05s600ms_DETAIL.jpg","CH01-Q001","ROUTE-PATIENTS","/patients","apps/web/src/app/(workspace)/patients/page.tsx|apps/web/src/lib/data-provider.ts","","PATIENT-NAVIGATE|AUTH-LOGIN","EXACT","VERIFIED","NOT_APPLICABLE","VERIFIED","VERIFIED","","playwright:ch01-direct-auth","","","","","","4349523df4750720308de9059a4e6c5ec2624675","Ruta directa conserva next y exige sesión."
"CH01-F002","CH01","Listado de pacientes","Pantalla Pacientes con pestañas Activos, Inactivos y Carga masiva.","VISIBLE","P1","references/video-audit/chapters/CH01_contexto_inicial_acceso_dashboard_y_listado_de_pacientes/event_frames/CH01-E0009_00h00m56s200ms_abrupt_change.jpg","","ROUTE-PATIENTS","/patients","apps/web/src/app/(workspace)/patients/page.tsx|apps/web/src/lib/data-provider.ts","","PATIENT-TAB-ACTIVE|PATIENT-TAB-INACTIVE|PATIENT-TAB-IMPORT|PATIENT-IMPORT","EXACT","VERIFIED","VERIFIED","VERIFIED","VERIFIED","","playwright:ch01-patient-tabs-import","SEL-CH01-IMPORT","","","","","4349523df4750720308de9059a4e6c5ec2624675","Carga CSV local validada, previsualizada, cancelable y persistida."
"CH01-F003","CH01","Columnas del catálogo de pacientes","Acción por fila, Documento, Nombre completo, Edad, Empresa, Triage, Notif. Botmaker y Estado.","VISIBLE","P1","references/video-audit/chapters/CH01_contexto_inicial_acceso_dashboard_y_listado_de_pacientes/event_frames/CH01-E0012_00h01m25s000ms_abrupt_change.jpg","","ROUTE-PATIENTS","/patients","apps/web/src/app/(workspace)/patients/page.tsx|apps/web/src/lib/data-provider.ts","","PATIENT-DETAIL-NAVIGATE|PATIENT-BOTMAKER-CONSENT","EXACT","VERIFIED","NOT_APPLICABLE","VERIFIED","VERIFIED","vitest:age-from-birth-date","playwright:ch01-patient-video-columns","","","","","","4349523df4750720308de9059a4e6c5ec2624675","Columnas administrativas del video, sin cálculo clínico de triage."
"CH01-F004","CH01","Búsqueda y paginación de pacientes","Campo de búsqueda, selector de registros y navegación Anterior/1/2/3/Siguiente.","VISIBLE","P1","references/video-audit/chapters/CH01_contexto_inicial_acceso_dashboard_y_listado_de_pacientes/event_frames/CH01-E0013_00h01m26s800ms_settled.jpg|references/video-audit/chapters/CH01_contexto_inicial_acceso_dashboard_y_listado_de_pacientes/detail_crops/CH01-E0013_00h01m26s800ms_DETAIL.jpg","","ROUTE-PATIENTS","/patients","apps/web/src/app/(workspace)/patients/page.tsx|apps/web/src/lib/data-provider.ts","","PATIENT-SEARCH|PATIENT-PAGE-SIZE|PATIENT-PAGINATE|PATIENT-PAGE-PREVIOUS|PATIENT-PAGE-NEXT","EXACT","VERIFIED","NOT_APPLICABLE","VERIFIED","VERIFIED","","playwright:ch01-search-pagination","","","","","","4349523df4750720308de9059a4e6c5ec2624675","Búsqueda normalizada y paginación local."
"CH01-F005","CH01","Exportar y crear paciente","Acciones Excel y + Nuevo disponibles en la cabecera.","VISIBLE","P1","references/video-audit/chapters/CH01_contexto_inicial_acceso_dashboard_y_listado_de_pacientes/event_frames/CH01-E0009_00h00m56s200ms_abrupt_change.jpg","","ROUTE-PATIENTS","/patients","apps/web/src/app/(workspace)/patients/page.tsx|apps/web/src/lib/data-provider.ts","","PATIENT-EXPORT-XLSX|PATIENT-EXPORT-CSV|PATIENT-CREATE","EXACT","VERIFIED","NOT_APPLICABLE","VERIFIED","VERIFIED","","playwright:ch01-xlsx-export","SEL-CH01-XLSX","","","","","4349523df4750720308de9059a4e6c5ec2624675","Workbook XLSX real, hoja Pacientes; CSV queda como acción secundaria."
"CH01-F006","CH01","Estados de carga y vacío de tabla","La tabla muestra Cargando... y No hay registros disponibles antes de presentar filas.","VISIBLE","P1","references/video-audit/chapters/CH01_contexto_inicial_acceso_dashboard_y_listado_de_pacientes/event_frames/CH01-E0011_00h01m24s600ms_abrupt_change.jpg","CH01-Q004","ROUTE-PATIENTS","/patients","apps/web/src/app/(workspace)/patients/page.tsx|apps/web/src/lib/data-provider.ts","","","EXACT","VERIFIED","NOT_APPLICABLE","VERIFIED","VERIFIED","","playwright:workspace-loading-empty-error","","","","","","4349523df4750720308de9059a4e6c5ec2624675","Provider expone loading/error y el listado representa resultados vacíos sin inventar datos."
"CH01-F007","CH01","Indicadores de triage, notificación y estado","Cada fila muestra triage, controles de notificación y estado Activo.","VISIBLE","P1","references/video-audit/chapters/CH01_contexto_inicial_acceso_dashboard_y_listado_de_pacientes/event_frames/CH01-E0012_00h01m25s000ms_abrupt_change.jpg","","ROUTE-PATIENTS","/patients","apps/web/src/app/(workspace)/patients/page.tsx|apps/web/src/lib/data-provider.ts","","PATIENT-BOTMAKER-CONSENT","EXACT","VERIFIED","VERIFIED","VERIFIED","VERIFIED","","playwright:ch01-triage-botmaker-status","SEL-CH01-BOTMAKER","","","","","4349523df4750720308de9059a4e6c5ec2624675","Consentimiento persistido; no se afirma envío de mensajes."
"CH01-F008","CH01","Menú lateral colapsable y jerárquico","Dashboard, Pacientes, Facturación, Clínica, Operaciones, Inventario, RRHH, Items y Maestros, con submódulos visibles.","VISIBLE","P1","references/video-audit/chapters/CH01_contexto_inicial_acceso_dashboard_y_listado_de_pacientes/event_frames/CH01-E0014_00h01m28s800ms_abrupt_change.jpg","CH01-Q005","ROUTE-PATIENTS","/patients","apps/web/src/app/(workspace)/patients/page.tsx|apps/web/src/lib/data-provider.ts","","","EXACT","VERIFIED","NOT_APPLICABLE","VERIFIED","VERIFIED","","playwright:workspace-sidebar-accordions","","","","","","4349523df4750720308de9059a4e6c5ec2624675","Jerarquía enlaza sólo módulos operativos presentes."
"CH01-F009","CH01","Dashboard operativo","Seis tarjetas resumen pacientes con alertas, pacientes activos, tratamientos actualizados, tratamientos por finalizar, planes de cuidado e incidentes.","VISIBLE","P1","references/video-audit/chapters/CH01_contexto_inicial_acceso_dashboard_y_listado_de_pacientes/event_frames/CH01-E0018_00h01m31s400ms_abrupt_change.jpg","CH01-Q002","ROUTE-PATIENTS","/patients","apps/web/src/app/(workspace)/patients/page.tsx|apps/web/src/lib/data-provider.ts","","","EXACT","VERIFIED","NOT_APPLICABLE","VERIFIED","VERIFIED","","playwright:ch01-dashboard-six-metrics","","","","","","4349523df4750720308de9059a4e6c5ec2624675","Primera cuadrícula contiene exactamente los seis indicadores observados."
"CH01-F010","CH01","Pacientes con valores fuera de rango","Sección con columnas Acciones, Paciente, FC, FR, Oxígeno, Sistólica, Diastólica, Temp, Dolor, Glicemia, Fecha y Recurso, y etiqueta Normales.","VISIBLE","P1","references/video-audit/chapters/CH01_contexto_inicial_acceso_dashboard_y_listado_de_pacientes/event_frames/CH01-E0019_00h01m32s000ms_stable_change.jpg","CH01-Q003","ROUTE-PATIENTS","/patients","apps/web/src/app/(workspace)/patients/page.tsx|apps/web/src/lib/data-provider.ts","","","EXACT","VERIFIED","NOT_APPLICABLE","VERIFIED","VERIFIED","","playwright:ch01-measurements-table","","","","","","4349523df4750720308de9059a4e6c5ec2624675","Tabla no clasifica clínicamente sin una regla aprobada."
"CH01-F011","CH01","Menú de usuario y contexto organizacional","Menú con organización, Mi usuario y Cerrar Sesión.","VISIBLE","P1","references/video-audit/chapters/CH01_contexto_inicial_acceso_dashboard_y_listado_de_pacientes/event_frames/CH01-E0020_00h01m38s400ms_motion_progress.jpg|references/video-audit/chapters/CH01_contexto_inicial_acceso_dashboard_y_listado_de_pacientes/detail_crops/CH01-E0020_00h01m38s400ms_DETAIL.jpg","","ROUTE-PATIENTS","/patients","apps/web/src/app/(workspace)/patients/page.tsx|apps/web/src/lib/data-provider.ts","","USER-MENU-OPEN|USER-MENU-CLOSE|USER-PROFILE-OPEN","EXACT","VERIFIED","NOT_APPLICABLE","VERIFIED","VERIFIED","","playwright:ch01-user-menu","SEL-CH01-USER-MENU","","","","","4349523df4750720308de9059a4e6c5ec2624675","Menú incluye organización, usuario, salida, click externo y Escape."
"CH01-F012","CH01","Cierre de sesión","Cerrar Sesión lleva directamente a la pantalla de login.","VISIBLE","P1","references/video-audit/chapters/CH01_contexto_inicial_acceso_dashboard_y_listado_de_pacientes/event_frames/CH01-E0022_00h01m41s800ms_abrupt_change.jpg","","ROUTE-PATIENTS","/patients","apps/web/src/app/(workspace)/patients/page.tsx|apps/web/src/lib/data-provider.ts","","AUTH-LOGOUT","EXACT","VERIFIED","VERIFIED","VERIFIED","VERIFIED","","playwright:ch01-logout","","","","","","4349523df4750720308de9059a4e6c5ec2624675","Cerrar sesión invalida la sesión local y vuelve a login."
"CH01-F013","CH01","Formulario de inicio de sesión","Campos Usuario y Clave, botón Iniciar sesión y enlace de recuperación.","VISIBLE","P1","references/video-audit/chapters/CH01_contexto_inicial_acceso_dashboard_y_listado_de_pacientes/event_frames/CH01-E0023_00h01m42s400ms_stable_change.jpg|references/video-audit/chapters/CH01_contexto_inicial_acceso_dashboard_y_listado_de_pacientes/detail_crops/CH01-E0023_00h01m42s400ms_DETAIL.jpg","","ROUTE-PATIENTS","/patients","apps/web/src/app/(workspace)/patients/page.tsx|apps/web/src/lib/data-provider.ts","","AUTH-LOGIN-EMAIL|AUTH-LOGIN-PASSWORD|AUTH-LOGIN|AUTH-RECOVER-OPEN","EXACT","VERIFIED","NOT_APPLICABLE","VERIFIED","VERIFIED","","playwright:ch01-login-recovery","SEL-CH01-RECOVERY","","","","","4349523df4750720308de9059a4e6c5ec2624675","Recuperación muestra bloqueo de integración honesto y no afirma correo enviado."
"CH01-F014","CH01","Instalación en dispositivo aparente","El login ofrece Instalar en dispositivo, compatible visualmente con una PWA.","INFERRED","P1","references/video-audit/chapters/CH01_contexto_inicial_acceso_dashboard_y_listado_de_pacientes/event_frames/CH01-E0023_00h01m42s400ms_stable_change.jpg|references/video-audit/chapters/CH01_contexto_inicial_acceso_dashboard_y_listado_de_pacientes/detail_crops/CH01-E0023_00h01m42s400ms_DETAIL.jpg","","ROUTE-PATIENTS","/patients","apps/web/src/app/(workspace)/patients/page.tsx|apps/web/src/lib/data-provider.ts","","AUTH-INSTALL","EXACT","VERIFIED","NOT_APPLICABLE","NOT_APPLICABLE","VERIFIED","","playwright:ch01-pwa-install-surface","SEL-CH01-INSTALL","","","","","4349523df4750720308de9059a4e6c5ec2624675","Manifest y registro SW presentes; el fallback no declara instalación sin evento nativo."
"CH02-F001","CH02","Ruta autenticada hasta Pacientes","El capítulo muestra login, dashboard y entrada al listado de pacientes antes de iniciar un alta.","VISIBLE","P1","references/video-audit/chapters/CH02_alta_y_edicion_de_pacientes/event_frames/CH02-E0005_00h02m05s200ms_abrupt_change.jpg","","ROUTE-PATIENTS","/patients","apps/web/src/app/(workspace)/patients/page.tsx|apps/web/src/lib/data-provider.ts","","AUTH-LOGIN|PATIENT-NAVIGATE","EXACT","VERIFIED","NOT_APPLICABLE","VERIFIED","VERIFIED","","playwright:ch02-authenticated-route","","","","","","4349523df4750720308de9059a4e6c5ec2624675","Ruta protegida y acceso autorizado verificados."
"CH02-F002","CH02","Listado de pacientes con vistas y acciones","Incluye Activos, Inactivos, Carga masiva, Excel, + Nuevo, búsqueda, paginación y tabla con datos operativos.","VISIBLE","P1","references/video-audit/chapters/CH02_alta_y_edicion_de_pacientes/event_frames/CH02-E0008_00h02m07s000ms_stable_change.jpg","","ROUTE-PATIENTS","/patients","apps/web/src/app/(workspace)/patients/page.tsx|apps/web/src/lib/data-provider.ts","","PATIENT-TAB-ACTIVE|PATIENT-TAB-INACTIVE|PATIENT-TAB-IMPORT|PATIENT-EXPORT-XLSX|PATIENT-CREATE","EXACT","VERIFIED","VERIFIED","VERIFIED","VERIFIED","","playwright:ch02-list-surfaces","","","","","","4349523df4750720308de9059a4e6c5ec2624675","Vistas, acciones, búsqueda y paginación reutilizan la superficie CH01 verificada."
"CH02-F003","CH02","Formulario de alta por secciones","La pantalla Paciente nuevo organiza Datos generales, Información del seguro, Contactos y Dirección.","VISIBLE","P1","references/video-audit/chapters/CH02_alta_y_edicion_de_pacientes/event_frames/CH02-E0009_00h02m17s000ms_abrupt_change.jpg","","ROUTE-PATIENTS","/patients","apps/web/src/app/(workspace)/patients/page.tsx|apps/web/src/lib/data-provider.ts","","","EXACT","VERIFIED","NOT_APPLICABLE","VERIFIED","VERIFIED","","playwright:ch02-form-required-document-demographics","","","","","","4349523df4750720308de9059a4e6c5ec2624675","Formulario único con cuatro secciones visibles."
"CH02-F004","CH02","Datos personales obligatorios y opcionales","Tipo de documento, Documento, Nombre completo, Fecha de nacimiento, Sexo, Teléfono celular y Empresa muestran asterisco; teléfono de casa, correo, jubilado, tipo de sangre, estado civil, nacionalidad y ocupación no lo muestran.","VISIBLE","P1","references/video-audit/chapters/CH02_alta_y_edicion_de_pacientes/event_frames/CH02-E0011_00h02m17s800ms_abrupt_change.jpg","CH02-Q002","ROUTE-PATIENTS","/patients","apps/web/src/app/(workspace)/patients/page.tsx|apps/web/src/lib/data-provider.ts","","PATIENT-DOCUMENT-TYPE","EXACT","VERIFIED","VERIFIED","VERIFIED","VERIFIED","","playwright:ch02-form-required-document-demographics","","","","","","4349523df4750720308de9059a4e6c5ec2624675","Marcadores visuales limitados a campos observados; CH02-Q002 conserva reglas no demostradas."
"CH02-F005","CH02","Documento y fecha de nacimiento","Tipo de documento ofrece Cédula o Pasaporte y la fecha utiliza selector de calendario con representación YYYY-MM-DD.","VISIBLE","P1","references/video-audit/chapters/CH02_alta_y_edicion_de_pacientes/event_frames/CH02-E0012_00h02m23s400ms_motion_progress.jpg|references/video-audit/chapters/CH02_alta_y_edicion_de_pacientes/detail_crops/CH02-E0012_00h02m23s400ms_DETAIL.jpg","CH02-Q001","ROUTE-PATIENTS","/patients","apps/web/src/app/(workspace)/patients/page.tsx|apps/web/src/lib/data-provider.ts","","PATIENT-DOCUMENT-TYPE","EXACT","VERIFIED","VERIFIED","VERIFIED","VERIFIED","vitest:ch02-patient-form","playwright:ch02-form-required-document-demographics","","","","","","4349523df4750720308de9059a4e6c5ec2624675","Cédula y Pasaporte son primarios; OTHER queda explícitamente histórico QA. CH02-Q001 permanece abierto."
"CH02-F006","CH02","Selectores demográficos y organizacionales","El formulario incluye Sexo, Tipo de sangre, Estado civil, Nacionalidad buscable y Empresa.","VISIBLE","P1","references/video-audit/chapters/CH02_alta_y_edicion_de_pacientes/event_frames/CH02-E0024_00h03m00s400ms_abrupt_change.jpg|references/video-audit/chapters/CH02_alta_y_edicion_de_pacientes/detail_crops/CH02-E0024_00h03m00s400ms_DETAIL.jpg","","ROUTE-PATIENTS","/patients","apps/web/src/app/(workspace)/patients/page.tsx|apps/web/src/lib/data-provider.ts","","PATIENT-NATIONALITY-SEARCH|PATIENT-COMPANY-SEARCH","EXACT","VERIFIED","VERIFIED","VERIFIED","VERIFIED","vitest:ch02-patient-form","playwright:ch02-form-required-document-demographics","SEL-CH02-PATIENT-FORM","","","","","4349523df4750720308de9059a4e6c5ec2624675","Catálogos demo buscables, accesibles y sin pretensión oficial."
"CH02-F007","CH02","Consentimiento visible para notificaciones Botmaker/WhatsApp","Una casilla marcada por defecto autoriza notificaciones automáticas por WhatsApp mediante Botmaker; el texto advierte que desmarcarla impide notificaciones al asignar visitas o recursos.","VISIBLE","P1","references/video-audit/chapters/CH02_alta_y_edicion_de_pacientes/event_frames/CH02-E0022_00h02m57s200ms_settled.jpg|references/video-audit/chapters/CH02_alta_y_edicion_de_pacientes/detail_crops/CH02-E0022_00h02m57s200ms_DETAIL.jpg","CH02-Q003","ROUTE-PATIENTS","/patients","apps/web/src/app/(workspace)/patients/page.tsx|apps/web/src/lib/data-provider.ts","","PATIENT-BOTMAKER-CONSENT","EXACT","VERIFIED","VERIFIED","VERIFIED","VERIFIED","","playwright:ch02-botmaker-insurance-insurer-holder-coverage","","","","","","4349523df4750720308de9059a4e6c5ec2624675","Consentimiento operativo persistente, sin contenido sensible; CH02-Q003 abierto."
"CH02-F008","CH02","Paciente regular frente a paciente asegurado","La narración distingue el valor inicial Paciente regular de la selección de una aseguradora para un paciente cubierto.","VERBAL","P2","references/video-audit/chapters/CH02_alta_y_edicion_de_pacientes/event_frames/CH02-E0031_00h03m26s000ms_abrupt_change.jpg|references/video-audit/chapters/CH02_alta_y_edicion_de_pacientes/detail_crops/CH02-E0031_00h03m26s000ms_DETAIL.jpg","","ROUTE-PATIENTS","/patients","apps/web/src/app/(workspace)/patients/page.tsx|apps/web/src/lib/data-provider.ts","","PATIENT-INSURANCE-TOGGLE","EXACT","VERIFIED","VERIFIED","VERIFIED","VERIFIED","","playwright:ch02-botmaker-insurance-insurer-holder-coverage","","","","","","4349523df4750720308de9059a4e6c5ec2624675","Regular no exige seguro; asegurado habilita la superficie administrativa."
"CH02-F009","CH02","Catálogo buscable de seguros","El selector de Seguro permite explorar una lista extensa y filtrar por texto.","VISIBLE","P1","references/video-audit/chapters/CH02_alta_y_edicion_de_pacientes/event_frames/CH02-E0032_00h03m30s400ms_abrupt_change.jpg|references/video-audit/chapters/CH02_alta_y_edicion_de_pacientes/detail_crops/CH02-E0032_00h03m30s400ms_DETAIL.jpg","","ROUTE-PATIENTS","/patients","apps/web/src/app/(workspace)/patients/page.tsx|apps/web/src/lib/data-provider.ts","","PATIENT-INSURER-SEARCH","EXACT","VERIFIED","VERIFIED","VERIFIED","VERIFIED","vitest:ch02-patient-form","playwright:ch02-botmaker-insurance-insurer-holder-coverage","SEL-CH02-PATIENT-FORM","","","","","4349523df4750720308de9059a4e6c5ec2624675","Búsqueda de proveedores sintéticos, filtrado, teclado, clear y no results."
"CH02-F010","CH02","Resultados anómalos en el catálogo de seguros","Una búsqueda de texto devuelve una aseguradora junto con entradas cuya forma aparente es la de nombres de personas.","UNCERTAIN","P2","references/video-audit/chapters/CH02_alta_y_edicion_de_pacientes/event_frames/CH02-E0058_00h03m46s600ms_stable_change.jpg|references/video-audit/chapters/CH02_alta_y_edicion_de_pacientes/detail_crops/CH02-E0058_00h03m46s600ms_DETAIL.jpg","CH02-Q004","ROUTE-PATIENTS","/patients","apps/web/src/app/(workspace)/patients/page.tsx|apps/web/src/lib/data-provider.ts","","","NOT_APPLICABLE","VERIFIED","NOT_APPLICABLE","VERIFIED","VERIFIED","","","","","","","","4349523df4750720308de9059a4e6c5ec2624675","No se replica la mezcla anómala de personas y aseguradoras; CH02-Q004 conserva la decisión."
"CH02-F011","CH02","Decisión de titularidad del seguro","Tras elegir aseguradora aparece el modal ¿Paciente es el asegurado titular? con respuestas No y Sí.","VISIBLE","P1","references/video-audit/chapters/CH02_alta_y_edicion_de_pacientes/event_frames/CH02-E0062_00h03m49s800ms_stable_change.jpg","CH02-Q005","ROUTE-PATIENTS","/patients","apps/web/src/app/(workspace)/patients/page.tsx|apps/web/src/lib/data-provider.ts","","PATIENT-INSURANCE-HOLDER-YES|PATIENT-INSURANCE-HOLDER-NO|PATIENT-INSURANCE-HOLDER-CANCEL","EXACT","VERIFIED","VERIFIED","VERIFIED","VERIFIED","vitest:ch02-patient-form","playwright:ch02-botmaker-insurance-insurer-holder-coverage","SEL-CH02-PATIENT-FORM","","","","","4349523df4750720308de9059a4e6c5ec2624675","Modal accesible Sí/No/Cancelar; la rama no demostrada se documenta en CH02-Q005."
"CH02-F012","CH02","Datos condicionales de cobertura","La rama Sí despliega póliza, certificado/unidad, DUI/NIT, nombre y nacimiento del asegurado, fecha efectiva y acción Agregar.","VISIBLE","P1","references/video-audit/chapters/CH02_alta_y_edicion_de_pacientes/event_frames/CH02-E0066_00h04m10s000ms_abrupt_change.jpg|references/video-audit/chapters/CH02_alta_y_edicion_de_pacientes/detail_crops/CH02-E0066_00h04m10s000ms_DETAIL.jpg","CH02-Q005","ROUTE-PATIENTS","/patients","apps/web/src/app/(workspace)/patients/page.tsx|apps/web/src/lib/data-provider.ts","","PATIENT-COVERAGE-ADD","EXACT","VERIFIED","VERIFIED","VERIFIED","VERIFIED","vitest:ch02-patient-form","playwright:ch02-botmaker-insurance-insurer-holder-coverage","SEL-CH02-PATIENT-FORM","","","","","4349523df4750720308de9059a4e6c5ec2624675","Cobertura única staged; no se inventa multiplicidad y CH02-Q005 permanece."
"CH02-F013","CH02","Contactos asociados al paciente","La sección Contactos incluye nombre completo, teléfono, correo, parentesco, rol y país de residencia.","VISIBLE","P1","references/video-audit/chapters/CH02_alta_y_edicion_de_pacientes/event_frames/CH02-E0068_00h04m11s000ms_stable_change.jpg","CH02-Q006","ROUTE-PATIENTS","/patients","apps/web/src/app/(workspace)/patients/page.tsx|apps/web/src/lib/data-provider.ts","","PATIENT-CONTACT-ADD|PATIENT-CONTACT-REMOVE|PATIENT-CONTACT-PRIMARY","EXACT","VERIFIED","VERIFIED","VERIFIED","VERIFIED","","playwright:ch02-contacts-address-map-back-save","","","","","","4349523df4750720308de9059a4e6c5ec2624675","Seis campos visibles, agregar/eliminar/principal y persistencia probados; CH02-Q006 abierto."
"CH02-F014","CH02","Dirección con importación y limpieza","La sección permite Pegar enlace, consultar información, Limpiar y capturar Dirección, Comentarios relevantes y Ubicación geográfica.","VISIBLE","P1","references/video-audit/chapters/CH02_alta_y_edicion_de_pacientes/event_frames/CH02-E0071_00h04m19s600ms_abrupt_change.jpg","CH02-Q007","ROUTE-PATIENTS","/patients","apps/web/src/app/(workspace)/patients/page.tsx|apps/web/src/lib/data-provider.ts","","PATIENT-ADDRESS-IMPORT|PATIENT-ADDRESS-INFO|PATIENT-ADDRESS-CLEAR","EXACT","VERIFIED","VERIFIED","VERIFIED","VERIFIED","vitest:ch02-patient-form","playwright:ch02-contacts-address-map-back-save","SEL-CH02-PATIENT-FORM","","","","","4349523df4750720308de9059a4e6c5ec2624675","Parser local de coordenadas explícitas; nunca consulta enlaces pegados."
"CH02-F015","CH02","Mapa embebido para ubicación geográfica","El formulario incluye mapa con marcador, capas Mapa/Satélite, pantalla completa, control de cámara y ayuda Ctrl+desplazar para zoom.","VISIBLE","P1","references/video-audit/chapters/CH02_alta_y_edicion_de_pacientes/event_frames/CH02-E0076_00h04m35s800ms_abrupt_change.jpg|references/video-audit/chapters/CH02_alta_y_edicion_de_pacientes/detail_crops/CH02-E0076_00h04m35s800ms_DETAIL.jpg","CH02-Q007","ROUTE-PATIENTS","/patients","apps/web/src/app/(workspace)/patients/page.tsx|apps/web/src/lib/data-provider.ts","","PATIENT-MAP-ZOOM-IN|PATIENT-MAP-ZOOM-OUT|PATIENT-MAP-LAYER|PATIENT-MAP-FULLSCREEN|PATIENT-MAP-MARKER","EXACT","VERIFIED","VERIFIED","VERIFIED","VERIFIED","","playwright:ch02-contacts-address-map-back-save|playwright:ch02-mobile-form-modal-map","SEL-CH02-PATIENT-FORM","","","","","4349523df4750720308de9059a4e6c5ec2624675","Leaflet dinámico con marcador, zoom, capa, fullscreen y fallback; sin geolocalización automática. CH02-Q007 abierto."
"CH02-F016","CH02","Acciones Atrás y Guardar sin resultado observado","El final del formulario presenta Atrás y Guardar.","VISIBLE","P1","references/video-audit/chapters/CH02_alta_y_edicion_de_pacientes/event_frames/CH02-E0082_00h04m39s000ms_stable_change.jpg|references/video-audit/chapters/CH02_alta_y_edicion_de_pacientes/detail_crops/CH02-E0082_00h04m39s000ms_DETAIL.jpg","CH02-Q008","ROUTE-PATIENTS","/patients","apps/web/src/app/(workspace)/patients/page.tsx|apps/web/src/lib/data-provider.ts","","PATIENT-BACK|PATIENT-SAVE","EXACT","VERIFIED","VERIFIED","VERIFIED","VERIFIED","","playwright:ch02-contacts-address-map-back-save","","","","","","4349523df4750720308de9059a4e6c5ec2624675","Atrás descarta y Guardar persiste; el resultado original no observado permanece CH02-Q008."
"CH03-F001","CH03","Menú financiero desde Pacientes","El icono financiero despliega Hospitalización, Cuentas por cobrar y Preautorizaciones & Reclamos; se elige Hospitalización.","VISIBLE","P1","references/video-audit/chapters/CH03_hospitalizacion_y_navegacion_de_preautorizaciones/event_frames/CH03-E0005_00h04m48s200ms_settled.jpg|references/video-audit/chapters/CH03_hospitalizacion_y_navegacion_de_preautorizaciones/detail_crops/CH03-E0005_00h04m48s200ms_DETAIL.jpg","","ROUTE-HOSPITALIZATIONS","/hospitalizations","apps/web/src/app/(workspace)/hospitalizations/page.tsx|apps/web/src/app/(workspace)/hospitalizations/[id]/page.tsx|apps/web/src/components/providers.tsx","","","EXACT","VERIFIED","NOT_APPLICABLE","VERIFIED","VERIFIED","","playwright:ch03-financial-navigation","","","","","","4349523df4750720308de9059a4e6c5ec2624675","Grupo Financiero con tres rutas reales y permisos existentes."
"CH03-F002","CH03","Panel y pestañas de Hospitalización Administrativa","La vista estable contiene Relación de pacientes por empresa, Activos, Cotizaciones y PIC Ejecución.","VISIBLE","P1","references/video-audit/chapters/CH03_hospitalizacion_y_navegacion_de_preautorizaciones/event_frames/CH03-E0040_00h05m39s200ms_stable_change.jpg|references/video-audit/chapters/CH03_hospitalizacion_y_navegacion_de_preautorizaciones/detail_crops/CH03-E0040_00h05m39s200ms_DETAIL.jpg","CH03-Q003","ROUTE-HOSPITALIZATIONS","/hospitalizations","apps/web/src/app/(workspace)/hospitalizations/page.tsx|apps/web/src/app/(workspace)/hospitalizations/[id]/page.tsx|apps/web/src/components/providers.tsx","","","EXACT","VERIFIED","NOT_APPLICABLE","VERIFIED","VERIFIED","","playwright:ch03-administrative-board","","","","","","4349523df4750720308de9059a4e6c5ec2624675","Relación de pacientes por empresa y pestañas funcionales; badge sin fórmula muestra estado seguro."
"CH03-F003","CH03","Pestaña Preadmisión transitoria","Preadmisión aparece durante dos cargas de Hospitalización y desaparece cuando se estabiliza la pantalla.","UNCERTAIN","P2","references/video-audit/chapters/CH03_hospitalizacion_y_navegacion_de_preautorizaciones/event_frames/CH03-E0036_00h05m37s000ms_abrupt_change.jpg","CH03-Q001","ROUTE-HOSPITALIZATIONS","/hospitalizations","apps/web/src/app/(workspace)/hospitalizations/page.tsx|apps/web/src/app/(workspace)/hospitalizations/[id]/page.tsx|apps/web/src/components/providers.tsx","","","NOT_TESTABLE","VERIFIED","NOT_APPLICABLE","VERIFIED","VERIFIED","","","","","NOT_TESTABLE","CH03-Q001","Clasificación conservadora inicial; debe cerrarse durante la comparación código/pruebas.","4349523df4750720308de9059a4e6c5ec2624675","Preadmisión es una pintura transitoria sin contenido ni comportamiento demostrable (CH03-Q001)."
"CH03-F004","CH03","Filtros de hospitalizaciones activas","Activos ofrece Estado Administrativo, Fecha de inicio y Tipo de cuenta, con Aplicar y Limpiar.","VISIBLE","P1","references/video-audit/chapters/CH03_hospitalizacion_y_navegacion_de_preautorizaciones/event_frames/CH03-E0009_00h04m53s200ms_stable_change.jpg","CH03-Q004","ROUTE-HOSPITALIZATIONS","/hospitalizations","apps/web/src/app/(workspace)/hospitalizations/page.tsx|apps/web/src/app/(workspace)/hospitalizations/[id]/page.tsx|apps/web/src/components/providers.tsx","","","EXACT","VERIFIED","NOT_APPLICABLE","VERIFIED","VERIFIED","vitest:ch03-hospitalization-filters","playwright:ch03-administrative-board","","","","","","4349523df4750720308de9059a4e6c5ec2624675","Filtros staged, combinables y explícitamente aplicados/limpiados."
"CH03-F005","CH03","Tabla de hospitalizaciones activas","La tabla muestra acción por elipsis, Hospitalización, DUI/NIT, Paciente, Empresa, Tipo Cuenta, Administrativo y Duración, además de búsqueda, orden y paginación.","VISIBLE","P1","references/video-audit/chapters/CH03_hospitalizacion_y_navegacion_de_preautorizaciones/event_frames/CH03-E0010_00h04m57s600ms_abrupt_change.jpg|references/video-audit/chapters/CH03_hospitalizacion_y_navegacion_de_preautorizaciones/detail_crops/CH03-E0010_00h04m57s600ms_DETAIL.jpg","CH03-Q008","ROUTE-HOSPITALIZATIONS","/hospitalizations","apps/web/src/app/(workspace)/hospitalizations/page.tsx|apps/web/src/app/(workspace)/hospitalizations/[id]/page.tsx|apps/web/src/components/providers.tsx","","","EXACT","VERIFIED","NOT_APPLICABLE","VERIFIED","VERIFIED","vitest:ch03-hospitalization-filters","playwright:ch03-administrative-board","","","","","","4349523df4750720308de9059a4e6c5ec2624675","Tabla conserva empresa derivada, tipo, estado y duración administrativa derivada."
"CH03-F006","CH03","Interpretación verbal de hospitalización activa","La narración asocia Activos con pacientes que mantienen un proceso o servicio actual.","VERBAL","P2","references/video-audit/chapters/CH03_hospitalizacion_y_navegacion_de_preautorizaciones/event_frames/CH03-E0017_00h05m06s400ms_abrupt_change.jpg","CH03-Q002","ROUTE-HOSPITALIZATIONS","/hospitalizations","apps/web/src/app/(workspace)/hospitalizations/page.tsx|apps/web/src/app/(workspace)/hospitalizations/[id]/page.tsx|apps/web/src/components/providers.tsx","","","BLOCKED_CLIENT","VERIFIED","NOT_APPLICABLE","VERIFIED","VERIFIED","","","","","BLOCKED_CLIENT","CH03-Q002","Clasificación conservadora inicial; debe cerrarse durante la comparación código/pruebas.","4349523df4750720308de9059a4e6c5ec2624675","La narración no especifica trigger ni transición Activo/Cerrado (CH03-Q002)."
"CH03-F007","CH03","Vista de pacientes inactivos","Pacientes > Inactivos conserva búsqueda, paginación y columnas operativas, y muestra estado Inactivo y triage No Asignado.","VISIBLE","P1","references/video-audit/chapters/CH03_hospitalizacion_y_navegacion_de_preautorizaciones/event_frames/CH03-E0030_00h05m27s200ms_abrupt_change.jpg|references/video-audit/chapters/CH03_hospitalizacion_y_navegacion_de_preautorizaciones/detail_crops/CH03-E0030_00h05m27s200ms_DETAIL.jpg","CH03-Q002","ROUTE-HOSPITALIZATIONS","/hospitalizations","apps/web/src/app/(workspace)/hospitalizations/page.tsx|apps/web/src/app/(workspace)/hospitalizations/[id]/page.tsx|apps/web/src/components/providers.tsx","","","EXACT","VERIFIED","NOT_APPLICABLE","VERIFIED","VERIFIED","","playwright:ch03-administrative-board","","","","","","4349523df4750720308de9059a4e6c5ec2624675","Enlace reutiliza la superficie Inactivos certificada en CH01/CH02."
"CH03-F008","CH03","Carga y estado vacío simultáneos","Durante la carga de Hospitalización aparecen a la vez Cargando y No hay registros disponibles antes de que se llenen las filas.","VISIBLE","P1","references/video-audit/chapters/CH03_hospitalizacion_y_navegacion_de_preautorizaciones/event_frames/CH03-E0008_00h04m52s600ms_abrupt_change.jpg","CH03-Q001","ROUTE-HOSPITALIZATIONS","/hospitalizations","apps/web/src/app/(workspace)/hospitalizations/page.tsx|apps/web/src/app/(workspace)/hospitalizations/[id]/page.tsx|apps/web/src/components/providers.tsx","","","NOT_APPLICABLE","VERIFIED","NOT_APPLICABLE","VERIFIED","VERIFIED","","playwright:ch03-administrative-board","","","","","","4349523df4750720308de9059a4e6c5ec2624675","No reproduce deliberadamente Cargando y vacío contradictorios; estados son mutuamente excluyentes."
"CH03-F009","CH03","Filtros y alta desde Cotizaciones","La pestaña Cotizaciones muestra Estado, Fecha de creación, Aplicar, Limpiar, búsqueda, paginación y + Nuevo.","VISIBLE","P1","references/video-audit/chapters/CH03_hospitalizacion_y_navegacion_de_preautorizaciones/event_frames/CH03-E0041_00h05m55s200ms_abrupt_change.jpg|references/video-audit/chapters/CH03_hospitalizacion_y_navegacion_de_preautorizaciones/detail_crops/CH03-E0041_00h05m55s200ms_DETAIL.jpg","","ROUTE-HOSPITALIZATIONS","/hospitalizations","apps/web/src/app/(workspace)/hospitalizations/page.tsx|apps/web/src/app/(workspace)/hospitalizations/[id]/page.tsx|apps/web/src/components/providers.tsx","","","EXACT","VERIFIED","VERIFIED","VERIFIED","VERIFIED","vitest:ch03-quote-filters","playwright:ch03-quotes-invoice-metadata","","","","","","4349523df4750720308de9059a4e6c5ec2624675","Lista ofrece búsqueda normalizada, filtro staged y paginación; Nuevo abre el constructor existente."
"CH03-F010","CH03","Seguimiento de cotización, preautorización, seguro y reclamo","La tabla relaciona Estado, Envío preautorización, Respuesta seguro y Envío de reclamo con cada cotización.","VISIBLE","P1","references/video-audit/chapters/CH03_hospitalizacion_y_navegacion_de_preautorizaciones/event_frames/CH03-E0042_00h05m55s800ms_stable_change.jpg|references/video-audit/chapters/CH03_hospitalizacion_y_navegacion_de_preautorizaciones/detail_crops/CH03-E0042_00h05m55s800ms_DETAIL.jpg","CH03-Q005|CH03-Q008","ROUTE-HOSPITALIZATIONS","/hospitalizations","apps/web/src/app/(workspace)/hospitalizations/page.tsx|apps/web/src/app/(workspace)/hospitalizations/[id]/page.tsx|apps/web/src/components/providers.tsx","","","EXACT","VERIFIED","NOT_APPLICABLE","VERIFIED","VERIFIED","","playwright:ch03-quotes-invoice-metadata","","","","","","4349523df4750720308de9059a4e6c5ec2624675","Superficie de seguimiento distingue No enviado/No configurado y enlaza a seguro sin afirmar envíos."
"CH03-F011","CH03","Fecha de creación y total por cotización","Cada fila expone Creación y Total.","VISIBLE","P1","references/video-audit/chapters/CH03_hospitalizacion_y_navegacion_de_preautorizaciones/event_frames/CH03-E0043_00h05m59s000ms_abrupt_change.jpg","CH03-Q006","ROUTE-HOSPITALIZATIONS","/hospitalizations","apps/web/src/app/(workspace)/hospitalizations/page.tsx|apps/web/src/app/(workspace)/hospitalizations/[id]/page.tsx|apps/web/src/components/providers.tsx","","","EXACT","VERIFIED","VERIFIED","VERIFIED","VERIFIED","","playwright:ch03-quotes-invoice-metadata","","","","","","4349523df4750720308de9059a4e6c5ec2624675","Fecha de creación y total calculado por calculateQuoteTotals; sin impuesto, moneda ni cobertura inferidos."
"CH03-F012","CH03","Nueva cotización y datos del paciente","+ Nuevo abre Nueva cotización con Paciente obligatorio y campos DUI/NIT, Teléfono y Correo.","VISIBLE","P1","references/video-audit/chapters/CH03_hospitalizacion_y_navegacion_de_preautorizaciones/event_frames/CH03-E0045_00h06m08s600ms_abrupt_change.jpg","","ROUTE-HOSPITALIZATIONS","/hospitalizations","apps/web/src/app/(workspace)/hospitalizations/page.tsx|apps/web/src/app/(workspace)/hospitalizations/[id]/page.tsx|apps/web/src/components/providers.tsx","","","EXACT","VERIFIED","VERIFIED","VERIFIED","VERIFIED","","playwright:ch03-quotes-invoice-metadata","","","","","","4349523df4750720308de9059a4e6c5ec2624675","Paciente buscable/seleccionable; contacto de solo lectura y hospitalización compatible requerida."
"CH03-F013","CH03","Datos iniciales de factura","Datos de factura muestra Fecha, Grupo de descuento, Referido por y Comentarios con asterisco, además de Giftcard y acciones auxiliares.","VISIBLE","P1","references/video-audit/chapters/CH03_hospitalizacion_y_navegacion_de_preautorizaciones/event_frames/CH03-E0046_00h06m09s600ms_settled.jpg|references/video-audit/chapters/CH03_hospitalizacion_y_navegacion_de_preautorizaciones/detail_crops/CH03-E0046_00h06m09s600ms_DETAIL.jpg","CH03-Q007","ROUTE-HOSPITALIZATIONS","/hospitalizations","apps/web/src/app/(workspace)/hospitalizations/page.tsx|apps/web/src/app/(workspace)/hospitalizations/[id]/page.tsx|apps/web/src/components/providers.tsx","","","EXACT","VERIFIED","VERIFIED","VERIFIED","VERIFIED","vitest:ch03-quote-metadata","playwright:ch03-quotes-invoice-metadata","","","","","","4349523df4750720308de9059a4e6c5ec2624675","Metadatos de factura persisten sin afectar los cálculos; reglas profundas quedan en CH03-Q007."
"CH04-F001","CH04","Nueva cotización por secciones","El formulario separa Datos del paciente y Datos de la factura, seguido por categorías de ítems.","VISIBLE","P1","references/video-audit/chapters/CH04_cotizacion_datos_generales/event_frames/CH04-E0006_00h06m27s600ms_abrupt_change.jpg","","ROUTE-QUOTES","/quotes","apps/web/src/app/(workspace)/quotes/page.tsx|apps/web/src/app/(workspace)/quotes/[id]/page.tsx|apps/web/src/components/providers.tsx","","","PARTIAL","UNVERIFIED","UNVERIFIED","UNVERIFIED","UNVERIFIED","","","","","","","","4349523df4750720308de9059a4e6c5ec2624675","Estado inicial desde MASTER_VIDEO_REQUIREMENTS; falta certificación actual independiente."
"CH04-F002","CH04","Selector buscable de paciente","Paciente es obligatorio y abre un catálogo buscable cuyos resultados combinan documento y nombre/etiqueta.","VISIBLE","P1","references/video-audit/chapters/CH04_cotizacion_datos_generales/event_frames/CH04-E0002_00h06m18s200ms_motion_progress.jpg|references/video-audit/chapters/CH04_cotizacion_datos_generales/detail_crops/CH04-E0002_00h06m18s200ms_DETAIL.jpg","","ROUTE-QUOTES","/quotes","apps/web/src/app/(workspace)/quotes/page.tsx|apps/web/src/app/(workspace)/quotes/[id]/page.tsx|apps/web/src/components/providers.tsx","","","PARTIAL","UNVERIFIED","UNVERIFIED","UNVERIFIED","UNVERIFIED","","","","","","","","4349523df4750720308de9059a4e6c5ec2624675","Estado inicial desde MASTER_VIDEO_REQUIREMENTS; falta certificación actual independiente."
"CH04-F003","CH04","Resultados de paciente con etiquetas de cotización","La búsqueda de Paciente devuelve entradas sintéticas rotuladas como Cotización, incluida una identificación compuesta solo por ceros.","UNCERTAIN","P2","references/video-audit/chapters/CH04_cotizacion_datos_generales/event_frames/CH04-E0003_00h06m18s800ms_stable_change.jpg|references/video-audit/chapters/CH04_cotizacion_datos_generales/detail_crops/CH04-E0003_00h06m18s800ms_DETAIL.jpg","CH04-Q001","ROUTE-QUOTES","/quotes","apps/web/src/app/(workspace)/quotes/page.tsx|apps/web/src/app/(workspace)/quotes/[id]/page.tsx|apps/web/src/components/providers.tsx","","","NOT_TESTABLE","UNVERIFIED","UNVERIFIED","UNVERIFIED","UNVERIFIED","","","","","NOT_TESTABLE","CH04-Q001","Clasificación conservadora inicial; debe cerrarse durante la comparación código/pruebas.","4349523df4750720308de9059a4e6c5ec2624675","Estado inicial desde MASTER_VIDEO_REQUIREMENTS; falta certificación actual independiente."
"CH04-F004","CH04","Autocompletado de datos del paciente","Al seleccionar Paciente se llenan DUI/NIT, Teléfono y Correo asociados.","VISIBLE","P1","references/video-audit/chapters/CH04_cotizacion_datos_generales/event_frames/CH04-E0005_00h06m21s800ms_stable_change.jpg|references/video-audit/chapters/CH04_cotizacion_datos_generales/detail_crops/CH04-E0005_00h06m21s800ms_DETAIL.jpg","CH04-Q002","ROUTE-QUOTES","/quotes","apps/web/src/app/(workspace)/quotes/page.tsx|apps/web/src/app/(workspace)/quotes/[id]/page.tsx|apps/web/src/components/providers.tsx","","","PARTIAL","UNVERIFIED","UNVERIFIED","UNVERIFIED","UNVERIFIED","","","","","","","","4349523df4750720308de9059a4e6c5ec2624675","Estado inicial desde MASTER_VIDEO_REQUIREMENTS; falta certificación actual independiente."
"CH04-F005","CH04","Fecha requerida con calendario","Fecha tiene asterisco y un selector con navegación de mes/año, Cancelar y Seleccionar.","VISIBLE","P1","references/video-audit/chapters/CH04_cotizacion_datos_generales/event_frames/CH04-E0007_00h06m30s600ms_settled.jpg|references/video-audit/chapters/CH04_cotizacion_datos_generales/detail_crops/CH04-E0007_00h06m30s600ms_DETAIL.jpg","CH04-Q003","ROUTE-QUOTES","/quotes","apps/web/src/app/(workspace)/quotes/page.tsx|apps/web/src/app/(workspace)/quotes/[id]/page.tsx|apps/web/src/components/providers.tsx","","","PARTIAL","UNVERIFIED","UNVERIFIED","UNVERIFIED","UNVERIFIED","","","","","","","","4349523df4750720308de9059a4e6c5ec2624675","Estado inicial desde MASTER_VIDEO_REQUIREMENTS; falta certificación actual independiente."
"CH04-F006","CH04","Grupo de descuento obligatorio","Grupo de descuento tiene asterisco y muestra Regular en el capítulo.","VISIBLE","P1","references/video-audit/chapters/CH04_cotizacion_datos_generales/event_frames/CH04-E0008_00h06m33s000ms_settled.jpg|references/video-audit/chapters/CH04_cotizacion_datos_generales/detail_crops/CH04-E0008_00h06m33s000ms_DETAIL.jpg","CH04-Q004","ROUTE-QUOTES","/quotes","apps/web/src/app/(workspace)/quotes/page.tsx|apps/web/src/app/(workspace)/quotes/[id]/page.tsx|apps/web/src/components/providers.tsx","","","PARTIAL","UNVERIFIED","UNVERIFIED","UNVERIFIED","UNVERIFIED","","","","","","","","4349523df4750720308de9059a4e6c5ec2624675","Estado inicial desde MASTER_VIDEO_REQUIREMENTS; falta certificación actual independiente."
"CH04-F007","CH04","Referido por como multiselección buscable","Referido por es obligatorio, permite buscar, desplazar el catálogo, elegir más de un valor y retirar tags mediante x.","VISIBLE","P1","references/video-audit/chapters/CH04_cotizacion_datos_generales/event_frames/CH04-E0032_00h06m59s600ms_abrupt_change.jpg|references/video-audit/chapters/CH04_cotizacion_datos_generales/detail_crops/CH04-E0032_00h06m59s600ms_DETAIL.jpg","CH04-Q005","ROUTE-QUOTES","/quotes","apps/web/src/app/(workspace)/quotes/page.tsx|apps/web/src/app/(workspace)/quotes/[id]/page.tsx|apps/web/src/components/providers.tsx","","","PARTIAL","UNVERIFIED","UNVERIFIED","UNVERIFIED","UNVERIFIED","","","","","","","","4349523df4750720308de9059a4e6c5ec2624675","Estado inicial desde MASTER_VIDEO_REQUIREMENTS; falta certificación actual independiente."
"CH04-F008","CH04","Catálogo heterogéneo de referidos","La misma lista mezcla VACIO, canales de marketing, aseguradora, condición de paciente recurrente y nombres de personas.","UNCERTAIN","P2","references/video-audit/chapters/CH04_cotizacion_datos_generales/event_frames/CH04-E0014_00h06m42s000ms_abrupt_change.jpg|references/video-audit/chapters/CH04_cotizacion_datos_generales/detail_crops/CH04-E0014_00h06m42s000ms_DETAIL.jpg","CH04-Q005","ROUTE-QUOTES","/quotes","apps/web/src/app/(workspace)/quotes/page.tsx|apps/web/src/app/(workspace)/quotes/[id]/page.tsx|apps/web/src/components/providers.tsx","","","NOT_TESTABLE","UNVERIFIED","UNVERIFIED","UNVERIFIED","UNVERIFIED","","","","","NOT_TESTABLE","CH04-Q005","Clasificación conservadora inicial; debe cerrarse durante la comparación código/pruebas.","4349523df4750720308de9059a4e6c5ec2624675","Estado inicial desde MASTER_VIDEO_REQUIREMENTS; falta certificación actual independiente."
"CH04-F009","CH04","Acción auxiliar para Referido por","Un botón circular verde con + aparece junto a Referido por.","VISIBLE","P1","references/video-audit/chapters/CH04_cotizacion_datos_generales/event_frames/CH04-E0009_00h06m34s800ms_abrupt_change.jpg|references/video-audit/chapters/CH04_cotizacion_datos_generales/detail_crops/CH04-E0009_00h06m34s800ms_DETAIL.jpg","CH04-Q006","ROUTE-QUOTES","/quotes","apps/web/src/app/(workspace)/quotes/page.tsx|apps/web/src/app/(workspace)/quotes/[id]/page.tsx|apps/web/src/components/providers.tsx","","","PARTIAL","UNVERIFIED","UNVERIFIED","UNVERIFIED","UNVERIFIED","","","","","","","","4349523df4750720308de9059a4e6c5ec2624675","Estado inicial desde MASTER_VIDEO_REQUIREMENTS; falta certificación actual independiente."
"CH04-F010","CH04","Giftcard y Comentarios","Giftcard aparece sin asterisco y con icono de borrado; Comentarios tiene asterisco y área multilínea.","VISIBLE","P1","references/video-audit/chapters/CH04_cotizacion_datos_generales/event_frames/CH04-E0034_00h07m01s000ms_abrupt_change.jpg","CH04-Q007|CH04-Q008","ROUTE-QUOTES","/quotes","apps/web/src/app/(workspace)/quotes/page.tsx|apps/web/src/app/(workspace)/quotes/[id]/page.tsx|apps/web/src/components/providers.tsx","","","PARTIAL","UNVERIFIED","UNVERIFIED","UNVERIFIED","UNVERIFIED","","","","","","","","4349523df4750720308de9059a4e6c5ec2624675","Estado inicial desde MASTER_VIDEO_REQUIREMENTS; falta certificación actual independiente."
"CH04-F011","CH04","Categorías de ítems y filtro de inventario","La cotización organiza Servicios, Estudios Dx, Medicamentos, Insumos, Equipos, Honorarios y Extras; incluye Solo disponibles en inventario y, en Servicios, Socio de negocios, Servicios, Precio y Cantidad.","VISIBLE","P1","references/video-audit/chapters/CH04_cotizacion_datos_generales/event_frames/CH04-E0035_00h07m01s600ms_stable_change.jpg","CH04-Q009","ROUTE-QUOTES","/quotes","apps/web/src/app/(workspace)/quotes/page.tsx|apps/web/src/app/(workspace)/quotes/[id]/page.tsx|apps/web/src/components/providers.tsx","","","PARTIAL","UNVERIFIED","UNVERIFIED","UNVERIFIED","UNVERIFIED","","","","","","","","4349523df4750720308de9059a4e6c5ec2624675","Estado inicial desde MASTER_VIDEO_REQUIREMENTS; falta certificación actual independiente."
"CH05-F001","CH05","Categorías de conceptos en Nueva cotización","La cotización expone Servicios, Estudios Dx, Medicamentos, Insumos, Equipos, Honorarios y Extras, con un compositor que cambia de tipo.","VISIBLE","P1","references/video-audit/chapters/CH05_cotizacion_servicios_estudios_y_medicamentos/event_frames/CH05-E0001_00h07m32s200ms_abrupt_change.jpg","","ROUTE-QUOTES","/quotes","apps/web/src/app/(workspace)/quotes/page.tsx|apps/web/src/app/(workspace)/quotes/[id]/page.tsx|apps/web/src/components/providers.tsx","","","PARTIAL","UNVERIFIED","UNVERIFIED","UNVERIFIED","UNVERIFIED","","","","","","","","4349523df4750720308de9059a4e6c5ec2624675","Estado inicial desde MASTER_VIDEO_REQUIREMENTS; falta certificación actual independiente."
"CH05-F002","CH05","Socio de negocios selecciona catálogo de precios","Socio de negocios es obligatorio y abre una lista buscable con VITAE (precio regular), aseguradoras y otras listas.","VISIBLE","P1","references/video-audit/chapters/CH05_cotizacion_servicios_estudios_y_medicamentos/event_frames/CH05-E0003_00h07m49s400ms_motion_progress.jpg|references/video-audit/chapters/CH05_cotizacion_servicios_estudios_y_medicamentos/detail_crops/CH05-E0003_00h07m49s400ms_DETAIL.jpg","CH05-Q001","ROUTE-QUOTES","/quotes","apps/web/src/app/(workspace)/quotes/page.tsx|apps/web/src/app/(workspace)/quotes/[id]/page.tsx|apps/web/src/components/providers.tsx","","","PARTIAL","UNVERIFIED","UNVERIFIED","UNVERIFIED","UNVERIFIED","","","","","","","","4349523df4750720308de9059a4e6c5ec2624675","Estado inicial desde MASTER_VIDEO_REQUIREMENTS; falta certificación actual independiente."
"CH05-F003","CH05","Bloqueo visual Procesando durante cargas y adiciones","Un overlay gris con Procesando... aparece al cargar el catálogo y al añadir conceptos.","VISIBLE","P1","references/video-audit/chapters/CH05_cotizacion_servicios_estudios_y_medicamentos/event_frames/CH05-E0021_00h08m14s600ms_abrupt_change.jpg","","ROUTE-QUOTES","/quotes","apps/web/src/app/(workspace)/quotes/page.tsx|apps/web/src/app/(workspace)/quotes/[id]/page.tsx|apps/web/src/components/providers.tsx","","","PARTIAL","UNVERIFIED","UNVERIFIED","UNVERIFIED","UNVERIFIED","","","","","","","","4349523df4750720308de9059a4e6c5ec2624675","Estado inicial desde MASTER_VIDEO_REQUIREMENTS; falta certificación actual independiente."
"CH05-F004","CH05","Catálogo de Servicios con búsqueda incremental","El selector permite escribir texto parcial y filtra códigos y descripciones extensas de servicios.","VISIBLE","P1","references/video-audit/chapters/CH05_cotizacion_servicios_estudios_y_medicamentos/event_frames/CH05-E0025_00h08m27s200ms_settled.jpg|references/video-audit/chapters/CH05_cotizacion_servicios_estudios_y_medicamentos/detail_crops/CH05-E0025_00h08m27s200ms_DETAIL.jpg","","ROUTE-QUOTES","/quotes","apps/web/src/app/(workspace)/quotes/page.tsx|apps/web/src/app/(workspace)/quotes/[id]/page.tsx|apps/web/src/components/providers.tsx","","","PARTIAL","UNVERIFIED","UNVERIFIED","UNVERIFIED","UNVERIFIED","","","","","","","","4349523df4750720308de9059a4e6c5ec2624675","Estado inicial desde MASTER_VIDEO_REQUIREMENTS; falta certificación actual independiente."
"CH05-F005","CH05","Selección de servicio autocompleta precio","Al seleccionar V50111 Hospitalización en casa 24 Horas se muestra el precio unitario 137.17.","VISIBLE","P1","references/video-audit/chapters/CH05_cotizacion_servicios_estudios_y_medicamentos/event_frames/CH05-E0050_00h09m16s200ms_stable_change.jpg|references/video-audit/chapters/CH05_cotizacion_servicios_estudios_y_medicamentos/detail_crops/CH05-E0050_00h09m16s200ms_DETAIL.jpg","","ROUTE-QUOTES","/quotes","apps/web/src/app/(workspace)/quotes/page.tsx|apps/web/src/app/(workspace)/quotes/[id]/page.tsx|apps/web/src/components/providers.tsx","","","PARTIAL","UNVERIFIED","UNVERIFIED","UNVERIFIED","UNVERIFIED","","","","","","","","4349523df4750720308de9059a4e6c5ec2624675","Estado inicial desde MASTER_VIDEO_REQUIREMENTS; falta certificación actual independiente."
"CH05-F006","CH05","Cantidad requerida y acción Añadir","El compositor exige Cantidad y permite añadir el concepto seleccionado.","VISIBLE","P1","references/video-audit/chapters/CH05_cotizacion_servicios_estudios_y_medicamentos/event_frames/CH05-E0052_00h09m30s400ms_abrupt_change.jpg","CH05-Q003","ROUTE-QUOTES","/quotes","apps/web/src/app/(workspace)/quotes/page.tsx|apps/web/src/app/(workspace)/quotes/[id]/page.tsx|apps/web/src/components/providers.tsx","","","PARTIAL","UNVERIFIED","UNVERIFIED","UNVERIFIED","UNVERIFIED","","","","","","","","4349523df4750720308de9059a4e6c5ec2624675","Estado inicial desde MASTER_VIDEO_REQUIREMENTS; falta certificación actual independiente."
"CH05-F007","CH05","Ledger de conceptos agrupado por tipo","Después de añadir, aparece una sección Servicios con fila removible y columnas Tipo, Código, Item, Precio, Cantidad, Subtotal, descuentos, Impuesto y Total.","VISIBLE","P1","references/video-audit/chapters/CH05_cotizacion_servicios_estudios_y_medicamentos/event_frames/CH05-E0054_00h09m31s400ms_abrupt_change.jpg","CH05-Q009","ROUTE-QUOTES","/quotes","apps/web/src/app/(workspace)/quotes/page.tsx|apps/web/src/app/(workspace)/quotes/[id]/page.tsx|apps/web/src/components/providers.tsx","","","PARTIAL","UNVERIFIED","UNVERIFIED","UNVERIFIED","UNVERIFIED","","","","","","","","4349523df4750720308de9059a4e6c5ec2624675","Estado inicial desde MASTER_VIDEO_REQUIREMENTS; falta certificación actual independiente."
"CH05-F008","CH05","Resumen de subtotal, descuentos, impuesto y total","La pantalla presenta importes por línea y un resumen global que se recalcula al añadir conceptos.","VISIBLE","P1","references/video-audit/chapters/CH05_cotizacion_servicios_estudios_y_medicamentos/event_frames/CH05-E0067_00h09m56s400ms_abrupt_change.jpg","CH05-Q004|CH05-Q008","ROUTE-QUOTES","/quotes","apps/web/src/app/(workspace)/quotes/page.tsx|apps/web/src/app/(workspace)/quotes/[id]/page.tsx|apps/web/src/components/providers.tsx","","","PARTIAL","UNVERIFIED","UNVERIFIED","UNVERIFIED","UNVERIFIED","","","","","","","","4349523df4750720308de9059a4e6c5ec2624675","Estado inicial desde MASTER_VIDEO_REQUIREMENTS; falta certificación actual independiente."
"CH05-F009","CH05","Múltiples líneas de Servicios","Se añade Atril metálico + Bomba de infusión como segunda línea, manteniendo la hospitalización previa.","VISIBLE","P1","references/video-audit/chapters/CH05_cotizacion_servicios_estudios_y_medicamentos/event_frames/CH05-E0065_00h09m50s400ms_abrupt_change.jpg|references/video-audit/chapters/CH05_cotizacion_servicios_estudios_y_medicamentos/detail_crops/CH05-E0065_00h09m50s400ms_DETAIL.jpg","CH05-Q002","ROUTE-QUOTES","/quotes","apps/web/src/app/(workspace)/quotes/page.tsx|apps/web/src/app/(workspace)/quotes/[id]/page.tsx|apps/web/src/components/providers.tsx","","","PARTIAL","UNVERIFIED","UNVERIFIED","UNVERIFIED","UNVERIFIED","","","","","","","","4349523df4750720308de9059a4e6c5ec2624675","Estado inicial desde MASTER_VIDEO_REQUIREMENTS; falta certificación actual independiente."
"CH05-F010","CH05","Compositor específico de Medicamentos","Al cambiar a Medicamentos se reinician Socio de negocios, selector, Precio y Cantidad para ese tipo.","VISIBLE","P1","references/video-audit/chapters/CH05_cotizacion_servicios_estudios_y_medicamentos/event_frames/CH05-E0071_00h10m42s400ms_settled.jpg|references/video-audit/chapters/CH05_cotizacion_servicios_estudios_y_medicamentos/detail_crops/CH05-E0071_00h10m42s400ms_DETAIL.jpg","","ROUTE-QUOTES","/quotes","apps/web/src/app/(workspace)/quotes/page.tsx|apps/web/src/app/(workspace)/quotes/[id]/page.tsx|apps/web/src/components/providers.tsx","","","PARTIAL","UNVERIFIED","UNVERIFIED","UNVERIFIED","UNVERIFIED","","","","","","","","4349523df4750720308de9059a4e6c5ec2624675","Estado inicial desde MASTER_VIDEO_REQUIREMENTS; falta certificación actual independiente."
"CH05-F011","CH05","Catálogo de medicamentos muestra conteos entre paréntesis","Las opciones combinan código, producto, principio activo, presentación, fabricante y un conteo visible.","VISIBLE","P1","references/video-audit/chapters/CH05_cotizacion_servicios_estudios_y_medicamentos/event_frames/CH05-E0075_00h10m46s800ms_abrupt_change.jpg|references/video-audit/chapters/CH05_cotizacion_servicios_estudios_y_medicamentos/detail_crops/CH05-E0075_00h10m46s800ms_DETAIL.jpg","CH05-Q005","ROUTE-QUOTES","/quotes","apps/web/src/app/(workspace)/quotes/page.tsx|apps/web/src/app/(workspace)/quotes/[id]/page.tsx|apps/web/src/components/providers.tsx","","","PARTIAL","UNVERIFIED","UNVERIFIED","UNVERIFIED","UNVERIFIED","","","","","","","","4349523df4750720308de9059a4e6c5ec2624675","Estado inicial desde MASTER_VIDEO_REQUIREMENTS; falta certificación actual independiente."
"CH05-F012","CH05","Estado sin resultados en búsqueda","Una búsqueda que no coincide muestra el mensaje No results found y se recupera al corregir el término.","VISIBLE","P1","references/video-audit/chapters/CH05_cotizacion_servicios_estudios_y_medicamentos/event_frames/CH05-E0077_00h10m48s800ms_abrupt_change.jpg|references/video-audit/chapters/CH05_cotizacion_servicios_estudios_y_medicamentos/detail_crops/CH05-E0077_00h10m48s800ms_DETAIL.jpg","","ROUTE-QUOTES","/quotes","apps/web/src/app/(workspace)/quotes/page.tsx|apps/web/src/app/(workspace)/quotes/[id]/page.tsx|apps/web/src/components/providers.tsx","","","PARTIAL","UNVERIFIED","UNVERIFIED","UNVERIFIED","UNVERIFIED","","","","","","","","4349523df4750720308de9059a4e6c5ec2624675","Estado inicial desde MASTER_VIDEO_REQUIREMENTS; falta certificación actual independiente."
"CH05-F013","CH05","Selección de medicamento autocompleta precio","Invanz se selecciona con precio visible 64.10 y CEFAXONA con 10.97.","VISIBLE","P1","references/video-audit/chapters/CH05_cotizacion_servicios_estudios_y_medicamentos/event_frames/CH05-E0079_00h10m54s800ms_abrupt_change.jpg|references/video-audit/chapters/CH05_cotizacion_servicios_estudios_y_medicamentos/detail_crops/CH05-E0079_00h10m54s800ms_DETAIL.jpg|references/video-audit/chapters/CH05_cotizacion_servicios_estudios_y_medicamentos/event_frames/CH05-E0087_00h11m11s000ms_abrupt_change.jpg|references/video-audit/chapters/CH05_cotizacion_servicios_estudios_y_medicamentos/detail_crops/CH05-E0087_00h11m11s000ms_DETAIL.jpg","","ROUTE-QUOTES","/quotes","apps/web/src/app/(workspace)/quotes/page.tsx|apps/web/src/app/(workspace)/quotes/[id]/page.tsx|apps/web/src/components/providers.tsx","","","PARTIAL","UNVERIFIED","UNVERIFIED","UNVERIFIED","UNVERIFIED","","","","","","","","4349523df4750720308de9059a4e6c5ec2624675","Estado inicial desde MASTER_VIDEO_REQUIREMENTS; falta certificación actual independiente."
"CH05-F014","CH05","Intento de añadir Invanz restablece el compositor","Con Invanz, precio 64.10 y cantidad 5 se pulsa Añadir, aparece Procesando... y luego el selector queda vacío.","UNCERTAIN","P2","references/video-audit/chapters/CH05_cotizacion_servicios_estudios_y_medicamentos/event_frames/CH05-E0080_00h11m04s400ms_abrupt_change.jpg|references/video-audit/chapters/CH05_cotizacion_servicios_estudios_y_medicamentos/detail_crops/CH05-E0080_00h11m04s400ms_DETAIL.jpg","CH05-Q006|CH05-Q007","ROUTE-QUOTES","/quotes","apps/web/src/app/(workspace)/quotes/page.tsx|apps/web/src/app/(workspace)/quotes/[id]/page.tsx|apps/web/src/components/providers.tsx","","","NOT_TESTABLE","UNVERIFIED","UNVERIFIED","UNVERIFIED","UNVERIFIED","","","","","NOT_TESTABLE","CH05-Q006|CH05-Q007","Clasificación conservadora inicial; debe cerrarse durante la comparación código/pruebas.","4349523df4750720308de9059a4e6c5ec2624675","Estado inicial desde MASTER_VIDEO_REQUIREMENTS; falta certificación actual independiente."
"CH05-F015","CH05","Filtro de inventario y acciones finales visibles","Solo disponibles en inventario permanece desmarcado; Atrás y Guardar aparecen debajo del resumen.","VISIBLE","P1","references/video-audit/chapters/CH05_cotizacion_servicios_estudios_y_medicamentos/event_frames/CH05-E0067_00h09m56s400ms_abrupt_change.jpg","CH05-Q004|CH05-Q008","ROUTE-QUOTES","/quotes","apps/web/src/app/(workspace)/quotes/page.tsx|apps/web/src/app/(workspace)/quotes/[id]/page.tsx|apps/web/src/components/providers.tsx","","","PARTIAL","UNVERIFIED","UNVERIFIED","UNVERIFIED","UNVERIFIED","","","","","","","","4349523df4750720308de9059a4e6c5ec2624675","Estado inicial desde MASTER_VIDEO_REQUIREMENTS; falta certificación actual independiente."
"CH06-F01","CH06","Categorías de ítems de cotización","La nueva cotización presenta pestañas Servicios, Estudios Dx, Medicamentos, Insumos, Equipos, Honorarios y Extras, además de Solo disponibles en inventario.","VISIBLE","P1","references/video-audit/chapters/CH06_cotizacion_insumos_equipos_honorarios_extras_y_totales/event_frames/CH06-E0007_00h11m34s600ms_motion_progress.jpg","CH06-Q001","ROUTE-QUOTES","/quotes","apps/web/src/app/(workspace)/quotes/page.tsx|apps/web/src/app/(workspace)/quotes/[id]/page.tsx|apps/web/src/components/providers.tsx","","","PARTIAL","UNVERIFIED","UNVERIFIED","UNVERIFIED","UNVERIFIED","","","","","","","","4349523df4750720308de9059a4e6c5ec2624675","Estado inicial desde MASTER_VIDEO_REQUIREMENTS; falta certificación actual independiente."
"CH06-F02","CH06","Catálogo por socio de negocios","Cada categoría explorada solicita Socio de negocios y ofrece un selector buscable; las opciones visibles cambian entre socios como VITAE, SURA, MAPFRE, Socio 2021 y OMNIA.","VISIBLE","P1","references/video-audit/chapters/CH06_cotizacion_insumos_equipos_honorarios_extras_y_totales/detail_crops/CH06-E0053_00h12m34s800ms_DETAIL.jpg","","ROUTE-QUOTES","/quotes","apps/web/src/app/(workspace)/quotes/page.tsx|apps/web/src/app/(workspace)/quotes/[id]/page.tsx|apps/web/src/components/providers.tsx","","","PARTIAL","UNVERIFIED","UNVERIFIED","UNVERIFIED","UNVERIFIED","","","","","","","","4349523df4750720308de9059a4e6c5ec2624675","Estado inicial desde MASTER_VIDEO_REQUIREMENTS; falta certificación actual independiente."
"CH06-F03","CH06","Selección de insumos con existencia","El catálogo de Insumos muestra código, descripción, fabricante y existencia entre paréntesis; admite búsqueda, estado Sin resultados, precio autocompletado, cantidad y Añadir.","VISIBLE","P1","references/video-audit/chapters/CH06_cotizacion_insumos_equipos_honorarios_extras_y_totales/event_frames/CH06-E0025_00h11m58s200ms_stable_change.jpg|references/video-audit/chapters/CH06_cotizacion_insumos_equipos_honorarios_extras_y_totales/detail_crops/CH06-E0030_00h12m02s000ms_DETAIL.jpg","","ROUTE-QUOTES","/quotes","apps/web/src/app/(workspace)/quotes/page.tsx|apps/web/src/app/(workspace)/quotes/[id]/page.tsx|apps/web/src/components/providers.tsx","","","PARTIAL","UNVERIFIED","UNVERIFIED","UNVERIFIED","UNVERIFIED","","","","","","","","4349523df4750720308de9059a4e6c5ec2624675","Estado inicial desde MASTER_VIDEO_REQUIREMENTS; falta certificación actual independiente."
"CH06-F04","CH06","Selección de estudios diagnósticos","Estudios Dx usa socio, catálogo buscable, precio, cantidad y Añadir; el video filtra y selecciona un estudio de hemoglobina.","VISIBLE","P1","references/video-audit/chapters/CH06_cotizacion_insumos_equipos_honorarios_extras_y_totales/event_frames/CH06-E0060_00h12m43s000ms_settled.jpg","","ROUTE-QUOTES","/quotes","apps/web/src/app/(workspace)/quotes/page.tsx|apps/web/src/app/(workspace)/quotes/[id]/page.tsx|apps/web/src/components/providers.tsx","","","PARTIAL","UNVERIFIED","UNVERIFIED","UNVERIFIED","UNVERIFIED","","","","","","","","4349523df4750720308de9059a4e6c5ec2624675","Estado inicial desde MASTER_VIDEO_REQUIREMENTS; falta certificación actual independiente."
"CH06-F05","CH06","Honorarios por profesional o servicio","Honorarios permite elegir socio y un servicio de seguimiento asociado a médico, con precio y cantidad antes de añadirlo.","VISIBLE","P1","references/video-audit/chapters/CH06_cotizacion_insumos_equipos_honorarios_extras_y_totales/event_frames/CH06-E0083_00h13m15s800ms_abrupt_change.jpg","","ROUTE-QUOTES","/quotes","apps/web/src/app/(workspace)/quotes/page.tsx|apps/web/src/app/(workspace)/quotes/[id]/page.tsx|apps/web/src/components/providers.tsx","","","PARTIAL","UNVERIFIED","UNVERIFIED","UNVERIFIED","UNVERIFIED","","","","","","","","4349523df4750720308de9059a4e6c5ec2624675","Estado inicial desde MASTER_VIDEO_REQUIREMENTS; falta certificación actual independiente."
"CH06-F06","CH06","Tabla agrupada y cálculo por renglón","La tabla agrupa categorías y muestra Tipo, Código, Item, Precio, Cantidad editable, Subtotal, Desc %, Desc $, Impuesto y Total; cada fila tiene acción de retiro.","VISIBLE","P1","references/video-audit/chapters/CH06_cotizacion_insumos_equipos_honorarios_extras_y_totales/event_frames/CH06-E0069_00h12m57s800ms_abrupt_change.jpg","CH06-Q004","ROUTE-QUOTES","/quotes","apps/web/src/app/(workspace)/quotes/page.tsx|apps/web/src/app/(workspace)/quotes/[id]/page.tsx|apps/web/src/components/providers.tsx","","","PARTIAL","UNVERIFIED","UNVERIFIED","UNVERIFIED","UNVERIFIED","","","","","","","","4349523df4750720308de9059a4e6c5ec2624675","Estado inicial desde MASTER_VIDEO_REQUIREMENTS; falta certificación actual independiente."
"CH06-F07","CH06","Descuentos, impuesto y totales","Grupo de descuento y selección de paciente producen recálculo visible de descuentos por línea, impuesto y resumen Subtotal/Descuentos/Impuestos/Total.","VISIBLE","P1","references/video-audit/chapters/CH06_cotizacion_insumos_equipos_honorarios_extras_y_totales/event_frames/CH06-E0109_00h14m14s200ms_abrupt_change.jpg|references/video-audit/chapters/CH06_cotizacion_insumos_equipos_honorarios_extras_y_totales/detail_crops/CH06-E0115_00h14m24s200ms_DETAIL.jpg","","ROUTE-QUOTES","/quotes","apps/web/src/app/(workspace)/quotes/page.tsx|apps/web/src/app/(workspace)/quotes/[id]/page.tsx|apps/web/src/components/providers.tsx","","","PARTIAL","UNVERIFIED","UNVERIFIED","UNVERIFIED","UNVERIFIED","","","","","","","","4349523df4750720308de9059a4e6c5ec2624675","Estado inicial desde MASTER_VIDEO_REQUIREMENTS; falta certificación actual independiente."
"CH06-F08","CH06","Autocompletado por paciente","Al cambiar Paciente se actualizan DUI/NIT, teléfono, correo, referido por y grupo de descuento visibles en la cabecera de la cotización.","VISIBLE","P1","references/video-audit/chapters/CH06_cotizacion_insumos_equipos_honorarios_extras_y_totales/event_frames/CH06-E0103_00h14m06s400ms_stable_change.jpg","","ROUTE-QUOTES","/quotes","apps/web/src/app/(workspace)/quotes/page.tsx|apps/web/src/app/(workspace)/quotes/[id]/page.tsx|apps/web/src/components/providers.tsx","","","PARTIAL","UNVERIFIED","UNVERIFIED","UNVERIFIED","UNVERIFIED","","","","","","","","4349523df4750720308de9059a4e6c5ec2624675","Estado inicial desde MASTER_VIDEO_REQUIREMENTS; falta certificación actual independiente."
"CH06-F09","CH06","Persistencia y retroceso","El formulario ofrece Atrás y Guardar; el narrador afirma que Guardar persiste la cotización y luego usa Atrás.","VERBAL","P2","references/video-audit/chapters/CH06_cotizacion_insumos_equipos_honorarios_extras_y_totales/event_frames/CH06-E0115_00h14m24s200ms_settled.jpg","","ROUTE-QUOTES","/quotes","apps/web/src/app/(workspace)/quotes/page.tsx|apps/web/src/app/(workspace)/quotes/[id]/page.tsx|apps/web/src/components/providers.tsx","","","NOT_TESTABLE","UNVERIFIED","UNVERIFIED","UNVERIFIED","UNVERIFIED","","","","","NOT_TESTABLE","","Clasificación conservadora inicial; debe cerrarse durante la comparación código/pruebas.","4349523df4750720308de9059a4e6c5ec2624675","Estado inicial desde MASTER_VIDEO_REQUIREMENTS; falta certificación actual independiente."
"CH06-F10","CH06","Contenido de Equipos y Extras","Las pestañas Equipos y Extras son visibles, pero este capítulo no demuestra sus formularios ni reglas internas.","UNCERTAIN","P2","references/video-audit/chapters/CH06_cotizacion_insumos_equipos_honorarios_extras_y_totales/event_frames/CH06-E0085_00h13m50s600ms_abrupt_change.jpg","CH06-Q005","ROUTE-QUOTES","/quotes","apps/web/src/app/(workspace)/quotes/page.tsx|apps/web/src/app/(workspace)/quotes/[id]/page.tsx|apps/web/src/components/providers.tsx","","","NOT_TESTABLE","UNVERIFIED","UNVERIFIED","UNVERIFIED","UNVERIFIED","","","","","NOT_TESTABLE","CH06-Q005","Clasificación conservadora inicial; debe cerrarse durante la comparación código/pruebas.","4349523df4750720308de9059a4e6c5ec2624675","Estado inicial desde MASTER_VIDEO_REQUIREMENTS; falta certificación actual independiente."
"CH07-F01","CH07","Listado de cotizaciones de hospitalización","Hospitalización separa Activos, Cotizaciones y PIC Ejecución. Cotizaciones dispone de Estado, Fecha de creación, Aplicar, Limpiar, Nuevo, paginación, registros y búsqueda.","VISIBLE","P1","references/video-audit/chapters/CH07_preautorizacion_seguro_y_reclamo/event_frames/CH07-E0013_00h15m48s600ms_stable_change.jpg","CH07-Q004","ROUTE-INSURANCE","/insurance","apps/web/src/app/(workspace)/insurance/page.tsx|apps/web/src/components/providers.tsx","","","PARTIAL","UNVERIFIED","UNVERIFIED","UNVERIFIED","UNVERIFIED","","","","","","","","4349523df4750720308de9059a4e6c5ec2624675","Estado inicial desde MASTER_VIDEO_REQUIREMENTS; falta certificación actual independiente."
"CH07-F02","CH07","Estados de cotización, preautorización y reclamo","La tabla muestra Paciente, DUI/NIT, Nro., Estado, Envío preautorización, Respuesta seguro, Envío de reclamo, Creación y Total; se observan Pendiente, No Enviado y No aplica.","VISIBLE","P1","references/video-audit/chapters/CH07_preautorizacion_seguro_y_reclamo/event_frames/CH07-E0007_00h14m33s000ms_abrupt_change.jpg","CH07-Q002","ROUTE-INSURANCE","/insurance","apps/web/src/app/(workspace)/insurance/page.tsx|apps/web/src/components/providers.tsx","","","PARTIAL","UNVERIFIED","UNVERIFIED","UNVERIFIED","UNVERIFIED","","","","","","","","4349523df4750720308de9059a4e6c5ec2624675","Estado inicial desde MASTER_VIDEO_REQUIREMENTS; falta certificación actual independiente."
"CH07-F03","CH07","Búsqueda de cotización","El buscador global filtra el total de 26 registros hasta una fila del paciente consultado.","VISIBLE","P1","references/video-audit/chapters/CH07_preautorizacion_seguro_y_reclamo/event_frames/CH07-E0008_00h14m44s400ms_abrupt_change.jpg","","ROUTE-INSURANCE","/insurance","apps/web/src/app/(workspace)/insurance/page.tsx|apps/web/src/components/providers.tsx","","","PARTIAL","UNVERIFIED","UNVERIFIED","UNVERIFIED","UNVERIFIED","","","","","","","","4349523df4750720308de9059a4e6c5ec2624675","Estado inicial desde MASTER_VIDEO_REQUIREMENTS; falta certificación actual independiente."
"CH07-F04","CH07","Menú contextual y documentos","La fila expone Editar, Duplicar, Versiones, Imprimir, Enviar, Envíos al seguro, Historial de envíos y Eliminar. Imprimir abre Excel, Detalle de servicio, Cotización, Factura y cotizaciones internacionales.","VISIBLE","P1","references/video-audit/chapters/CH07_preautorizacion_seguro_y_reclamo/detail_crops/CH07-E0010_00h14m49s600ms_DETAIL.jpg","CH07-Q003|CH07-Q006","ROUTE-INSURANCE","/insurance","apps/web/src/app/(workspace)/insurance/page.tsx|apps/web/src/components/providers.tsx","","","PARTIAL","UNVERIFIED","UNVERIFIED","UNVERIFIED","UNVERIFIED","","","","","","","","4349523df4750720308de9059a4e6c5ec2624675","Estado inicial desde MASTER_VIDEO_REQUIREMENTS; falta certificación actual independiente."
"CH07-F05","CH07","Envío por correo o WhatsApp","El submenú Enviar ofrece E-mail y Whatsapp. No se ejecuta el envío ni se evidencia su contenido.","VISIBLE","P1","references/video-audit/chapters/CH07_preautorizacion_seguro_y_reclamo/detail_crops/CH07-E0014_00h16m02s600ms_DETAIL.jpg","","ROUTE-INSURANCE","/insurance","apps/web/src/app/(workspace)/insurance/page.tsx|apps/web/src/components/providers.tsx","","","PARTIAL","UNVERIFIED","UNVERIFIED","UNVERIFIED","UNVERIFIED","","","","","","","","4349523df4750720308de9059a4e6c5ec2624675","Estado inicial desde MASTER_VIDEO_REQUIREMENTS; falta certificación actual independiente."
"CH07-F06","CH07","Generación y envío directo de PDF","La conversación propone que el sistema cree el PDF y lo envíe por WhatsApp sin descarga manual; la evidencia visual sólo confirma el menú Whatsapp, no la automatización.","VERBAL","P2","references/video-audit/chapters/CH07_preautorizacion_seguro_y_reclamo/detail_crops/CH07-E0014_00h16m02s600ms_DETAIL.jpg","","ROUTE-INSURANCE","/insurance","apps/web/src/app/(workspace)/insurance/page.tsx|apps/web/src/components/providers.tsx","","","NOT_TESTABLE","UNVERIFIED","UNVERIFIED","UNVERIFIED","UNVERIFIED","","","","","NOT_TESTABLE","","Clasificación conservadora inicial; debe cerrarse durante la comparación código/pruebas.","4349523df4750720308de9059a4e6c5ec2624675","Estado inicial desde MASTER_VIDEO_REQUIREMENTS; falta certificación actual independiente."
"CH07-F07","CH07","Transiciones de estado","El control Estado abre Pre aprobación, Poner en ejecución, Rechazar y No aplica.","VISIBLE","P1","references/video-audit/chapters/CH07_preautorizacion_seguro_y_reclamo/detail_crops/CH07-E0018_00h16m08s200ms_DETAIL.jpg","","ROUTE-INSURANCE","/insurance","apps/web/src/app/(workspace)/insurance/page.tsx|apps/web/src/components/providers.tsx","","","PARTIAL","UNVERIFIED","UNVERIFIED","UNVERIFIED","UNVERIFIED","","","","","","","","4349523df4750720308de9059a4e6c5ec2624675","Estado inicial desde MASTER_VIDEO_REQUIREMENTS; falta certificación actual independiente."
"CH07-F08","CH07","Cotización guardada pero no activada","El narrador distingue una cotización guardada de una activada; la fila sigue Pendiente y No Enviado.","VERBAL","P2","references/video-audit/chapters/CH07_preautorizacion_seguro_y_reclamo/event_frames/CH07-E0007_00h14m33s000ms_abrupt_change.jpg","CH07-Q002","ROUTE-INSURANCE","/insurance","apps/web/src/app/(workspace)/insurance/page.tsx|apps/web/src/components/providers.tsx","","","NOT_TESTABLE","UNVERIFIED","UNVERIFIED","UNVERIFIED","UNVERIFIED","","","","","NOT_TESTABLE","CH07-Q002","Clasificación conservadora inicial; debe cerrarse durante la comparación código/pruebas.","4349523df4750720308de9059a4e6c5ec2624675","Estado inicial desde MASTER_VIDEO_REQUIREMENTS; falta certificación actual independiente."
"CH07-F09","CH07","Resultado de una transición de estado","El menú de estados es visible, pero este corte no confirma persistencia, validaciones ni efectos en preautorización/reclamo después de seleccionar una opción.","UNCERTAIN","P2","references/video-audit/chapters/CH07_preautorizacion_seguro_y_reclamo/event_frames/CH07-E0018_00h16m08s200ms_settled.jpg","","ROUTE-INSURANCE","/insurance","apps/web/src/app/(workspace)/insurance/page.tsx|apps/web/src/components/providers.tsx","","","NOT_TESTABLE","UNVERIFIED","UNVERIFIED","UNVERIFIED","UNVERIFIED","","","","","NOT_TESTABLE","","Clasificación conservadora inicial; debe cerrarse durante la comparación código/pruebas.","4349523df4750720308de9059a4e6c5ec2624675","Estado inicial desde MASTER_VIDEO_REQUIREMENTS; falta certificación actual independiente."
"CH08-F01","CH08","Perfil administrativo de ejecución","Detalles de Hospitalización contiene un perfil administrativo asociado a PIC Ejecución, con Guardar y Cancelar.","VISIBLE","P1","references/video-audit/chapters/CH08_perfil_administrativo_cuentas_por_cobrar_y_pagos/event_frames/CH08-E0002_00h16m16s400ms_abrupt_change.jpg","","ROUTE-RECEIVABLES","/receivables","apps/web/src/app/(workspace)/receivables/page.tsx|apps/web/src/components/payments-page.tsx","","","PARTIAL","UNVERIFIED","UNVERIFIED","UNVERIFIED","UNVERIFIED","","","","","","","","4349523df4750720308de9059a4e6c5ec2624675","Estado inicial desde MASTER_VIDEO_REQUIREMENTS; falta certificación actual independiente."
"CH08-F02","CH08","Campos administrativos y de aseguradora","El perfil solicita health manager, referido por, tipo Revenue, tipo, fecha, días, forma de pago, aseguradora, tipo de solicitud, categoría, subcategoría, hospital de origen y clasificación del paciente.","VISIBLE","P1","references/video-audit/chapters/CH08_perfil_administrativo_cuentas_por_cobrar_y_pagos/detail_crops/CH08-E0010_00h16m25s600ms_DETAIL.jpg","CH08-Q002","ROUTE-RECEIVABLES","/receivables","apps/web/src/app/(workspace)/receivables/page.tsx|apps/web/src/components/payments-page.tsx","","","PARTIAL","UNVERIFIED","UNVERIFIED","UNVERIFIED","UNVERIFIED","","","","","","","","4349523df4750720308de9059a4e6c5ec2624675","Estado inicial desde MASTER_VIDEO_REQUIREMENTS; falta certificación actual independiente."
"CH08-F03","CH08","Guardado del perfil administrativo","Guardar produce una transición de Procesando y devuelve a PIC Ejecución.","VISIBLE","P1","references/video-audit/chapters/CH08_perfil_administrativo_cuentas_por_cobrar_y_pagos/event_frames/CH08-E0021_00h16m46s200ms_stable_change.jpg","","ROUTE-RECEIVABLES","/receivables","apps/web/src/app/(workspace)/receivables/page.tsx|apps/web/src/components/payments-page.tsx","","","PARTIAL","UNVERIFIED","UNVERIFIED","UNVERIFIED","UNVERIFIED","","","","","","","","4349523df4750720308de9059a4e6c5ec2624675","Estado inicial desde MASTER_VIDEO_REQUIREMENTS; falta certificación actual independiente."
"CH08-F04","CH08","Listado de cuentas por cobrar y exportaciones","Cuentas por cobrar separa Cuentas y Pagos; ofrece búsqueda, paginación y botones Excel con filtros, Reporte y Excel. La tabla incluye inicio, paciente, hospitalización, estado, tipo, gestor y totales.","VISIBLE","P1","references/video-audit/chapters/CH08_perfil_administrativo_cuentas_por_cobrar_y_pagos/detail_crops/CH08-E0037_00h17m08s800ms_DETAIL.jpg","CH08-Q009","ROUTE-RECEIVABLES","/receivables","apps/web/src/app/(workspace)/receivables/page.tsx|apps/web/src/components/payments-page.tsx","","","PARTIAL","UNVERIFIED","UNVERIFIED","UNVERIFIED","UNVERIFIED","","","","","","","","4349523df4750720308de9059a4e6c5ec2624675","Estado inicial desde MASTER_VIDEO_REQUIREMENTS; falta certificación actual independiente."
"CH08-F05","CH08","Acciones de una cuenta","El menú de la cuenta ofrece Ver Cotizaciones, Estados de cuenta, Ver pagos, Archivar y Registro XPO.","VISIBLE","P1","references/video-audit/chapters/CH08_perfil_administrativo_cuentas_por_cobrar_y_pagos/detail_crops/CH08-E0041_00h17m33s600ms_DETAIL.jpg","CH08-Q004|CH08-Q005","ROUTE-RECEIVABLES","/receivables","apps/web/src/app/(workspace)/receivables/page.tsx|apps/web/src/components/payments-page.tsx","","","PARTIAL","UNVERIFIED","UNVERIFIED","UNVERIFIED","UNVERIFIED","","","","","","","","4349523df4750720308de9059a4e6c5ec2624675","Estado inicial desde MASTER_VIDEO_REQUIREMENTS; falta certificación actual independiente."
"CH08-F06","CH08","Histórico de estados de cuenta","El histórico separa Estados Particulares y Estados Mixtos y prevé fecha, creador, período, saldo anterior, facturas, pagos y pendiente; la fila consultada no tiene histórico visible.","VISIBLE","P1","references/video-audit/chapters/CH08_perfil_administrativo_cuentas_por_cobrar_y_pagos/event_frames/CH08-E0044_00h17m41s600ms_abrupt_change.jpg","","ROUTE-RECEIVABLES","/receivables","apps/web/src/app/(workspace)/receivables/page.tsx|apps/web/src/components/payments-page.tsx","","","PARTIAL","UNVERIFIED","UNVERIFIED","UNVERIFIED","UNVERIFIED","","","","","","","","4349523df4750720308de9059a4e6c5ec2624675","Estado inicial desde MASTER_VIDEO_REQUIREMENTS; falta certificación actual independiente."
"CH08-F07","CH08","Pagos de hospitalización","Ver pagos abre una lista con Añadir pago, fecha, tipo, monto, pagado por y estado. Cada pago ofrece Editar pago, Imprimir y Eliminar pagos.","VISIBLE","P1","references/video-audit/chapters/CH08_perfil_administrativo_cuentas_por_cobrar_y_pagos/detail_crops/CH08-E0049_00h17m51s800ms_DETAIL.jpg|references/video-audit/chapters/CH08_perfil_administrativo_cuentas_por_cobrar_y_pagos/detail_crops/CH08-E0056_00h18m06s200ms_DETAIL.jpg","CH08-Q003","ROUTE-RECEIVABLES","/receivables","apps/web/src/app/(workspace)/receivables/page.tsx|apps/web/src/components/payments-page.tsx","","","PARTIAL","UNVERIFIED","UNVERIFIED","UNVERIFIED","UNVERIFIED","","","","","","","","4349523df4750720308de9059a4e6c5ec2624675","Estado inicial desde MASTER_VIDEO_REQUIREMENTS; falta certificación actual independiente."
"CH08-F08","CH08","Configuración de estado de cuenta","Reporte permite seleccionar tipo Paciente, persona, código de hospitalización, tipo de paciente y rango de fecha antes de Vista previa.","VISIBLE","P1","references/video-audit/chapters/CH08_perfil_administrativo_cuentas_por_cobrar_y_pagos/detail_crops/CH08-E0068_00h19m00s400ms_DETAIL.jpg","","ROUTE-RECEIVABLES","/receivables","apps/web/src/app/(workspace)/receivables/page.tsx|apps/web/src/components/payments-page.tsx","","","PARTIAL","UNVERIFIED","UNVERIFIED","UNVERIFIED","UNVERIFIED","","","","","","","","4349523df4750720308de9059a4e6c5ec2624675","Estado inicial desde MASTER_VIDEO_REQUIREMENTS; falta certificación actual independiente."
"CH08-F09","CH08","Vista previa de cuenta del paciente","La vista previa presenta datos del paciente y hospitalización; contiene pestañas Cotizaciones, Pagos y Documentos, casillas de selección, deuda y pagos acumulados.","VISIBLE","P1","references/video-audit/chapters/CH08_perfil_administrativo_cuentas_por_cobrar_y_pagos/event_frames/CH08-E0075_00h19m26s800ms_abrupt_change.jpg|references/video-audit/chapters/CH08_perfil_administrativo_cuentas_por_cobrar_y_pagos/event_frames/CH08-E0083_00h19m34s200ms_abrupt_change.jpg","","ROUTE-RECEIVABLES","/receivables","apps/web/src/app/(workspace)/receivables/page.tsx|apps/web/src/components/payments-page.tsx","","","PARTIAL","UNVERIFIED","UNVERIFIED","UNVERIFIED","UNVERIFIED","","","","","","","","4349523df4750720308de9059a4e6c5ec2624675","Estado inicial desde MASTER_VIDEO_REQUIREMENTS; falta certificación actual independiente."
"CH08-F10","CH08","Resumen de pago","Ver resumen calcula Saldo Anterior, Total Facturas, Total Pagos y Total Pendientes, y ofrece Cerrar, Imprimir y Guardar cambios.","VISIBLE","P1","references/video-audit/chapters/CH08_perfil_administrativo_cuentas_por_cobrar_y_pagos/event_frames/CH08-E0087_00h19m52s000ms_abrupt_change.jpg","","ROUTE-RECEIVABLES","/receivables","apps/web/src/app/(workspace)/receivables/page.tsx|apps/web/src/components/payments-page.tsx","","","PARTIAL","UNVERIFIED","UNVERIFIED","UNVERIFIED","UNVERIFIED","","","","","","","","4349523df4750720308de9059a4e6c5ec2624675","Estado inicial desde MASTER_VIDEO_REQUIREMENTS; falta certificación actual independiente."
"CH08-F11","CH08","Interpretación de total pendiente negativo","El ejemplo visible tiene pagos mayores que facturas y muestra Total Pendientes negativo. El capítulo no explica si representa crédito, sobrepago o un error.","UNCERTAIN","P2","references/video-audit/chapters/CH08_perfil_administrativo_cuentas_por_cobrar_y_pagos/event_frames/CH08-E0087_00h19m52s000ms_abrupt_change.jpg","","ROUTE-RECEIVABLES","/receivables","apps/web/src/app/(workspace)/receivables/page.tsx|apps/web/src/components/payments-page.tsx","","","NOT_TESTABLE","UNVERIFIED","UNVERIFIED","UNVERIFIED","UNVERIFIED","","","","","NOT_TESTABLE","","Clasificación conservadora inicial; debe cerrarse durante la comparación código/pruebas.","4349523df4750720308de9059a4e6c5ec2624675","Estado inicial desde MASTER_VIDEO_REQUIREMENTS; falta certificación actual independiente."
"CH08-F12","CH08","Estado de cuenta automático","La conversación considera que el estado de cuenta podría generarse de forma automática, pero no demuestra programación ni entrega automática.","VERBAL","P2","references/video-audit/chapters/CH08_perfil_administrativo_cuentas_por_cobrar_y_pagos/detail_crops/CH08-E0095_00h20m59s600ms_DETAIL.jpg","","ROUTE-RECEIVABLES","/receivables","apps/web/src/app/(workspace)/receivables/page.tsx|apps/web/src/components/payments-page.tsx","","","NOT_TESTABLE","UNVERIFIED","UNVERIFIED","UNVERIFIED","UNVERIFIED","","","","","NOT_TESTABLE","","Clasificación conservadora inicial; debe cerrarse durante la comparación código/pruebas.","4349523df4750720308de9059a4e6c5ec2624675","Estado inicial desde MASTER_VIDEO_REQUIREMENTS; falta certificación actual independiente."
"CH09-F01","CH09","Listado de Hospitalización Clínica","La vista ofrece filtros por estado clínico, activador, tipo de servicio y tipo de atención, y una tabla con paciente, DUI/NIT, hospitalización, triage, empresa, clínico, fechas y duración.","VISIBLE","P1","references/video-audit/chapters/CH09_hospitalizacion_clinica_y_reporte_de_salud/event_frames/CH09-E0009_00h21m12s200ms_abrupt_change.jpg","","ROUTE-CLINICAL-HOSPITALIZATIONS","/clinical/hospitalizations","apps/web/src/app/(workspace)/clinical/hospitalizations/page.tsx","","","PARTIAL","UNVERIFIED","UNVERIFIED","UNVERIFIED","UNVERIFIED","","","","","","","","4349523df4750720308de9059a4e6c5ec2624675","Estado inicial desde MASTER_VIDEO_REQUIREMENTS; falta certificación actual independiente."
"CH09-F02","CH09","Acciones de una hospitalización clínica","El menú de fila ofrece Ver cotizaciones, Perfil clínico, documento y acciones relacionadas con reingresos, reinfecciones y ulceraciones.","VISIBLE","P1","references/video-audit/chapters/CH09_hospitalizacion_clinica_y_reporte_de_salud/detail_crops/CH09-E0016_00h21m34s800ms_DETAIL.jpg","","ROUTE-CLINICAL-HOSPITALIZATIONS","/clinical/hospitalizations","apps/web/src/app/(workspace)/clinical/hospitalizations/page.tsx","","","PARTIAL","UNVERIFIED","UNVERIFIED","UNVERIFIED","UNVERIFIED","","","","","","","","4349523df4750720308de9059a4e6c5ec2624675","Estado inicial desde MASTER_VIDEO_REQUIREMENTS; falta certificación actual independiente."
"CH09-F03","CH09","Versiones de perfiles clínicos por hospitalización","Perfiles Clínicos lista perfiles con fecha de inicio, triage, médico tratante, tipo de servicio, estatus y fecha fin, y permite crear Nuevo perfil clínico.","VISIBLE","P1","references/video-audit/chapters/CH09_hospitalizacion_clinica_y_reporte_de_salud/detail_crops/CH09-E0019_00h21m43s000ms_DETAIL.jpg","","ROUTE-CLINICAL-HOSPITALIZATIONS","/clinical/hospitalizations","apps/web/src/app/(workspace)/clinical/hospitalizations/page.tsx","","","PARTIAL","UNVERIFIED","UNVERIFIED","UNVERIFIED","UNVERIFIED","","","","","","","","4349523df4750720308de9059a4e6c5ec2624675","Estado inicial desde MASTER_VIDEO_REQUIREMENTS; falta certificación actual independiente."
"CH09-F04","CH09","Formulario de perfil clínico","El perfil contiene fechas, adjuntos, médico tratante y otros médicos, diagnóstico, grupo diagnóstico, triage, grupo/subgrupo de paciente, tipo, responsables, tags y frecuencias.","VISIBLE","P1","references/video-audit/chapters/CH09_hospitalizacion_clinica_y_reporte_de_salud/event_frames/CH09-E0024_00h21m47s600ms_abrupt_change.jpg|references/video-audit/chapters/CH09_hospitalizacion_clinica_y_reporte_de_salud/event_frames/CH09-E0040_00h22m18s200ms_abrupt_change.jpg","","ROUTE-CLINICAL-HOSPITALIZATIONS","/clinical/hospitalizations","apps/web/src/app/(workspace)/clinical/hospitalizations/page.tsx","","","PARTIAL","UNVERIFIED","UNVERIFIED","UNVERIFIED","UNVERIFIED","","","","","","","","4349523df4750720308de9059a4e6c5ec2624675","Estado inicial desde MASTER_VIDEO_REQUIREMENTS; falta certificación actual independiente."
"CH09-F05","CH09","Catálogo codificado de diagnósticos","Diagnósticos es un selector buscable con códigos visibles A00–A02 y descripciones de cólera, fiebres tifoideas y salmonelosis. La conversación lo llama un estándar, pero la transcripción de la versión es ambigua.","VISIBLE","P1","references/video-audit/chapters/CH09_hospitalizacion_clinica_y_reporte_de_salud/detail_crops/CH09-E0030_00h22m01s400ms_DETAIL.jpg","","ROUTE-CLINICAL-HOSPITALIZATIONS","/clinical/hospitalizations","apps/web/src/app/(workspace)/clinical/hospitalizations/page.tsx","","","PARTIAL","UNVERIFIED","UNVERIFIED","UNVERIFIED","UNVERIFIED","","","","","","","","4349523df4750720308de9059a4e6c5ec2624675","Estado inicial desde MASTER_VIDEO_REQUIREMENTS; falta certificación actual independiente."
"CH09-F06","CH09","Grupos operativos del perfil","Grupo perfil del paciente es configurable y muestra opciones como Administración IV, Alquiler de Equipo, Antibioticoterapia, Citas Especialistas, ECV, Hidratación y Laboratorios Clínicos.","VISIBLE","P1","references/video-audit/chapters/CH09_hospitalizacion_clinica_y_reporte_de_salud/detail_crops/CH09-E0046_00h22m25s600ms_DETAIL.jpg","","ROUTE-CLINICAL-HOSPITALIZATIONS","/clinical/hospitalizations","apps/web/src/app/(workspace)/clinical/hospitalizations/page.tsx","","","PARTIAL","UNVERIFIED","UNVERIFIED","UNVERIFIED","UNVERIFIED","","","","","","","","4349523df4750720308de9059a4e6c5ec2624675","Estado inicial desde MASTER_VIDEO_REQUIREMENTS; falta certificación actual independiente."
"CH09-F07","CH09","Dispositivos y planificación de turnos","El perfil permite preparar dispositivos con fecha, calibre, motivo, frecuencia y observaciones; debajo configura rango de fechas para turnos, frecuencia y tipo de atención.","VISIBLE","P1","references/video-audit/chapters/CH09_hospitalizacion_clinica_y_reporte_de_salud/event_frames/CH09-E0055_00h22m33s800ms_abrupt_change.jpg|references/video-audit/chapters/CH09_hospitalizacion_clinica_y_reporte_de_salud/event_frames/CH09-E0058_00h22m35s200ms_stable_change.jpg","","ROUTE-CLINICAL-HOSPITALIZATIONS","/clinical/hospitalizations","apps/web/src/app/(workspace)/clinical/hospitalizations/page.tsx","","","PARTIAL","UNVERIFIED","UNVERIFIED","UNVERIFIED","UNVERIFIED","","","","","","","","4349523df4750720308de9059a4e6c5ec2624675","Estado inicial desde MASTER_VIDEO_REQUIREMENTS; falta certificación actual independiente."
"CH09-F08","CH09","Listado de Reporte de salud y menú clínico","Reporte de salud lista cédula, nombre, empresa, hospitalización, período, auditoría, triage y estatus. El menú incluye Historial clínico, Reporte Clínico, visitas, notas, Reporte de salud, Auditorías y Registro XPO.","VISIBLE","P1","references/video-audit/chapters/CH09_hospitalizacion_clinica_y_reporte_de_salud/detail_crops/CH09-E0073_00h22m56s200ms_DETAIL.jpg|references/video-audit/chapters/CH09_hospitalizacion_clinica_y_reporte_de_salud/detail_crops/CH09-E0076_00h23m01s600ms_DETAIL.jpg","","ROUTE-CLINICAL-HOSPITALIZATIONS","/clinical/hospitalizations","apps/web/src/app/(workspace)/clinical/hospitalizations/page.tsx","","","PARTIAL","UNVERIFIED","UNVERIFIED","UNVERIFIED","UNVERIFIED","","","","","","","","4349523df4750720308de9059a4e6c5ec2624675","Estado inicial desde MASTER_VIDEO_REQUIREMENTS; falta certificación actual independiente."
"CH09-F09","CH09","Reporte longitudinal por pestañas","El reporte contiene Información Principal, Evaluación Clínica, Atención Médica, Tratamientos y Órdenes, Eventos Clínicos y Evidencia y Documentos, con datos de paciente y seguros.","VISIBLE","P1","references/video-audit/chapters/CH09_hospitalizacion_clinica_y_reporte_de_salud/event_frames/CH09-E0089_00h23m34s800ms_stable_change.jpg","","ROUTE-CLINICAL-HOSPITALIZATIONS","/clinical/hospitalizations","apps/web/src/app/(workspace)/clinical/hospitalizations/page.tsx","","","PARTIAL","UNVERIFIED","UNVERIFIED","UNVERIFIED","UNVERIFIED","","","","","","","","4349523df4750720308de9059a4e6c5ec2624675","Estado inicial desde MASTER_VIDEO_REQUIREMENTS; falta certificación actual independiente."
"CH09-F10","CH09","Cambio de rango del reporte","Cambiar rango de fechas abre un modal y un calendario doble para seleccionar inicio y fin antes de cargar nuevamente el reporte.","VISIBLE","P1","references/video-audit/chapters/CH09_hospitalizacion_clinica_y_reporte_de_salud/detail_crops/CH09-E0083_00h23m16s200ms_DETAIL.jpg","","ROUTE-CLINICAL-HOSPITALIZATIONS","/clinical/hospitalizations","apps/web/src/app/(workspace)/clinical/hospitalizations/page.tsx","","","PARTIAL","UNVERIFIED","UNVERIFIED","UNVERIFIED","UNVERIFIED","","","","","","","","4349523df4750720308de9059a4e6c5ec2624675","Estado inicial desde MASTER_VIDEO_REQUIREMENTS; falta certificación actual independiente."
"CH09-F11","CH09","Configuración de secciones para impresión","Configuración de reporte permite incluir adjuntos y ordenar títulos entre Títulos disponibles y Títulos para el reporte; al pie ofrece Cerrar e Imprimir.","VISIBLE","P1","references/video-audit/chapters/CH09_hospitalizacion_clinica_y_reporte_de_salud/event_frames/CH09-E0115_00h24m10s000ms_abrupt_change.jpg|references/video-audit/chapters/CH09_hospitalizacion_clinica_y_reporte_de_salud/detail_crops/CH09-E0126_00h24m26s200ms_DETAIL.jpg","","ROUTE-CLINICAL-HOSPITALIZATIONS","/clinical/hospitalizations","apps/web/src/app/(workspace)/clinical/hospitalizations/page.tsx","","","PARTIAL","UNVERIFIED","UNVERIFIED","UNVERIFIED","UNVERIFIED","","","","","","","","4349523df4750720308de9059a4e6c5ec2624675","Estado inicial desde MASTER_VIDEO_REQUIREMENTS; falta certificación actual independiente."
"CH09-F12","CH09","Resultado de Imprimir no demostrado","Al pulsar Imprimir aparece una confirmación de salida en lugar de un PDF visible. Ni los frames ni la comprobación del clip exacto demuestran que se genere o descargue un documento.","UNCERTAIN","P2","references/video-audit/chapters/CH09_hospitalizacion_clinica_y_reporte_de_salud/event_frames/CH09-E0127_00h24m28s000ms_abrupt_change.jpg","","ROUTE-CLINICAL-HOSPITALIZATIONS","/clinical/hospitalizations","apps/web/src/app/(workspace)/clinical/hospitalizations/page.tsx","","","NOT_TESTABLE","UNVERIFIED","UNVERIFIED","UNVERIFIED","UNVERIFIED","","","","","NOT_TESTABLE","","Clasificación conservadora inicial; debe cerrarse durante la comparación código/pruebas.","4349523df4750720308de9059a4e6c5ec2624675","Estado inicial desde MASTER_VIDEO_REQUIREMENTS; falta certificación actual independiente."
"CH09-F13","CH09","Intervalo visual discontinuo antes de repetir la confirmación","Entre E0129 y E0130 hay un salto de aproximadamente 146.6 segundos; luego se alterna de nuevo entre confirmación y configuración. No se infiere el estado intermedio ni un resultado de impresión.","UNCERTAIN","P2","references/video-audit/chapters/CH09_hospitalizacion_clinica_y_reporte_de_salud/detail_crops/CH09-E0129_00h24m47s200ms_DETAIL.jpg|references/video-audit/chapters/CH09_hospitalizacion_clinica_y_reporte_de_salud/event_frames/CH09-E0130_00h27m13s800ms_abrupt_change.jpg","","ROUTE-CLINICAL-HOSPITALIZATIONS","/clinical/hospitalizations","apps/web/src/app/(workspace)/clinical/hospitalizations/page.tsx","","","NOT_TESTABLE","UNVERIFIED","UNVERIFIED","UNVERIFIED","UNVERIFIED","","","","","NOT_TESTABLE","","Clasificación conservadora inicial; debe cerrarse durante la comparación código/pruebas.","4349523df4750720308de9059a4e6c5ec2624675","Estado inicial desde MASTER_VIDEO_REQUIREMENTS; falta certificación actual independiente."
"CH09-F14","CH09","Contenido del expediente impreso descrito verbalmente","La conversación describe que el expediente incluiría datos del paciente, historial, duración, médicos, diagnóstico, signos vitales, medicamentos y notas de enfermería, pero el documento final no aparece legible en la evidencia visual.","VERBAL","P2","references/video-audit/chapters/CH09_hospitalizacion_clinica_y_reporte_de_salud/detail_crops/CH09-E0129_00h24m47s200ms_DETAIL.jpg","","ROUTE-CLINICAL-HOSPITALIZATIONS","/clinical/hospitalizations","apps/web/src/app/(workspace)/clinical/hospitalizations/page.tsx","","","NOT_TESTABLE","UNVERIFIED","UNVERIFIED","UNVERIFIED","UNVERIFIED","","","","","NOT_TESTABLE","","Clasificación conservadora inicial; debe cerrarse durante la comparación código/pruebas.","4349523df4750720308de9059a4e6c5ec2624675","Estado inicial desde MASTER_VIDEO_REQUIREMENTS; falta certificación actual independiente."
"CH10-F01","CH10","Listado de pacientes de Orden Médica","Pestañas Activos, Inactivos, Tratamientos con cambios y Actualizaciones; búsqueda, paginación, columnas Nombre, Cédula, Fecha Nac., Triage, Hospitalización y Estatus; acciones Nuevo, Ver Órdenes y Registro XPO.","VISIBLE","P1","references/video-audit/chapters/CH10_orden_medica_tratamientos_y_tarjeta_de_medicamentos/event_frames/CH10-E0008_00h27m37s600ms_stable_change.jpg|references/video-audit/chapters/CH10_orden_medica_tratamientos_y_tarjeta_de_medicamentos/event_frames/CH10-E0009_00h27m42s200ms_settled.jpg|references/video-audit/chapters/CH10_orden_medica_tratamientos_y_tarjeta_de_medicamentos/detail_crops/CH10-E0009_00h27m42s200ms_DETAIL.jpg","CH10-Q011","ROUTE-MEDICAL-ORDERS","/clinical/orders","apps/web/src/app/(workspace)/clinical/orders/page.tsx","","","PARTIAL","UNVERIFIED","UNVERIFIED","UNVERIFIED","UNVERIFIED","","","","","","","","4349523df4750720308de9059a4e6c5ec2624675","Estado inicial desde MASTER_VIDEO_REQUIREMENTS; falta certificación actual independiente."
"CH10-F02","CH10","Elección de tipo de documento","La acción Nuevo permite escoger Orden Médica o Tarjeta de medicamentos.","VISIBLE","P1","references/video-audit/chapters/CH10_orden_medica_tratamientos_y_tarjeta_de_medicamentos/event_frames/CH10-E0011_00h27m43s800ms_abrupt_change.jpg","","ROUTE-MEDICAL-ORDERS","/clinical/orders","apps/web/src/app/(workspace)/clinical/orders/page.tsx","","","EXACT","VERIFIED","UNVERIFIED","UNVERIFIED","UNVERIFIED","","","","","","","","4349523df4750720308de9059a4e6c5ec2624675","Estado inicial desde MASTER_VIDEO_REQUIREMENTS; falta certificación actual independiente."
"CH10-F03","CH10","Encabezado y tratamientos de tarjeta","Formulario con paciente, cédula, hospitalización, triage, médicos y diagnósticos; pestañas y tabla de tratamientos; Agregar tratamiento, Guardar y Atrás.","VISIBLE","P1","references/video-audit/chapters/CH10_orden_medica_tratamientos_y_tarjeta_de_medicamentos/event_frames/CH10-E0013_00h27m55s600ms_abrupt_change.jpg","","ROUTE-MEDICAL-ORDERS","/clinical/orders","apps/web/src/app/(workspace)/clinical/orders/page.tsx","","","EXACT","VERIFIED","UNVERIFIED","UNVERIFIED","UNVERIFIED","","","","","","","","4349523df4750720308de9059a4e6c5ec2624675","Estado inicial desde MASTER_VIDEO_REQUIREMENTS; falta certificación actual independiente."
"CH10-F04","CH10","Editor detallado de tratamiento","Modal con medicamento, médico, vía, dosis, frecuencia, duración, fechas, crónico, horarios, indicaciones enriquecidas y control Mostrar diluciones.","VISIBLE","P0","references/video-audit/chapters/CH10_orden_medica_tratamientos_y_tarjeta_de_medicamentos/event_frames/CH10-E0020_00h27m59s800ms_abrupt_change.jpg|references/video-audit/chapters/CH10_orden_medica_tratamientos_y_tarjeta_de_medicamentos/event_frames/CH10-E0050_00h29m08s800ms_abrupt_change.jpg|references/video-audit/chapters/CH10_orden_medica_tratamientos_y_tarjeta_de_medicamentos/detail_crops/CH10-E0050_00h29m08s800ms_DETAIL.jpg","CH10-Q006","ROUTE-MEDICAL-ORDERS","/clinical/orders","apps/web/src/app/(workspace)/clinical/orders/page.tsx","","","PARTIAL","UNVERIFIED","UNVERIFIED","UNVERIFIED","UNVERIFIED","","","","","","","","4349523df4750720308de9059a4e6c5ec2624675","Estado inicial desde MASTER_VIDEO_REQUIREMENTS; falta certificación actual independiente."
"CH10-F05","CH10","Catálogos visibles de pauta y horarios","Se observan vías IV/VO/SC/IM, frecuencias cada 4/6/8/12 horas, cada día, BID y TID, duraciones de 1 a 5 días, horarios de 30 minutos y PRN.","VISIBLE","P1","references/video-audit/chapters/CH10_orden_medica_tratamientos_y_tarjeta_de_medicamentos/event_frames/CH10-E0021_00h28m00s400ms_stable_change.jpg|references/video-audit/chapters/CH10_orden_medica_tratamientos_y_tarjeta_de_medicamentos/detail_crops/CH10-E0021_00h28m00s400ms_DETAIL.jpg|references/video-audit/chapters/CH10_orden_medica_tratamientos_y_tarjeta_de_medicamentos/event_frames/CH10-E0028_00h28m14s000ms_motion_progress.jpg|references/video-audit/chapters/CH10_orden_medica_tratamientos_y_tarjeta_de_medicamentos/detail_crops/CH10-E0028_00h28m14s000ms_DETAIL.jpg|references/video-audit/chapters/CH10_orden_medica_tratamientos_y_tarjeta_de_medicamentos/event_frames/CH10-E0031_00h28m22s800ms_motion_progress.jpg|references/video-audit/chapters/CH10_orden_medica_tratamientos_y_tarjeta_de_medicamentos/detail_crops/CH10-E0031_00h28m22s800ms_DETAIL.jpg|references/video-audit/chapters/CH10_orden_medica_tratamientos_y_tarjeta_de_medicamentos/event_frames/CH10-E0034_00h28m26s200ms_stable_change.jpg|references/video-audit/chapters/CH10_orden_medica_tratamientos_y_tarjeta_de_medicamentos/detail_crops/CH10-E0034_00h28m26s200ms_DETAIL.jpg|references/video-audit/chapters/CH10_orden_medica_tratamientos_y_tarjeta_de_medicamentos/event_frames/CH10-E0042_00h28m42s400ms_abrupt_change.jpg|references/video-audit/chapters/CH10_orden_medica_tratamientos_y_tarjeta_de_medicamentos/detail_crops/CH10-E0042_00h28m42s400ms_DETAIL.jpg","CH10-Q003|CH10-Q005","ROUTE-MEDICAL-ORDERS","/clinical/orders","apps/web/src/app/(workspace)/clinical/orders/page.tsx","","","NOT_TESTABLE","UNVERIFIED","UNVERIFIED","UNVERIFIED","UNVERIFIED","","","","","NOT_TESTABLE","CH10-Q003|CH10-Q005","CH10-Q003 y CH10-Q005.","4349523df4750720308de9059a4e6c5ec2624675","Estado inicial desde MASTER_VIDEO_REQUIREMENTS; falta certificación actual independiente."
"CH10-F06","CH10","Derivación aparente de fecha final","Al escoger cinco días se muestra un intervalo del 16 al 20 de junio; parece derivarse de inicio y duración, pero el clip no prueba la fórmula general.","INFERRED","P0","references/video-audit/chapters/CH10_orden_medica_tratamientos_y_tarjeta_de_medicamentos/event_frames/CH10-E0035_00h28m27s200ms_motion_progress.jpg|references/video-audit/chapters/CH10_orden_medica_tratamientos_y_tarjeta_de_medicamentos/detail_crops/CH10-E0035_00h28m27s200ms_DETAIL.jpg","CH10-Q004","ROUTE-MEDICAL-ORDERS","/clinical/orders","apps/web/src/app/(workspace)/clinical/orders/page.tsx","","","NOT_TESTABLE","UNVERIFIED","UNVERIFIED","UNVERIFIED","UNVERIFIED","","","","","NOT_TESTABLE","CH10-Q004","CH10-Q004; sugerencia inclusiva provisional y editable.","4349523df4750720308de9059a4e6c5ec2624675","Estado inicial desde MASTER_VIDEO_REQUIREMENTS; falta certificación actual independiente."
"CH10-F07","CH10","Composición de orden por etiquetas","Agregar Orden abre un panel arrastrable con etiquetas clínicas, Nueva Etiqueta, Guardar y Cerrar; al agregar secciones aparecen editores enriquecidos y eliminación.","VISIBLE","P1","references/video-audit/chapters/CH10_orden_medica_tratamientos_y_tarjeta_de_medicamentos/event_frames/CH10-E0072_00h29m30s800ms_abrupt_change.jpg|references/video-audit/chapters/CH10_orden_medica_tratamientos_y_tarjeta_de_medicamentos/event_frames/CH10-E0073_00h29m31s400ms_stable_change.jpg|references/video-audit/chapters/CH10_orden_medica_tratamientos_y_tarjeta_de_medicamentos/event_frames/CH10-E0091_00h29m52s400ms_abrupt_change.jpg","","ROUTE-MEDICAL-ORDERS","/clinical/orders","apps/web/src/app/(workspace)/clinical/orders/page.tsx","","","PARTIAL","UNVERIFIED","UNVERIFIED","UNVERIFIED","UNVERIFIED","","","","","","","","4349523df4750720308de9059a4e6c5ec2624675","Estado inicial desde MASTER_VIDEO_REQUIREMENTS; falta certificación actual independiente."
"CH10-F08","CH10","Consulta de órdenes, tarjetas e historial","Modal con pestañas Órdenes médicas, Tarjetas de medicamentos e Historial de tratamientos; tabla de código, estatus, actualización y estatus PMC.","VISIBLE","P1","references/video-audit/chapters/CH10_orden_medica_tratamientos_y_tarjeta_de_medicamentos/event_frames/CH10-E0109_00h30m13s200ms_settled.jpg|references/video-audit/chapters/CH10_orden_medica_tratamientos_y_tarjeta_de_medicamentos/detail_crops/CH10-E0109_00h30m13s200ms_DETAIL.jpg","CH10-Q009|CH10-Q010|CH10-Q013","ROUTE-MEDICAL-ORDERS","/clinical/orders","apps/web/src/app/(workspace)/clinical/orders/page.tsx","","","PARTIAL","UNVERIFIED","UNVERIFIED","UNVERIFIED","UNVERIFIED","","","","","","","","4349523df4750720308de9059a4e6c5ec2624675","Estado inicial desde MASTER_VIDEO_REQUIREMENTS; falta certificación actual independiente."
"CH10-F09","CH10","Impresiones de tarjeta de medicamentos","El menú abierto de una tarjeta ofrece Imprimir tarjeta completa, Imprimir tarjeta simple e Imprimir conteo presencial. El frame no prueba las acciones del menú de una orden médica.","VISIBLE","P1","references/video-audit/chapters/CH10_orden_medica_tratamientos_y_tarjeta_de_medicamentos/event_frames/CH10-E0109_00h30m13s200ms_settled.jpg|references/video-audit/chapters/CH10_orden_medica_tratamientos_y_tarjeta_de_medicamentos/detail_crops/CH10-E0109_00h30m13s200ms_DETAIL.jpg","CH10-Q009|CH10-Q010|CH10-Q013","ROUTE-MEDICAL-ORDERS","/clinical/orders","apps/web/src/app/(workspace)/clinical/orders/page.tsx","","","NOT_TESTABLE","UNVERIFIED","UNVERIFIED","UNVERIFIED","UNVERIFIED","","","","","NOT_TESTABLE","CH10-Q009|CH10-Q010|CH10-Q013","CH10-Q009 y CH10-Q010; la composición exacta no aparece visualmente en el video.","4349523df4750720308de9059a4e6c5ec2624675","Estado inicial desde MASTER_VIDEO_REQUIREMENTS; falta certificación actual independiente."
"CH10-F10","CH10","Permisos y corrección clínica","No se evidencia qué roles pueden crear, finalizar, modificar, eliminar o imprimir, ni la política de corrección de documentos clínicos firmados.","UNCERTAIN","P2","references/video-audit/chapters/CH10_orden_medica_tratamientos_y_tarjeta_de_medicamentos/event_frames/CH10-E0112_00h31m12s200ms_abrupt_change.jpg|references/video-audit/chapters/CH10_orden_medica_tratamientos_y_tarjeta_de_medicamentos/detail_crops/CH10-E0112_00h31m12s200ms_DETAIL.jpg","CH10-Q001","ROUTE-MEDICAL-ORDERS","/clinical/orders","apps/web/src/app/(workspace)/clinical/orders/page.tsx","","","NOT_TESTABLE","UNVERIFIED","UNVERIFIED","UNVERIFIED","UNVERIFIED","","","","","NOT_TESTABLE","CH10-Q001","SAFE-P0-003 implementa una salvaguarda que no puede elevar este requisito a paridad exacta porque el video no demuestra la política de permisos o corrección.","4349523df4750720308de9059a4e6c5ec2624675","Estado inicial desde MASTER_VIDEO_REQUIREMENTS; falta certificación actual independiente."
"CH11-F01","CH11","Agenda filtrable por paciente","Criterio Paciente con selector buscable y ficha/filtro del paciente; calendario con eventos coloreados.","VISIBLE","P1","references/video-audit/chapters/CH11_agenda_y_turnos/event_frames/CH11-E0010_00h31m50s200ms_abrupt_change.jpg|references/video-audit/chapters/CH11_agenda_y_turnos/detail_crops/CH11-E0010_00h31m50s200ms_DETAIL.jpg|references/video-audit/chapters/CH11_agenda_y_turnos/event_frames/CH11-E0015_00h31m55s600ms_stable_change.jpg","CH11-Q004","ROUTE-AGENDA","/agenda","apps/web/src/app/(workspace)/agenda/page.tsx","","","EXACT","VERIFIED","UNVERIFIED","UNVERIFIED","UNVERIFIED","","","","","","","","4349523df4750720308de9059a4e6c5ec2624675","Estado inicial desde MASTER_VIDEO_REQUIREMENTS; falta certificación actual independiente."
"CH11-F02","CH11","Navegación y vistas de calendario","Controles anterior/hoy/siguiente y vistas Mes, Semana, Lista por semana y Lista por día; aparecen acciones Eliminar visitas y Crear.","VISIBLE","P1","references/video-audit/chapters/CH11_agenda_y_turnos/event_frames/CH11-E0010_00h31m50s200ms_abrupt_change.jpg|references/video-audit/chapters/CH11_agenda_y_turnos/detail_crops/CH11-E0010_00h31m50s200ms_DETAIL.jpg","","ROUTE-AGENDA","/agenda","apps/web/src/app/(workspace)/agenda/page.tsx","","","PARTIAL","UNVERIFIED","UNVERIFIED","UNVERIFIED","UNVERIFIED","","","","","","","","4349523df4750720308de9059a4e6c5ec2624675","Estado inicial desde MASTER_VIDEO_REQUIREMENTS; falta certificación actual independiente."
"CH11-F03","CH11","Formulario de creación de visita","Paciente, DUI, empresa, inicio/fin, frecuencia/cantidad, clasificación, tipo y descuento; botones Cerrar y Guardar.","VISIBLE","P1","references/video-audit/chapters/CH11_agenda_y_turnos/event_frames/CH11-E0022_00h32m03s600ms_abrupt_change.jpg|references/video-audit/chapters/CH11_agenda_y_turnos/detail_crops/CH11-E0022_00h32m03s600ms_DETAIL.jpg|references/video-audit/chapters/CH11_agenda_y_turnos/event_frames/CH11-E0023_00h32m08s400ms_motion_progress.jpg|references/video-audit/chapters/CH11_agenda_y_turnos/detail_crops/CH11-E0023_00h32m08s400ms_DETAIL.jpg","","ROUTE-AGENDA","/agenda","apps/web/src/app/(workspace)/agenda/page.tsx","","","PARTIAL","UNVERIFIED","UNVERIFIED","UNVERIFIED","UNVERIFIED","","","","","","","","4349523df4750720308de9059a4e6c5ec2624675","Estado inicial desde MASTER_VIDEO_REQUIREMENTS; falta certificación actual independiente."
"CH11-F04","CH11","Clasificación puntual o turno","El formulario expone las opciones Puntual y Turno para clasificar la visita.","VISIBLE","P1","references/video-audit/chapters/CH11_agenda_y_turnos/event_frames/CH11-E0026_00h32m28s600ms_settled.jpg|references/video-audit/chapters/CH11_agenda_y_turnos/detail_crops/CH11-E0026_00h32m28s600ms_DETAIL.jpg|references/video-audit/chapters/CH11_agenda_y_turnos/event_frames/CH11-E0027_00h32m29s200ms_stable_change.jpg|references/video-audit/chapters/CH11_agenda_y_turnos/detail_crops/CH11-E0027_00h32m29s200ms_DETAIL.jpg","","ROUTE-AGENDA","/agenda","apps/web/src/app/(workspace)/agenda/page.tsx","","","EXACT","VERIFIED","UNVERIFIED","UNVERIFIED","UNVERIFIED","","","","","","","","4349523df4750720308de9059a4e6c5ec2624675","Estado inicial desde MASTER_VIDEO_REQUIREMENTS; falta certificación actual independiente."
"CH11-F05","CH11","Catálogo de tipos de visita","Lista visible de servicios de enfermería, supervisión, medicina, terapias, nutrición, cuidador, psicología, trabajo social, visita espiritual, laboratorio y otras especialidades.","VISIBLE","P1","references/video-audit/chapters/CH11_agenda_y_turnos/event_frames/CH11-E0040_00h32m44s200ms_stable_change.jpg|references/video-audit/chapters/CH11_agenda_y_turnos/detail_crops/CH11-E0040_00h32m44s200ms_DETAIL.jpg","","ROUTE-AGENDA","/agenda","apps/web/src/app/(workspace)/agenda/page.tsx","","","EXACT","VERIFIED","UNVERIFIED","UNVERIFIED","UNVERIFIED","","","","","","","","4349523df4750720308de9059a4e6c5ec2624675","Estado inicial desde MASTER_VIDEO_REQUIREMENTS; falta certificación actual independiente."
"CH11-F06","CH11","Detalle de visita finalizada","Modal de visita con pestañas Agenda y Actualizaciones, datos del paciente/agenda, recurso asignado, observaciones y estado finalizado.","VISIBLE","P1","references/video-audit/chapters/CH11_agenda_y_turnos/event_frames/CH11-E0050_00h32m51s800ms_abrupt_change.jpg","CH11-Q002|CH11-Q004|CH11-Q006|CH11-Q008","ROUTE-AGENDA","/agenda","apps/web/src/app/(workspace)/agenda/page.tsx","","","PARTIAL","UNVERIFIED","UNVERIFIED","UNVERIFIED","UNVERIFIED","","","","","","","","4349523df4750720308de9059a4e6c5ec2624675","Estado inicial desde MASTER_VIDEO_REQUIREMENTS; falta certificación actual independiente."
"CH11-F07","CH11","Tipo de atención en liquidación","Opciones primera visita, seguimiento y última visita dentro del detalle; se muestra una tarifa asociada al servicio.","VISIBLE","P1","references/video-audit/chapters/CH11_agenda_y_turnos/event_frames/CH11-E0060_00h33m10s600ms_abrupt_change.jpg","","ROUTE-AGENDA","/agenda","apps/web/src/app/(workspace)/agenda/page.tsx","","","NOT_TESTABLE","UNVERIFIED","UNVERIFIED","UNVERIFIED","UNVERIFIED","","","","","NOT_TESTABLE","","La superficie es visible para paridad, sin simular efectos clínicos o financieros.","4349523df4750720308de9059a4e6c5ec2624675","Estado inicial desde MASTER_VIDEO_REQUIREMENTS; falta certificación actual independiente."
"CH11-F08","CH11","Ajustes al pago de servicio profesional","Tabla y controles para motivo, monto y comentario de descuento/pago del servicio; Guardar y Cerrar.","VISIBLE","P1","references/video-audit/chapters/CH11_agenda_y_turnos/event_frames/CH11-E0055_00h33m00s600ms_abrupt_change.jpg|references/video-audit/chapters/CH11_agenda_y_turnos/event_frames/CH11-E0060_00h33m10s600ms_abrupt_change.jpg","","ROUTE-AGENDA","/agenda","apps/web/src/app/(workspace)/agenda/page.tsx","","","NOT_TESTABLE","UNVERIFIED","UNVERIFIED","UNVERIFIED","UNVERIFIED","","","","","NOT_TESTABLE","","Motivo, monto y comentario se muestran sin producir una operación financiera falsa.","4349523df4750720308de9059a4e6c5ec2624675","Estado inicial desde MASTER_VIDEO_REQUIREMENTS; falta certificación actual independiente."
"CH11-F09","CH11","Reglas de liquidación y permisos","La visita muestra controles de tarifa, descuento, edición de pago, guardar y cerrar, pero no prueba qué roles pueden usarlos ni las reglas contables de la liquidación.","UNCERTAIN","P2","references/video-audit/chapters/CH11_agenda_y_turnos/event_frames/CH11-E0055_00h33m00s600ms_abrupt_change.jpg","","ROUTE-AGENDA","/agenda","apps/web/src/app/(workspace)/agenda/page.tsx","","","NOT_TESTABLE","UNVERIFIED","UNVERIFIED","UNVERIFIED","UNVERIFIED","","","","","NOT_TESTABLE","","La asignación básica es remota-first, idempotente y auditada; la política de negocio permanece explícitamente abierta.","4349523df4750720308de9059a4e6c5ec2624675","Estado inicial desde MASTER_VIDEO_REQUIREMENTS; falta certificación actual independiente."
"CH12-F01","CH12","Resumen de cuentas por pagar","Pestañas Resumen y Pagos; en Resumen aparecen Facturas y Reclamos, tabla, búsqueda y acciones Generar planilla, Restricciones, Descargar y Limpiar Tabla.","VISIBLE","P1","references/video-audit/chapters/CH12_cuentas_por_pagar_y_pagos_de_servicios/event_frames/CH12-E0004_00h33m30s600ms_abrupt_change.jpg|references/video-audit/chapters/CH12_cuentas_por_pagar_y_pagos_de_servicios/detail_crops/CH12-E0004_00h33m30s600ms_DETAIL.jpg","CH12-Q011","ROUTE-NURSING-RESOURCES","/clinical/nursing","apps/web/src/app/(workspace)/clinical/nursing/page.tsx","","","PARTIAL","UNVERIFIED","UNVERIFIED","UNVERIFIED","UNVERIFIED","","","","","","","","4349523df4750720308de9059a4e6c5ec2624675","Estado inicial desde MASTER_VIDEO_REQUIREMENTS; falta certificación actual independiente."
"CH12-F02","CH12","Listado de pagos de servicios","Registros con selección, búsqueda, paginación y columnas Recurso, Fecha Visita, Paciente, Monto, Estatus y Est. Visita; se ven Pendiente de pago y Finalizada.","VISIBLE","P1","references/video-audit/chapters/CH12_cuentas_por_pagar_y_pagos_de_servicios/event_frames/CH12-E0016_00h34m17s000ms_abrupt_change.jpg|references/video-audit/chapters/CH12_cuentas_por_pagar_y_pagos_de_servicios/detail_crops/CH12-E0016_00h34m17s000ms_DETAIL.jpg","CH12-Q001|CH12-Q002|CH12-Q003","ROUTE-NURSING-RESOURCES","/clinical/nursing","apps/web/src/app/(workspace)/clinical/nursing/page.tsx","","","EXACT","VERIFIED","UNVERIFIED","UNVERIFIED","UNVERIFIED","","","","","","","","4349523df4750720308de9059a4e6c5ec2624675","Estado inicial desde MASTER_VIDEO_REQUIREMENTS; falta certificación actual independiente."
"CH12-F03","CH12","Acciones de pagos y reportes","Acciones visibles Editar Grupo, Reporte Por Recurso y un segundo reporte cuyo rótulo queda parcialmente oculto.","VISIBLE","P2","references/video-audit/chapters/CH12_cuentas_por_pagar_y_pagos_de_servicios/event_frames/CH12-E0016_00h34m17s000ms_abrupt_change.jpg|references/video-audit/chapters/CH12_cuentas_por_pagar_y_pagos_de_servicios/detail_crops/CH12-E0016_00h34m17s000ms_DETAIL.jpg","CH12-Q001|CH12-Q002|CH12-Q003","ROUTE-NURSING-RESOURCES","/clinical/nursing","apps/web/src/app/(workspace)/clinical/nursing/page.tsx","","","NOT_TESTABLE","UNVERIFIED","UNVERIFIED","UNVERIFIED","UNVERIFIED","","","","","NOT_TESTABLE","CH12-Q001|CH12-Q002|CH12-Q003","El control oculto no se nombra como hecho; se presenta como pendiente de confirmar.","4349523df4750720308de9059a4e6c5ec2624675","Estado inicial desde MASTER_VIDEO_REQUIREMENTS; falta certificación actual independiente."
"CH12-F04","CH12","Filtro de pagos","Filtro por rango de fechas, recurso y estado con acciones Cerrar, Limpiar y Aplicar.","VISIBLE","P2","references/video-audit/chapters/CH12_cuentas_por_pagar_y_pagos_de_servicios/event_frames/CH12-E0010_00h34m02s200ms_settled.jpg|references/video-audit/chapters/CH12_cuentas_por_pagar_y_pagos_de_servicios/detail_crops/CH12-E0010_00h34m02s200ms_DETAIL.jpg","","ROUTE-NURSING-RESOURCES","/clinical/nursing","apps/web/src/app/(workspace)/clinical/nursing/page.tsx","","","EXACT","VERIFIED","UNVERIFIED","UNVERIFIED","UNVERIFIED","","","","","","","","4349523df4750720308de9059a4e6c5ec2624675","Estado inicial desde MASTER_VIDEO_REQUIREMENTS; falta certificación actual independiente."
"CH12-F05","CH12","Edición de pago de servicio profesional","Modal con fecha, hospitalización, recurso, paciente, tarifa, monto, estatus, comentarios y tabla de conceptos con Agregar.","VISIBLE","P1","references/video-audit/chapters/CH12_cuentas_por_pagar_y_pagos_de_servicios/event_frames/CH12-E0022_00h34m42s800ms_stable_change.jpg|references/video-audit/chapters/CH12_cuentas_por_pagar_y_pagos_de_servicios/detail_crops/CH12-E0022_00h34m42s800ms_DETAIL.jpg|references/video-audit/chapters/CH12_cuentas_por_pagar_y_pagos_de_servicios/event_frames/CH12-E0024_00h34m44s600ms_stable_change.jpg|references/video-audit/chapters/CH12_cuentas_por_pagar_y_pagos_de_servicios/detail_crops/CH12-E0024_00h34m44s600ms_DETAIL.jpg","CH12-Q004|CH12-Q007","ROUTE-NURSING-RESOURCES","/clinical/nursing","apps/web/src/app/(workspace)/clinical/nursing/page.tsx","","","PARTIAL","UNVERIFIED","UNVERIFIED","UNVERIFIED","UNVERIFIED","","","","","","","","4349523df4750720308de9059a4e6c5ec2624675","Estado inicial desde MASTER_VIDEO_REQUIREMENTS; falta certificación actual independiente."
"CH12-F06","CH12","Conceptos de adición o descuento","Agregar concepto permite tipo Añadidura o Descuento, motivo requerido, monto y comentario.","VISIBLE","P1","references/video-audit/chapters/CH12_cuentas_por_pagar_y_pagos_de_servicios/event_frames/CH12-E0025_00h34m47s600ms_abrupt_change.jpg|references/video-audit/chapters/CH12_cuentas_por_pagar_y_pagos_de_servicios/event_frames/CH12-E0027_00h34m49s800ms_motion_progress.jpg|references/video-audit/chapters/CH12_cuentas_por_pagar_y_pagos_de_servicios/detail_crops/CH12-E0027_00h34m49s800ms_DETAIL.jpg","CH12-Q006","ROUTE-NURSING-RESOURCES","/clinical/nursing","apps/web/src/app/(workspace)/clinical/nursing/page.tsx","","","PARTIAL","UNVERIFIED","UNVERIFIED","UNVERIFIED","UNVERIFIED","","","","","","","","4349523df4750720308de9059a4e6c5ec2624675","Estado inicial desde MASTER_VIDEO_REQUIREMENTS; falta certificación actual independiente."
"CH12-F07","CH12","Catálogo visible de motivos","Se observan motivos de añadidura como Tiempo extra, Excelencia, Mal agendado, Paciente especial y Transporte, y diversos motivos de descuento por retraso, inasistencia, cambio de turno, cierre tardío, transporte y cumplimiento.","VISIBLE","P2","references/video-audit/chapters/CH12_cuentas_por_pagar_y_pagos_de_servicios/event_frames/CH12-E0029_00h34m55s800ms_motion_progress.jpg|references/video-audit/chapters/CH12_cuentas_por_pagar_y_pagos_de_servicios/detail_crops/CH12-E0029_00h34m55s800ms_DETAIL.jpg|references/video-audit/chapters/CH12_cuentas_por_pagar_y_pagos_de_servicios/event_frames/CH12-E0034_00h35m02s000ms_abrupt_change.jpg|references/video-audit/chapters/CH12_cuentas_por_pagar_y_pagos_de_servicios/detail_crops/CH12-E0034_00h35m02s000ms_DETAIL.jpg|references/video-audit/chapters/CH12_cuentas_por_pagar_y_pagos_de_servicios/event_frames/CH12-E0040_00h35m07s600ms_stable_change.jpg|references/video-audit/chapters/CH12_cuentas_por_pagar_y_pagos_de_servicios/detail_crops/CH12-E0040_00h35m07s600ms_DETAIL.jpg","CH12-Q005","ROUTE-NURSING-RESOURCES","/clinical/nursing","apps/web/src/app/(workspace)/clinical/nursing/page.tsx","","","EXACT","VERIFIED","UNVERIFIED","UNVERIFIED","UNVERIFIED","","","","","","","","4349523df4750720308de9059a4e6c5ec2624675","Estado inicial desde MASTER_VIDEO_REQUIREMENTS; falta certificación actual independiente."
"CH12-F08","CH12","Reglas financieras de montos y aprobación","Los montos y estados son datos observados; el capítulo no demuestra fórmulas, tratamiento contable/fiscal, permisos de aprobación ni inmutabilidad posterior a planilla.","UNCERTAIN","P0","references/video-audit/chapters/CH12_cuentas_por_pagar_y_pagos_de_servicios/event_frames/CH12-E0022_00h34m42s800ms_stable_change.jpg|references/video-audit/chapters/CH12_cuentas_por_pagar_y_pagos_de_servicios/detail_crops/CH12-E0022_00h34m42s800ms_DETAIL.jpg","CH12-Q004|CH12-Q007","ROUTE-NURSING-RESOURCES","/clinical/nursing","apps/web/src/app/(workspace)/clinical/nursing/page.tsx","","","NOT_TESTABLE","UNVERIFIED","UNVERIFIED","UNVERIFIED","UNVERIFIED","","","","","NOT_TESTABLE","CH12-Q004|CH12-Q007","El P0 se contiene cerrando escrituras directas, RLS de ítems, doble inclusión y éxitos local-first.","4349523df4750720308de9059a4e6c5ec2624675","Estado inicial desde MASTER_VIDEO_REQUIREMENTS; falta certificación actual independiente."
"CH13-F01","CH13","Listado de compras","Tabla con Acciones, Tipo, Número, Proveedor, Total, # Factura, Fecha, Estado y Registro PT; búsqueda, paginación y exportación Excel.","VISIBLE","P1","references/video-audit/chapters/CH13_compras_y_compras_al_por_mayor/event_frames/CH13-E0004_00h36m46s400ms_abrupt_change.jpg|references/video-audit/chapters/CH13_compras_y_compras_al_por_mayor/detail_crops/CH13-E0004_00h36m46s400ms_DETAIL.jpg","CH13-Q001|CH13-Q009","ROUTE-PURCHASES","/purchases","apps/web/src/app/(workspace)/purchases/page.tsx|apps/web/src/components/providers.tsx","","","EXACT","VERIFIED","UNVERIFIED","UNVERIFIED","UNVERIFIED","","","","","","","","4349523df4750720308de9059a4e6c5ec2624675","Estado inicial desde MASTER_VIDEO_REQUIREMENTS; falta certificación actual independiente."
"CH13-F02","CH13","Estados visibles de compra","Se observan Compra Recibida y Pendiente, además de Registro PT Sin Registro o Pendiente.","VISIBLE","P0","references/video-audit/chapters/CH13_compras_y_compras_al_por_mayor/event_frames/CH13-E0004_00h36m46s400ms_abrupt_change.jpg|references/video-audit/chapters/CH13_compras_y_compras_al_por_mayor/detail_crops/CH13-E0004_00h36m46s400ms_DETAIL.jpg","CH13-Q001|CH13-Q009","ROUTE-PURCHASES","/purchases","apps/web/src/app/(workspace)/purchases/page.tsx|apps/web/src/components/providers.tsx","","","NOT_TESTABLE","UNVERIFIED","UNVERIFIED","UNVERIFIED","UNVERIFIED","","","","","NOT_TESTABLE","CH13-Q001|CH13-Q009","Los rótulos visibles se conservan, pero ninguna transición se infiere.","4349523df4750720308de9059a4e6c5ec2624675","Estado inicial desde MASTER_VIDEO_REQUIREMENTS; falta certificación actual independiente."
"CH13-F03","CH13","Elección de modalidad de compra","Nuevo permite escoger Orden de compra o Caja menuda.","VISIBLE","P1","references/video-audit/chapters/CH13_compras_y_compras_al_por_mayor/event_frames/CH13-E0006_00h36m50s400ms_abrupt_change.jpg|references/video-audit/chapters/CH13_compras_y_compras_al_por_mayor/event_frames/CH13-E0035_00h37m37s800ms_abrupt_change.jpg","CH13-Q008","ROUTE-PURCHASES","/purchases","apps/web/src/app/(workspace)/purchases/page.tsx|apps/web/src/components/providers.tsx","","","EXACT","VERIFIED","UNVERIFIED","UNVERIFIED","UNVERIFIED","","","","","","","","4349523df4750720308de9059a4e6c5ec2624675","Estado inicial desde MASTER_VIDEO_REQUIREMENTS; falta certificación actual independiente."
"CH13-F04","CH13","Formulario de orden de compra","Fecha, número de factura, observaciones, ítem, proveedor, presentación, costo y cantidad; permite agregar presentación/ítem y guardar.","VISIBLE","P1","references/video-audit/chapters/CH13_compras_y_compras_al_por_mayor/event_frames/CH13-E0007_00h36m54s400ms_abrupt_change.jpg","","ROUTE-PURCHASES","/purchases","apps/web/src/app/(workspace)/purchases/page.tsx|apps/web/src/components/providers.tsx","","","PARTIAL","UNVERIFIED","UNVERIFIED","UNVERIFIED","UNVERIFIED","","","","","","","","4349523df4750720308de9059a4e6c5ec2624675","Estado inicial desde MASTER_VIDEO_REQUIREMENTS; falta certificación actual independiente."
"CH13-F05","CH13","Tabla de ítems de orden","Tabla Proveedor, Ítem, Costo, Cantidad, Presentación y Total con acciones Atrás y Guardar.","VISIBLE","P1","references/video-audit/chapters/CH13_compras_y_compras_al_por_mayor/event_frames/CH13-E0027_00h37m23s000ms_motion_progress.jpg|references/video-audit/chapters/CH13_compras_y_compras_al_por_mayor/detail_crops/CH13-E0027_00h37m23s000ms_DETAIL.jpg|references/video-audit/chapters/CH13_compras_y_compras_al_por_mayor/event_frames/CH13-E0029_00h37m24s000ms_stable_change.jpg","","ROUTE-PURCHASES","/purchases","apps/web/src/app/(workspace)/purchases/page.tsx|apps/web/src/components/providers.tsx","","","EXACT","VERIFIED","UNVERIFIED","UNVERIFIED","UNVERIFIED","","","","","","","","4349523df4750720308de9059a4e6c5ec2624675","Estado inicial desde MASTER_VIDEO_REQUIREMENTS; falta certificación actual independiente."
"CH13-F06","CH13","Formulario de compra por caja menuda","Fecha, proveedor, factura, archivo de factura con Buscar, observaciones, ítem, presentación, costo, cantidad, impuesto y descuento.","VISIBLE","P0","references/video-audit/chapters/CH13_compras_y_compras_al_por_mayor/event_frames/CH13-E0035_00h37m37s800ms_abrupt_change.jpg|references/video-audit/chapters/CH13_compras_y_compras_al_por_mayor/event_frames/CH13-E0052_00h38m22s400ms_settled.jpg|references/video-audit/chapters/CH13_compras_y_compras_al_por_mayor/detail_crops/CH13-E0052_00h38m22s400ms_DETAIL.jpg","CH13-Q008|CH13-Q014","ROUTE-PURCHASES","/purchases","apps/web/src/app/(workspace)/purchases/page.tsx|apps/web/src/components/providers.tsx","","","PARTIAL","UNVERIFIED","UNVERIFIED","UNVERIFIED","UNVERIFIED","","","","","","","","4349523df4750720308de9059a4e6c5ec2624675","Estado inicial desde MASTER_VIDEO_REQUIREMENTS; falta certificación actual independiente."
"CH13-F07","CH13","Desglose de totales de caja menuda","Tabla Ítem, Costo, Cantidad, Presentación, Impuesto, Descuento y Total; resumen Subtotal, Descuentos, Extra, Impuesto y Total. Los valores son datos del ejemplo, no reglas de cálculo confirmadas.","VISIBLE","P0","references/video-audit/chapters/CH13_compras_y_compras_al_por_mayor/event_frames/CH13-E0065_00h38m52s400ms_abrupt_change.jpg|references/video-audit/chapters/CH13_compras_y_compras_al_por_mayor/event_frames/CH13-E0069_00h38m58s600ms_stable_change.jpg","CH13-Q004","ROUTE-PURCHASES","/purchases","apps/web/src/app/(workspace)/purchases/page.tsx|apps/web/src/components/providers.tsx","","","EXACT","VERIFIED","UNVERIFIED","UNVERIFIED","UNVERIFIED","","","","","","","","4349523df4750720308de9059a4e6c5ec2624675","Estado inicial desde MASTER_VIDEO_REQUIREMENTS; falta certificación actual independiente."
"CH13-F08","CH13","Detalle de compra y adjuntos","Modal con fecha, orden, factura, estado, categoría, proveedor, observaciones, adjuntos con Ver archivo, tabla de ítems y totales.","VISIBLE","P1","references/video-audit/chapters/CH13_compras_y_compras_al_por_mayor/event_frames/CH13-E0083_00h39m33s000ms_abrupt_change.jpg|references/video-audit/chapters/CH13_compras_y_compras_al_por_mayor/event_frames/CH13-E0084_00h39m33s400ms_abrupt_change.jpg","CH13-Q007","ROUTE-PURCHASES","/purchases","apps/web/src/app/(workspace)/purchases/page.tsx|apps/web/src/components/providers.tsx","","","PARTIAL","UNVERIFIED","UNVERIFIED","UNVERIFIED","UNVERIFIED","","","","","","","","4349523df4750720308de9059a4e6c5ec2624675","Estado inicial desde MASTER_VIDEO_REQUIREMENTS; falta certificación actual independiente."
"CH13-F09","CH13","Acciones sobre compra","Menú con Ver, Editar detalles, Copiar, Imprimir PDF, Imprimir con montos, Imprimir a Excel y Anular.","VISIBLE","P0","references/video-audit/chapters/CH13_compras_y_compras_al_por_mayor/event_frames/CH13-E0091_00h39m40s800ms_settled.jpg|references/video-audit/chapters/CH13_compras_y_compras_al_por_mayor/detail_crops/CH13-E0091_00h39m40s800ms_DETAIL.jpg","CH13-Q010|CH13-Q011|CH13-Q012|CH13-Q013","ROUTE-PURCHASES","/purchases","apps/web/src/app/(workspace)/purchases/page.tsx|apps/web/src/components/providers.tsx","","","PARTIAL","UNVERIFIED","UNVERIFIED","UNVERIFIED","UNVERIFIED","","","","","","","","4349523df4750720308de9059a4e6c5ec2624675","Estado inicial desde MASTER_VIDEO_REQUIREMENTS; falta certificación actual independiente."
"CH13-F10","CH13","Relación de compras con inventario","La narración dice que compras sirve para alimentar el inventario; no se observa recepción ni movimiento de inventario en pantalla.","VERBAL","P0","references/video-audit/chapters/CH13_compras_y_compras_al_por_mayor/event_frames/CH13-E0092_00h39m43s000ms_settled.jpg|references/video-audit/chapters/CH13_compras_y_compras_al_por_mayor/detail_crops/CH13-E0092_00h39m43s000ms_DETAIL.jpg","CH13-Q002|CH13-Q003","ROUTE-PURCHASES","/purchases","apps/web/src/app/(workspace)/purchases/page.tsx|apps/web/src/components/providers.tsx","","","NOT_TESTABLE","UNVERIFIED","UNVERIFIED","UNVERIFIED","UNVERIFIED","","","","","NOT_TESTABLE","CH13-Q002|CH13-Q003","La afirmación es verbal; el video no demuestra la recepción.","4349523df4750720308de9059a4e6c5ec2624675","Estado inicial desde MASTER_VIDEO_REQUIREMENTS; falta certificación actual independiente."
"CH13-F11","CH13","Reglas fiscales, de anulación y autorización","No se demuestran cálculo fiscal, reglas de redondeo, permisos para editar/anular, efecto de anulación ni control de archivos adjuntos.","UNCERTAIN","P0","references/video-audit/chapters/CH13_compras_y_compras_al_por_mayor/event_frames/CH13-E0092_00h39m43s000ms_settled.jpg|references/video-audit/chapters/CH13_compras_y_compras_al_por_mayor/detail_crops/CH13-E0092_00h39m43s000ms_DETAIL.jpg","CH13-Q002|CH13-Q003","ROUTE-PURCHASES","/purchases","apps/web/src/app/(workspace)/purchases/page.tsx|apps/web/src/components/providers.tsx","","","NOT_TESTABLE","UNVERIFIED","UNVERIFIED","UNVERIFIED","UNVERIFIED","","","","","NOT_TESTABLE","CH13-Q002|CH13-Q003","El P0 previo queda contenido por RPC tenant-safe, idempotencia, auditoría y ausencia de éxito local-first.","4349523df4750720308de9059a4e6c5ec2624675","Estado inicial desde MASTER_VIDEO_REQUIREMENTS; falta certificación actual independiente."
"CH14-F01","CH14","Existencias disponibles, comprometidas y totales","Gestión de inventario lista items por bodega y separa disponible, comprometido y total; ofrece búsqueda, paginación, Excel y Traslados.","VISIBLE","P1","references/video-audit/chapters/CH14_inventario_movimientos_acuses_cierres_bodegas_y_kits/detail_crops/CH14-E0006_00h40m05s400ms_DETAIL.jpg","CH14-Q001|CH14-Q015","ROUTE-INVENTORY","/inventory","apps/web/src/app/(workspace)/inventory/page.tsx","","","PARTIAL","UNVERIFIED","UNVERIFIED","UNVERIFIED","UNVERIFIED","","","","","","","","4349523df4750720308de9059a4e6c5ec2624675","Estado inicial desde MASTER_VIDEO_REQUIREMENTS; falta certificación actual independiente."
"CH14-F02","CH14","Historial de movimientos por item","Ver movimientos abre un historial con rango de fechas, lote/serie, origen, destino, cantidad, Entrada/Salida y estado Disponible/Gastado.","VISIBLE","P1","references/video-audit/chapters/CH14_inventario_movimientos_acuses_cierres_bodegas_y_kits/event_frames/CH14-E0016_00h40m37s800ms_stable_change.jpg|references/video-audit/chapters/CH14_inventario_movimientos_acuses_cierres_bodegas_y_kits/event_frames/CH14-E0018_00h40m39s000ms_abrupt_change.jpg","CH14-Q001","ROUTE-INVENTORY","/inventory","apps/web/src/app/(workspace)/inventory/page.tsx","","","PARTIAL","UNVERIFIED","UNVERIFIED","UNVERIFIED","UNVERIFIED","","","","","","","","4349523df4750720308de9059a4e6c5ec2624675","Estado inicial desde MASTER_VIDEO_REQUIREMENTS; falta certificación actual independiente."
"CH14-F03","CH14","Inventario comprometido como estado temporal","La conversación explica que lo enviado al domicilio queda comprometido en la cuenta del paciente hasta cerrar o contabilizar el servicio; no demuestra la fórmula de reserva.","VERBAL","P0","references/video-audit/chapters/CH14_inventario_movimientos_acuses_cierres_bodegas_y_kits/event_frames/CH14-E0018_00h40m39s000ms_abrupt_change.jpg","CH14-Q001","ROUTE-INVENTORY","/inventory","apps/web/src/app/(workspace)/inventory/page.tsx","","","NOT_TESTABLE","UNVERIFIED","UNVERIFIED","UNVERIFIED","UNVERIFIED","","","","","NOT_TESTABLE","CH14-Q001","No se promueve la explicación verbal a una regla productiva.","4349523df4750720308de9059a4e6c5ec2624675","Estado inicial desde MASTER_VIDEO_REQUIREMENTS; falta certificación actual independiente."
"CH14-F04","CH14","Panel de acuses por pacientes y recursos","Acuses separa Pacientes, Recursos, No disponible, Solicitudes y Tareas, con selector de área y tabla de identificación, empresa y estado.","VISIBLE","P1","references/video-audit/chapters/CH14_inventario_movimientos_acuses_cierres_bodegas_y_kits/event_frames/CH14-E0029_00h40m51s600ms_abrupt_change.jpg","","ROUTE-INVENTORY","/inventory","apps/web/src/app/(workspace)/inventory/page.tsx","","","PARTIAL","UNVERIFIED","UNVERIFIED","UNVERIFIED","UNVERIFIED","","","","","","","","4349523df4750720308de9059a4e6c5ec2624675","Estado inicial desde MASTER_VIDEO_REQUIREMENTS; falta certificación actual independiente."
"CH14-F05","CH14","Gestión y exportación de acuses","La fila permite Nuevo, Ver acuses, Descargar Excel y Registro XPO; un acuse permite Duplicar, Editar, Asignar hospitalización, Imprimir, consultar items faltantes y Eliminar.","VISIBLE","P0","references/video-audit/chapters/CH14_inventario_movimientos_acuses_cierres_bodegas_y_kits/event_frames/CH14-E0032_00h40m53s200ms_abrupt_change.jpg|references/video-audit/chapters/CH14_inventario_movimientos_acuses_cierres_bodegas_y_kits/detail_crops/CH14-E0035_00h41m00s800ms_DETAIL.jpg","CH14-Q002|CH14-Q003","ROUTE-INVENTORY","/inventory","apps/web/src/app/(workspace)/inventory/page.tsx","","","NOT_TESTABLE","UNVERIFIED","UNVERIFIED","UNVERIFIED","UNVERIFIED","","","","","NOT_TESTABLE","CH14-Q002|CH14-Q003","Acciones visibles y bloqueadas; no existe éxito simulado.","4349523df4750720308de9059a4e6c5ec2624675","Estado inicial desde MASTER_VIDEO_REQUIREMENTS; falta certificación actual independiente."
"CH14-F06","CH14","Cierres pendientes, totales y cerrados","Cierres separa Pendientes, Cierres totales, Cerrados y Recursos; Pendientes lista pacientes activos con estado y fecha de inicio.","VISIBLE","P1","references/video-audit/chapters/CH14_inventario_movimientos_acuses_cierres_bodegas_y_kits/event_frames/CH14-E0041_00h41m38s600ms_stable_change.jpg","","ROUTE-INVENTORY","/inventory","apps/web/src/app/(workspace)/inventory/page.tsx","","","PARTIAL","UNVERIFIED","UNVERIFIED","UNVERIFIED","UNVERIFIED","","","","","","","","4349523df4750720308de9059a4e6c5ec2624675","Estado inicial desde MASTER_VIDEO_REQUIREMENTS; falta certificación actual independiente."
"CH14-F07","CH14","Advertencia de cierre ya abierto","Al iniciar un cierre cuando existe uno abierto, la interfaz advierte que continuar podría borrar datos guardados y obliga a Cancelar o Aceptar.","VISIBLE","P0","references/video-audit/chapters/CH14_inventario_movimientos_acuses_cierres_bodegas_y_kits/detail_crops/CH14-E0046_00h41m47s400ms_DETAIL.jpg","CH14-Q006","ROUTE-INVENTORY","/inventory","apps/web/src/app/(workspace)/inventory/page.tsx","","","EXACT","VERIFIED","UNVERIFIED","UNVERIFIED","UNVERIFIED","","","","","","","","4349523df4750720308de9059a4e6c5ec2624675","Estado inicial desde MASTER_VIDEO_REQUIREMENTS; falta certificación actual independiente."
"CH14-F08","CH14","Aprobación de cierre total","Un cierre total ofrece Editar, Imprimir, Aprobar y Cancelar. Verbalmente se explica una etapa editable antes de la aprobación/cierre definitivo.","VISIBLE","P0","references/video-audit/chapters/CH14_inventario_movimientos_acuses_cierres_bodegas_y_kits/detail_crops/CH14-E0050_00h42m16s400ms_DETAIL.jpg","CH14-Q007","ROUTE-INVENTORY","/inventory","apps/web/src/app/(workspace)/inventory/page.tsx","","","NOT_TESTABLE","UNVERIFIED","UNVERIFIED","UNVERIFIED","UNVERIFIED","","","","","NOT_TESTABLE","CH14-Q007","Editar, Aprobar y Cancelar permanecen bloqueados; impresión es provisional.","4349523df4750720308de9059a4e6c5ec2624675","Estado inicial desde MASTER_VIDEO_REQUIREMENTS; falta certificación actual independiente."
"CH14-F09","CH14","Catálogo de proveedores","Proveedores muestra código, empresa, contacto, teléfono, correo y dirección, con búsqueda, paginación y alta.","VISIBLE","P1","references/video-audit/chapters/CH14_inventario_movimientos_acuses_cierres_bodegas_y_kits/event_frames/CH14-E0061_00h43m24s400ms_abrupt_change.jpg","CH14-Q008","ROUTE-INVENTORY","/inventory","apps/web/src/app/(workspace)/inventory/page.tsx","","","PARTIAL","UNVERIFIED","UNVERIFIED","UNVERIFIED","UNVERIFIED","","","","","","","","4349523df4750720308de9059a4e6c5ec2624675","Estado inicial desde MASTER_VIDEO_REQUIREMENTS; falta certificación actual independiente."
"CH14-F10","CH14","Catálogo de bodegas y traslados","Bodegas filtra por Activo y lista nombre, descripción y fecha; la conversación menciona traslados entre ubicaciones.","VISIBLE","P0","references/video-audit/chapters/CH14_inventario_movimientos_acuses_cierres_bodegas_y_kits/event_frames/CH14-E0068_00h43m28s600ms_settled.jpg","CH14-Q009","ROUTE-INVENTORY","/inventory","apps/web/src/app/(workspace)/inventory/page.tsx","","","PARTIAL","UNVERIFIED","UNVERIFIED","UNVERIFIED","UNVERIFIED","","","","","","","","4349523df4750720308de9059a4e6c5ec2624675","Estado inicial desde MASTER_VIDEO_REQUIREMENTS; falta certificación actual independiente."
"CH14-F11","CH14","Lotes, números de serie y vencimiento","El módulo separa Lotes y Nros de serie; la tabla enlaza lote con item, fechas y estado, y resalta varias Fecha inválida en rojo.","VISIBLE","P0","references/video-audit/chapters/CH14_inventario_movimientos_acuses_cierres_bodegas_y_kits/event_frames/CH14-E0075_00h43m37s200ms_stable_change.jpg","","ROUTE-INVENTORY","/inventory","apps/web/src/app/(workspace)/inventory/page.tsx","","","PARTIAL","UNVERIFIED","UNVERIFIED","UNVERIFIED","UNVERIFIED","","","","","","","","4349523df4750720308de9059a4e6c5ec2624675","Estado inicial desde MASTER_VIDEO_REQUIREMENTS; falta certificación actual independiente."
"CH14-F12","CH14","Catálogo de kits de insumos","Kit de insumos ofrece Excel, Nuevo, búsqueda, paginación y acciones Editar, Duplicar y Eliminar.","VISIBLE","P1","references/video-audit/chapters/CH14_inventario_movimientos_acuses_cierres_bodegas_y_kits/event_frames/CH14-E0084_00h44m13s600ms_stable_change.jpg|references/video-audit/chapters/CH14_inventario_movimientos_acuses_cierres_bodegas_y_kits/detail_crops/CH14-E0089_00h44m23s000ms_DETAIL.jpg","","ROUTE-INVENTORY","/inventory","apps/web/src/app/(workspace)/inventory/page.tsx","","","PARTIAL","UNVERIFIED","UNVERIFIED","UNVERIFIED","UNVERIFIED","","","","","","","","4349523df4750720308de9059a4e6c5ec2624675","Estado inicial desde MASTER_VIDEO_REQUIREMENTS; falta certificación actual independiente."
"CH14-F13","CH14","Composición cuantificada del kit","El editor permite nombrar el kit, seleccionar item y cantidad, añadir componentes, modificar cantidades y quitarlos; el relato indica descarga automática al usar un kit.","VISIBLE","P0","references/video-audit/chapters/CH14_inventario_movimientos_acuses_cierres_bodegas_y_kits/detail_crops/CH14-E0091_00h44m23s800ms_DETAIL.jpg|references/video-audit/chapters/CH14_inventario_movimientos_acuses_cierres_bodegas_y_kits/event_frames/CH14-E0117_00h44m44s800ms_abrupt_change.jpg","CH14-Q013","ROUTE-INVENTORY","/inventory","apps/web/src/app/(workspace)/inventory/page.tsx","","","NOT_TESTABLE","UNVERIFIED","UNVERIFIED","UNVERIFIED","UNVERIFIED","","","","","NOT_TESTABLE","CH14-Q013","Composición visual presente; descarga automática no implementada.","4349523df4750720308de9059a4e6c5ec2624675","Estado inicial desde MASTER_VIDEO_REQUIREMENTS; falta certificación actual independiente."
"CH14-F14","CH14","Creación de acuse para hospitalización","Acuse nuevo captura paciente, fecha, hospitalización, bodega, item, cantidad disponible y cantidad a asignar, con Vaciar, Plantilla y Añadir.","VISIBLE","P0","references/video-audit/chapters/CH14_inventario_movimientos_acuses_cierres_bodegas_y_kits/event_frames/CH14-E0151_00h45m27s000ms_abrupt_change.jpg","CH14-Q004","ROUTE-INVENTORY","/inventory","apps/web/src/app/(workspace)/inventory/page.tsx","","","PARTIAL","UNVERIFIED","UNVERIFIED","UNVERIFIED","UNVERIFIED","","","","","","","","4349523df4750720308de9059a4e6c5ec2624675","Estado inicial desde MASTER_VIDEO_REQUIREMENTS; falta certificación actual independiente."
"CH14-F15","CH14","Detección de items faltantes","La hoja de seguridad posterior al último evento muestra Items faltantes disponibles con bodega, acuse, tipo, código, nombre, Disponible, Requerido y Acuse creado.","VISIBLE","P0","references/video-audit/chapters/CH14_inventario_movimientos_acuses_cierres_bodegas_y_kits/contact_sheets_safety/safety_022.jpg","CH14-Q005|CH14-Q014|CH14-Q015","ROUTE-INVENTORY","/inventory","apps/web/src/app/(workspace)/inventory/page.tsx","","","NOT_TESTABLE","UNVERIFIED","UNVERIFIED","UNVERIFIED","UNVERIFIED","","","","","NOT_TESTABLE","CH14-Q005|CH14-Q014|CH14-Q015","La evidencia aparece al final sin demostrar resultado.","4349523df4750720308de9059a4e6c5ec2624675","Estado inicial desde MASTER_VIDEO_REQUIREMENTS; falta certificación actual independiente."
"CH14-F16","CH14","Vínculo de faltantes con cotización","La conversación menciona una opción relacionada con faltar una cotización, pero la frase y el comportamiento no quedan demostrados visualmente.","UNCERTAIN","P1","references/video-audit/chapters/CH14_inventario_movimientos_acuses_cierres_bodegas_y_kits/event_frames/CH14-E0152_00h45m27s400ms_abrupt_change.jpg","CH14-Q005|CH14-Q014|CH14-Q015","ROUTE-INVENTORY","/inventory","apps/web/src/app/(workspace)/inventory/page.tsx","","","NOT_TESTABLE","UNVERIFIED","UNVERIFIED","UNVERIFIED","UNVERIFIED","","","","","NOT_TESTABLE","CH14-Q005|CH14-Q014|CH14-Q015","No existe demostración visual suficiente.","4349523df4750720308de9059a4e6c5ec2624675","Estado inicial desde MASTER_VIDEO_REQUIREMENTS; falta certificación actual independiente."
"CH15-F01","CH15","Reconciliación de items faltantes","Items faltantes disponibles compara Disponible y Requerido por acuse y bodega, identifica si existe Acuse creado y permite Agregar al acuse.","VISIBLE","P1","references/video-audit/chapters/CH15_acuse_de_inventario_y_catalogos_de_items/event_frames/CH15-E0003_00h45m29s400ms_abrupt_change.jpg|references/video-audit/chapters/CH15_acuse_de_inventario_y_catalogos_de_items/event_frames/CH15-E0009_00h45m32s200ms_stable_change.jpg","","ROUTE-CATALOGS","/catalogs","apps/web/src/app/(workspace)/catalogs/page.tsx|apps/web/src/components/providers.tsx","","","PARTIAL","UNVERIFIED","UNVERIFIED","UNVERIFIED","UNVERIFIED","","","","","","","","4349523df4750720308de9059a4e6c5ec2624675","Estado inicial desde MASTER_VIDEO_REQUIREMENTS; falta certificación actual independiente."
"CH15-F02","CH15","Solicitudes desde la casa del paciente","El modal permite elegir la bodega de descarga y prevé Tipo, Código, Nombre, Disponibilidad, Cantidad y Faltante para acusar solicitudes domiciliarias.","VISIBLE","P1","references/video-audit/chapters/CH15_acuse_de_inventario_y_catalogos_de_items/event_frames/CH15-E0013_00h45m35s200ms_abrupt_change.jpg|references/video-audit/chapters/CH15_acuse_de_inventario_y_catalogos_de_items/event_frames/CH15-E0017_00h45m38s200ms_stable_change.jpg","","ROUTE-CATALOGS","/catalogs","apps/web/src/app/(workspace)/catalogs/page.tsx|apps/web/src/components/providers.tsx","","","PARTIAL","UNVERIFIED","UNVERIFIED","UNVERIFIED","UNVERIFIED","","","","","","","","4349523df4750720308de9059a4e6c5ec2624675","Estado inicial desde MASTER_VIDEO_REQUIREMENTS; falta certificación actual independiente."
"CH15-F03","CH15","Alta manual de items en un acuse","Acuse nuevo captura paciente, fecha, hospitalización, bodega, item, disponibilidad y cantidad a asignar, con Vaciar, Plantilla y Añadir.","VISIBLE","P1","references/video-audit/chapters/CH15_acuse_de_inventario_y_catalogos_de_items/event_frames/CH15-E0020_00h45m45s000ms_abrupt_change.jpg","","ROUTE-CATALOGS","/catalogs","apps/web/src/app/(workspace)/catalogs/page.tsx|apps/web/src/components/providers.tsx","","","PARTIAL","UNVERIFIED","UNVERIFIED","UNVERIFIED","UNVERIFIED","","","","","","","","4349523df4750720308de9059a4e6c5ec2624675","Estado inicial desde MASTER_VIDEO_REQUIREMENTS; falta certificación actual independiente."
"CH15-F04","CH15","Carga de acuse desde plantilla o cotización","Añadir plantilla acepta origen Plantilla o Cotización, bodega y referencia; una cotización carga tipo, código, descripción y cantidad de sus items.","VISIBLE","P1","references/video-audit/chapters/CH15_acuse_de_inventario_y_catalogos_de_items/detail_crops/CH15-E0023_00h45m48s400ms_DETAIL.jpg|references/video-audit/chapters/CH15_acuse_de_inventario_y_catalogos_de_items/detail_crops/CH15-E0032_00h45m57s400ms_DETAIL.jpg","","ROUTE-CATALOGS","/catalogs","apps/web/src/app/(workspace)/catalogs/page.tsx|apps/web/src/components/providers.tsx","","","PARTIAL","UNVERIFIED","UNVERIFIED","UNVERIFIED","UNVERIFIED","","","","","","","","4349523df4750720308de9059a4e6c5ec2624675","Estado inicial desde MASTER_VIDEO_REQUIREMENTS; falta certificación actual independiente."
"CH15-F05","CH15","Estados seleccionables de cotización","El selector muestra cotizaciones En ejecución y Finalizado; no se demuestra si ambos estados pueden aplicarse ni qué validaciones posteriores existen.","UNCERTAIN","P2","references/video-audit/chapters/CH15_acuse_de_inventario_y_catalogos_de_items/detail_crops/CH15-E0029_00h45m54s400ms_DETAIL.jpg","","ROUTE-CATALOGS","/catalogs","apps/web/src/app/(workspace)/catalogs/page.tsx|apps/web/src/components/providers.tsx","","","NOT_TESTABLE","UNVERIFIED","UNVERIFIED","UNVERIFIED","UNVERIFIED","","","","","NOT_TESTABLE","","Clasificación conservadora inicial; debe cerrarse durante la comparación código/pruebas.","4349523df4750720308de9059a4e6c5ec2624675","Estado inicial desde MASTER_VIDEO_REQUIREMENTS; falta certificación actual independiente."
"CH15-F06","CH15","Catálogo y alta de medicamentos","Medicamentos lista impuesto, descuento, lotes y estado; el alta incluye identidad farmacéutica, presentación, fabricante, vía y banderas comerciales y logísticas.","VISIBLE","P1","references/video-audit/chapters/CH15_acuse_de_inventario_y_catalogos_de_items/event_frames/CH15-E0046_00h46m24s600ms_abrupt_change.jpg|references/video-audit/chapters/CH15_acuse_de_inventario_y_catalogos_de_items/event_frames/CH15-E0047_00h46m28s400ms_abrupt_change.jpg","","ROUTE-CATALOGS","/catalogs","apps/web/src/app/(workspace)/catalogs/page.tsx|apps/web/src/components/providers.tsx","","","PARTIAL","UNVERIFIED","UNVERIFIED","UNVERIFIED","UNVERIFIED","","","","","","","","4349523df4750720308de9059a4e6c5ec2624675","Estado inicial desde MASTER_VIDEO_REQUIREMENTS; falta certificación actual independiente."
"CH15-F07","CH15","Advertencia por cambios no guardados","Los formularios de medicamento, insumo y honorario presentan Salir con Cancelar y Aceptar cuando se intenta abandonar cambios.","VISIBLE","P1","references/video-audit/chapters/CH15_acuse_de_inventario_y_catalogos_de_items/event_frames/CH15-E0052_00h46m35s800ms_abrupt_change.jpg|references/video-audit/chapters/CH15_acuse_de_inventario_y_catalogos_de_items/event_frames/CH15-E0071_00h47m09s600ms_abrupt_change.jpg|references/video-audit/chapters/CH15_acuse_de_inventario_y_catalogos_de_items/event_frames/CH15-E0114_00h48m57s200ms_stable_change.jpg","","ROUTE-CATALOGS","/catalogs","apps/web/src/app/(workspace)/catalogs/page.tsx|apps/web/src/components/providers.tsx","","","PARTIAL","UNVERIFIED","UNVERIFIED","UNVERIFIED","UNVERIFIED","","","","","","","","4349523df4750720308de9059a4e6c5ec2624675","Estado inicial desde MASTER_VIDEO_REQUIREMENTS; falta certificación actual independiente."
"CH15-F08","CH15","Catálogo y alta de insumos","Insumos lista tipo, impuesto, descuento, lotes y estado; el alta captura tipo, fabricante y descripción con banderas Facturable, Descuento, Impuesto, Lotes y Giftcard.","VISIBLE","P1","references/video-audit/chapters/CH15_acuse_de_inventario_y_catalogos_de_items/event_frames/CH15-E0067_00h46m48s400ms_stable_change.jpg|references/video-audit/chapters/CH15_acuse_de_inventario_y_catalogos_de_items/event_frames/CH15-E0068_00h46m51s600ms_abrupt_change.jpg","","ROUTE-CATALOGS","/catalogs","apps/web/src/app/(workspace)/catalogs/page.tsx|apps/web/src/components/providers.tsx","","","PARTIAL","UNVERIFIED","UNVERIFIED","UNVERIFIED","UNVERIFIED","","","","","","","","4349523df4750720308de9059a4e6c5ec2624675","Estado inicial desde MASTER_VIDEO_REQUIREMENTS; falta certificación actual independiente."
"CH15-F09","CH15","Catálogo de estudios diagnósticos","Estudios Dx presenta código, nombre, descripción, impuesto, descuento y estado, con búsqueda, paginación, Excel y alta.","VISIBLE","P1","references/video-audit/chapters/CH15_acuse_de_inventario_y_catalogos_de_items/detail_crops/CH15-E0084_00h47m20s600ms_DETAIL.jpg","","ROUTE-CATALOGS","/catalogs","apps/web/src/app/(workspace)/catalogs/page.tsx|apps/web/src/components/providers.tsx","","","PARTIAL","UNVERIFIED","UNVERIFIED","UNVERIFIED","UNVERIFIED","","","","","","","","4349523df4750720308de9059a4e6c5ec2624675","Estado inicial desde MASTER_VIDEO_REQUIREMENTS; falta certificación actual independiente."
"CH15-F10","CH15","Catálogo y alta de honorarios","Honorarios lista código, nombre, impuesto, descuento y estado; el alta asocia un Recurso y permite Descuento, Impuesto y Giftcard.","VISIBLE","P1","references/video-audit/chapters/CH15_acuse_de_inventario_y_catalogos_de_items/event_frames/CH15-E0094_00h47m31s600ms_abrupt_change.jpg|references/video-audit/chapters/CH15_acuse_de_inventario_y_catalogos_de_items/event_frames/CH15-E0097_00h47m42s000ms_stable_change.jpg","","ROUTE-CATALOGS","/catalogs","apps/web/src/app/(workspace)/catalogs/page.tsx|apps/web/src/components/providers.tsx","","","PARTIAL","UNVERIFIED","UNVERIFIED","UNVERIFIED","UNVERIFIED","","","","","","","","4349523df4750720308de9059a4e6c5ec2624675","Estado inicial desde MASTER_VIDEO_REQUIREMENTS; falta certificación actual independiente."
"CH15-F11","CH15","Confirmación de guardado de honorario","Guardar pasa por Procesando y muestra Honorario médico guardado exitosamente.","VISIBLE","P1","references/video-audit/chapters/CH15_acuse_de_inventario_y_catalogos_de_items/event_frames/CH15-E0100_00h48m10s400ms_abrupt_change.jpg|references/video-audit/chapters/CH15_acuse_de_inventario_y_catalogos_de_items/event_frames/CH15-E0101_00h48m11s000ms_abrupt_change.jpg","","ROUTE-CATALOGS","/catalogs","apps/web/src/app/(workspace)/catalogs/page.tsx|apps/web/src/components/providers.tsx","","","PARTIAL","UNVERIFIED","UNVERIFIED","UNVERIFIED","UNVERIFIED","","","","","","","","4349523df4750720308de9059a4e6c5ec2624675","Estado inicial desde MASTER_VIDEO_REQUIREMENTS; falta certificación actual independiente."
"CH15-F12","CH15","Acciones y edición de honorarios","Un honorario puede Editar, consultar costos de compra, precios de venta y cuentas, o Inactivar; la edición conserva recurso y banderas.","VISIBLE","P1","references/video-audit/chapters/CH15_acuse_de_inventario_y_catalogos_de_items/event_frames/CH15-E0110_00h48m27s800ms_abrupt_change.jpg|references/video-audit/chapters/CH15_acuse_de_inventario_y_catalogos_de_items/event_frames/CH15-E0113_00h48m56s600ms_abrupt_change.jpg","","ROUTE-CATALOGS","/catalogs","apps/web/src/app/(workspace)/catalogs/page.tsx|apps/web/src/components/providers.tsx","","","PARTIAL","UNVERIFIED","UNVERIFIED","UNVERIFIED","UNVERIFIED","","","","","","","","4349523df4750720308de9059a4e6c5ec2624675","Estado inicial desde MASTER_VIDEO_REQUIREMENTS; falta certificación actual independiente."
"CH15-F13","CH15","Catálogo de servicios","Servicios lista código, nombre, tipo de producto, categoría, impuesto, descuento y estado; se observan categorías de atención, transporte, alquiler y terapias.","VISIBLE","P1","references/video-audit/chapters/CH15_acuse_de_inventario_y_catalogos_de_items/event_frames/CH15-E0122_00h49m05s800ms_abrupt_change.jpg|references/video-audit/chapters/CH15_acuse_de_inventario_y_catalogos_de_items/detail_crops/CH15-E0128_00h49m09s000ms_DETAIL.jpg","","ROUTE-CATALOGS","/catalogs","apps/web/src/app/(workspace)/catalogs/page.tsx|apps/web/src/components/providers.tsx","","","PARTIAL","UNVERIFIED","UNVERIFIED","UNVERIFIED","UNVERIFIED","","","","","","","","4349523df4750720308de9059a4e6c5ec2624675","Estado inicial desde MASTER_VIDEO_REQUIREMENTS; falta certificación actual independiente."
"CH15-F14","CH15","Matriz de perfiles de descuento","Descuentos distribuye valores por Servicios, Laboratorios, Medicamentos, Equipos, Insumos y Honorarios; el capítulo sólo demuestra el listado inicial.","VISIBLE","P1","references/video-audit/chapters/CH15_acuse_de_inventario_y_catalogos_de_items/event_frames/CH15-E0144_00h49m33s200ms_abrupt_change.jpg|references/video-audit/chapters/CH15_acuse_de_inventario_y_catalogos_de_items/detail_crops/CH15-E0148_00h49m41s400ms_DETAIL.jpg","","ROUTE-CATALOGS","/catalogs","apps/web/src/app/(workspace)/catalogs/page.tsx|apps/web/src/components/providers.tsx","","","PARTIAL","UNVERIFIED","UNVERIFIED","UNVERIFIED","UNVERIFIED","","","","","","","","4349523df4750720308de9059a4e6c5ec2624675","Estado inicial desde MASTER_VIDEO_REQUIREMENTS; falta certificación actual independiente."
"CH15-F15","CH15","Regla de lotes para consumos internos","La conversación plantea que algunos insumos podrían requerir lote al usarse internamente, pero no muestra la decisión ni el flujo de selección.","VERBAL","P2","references/video-audit/chapters/CH15_acuse_de_inventario_y_catalogos_de_items/event_frames/CH15-E0068_00h46m51s600ms_abrupt_change.jpg","","ROUTE-CATALOGS","/catalogs","apps/web/src/app/(workspace)/catalogs/page.tsx|apps/web/src/components/providers.tsx","","","NOT_TESTABLE","UNVERIFIED","UNVERIFIED","UNVERIFIED","UNVERIFIED","","","","","NOT_TESTABLE","","Clasificación conservadora inicial; debe cerrarse durante la comparación código/pruebas.","4349523df4750720308de9059a4e6c5ec2624675","Estado inicial desde MASTER_VIDEO_REQUIREMENTS; falta certificación actual independiente."
"CH15-F16","CH15","Honorario vinculado a profesional","La narración indica que el honorario se crea y se asigna al médico; el formulario demuestra el selector Recurso, no el cálculo o liquidación posterior.","VERBAL","P2","references/video-audit/chapters/CH15_acuse_de_inventario_y_catalogos_de_items/event_frames/CH15-E0097_00h47m42s000ms_stable_change.jpg","","ROUTE-CATALOGS","/catalogs","apps/web/src/app/(workspace)/catalogs/page.tsx|apps/web/src/components/providers.tsx","","","NOT_TESTABLE","UNVERIFIED","UNVERIFIED","UNVERIFIED","UNVERIFIED","","","","","NOT_TESTABLE","","Clasificación conservadora inicial; debe cerrarse durante la comparación código/pruebas.","4349523df4750720308de9059a4e6c5ec2624675","Estado inicial desde MASTER_VIDEO_REQUIREMENTS; falta certificación actual independiente."
"CH16-F01","CH16","Matriz de descuentos por familia","Cada perfil contiene Nombre, Descripción y porcentajes independientes para Servicios, Laboratorios, Medicamentos, Equipos, Insumos y Honorarios.","VISIBLE","P1","references/video-audit/chapters/CH16_descuentos_y_reglas_por_categoria/detail_crops/CH16-E0001_00h49m45s000ms_DETAIL.jpg|references/video-audit/chapters/CH16_descuentos_y_reglas_por_categoria/event_frames/CH16-E0018_00h50m18s200ms_abrupt_change.jpg","","ROUTE-DISCOUNTS","","","","","PARTIAL","UNVERIFIED","UNVERIFIED","UNVERIFIED","UNVERIFIED","","","","","","","","4349523df4750720308de9059a4e6c5ec2624675","Estado inicial desde MASTER_VIDEO_REQUIREMENTS; falta certificación actual independiente."
"CH16-F02","CH16","Catálogo paginado y exportable","Descuentos ofrece selección de registros, búsqueda, tres páginas, navegación Anterior/Siguiente, acciones por fila y Excel.","VISIBLE","P1","references/video-audit/chapters/CH16_descuentos_y_reglas_por_categoria/event_frames/CH16-E0013_00h50m13s800ms_settled.jpg|references/video-audit/chapters/CH16_descuentos_y_reglas_por_categoria/event_frames/CH16-E0030_00h50m38s000ms_abrupt_change.jpg","","ROUTE-DISCOUNTS","","","","","PARTIAL","UNVERIFIED","UNVERIFIED","UNVERIFIED","UNVERIFIED","","","","","","","","4349523df4750720308de9059a4e6c5ec2624675","Estado inicial desde MASTER_VIDEO_REQUIREMENTS; falta certificación actual independiente."
"CH16-F03","CH16","Perfiles con categorías excluidas","Los ejemplos visibles usan cero en categorías no cubiertas y porcentajes distintos en las incluidas; esos valores son datos de configuración, no reglas universales.","VISIBLE","P1","references/video-audit/chapters/CH16_descuentos_y_reglas_por_categoria/detail_crops/CH16-E0003_00h49m58s000ms_DETAIL.jpg|references/video-audit/chapters/CH16_descuentos_y_reglas_por_categoria/event_frames/CH16-E0024_00h50m25s800ms_abrupt_change.jpg","","ROUTE-DISCOUNTS","","","","","PARTIAL","UNVERIFIED","UNVERIFIED","UNVERIFIED","UNVERIFIED","","","","","","","","4349523df4750720308de9059a4e6c5ec2624675","Estado inicial desde MASTER_VIDEO_REQUIREMENTS; falta certificación actual independiente."
"CH16-F04","CH16","Alta de perfil de descuento","Nuevo Descuento captura nombre obligatorio, descripción y porcentajes de las seis familias, con Atrás y Guardar.","VISIBLE","P1","references/video-audit/chapters/CH16_descuentos_y_reglas_por_categoria/event_frames/CH16-E0035_00h50m42s400ms_stable_change.jpg","","ROUTE-DISCOUNTS","","","","","PARTIAL","UNVERIFIED","UNVERIFIED","UNVERIFIED","UNVERIFIED","","","","","","","","4349523df4750720308de9059a4e6c5ec2624675","Estado inicial desde MASTER_VIDEO_REQUIREMENTS; falta certificación actual independiente."
"CH16-F05","CH16","Marca de jubilado","El formulario incluye la casilla Es Jubilado, pero no demuestra asignación automática, elegibilidad ni efecto sobre los porcentajes.","VISIBLE","P1","references/video-audit/chapters/CH16_descuentos_y_reglas_por_categoria/event_frames/CH16-E0034_00h50m41s800ms_abrupt_change.jpg|references/video-audit/chapters/CH16_descuentos_y_reglas_por_categoria/event_frames/CH16-E0035_00h50m42s400ms_stable_change.jpg","","ROUTE-DISCOUNTS","","","","","PARTIAL","UNVERIFIED","UNVERIFIED","UNVERIFIED","UNVERIFIED","","","","","","","","4349523df4750720308de9059a4e6c5ec2624675","Estado inicial desde MASTER_VIDEO_REQUIREMENTS; falta certificación actual independiente."
"CH16-F06","CH16","Perfiles negociados por categoría","La conversación explica perfiles con un porcentaje para servicios y exclusión de medicamentos, y menciona porcentajes pactados distintos por cliente; no define precedencia ni elegibilidad.","VERBAL","P2","references/video-audit/chapters/CH16_descuentos_y_reglas_por_categoria/event_frames/CH16-E0003_00h49m58s000ms_settled.jpg","","ROUTE-DISCOUNTS","","","","","NOT_TESTABLE","UNVERIFIED","UNVERIFIED","UNVERIFIED","UNVERIFIED","","","","","NOT_TESTABLE","","Clasificación conservadora inicial; debe cerrarse durante la comparación código/pruebas.","4349523df4750720308de9059a4e6c5ec2624675","Estado inicial desde MASTER_VIDEO_REQUIREMENTS; falta certificación actual independiente."
"CH16-F07","CH16","Recarga del catálogo después del alta","Al volver de Nuevo Descuento, el listado atraviesa estado vacío y Cargando antes de recuperar la matriz.","VISIBLE","P1","references/video-audit/chapters/CH16_descuentos_y_reglas_por_categoria/event_frames/CH16-E0036_00h50m48s000ms_abrupt_change.jpg|references/video-audit/chapters/CH16_descuentos_y_reglas_por_categoria/event_frames/CH16-E0039_00h50m49s400ms_stable_change.jpg","","ROUTE-DISCOUNTS","","","","","PARTIAL","UNVERIFIED","UNVERIFIED","UNVERIFIED","UNVERIFIED","","","","","","","","4349523df4750720308de9059a4e6c5ec2624675","Estado inicial desde MASTER_VIDEO_REQUIREMENTS; falta certificación actual independiente."
"CH16-F08","CH16","Acceso al reporte de salud","Desde Clínica se abre Reporte de salud, que empieza a listar hospitalizaciones con periodo, auditoría, triage y estatus.","VISIBLE","P1","references/video-audit/chapters/CH16_descuentos_y_reglas_por_categoria/detail_crops/CH16-E0041_00h50m54s000ms_DETAIL.jpg|references/video-audit/chapters/CH16_descuentos_y_reglas_por_categoria/event_frames/CH16-E0044_00h51m07s200ms_abrupt_change.jpg","","ROUTE-DISCOUNTS","","","","","PARTIAL","UNVERIFIED","UNVERIFIED","UNVERIFIED","UNVERIFIED","","","","","","","","4349523df4750720308de9059a4e6c5ec2624675","Estado inicial desde MASTER_VIDEO_REQUIREMENTS; falta certificación actual independiente."
"CH16-F09","CH16","Bloqueo de edición clínica tras guardar","La narración afirma que enfermería no podía volver a editar después de guardar por motivos legales, mientras otro rol sí corregía errores ortográficos; no se muestra el flujo ni la preservación de versiones.","VERBAL","P2","references/video-audit/chapters/CH16_descuentos_y_reglas_por_categoria/event_frames/CH16-E0040_00h50m52s200ms_settled.jpg","","ROUTE-DISCOUNTS","","","","","NOT_TESTABLE","UNVERIFIED","UNVERIFIED","UNVERIFIED","UNVERIFIED","","","","","NOT_TESTABLE","","Clasificación conservadora inicial; debe cerrarse durante la comparación código/pruebas.","4349523df4750720308de9059a4e6c5ec2624675","Estado inicial desde MASTER_VIDEO_REQUIREMENTS; falta certificación actual independiente."
"CH17-F01","CH17","Listado clínico con triage y auditoría","Reporte de salud lista hospitalizaciones por periodo con estado de auditoría, triage Estable o Comprometido y estatus activo.","VISIBLE","P1","references/video-audit/chapters/CH17_reporte_de_salud_detallado_e_impresion/detail_crops/CH17-E0001_00h51m10s000ms_DETAIL.jpg|references/video-audit/chapters/CH17_reporte_de_salud_detallado_e_impresion/event_frames/CH17-E0003_00h51m12s400ms_abrupt_change.jpg","","ROUTE-CLINICAL-HOSPITALIZATIONS","/clinical/hospitalizations","apps/web/src/app/(workspace)/clinical/hospitalizations/page.tsx","","","PARTIAL","UNVERIFIED","UNVERIFIED","UNVERIFIED","UNVERIFIED","","","","","","","","4349523df4750720308de9059a4e6c5ec2624675","Estado inicial desde MASTER_VIDEO_REQUIREMENTS; falta certificación actual independiente."
"CH17-F02","CH17","Acciones de la hospitalización","El menú permite abrir Historia clínica, Reporte Claims, Ver visitas, Notas de servicio, Reporte de salud, Auditorías y Registro XPO.","VISIBLE","P1","references/video-audit/chapters/CH17_reporte_de_salud_detallado_e_impresion/detail_crops/CH17-E0005_00h51m14s200ms_DETAIL.jpg","","ROUTE-CLINICAL-HOSPITALIZATIONS","/clinical/hospitalizations","apps/web/src/app/(workspace)/clinical/hospitalizations/page.tsx","","","PARTIAL","UNVERIFIED","UNVERIFIED","UNVERIFIED","UNVERIFIED","","","","","","","","4349523df4750720308de9059a4e6c5ec2624675","Estado inicial desde MASTER_VIDEO_REQUIREMENTS; falta certificación actual independiente."
"CH17-F03","CH17","Reporte clínico por hospitalización","El detalle organiza Información Principal, Evaluación Clínica, Atención Médica, Tratamientos y Órdenes, Eventos Clínicos y Evidencia y Documentos.","VISIBLE","P1","references/video-audit/chapters/CH17_reporte_de_salud_detallado_e_impresion/event_frames/CH17-E0008_00h51m16s600ms_abrupt_change.jpg","","ROUTE-CLINICAL-HOSPITALIZATIONS","/clinical/hospitalizations","apps/web/src/app/(workspace)/clinical/hospitalizations/page.tsx","","","PARTIAL","UNVERIFIED","UNVERIFIED","UNVERIFIED","UNVERIFIED","","","","","","","","4349523df4750720308de9059a4e6c5ec2624675","Estado inicial desde MASTER_VIDEO_REQUIREMENTS; falta certificación actual independiente."
"CH17-F04","CH17","Cambio de rango temporal","Cambiar rango de fechas abre un calendario doble, permite seleccionar intervalo, Cargarlo y muestra Procesando antes de actualizar el encabezado.","VISIBLE","P1","references/video-audit/chapters/CH17_reporte_de_salud_detallado_e_impresion/detail_crops/CH17-E0012_00h51m18s800ms_DETAIL.jpg|references/video-audit/chapters/CH17_reporte_de_salud_detallado_e_impresion/event_frames/CH17-E0017_00h51m32s000ms_abrupt_change.jpg|references/video-audit/chapters/CH17_reporte_de_salud_detallado_e_impresion/event_frames/CH17-E0019_00h51m33s000ms_abrupt_change.jpg","","ROUTE-CLINICAL-HOSPITALIZATIONS","/clinical/hospitalizations","apps/web/src/app/(workspace)/clinical/hospitalizations/page.tsx","","","PARTIAL","UNVERIFIED","UNVERIFIED","UNVERIFIED","UNVERIFIED","","","","","","","","4349523df4750720308de9059a4e6c5ec2624675","Estado inicial desde MASTER_VIDEO_REQUIREMENTS; falta certificación actual independiente."
"CH17-F05","CH17","Información principal del paciente","El reporte presenta identidad, fecha de nacimiento, edad, sexo, periodo de hospitalización, estado, tipo de paciente, tipo de módulo y adicional.","VISIBLE","P1","references/video-audit/chapters/CH17_reporte_de_salud_detallado_e_impresion/event_frames/CH17-E0019_00h51m33s000ms_abrupt_change.jpg","","ROUTE-CLINICAL-HOSPITALIZATIONS","/clinical/hospitalizations","apps/web/src/app/(workspace)/clinical/hospitalizations/page.tsx","","","PARTIAL","UNVERIFIED","UNVERIFIED","UNVERIFIED","UNVERIFIED","","","","","","","","4349523df4750720308de9059a4e6c5ec2624675","Estado inicial desde MASTER_VIDEO_REQUIREMENTS; falta certificación actual independiente."
"CH17-F06","CH17","Seguros seleccionables para impresión","Seguros del paciente expone seguro, póliza, certificado, fecha efectiva, titular y DUI/NIT, con una casilla Imprimir por fila.","VISIBLE","P1","references/video-audit/chapters/CH17_reporte_de_salud_detallado_e_impresion/event_frames/CH17-E0021_00h51m34s400ms_abrupt_change.jpg","","ROUTE-CLINICAL-HOSPITALIZATIONS","/clinical/hospitalizations","apps/web/src/app/(workspace)/clinical/hospitalizations/page.tsx","","","PARTIAL","UNVERIFIED","UNVERIFIED","UNVERIFIED","UNVERIFIED","","","","","","","","4349523df4750720308de9059a4e6c5ec2624675","Estado inicial desde MASTER_VIDEO_REQUIREMENTS; falta certificación actual independiente."
"CH17-F07","CH17","Salida imprimible configurable","El encabezado ofrece Imprimir y varias tablas incluyen casillas Imprimir, pero no se observa el documento final ni su formato.","UNCERTAIN","P2","references/video-audit/chapters/CH17_reporte_de_salud_detallado_e_impresion/event_frames/CH17-E0008_00h51m16s600ms_abrupt_change.jpg|references/video-audit/chapters/CH17_reporte_de_salud_detallado_e_impresion/event_frames/CH17-E0021_00h51m34s400ms_abrupt_change.jpg|references/video-audit/chapters/CH17_reporte_de_salud_detallado_e_impresion/event_frames/CH17-E0043_00h52m08s400ms_abrupt_change.jpg","","ROUTE-CLINICAL-HOSPITALIZATIONS","/clinical/hospitalizations","apps/web/src/app/(workspace)/clinical/hospitalizations/page.tsx","","","NOT_TESTABLE","UNVERIFIED","UNVERIFIED","UNVERIFIED","UNVERIFIED","","","","","NOT_TESTABLE","","Clasificación conservadora inicial; debe cerrarse durante la comparación código/pruebas.","4349523df4750720308de9059a4e6c5ec2624675","Estado inicial desde MASTER_VIDEO_REQUIREMENTS; falta certificación actual independiente."
"CH17-F08","CH17","Navegación de Evaluación Clínica","Evaluación Clínica separa antecedentes y evaluaciones, signos vitales, perfiles clínicos, notas de evolución, interconsultas, notas de enfermería y bitácoras.","VISIBLE","P1","references/video-audit/chapters/CH17_reporte_de_salud_detallado_e_impresion/detail_crops/CH17-E0024_00h51m37s200ms_DETAIL.jpg","","ROUTE-CLINICAL-HOSPITALIZATIONS","/clinical/hospitalizations","apps/web/src/app/(workspace)/clinical/hospitalizations/page.tsx","","","PARTIAL","UNVERIFIED","UNVERIFIED","UNVERIFIED","UNVERIFIED","","","","","","","","4349523df4750720308de9059a4e6c5ec2624675","Estado inicial desde MASTER_VIDEO_REQUIREMENTS; falta certificación actual independiente."
"CH17-F09","CH17","Antecedentes clínicos estructurados","Los paneles cubren alergias, antecedentes personales patológicos, hábitos personales, antecedentes quirúrgicos, antecedentes familiares y tarjeta de vacunas.","VISIBLE","P1","references/video-audit/chapters/CH17_reporte_de_salud_detallado_e_impresion/event_frames/CH17-E0026_00h51m43s400ms_abrupt_change.jpg|references/video-audit/chapters/CH17_reporte_de_salud_detallado_e_impresion/event_frames/CH17-E0027_00h51m44s200ms_abrupt_change.jpg","","ROUTE-CLINICAL-HOSPITALIZATIONS","/clinical/hospitalizations","apps/web/src/app/(workspace)/clinical/hospitalizations/page.tsx","","","PARTIAL","UNVERIFIED","UNVERIFIED","UNVERIFIED","UNVERIFIED","","","","","","","","4349523df4750720308de9059a4e6c5ec2624675","Estado inicial desde MASTER_VIDEO_REQUIREMENTS; falta certificación actual independiente."
"CH17-F10","CH17","Captura de alergias desde catálogo","Alergias muestra No registrado, un catálogo seleccionable y Agregar; el capítulo no demuestra la persistencia ni cómo se resuelve la contradicción con No registrado.","VISIBLE","P1","references/video-audit/chapters/CH17_reporte_de_salud_detallado_e_impresion/detail_crops/CH17-E0029_00h51m48s600ms_DETAIL.jpg|references/video-audit/chapters/CH17_reporte_de_salud_detallado_e_impresion/detail_crops/CH17-E0030_00h51m50s600ms_DETAIL.jpg","","ROUTE-CLINICAL-HOSPITALIZATIONS","/clinical/hospitalizations","apps/web/src/app/(workspace)/clinical/hospitalizations/page.tsx","","","PARTIAL","UNVERIFIED","UNVERIFIED","UNVERIFIED","UNVERIFIED","","","","","","","","4349523df4750720308de9059a4e6c5ec2624675","Estado inicial desde MASTER_VIDEO_REQUIREMENTS; falta certificación actual independiente."
"CH17-F11","CH17","Signos vitales agrupados por origen","La subpestaña separa gráficos, registros clínicos de signos vitales y signos cargados por el paciente.","VISIBLE","P1","references/video-audit/chapters/CH17_reporte_de_salud_detallado_e_impresion/detail_crops/CH17-E0038_00h52m00s600ms_DETAIL.jpg","","ROUTE-CLINICAL-HOSPITALIZATIONS","/clinical/hospitalizations","apps/web/src/app/(workspace)/clinical/hospitalizations/page.tsx","","","PARTIAL","UNVERIFIED","UNVERIFIED","UNVERIFIED","UNVERIFIED","","","","","","","","4349523df4750720308de9059a4e6c5ec2624675","Estado inicial desde MASTER_VIDEO_REQUIREMENTS; falta certificación actual independiente."
"CH17-F12","CH17","Listado de notas de enfermería","Notas de enfermería muestra fecha, turno, recurso y nota clínica, con búsqueda, paginación, selección para impresión y acciones por fila.","VISIBLE","P1","references/video-audit/chapters/CH17_reporte_de_salud_detallado_e_impresion/detail_crops/CH17-E0043_00h52m08s400ms_DETAIL.jpg|references/video-audit/chapters/CH17_reporte_de_salud_detallado_e_impresion/event_frames/CH17-E0046_00h52m09s800ms_abrupt_change.jpg","","ROUTE-CLINICAL-HOSPITALIZATIONS","/clinical/hospitalizations","apps/web/src/app/(workspace)/clinical/hospitalizations/page.tsx","","","PARTIAL","UNVERIFIED","UNVERIFIED","UNVERIFIED","UNVERIFIED","","","","","","","","4349523df4750720308de9059a4e6c5ec2624675","Estado inicial desde MASTER_VIDEO_REQUIREMENTS; falta certificación actual independiente."
"CH17-F13","CH17","Edición de nota clínica","El menú ofrece Editar y la secuencia de seguridad muestra un área de texto editable con control de guardado; no se demuestra versión, motivo ni preservación del original.","VISIBLE","P1","references/video-audit/chapters/CH17_reporte_de_salud_detallado_e_impresion/detail_crops/CH17-E0048_00h52m14s800ms_DETAIL.jpg|references/video-audit/chapters/CH17_reporte_de_salud_detallado_e_impresion/contact_sheets_safety/safety_005.jpg","","ROUTE-CLINICAL-HOSPITALIZATIONS","/clinical/hospitalizations","apps/web/src/app/(workspace)/clinical/hospitalizations/page.tsx","","","PARTIAL","UNVERIFIED","UNVERIFIED","UNVERIFIED","UNVERIFIED","","","","","","","","4349523df4750720308de9059a4e6c5ec2624675","Estado inicial desde MASTER_VIDEO_REQUIREMENTS; falta certificación actual independiente."
"CH17-F14","CH17","Auditoría de nota con IA","El menú de la nota incluye Auditar con IA; no se evidencia proveedor, datos enviados, resultado, revisión humana ni persistencia.","VISIBLE","P2","references/video-audit/chapters/CH17_reporte_de_salud_detallado_e_impresion/detail_crops/CH17-E0048_00h52m14s800ms_DETAIL.jpg","","ROUTE-CLINICAL-HOSPITALIZATIONS","/clinical/hospitalizations","apps/web/src/app/(workspace)/clinical/hospitalizations/page.tsx","","","NOT_TESTABLE","UNVERIFIED","UNVERIFIED","UNVERIFIED","UNVERIFIED","","","","","NOT_TESTABLE","","Clasificación conservadora inicial; debe cerrarse durante la comparación código/pruebas.","4349523df4750720308de9059a4e6c5ec2624675","Estado inicial desde MASTER_VIDEO_REQUIREMENTS; falta certificación actual independiente."
"CH17-F15","CH17","Restricción de edición por rol","La conversación indica que personal de enfermería no puede volver a editar después de guardar, mientras otro rol puede corregir ortografía; la pantalla no demuestra la matriz de permisos.","VERBAL","P2","references/video-audit/chapters/CH17_reporte_de_salud_detallado_e_impresion/event_frames/CH17-E0048_00h52m14s800ms_abrupt_change.jpg","","ROUTE-CLINICAL-HOSPITALIZATIONS","/clinical/hospitalizations","apps/web/src/app/(workspace)/clinical/hospitalizations/page.tsx","","","NOT_TESTABLE","UNVERIFIED","UNVERIFIED","UNVERIFIED","UNVERIFIED","","","","","NOT_TESTABLE","","Clasificación conservadora inicial; debe cerrarse durante la comparación código/pruebas.","4349523df4750720308de9059a4e6c5ec2624675","Estado inicial desde MASTER_VIDEO_REQUIREMENTS; falta certificación actual independiente."
"CH17-F16","CH17","Aplicación operativa de enfermería","La narración describe una aplicación donde enfermería ve paciente asignado, hora, diagnóstico, médico, supervisores, registra signos vitales, evaluaciones y nota de enfermería; no se muestra esa aplicación.","VERBAL","P2","references/video-audit/chapters/CH17_reporte_de_salud_detallado_e_impresion/event_frames/CH17-E0046_00h52m09s800ms_abrupt_change.jpg","","ROUTE-CLINICAL-HOSPITALIZATIONS","/clinical/hospitalizations","apps/web/src/app/(workspace)/clinical/hospitalizations/page.tsx","","","NOT_TESTABLE","UNVERIFIED","UNVERIFIED","UNVERIFIED","UNVERIFIED","","","","","NOT_TESTABLE","","Clasificación conservadora inicial; debe cerrarse durante la comparación código/pruebas.","4349523df4750720308de9059a4e6c5ec2624675","Estado inicial desde MASTER_VIDEO_REQUIREMENTS; falta certificación actual independiente."
"CH17-F17","CH17","Compartir nota de enfermería por WhatsApp","La narración afirma que la nota podía compartirse por WhatsApp con el médico; no se observa interfaz ni protección del contenido.","VERBAL","P2","references/video-audit/chapters/CH17_reporte_de_salud_detallado_e_impresion/event_frames/CH17-E0048_00h52m14s800ms_abrupt_change.jpg","","ROUTE-CLINICAL-HOSPITALIZATIONS","/clinical/hospitalizations","apps/web/src/app/(workspace)/clinical/hospitalizations/page.tsx","","","NOT_TESTABLE","UNVERIFIED","UNVERIFIED","UNVERIFIED","UNVERIFIED","","","","","NOT_TESTABLE","","Clasificación conservadora inicial; debe cerrarse durante la comparación código/pruebas.","4349523df4750720308de9059a4e6c5ec2624675","Estado inicial desde MASTER_VIDEO_REQUIREMENTS; falta certificación actual independiente."
