id,time_seconds,timestamp,time_slug,kind,source_frame,analysis_frame,analysis_bbox_xyxy,state_changed_area_ratio,state_mean_absdiff,motion_changed_area_ratio,motion_mean_absdiff,full_image,detail_crop,detail_bbox_xyxy,source_chunk,source_full_image,source_detail_crop,global_event_id
E00001,0.0,00:00:00.000,00h00m00s000ms,video_start,0,0,,1,255,0,0,event_frames_full/E00001_00h00m00s000ms_video_start.jpg,,,chunk_01,event_chunks_5fps/chunk_01/event_frames_full/E00001_00h00m00s000ms_video_start.jpg,,GE00001
E00002,5.6,00:00:05.600,00h00m05s600ms,abrupt_change,140,28,"55,2,320,126",0.219219,8.8025,0.221496,8.5109,event_frames_full/E00002_00h00m05s600ms_abrupt_change.jpg,event_crops/E00002_00h00m05s600ms_abrupt_change_DETAIL.jpg,"280,0,1920,787",chunk_01,event_chunks_5fps/chunk_01/event_frames_full/E00002_00h00m05s600ms_abrupt_change.jpg,event_chunks_5fps/chunk_01/event_crops/E00002_00h00m05s600ms_abrupt_change_DETAIL.jpg,GE00002
E00003,6.2,00:00:06.200,00h00m06s200ms,stable_change,155,31,"78,13,193,128",0.017165,1.3139,0.000737,0.2447,event_frames_full/E00003_00h00m06s200ms_stable_change.jpg,event_crops/E00003_00h00m06s200ms_stable_change_DETAIL.jpg,"418,48,1208,799",chunk_01,event_chunks_5fps/chunk_01/event_frames_full/E00003_00h00m06s200ms_stable_change.jpg,event_chunks_5fps/chunk_01/event_crops/E00003_00h00m06s200ms_stable_change_DETAIL.jpg,GE00003
E00004,24.8,00:00:24.800,00h00m24s800ms,abrupt_change,620,124,"0,0,320,140",1.0,235.5472,1.0,235.7996,event_frames_full/E00004_00h00m24s800ms_abrupt_change.jpg,,,chunk_01,event_chunks_5fps/chunk_01/event_frames_full/E00004_00h00m24s800ms_abrupt_change.jpg,,GE00004
E00005,25.4,00:00:25.400,00h00m25s400ms,stable_change,635,127,"0,25,320,115",0.630446,18.6682,0.0,0.0,event_frames_full/E00005_00h00m25s400ms_stable_change.jpg,event_crops/E00005_00h00m25s400ms_stable_change_DETAIL.jpg,"0,120,1920,721",chunk_01,event_chunks_5fps/chunk_01/event_frames_full/E00005_00h00m25s400ms_stable_change.jpg,event_chunks_5fps/chunk_01/event_crops/E00005_00h00m25s400ms_stable_change_DETAIL.jpg,GE00005
E00006,36.8,00:00:36.800,00h00m36s800ms,abrupt_change,920,184,"0,0,320,140",0.718326,95.8571,0.718326,95.8571,event_frames_full/E00006_00h00m36s800ms_abrupt_change.jpg,,,chunk_01,event_chunks_5fps/chunk_01/event_frames_full/E00006_00h00m36s800ms_abrupt_change.jpg,,GE00006
E00007,42.6,00:00:42.600,00h00m42s600ms,abrupt_change,1065,213,"23,0,296,140",0.853125,107.7587,0.853549,108.0795,event_frames_full/E00007_00h00m42s600ms_abrupt_change.jpg,,,chunk_01,event_chunks_5fps/chunk_01/event_frames_full/E00007_00h00m42s600ms_abrupt_change.jpg,,GE00007
E00008,43.2,00:00:43.200,00h00m43s200ms,stable_change,1080,216,"0,25,320,115",0.630446,18.6682,0.0,0.0,event_frames_full/E00008_00h00m43s200ms_stable_change.jpg,event_crops/E00008_00h00m43s200ms_stable_change_DETAIL.jpg,"0,120,1920,721",chunk_01,event_chunks_5fps/chunk_01/event_frames_full/E00008_00h00m43s200ms_stable_change.jpg,event_chunks_5fps/chunk_01/event_crops/E00008_00h00m43s200ms_stable_change_DETAIL.jpg,GE00008
E00009,56.2,00:00:56.200,00h00m56s200ms,abrupt_change,1405,281,"0,0,320,140",1.0,223.7386,1.0,223.7386,event_frames_full/E00009_00h00m56s200ms_abrupt_change.jpg,,,chunk_01,event_chunks_5fps/chunk_01/event_frames_full/E00009_00h00m56s200ms_abrupt_change.jpg,,GE00009
E00010,84.2,00:01:24.200,00h01m24s200ms,abrupt_change,2105,421,"0,0,320,140",0.192656,11.9871,0.192902,12.0254,event_frames_full/E00010_00h01m24s200ms_abrupt_change.jpg,,,chunk_01,event_chunks_5fps/chunk_01/event_frames_full/E00010_00h01m24s200ms_abrupt_change.jpg,,GE00010
E00011,84.6,00:01:24.600,00h01m24s600ms,abrupt_change,2115,423,"2,2,306,121",0.082969,6.665,0.0725,6.3542,event_frames_full/E00011_00h01m24s600ms_abrupt_change.jpg,,,chunk_01,event_chunks_5fps/chunk_01/event_frames_full/E00011_00h01m24s600ms_abrupt_change.jpg,,GE00011
E00012,85.0,00:01:25.000,00h01m25s000ms,abrupt_change,2125,425,"0,0,320,140",0.136272,9.1489,0.119844,8.0203,event_frames_full/E00012_00h01m25s000ms_abrupt_change.jpg,,,chunk_01,event_chunks_5fps/chunk_01/event_frames_full/E00012_00h01m25s000ms_abrupt_change.jpg,,GE00012
E00013,86.8,00:01:26.800,00h01m26s800ms,settled,2170,434,"0,24,14,36",0.003705,0.807,0.002478,0.2048,event_frames_full/E00013_00h01m26s800ms_settled.jpg,event_crops/E00013_00h01m26s800ms_settled_DETAIL.jpg,"0,114,134,246",chunk_01,event_chunks_5fps/chunk_01/event_frames_full/E00013_00h01m26s800ms_settled.jpg,event_chunks_5fps/chunk_01/event_crops/E00013_00h01m26s800ms_settled_DETAIL.jpg,GE00013
E00014,88.8,00:01:28.800,00h01m28s800ms,abrupt_change,2220,444,"0,3,320,140",0.091295,5.0506,0.09125,5.042,event_frames_full/E00014_00h01m28s800ms_abrupt_change.jpg,,,chunk_01,event_chunks_5fps/chunk_01/event_frames_full/E00014_00h01m28s800ms_abrupt_change.jpg,,GE00014
E00015,89.2,00:01:29.200,00h01m29s200ms,abrupt_change,2230,446,"0,3,320,140",0.226652,12.5786,0.226652,12.5786,event_frames_full/E00015_00h01m29s200ms_abrupt_change.jpg,,,chunk_01,event_chunks_5fps/chunk_01/event_frames_full/E00015_00h01m29s200ms_abrupt_change.jpg,,GE00015
E00016,90.2,00:01:30.200,00h01m30s200ms,motion_progress,2255,451,"0,41,193,90",0.02442,1.4254,0.025915,1.2226,event_frames_full/E00016_00h01m30s200ms_motion_progress.jpg,event_crops/E00016_00h01m30s200ms_motion_progress_DETAIL.jpg,"0,216,1208,571",chunk_01,event_chunks_5fps/chunk_01/event_frames_full/E00016_00h01m30s200ms_motion_progress.jpg,event_chunks_5fps/chunk_01/event_crops/E00016_00h01m30s200ms_motion_progress_DETAIL.jpg,GE00016
E00017,90.8,00:01:30.800,00h01m30s800ms,stable_change,2270,454,"0,12,73,56",0.050179,3.0884,0.0,0.0,event_frames_full/E00017_00h01m30s800ms_stable_change.jpg,event_crops/E00017_00h01m30s800ms_stable_change_DETAIL.jpg,"0,42,488,366",chunk_01,event_chunks_5fps/chunk_01/event_frames_full/E00017_00h01m30s800ms_stable_change.jpg,event_chunks_5fps/chunk_01/event_crops/E00017_00h01m30s800ms_stable_change_DETAIL.jpg,GE00017
E00018,91.4,00:01:31.400,00h01m31s400ms,abrupt_change,2285,457,"0,2,320,140",0.528906,36.9432,0.528906,36.9432,event_frames_full/E00018_00h01m31s400ms_abrupt_change.jpg,,,chunk_01,event_chunks_5fps/chunk_01/event_frames_full/E00018_00h01m31s400ms_abrupt_change.jpg,,GE00018
E00019,92.0,00:01:32.000,00h01m32s000ms,stable_change,2300,460,"0,2,320,136",0.345714,15.3717,0.0,0.0054,event_frames_full/E00019_00h01m32s000ms_stable_change.jpg,,,chunk_01,event_chunks_5fps/chunk_01/event_frames_full/E00019_00h01m32s000ms_stable_change.jpg,,GE00019
E00020,98.4,00:01:38.400,00h01m38s400ms,motion_progress,2460,492,"268,8,310,46",0.027366,2.9423,0.027031,2.799,event_frames_full/E00020_00h01m38s400ms_motion_progress.jpg,event_crops/E00020_00h01m38s400ms_motion_progress_DETAIL.jpg,"1558,18,1910,306",chunk_01,event_chunks_5fps/chunk_01/event_frames_full/E00020_00h01m38s400ms_motion_progress.jpg,event_chunks_5fps/chunk_01/event_crops/E00020_00h01m38s400ms_motion_progress_DETAIL.jpg,GE00020
E00021,101.4,00:01:41.400,00h01m41s400ms,motion_progress,2535,507,"268,8,310,46",0.027366,2.8051,0.027031,2.7347,event_frames_full/E00021_00h01m41s400ms_motion_progress.jpg,event_crops/E00021_00h01m41s400ms_motion_progress_DETAIL.jpg,"1558,18,1910,306",chunk_01,event_chunks_5fps/chunk_01/event_frames_full/E00021_00h01m41s400ms_motion_progress.jpg,event_chunks_5fps/chunk_01/event_crops/E00021_00h01m41s400ms_motion_progress_DETAIL.jpg,GE00021
E00022,101.8,00:01:41.800,00h01m41s800ms,abrupt_change,2545,509,"0,0,320,140",0.514129,39.7988,0.514129,39.7988,event_frames_full/E00022_00h01m41s800ms_abrupt_change.jpg,,,chunk_01,event_chunks_5fps/chunk_01/event_frames_full/E00022_00h01m41s800ms_abrupt_change.jpg,,GE00022
E00023,102.4,00:01:42.400,00h01m42s400ms,stable_change,2560,512,"113,31,207,112",0.072991,4.5911,0.0,0.0054,event_frames_full/E00023_00h01m42s400ms_stable_change.jpg,event_crops/E00023_00h01m42s400ms_stable_change_DETAIL.jpg,"628,156,1292,703",chunk_01,event_chunks_5fps/chunk_01/event_frames_full/E00023_00h01m42s400ms_stable_change.jpg,event_chunks_5fps/chunk_01/event_crops/E00023_00h01m42s400ms_stable_change_DETAIL.jpg,GE00023
E00024,104.4,00:01:44.400,00h01m44s400ms,settled,2610,522,"115,79,205,89",0.01971,0.4987,0.0,0.0,event_frames_full/E00024_00h01m44s400ms_settled.jpg,event_crops/E00024_00h01m44s400ms_settled_DETAIL.jpg,"640,445,1280,565",chunk_01,event_chunks_5fps/chunk_01/event_frames_full/E00024_00h01m44s400ms_settled.jpg,event_chunks_5fps/chunk_01/event_crops/E00024_00h01m44s400ms_settled_DETAIL.jpg,GE00024
E00025,111.0,00:01:51.000,00h01m51s000ms,abrupt_change,2775,555,"114,21,206,112",0.067656,3.7429,0.061161,3.4374,event_frames_full/E00025_00h01m51s000ms_abrupt_change.jpg,event_crops/E00025_00h01m51s000ms_abrupt_change_DETAIL.jpg,"634,96,1286,703",chunk_01,event_chunks_5fps/chunk_01/event_frames_full/E00025_00h01m51s000ms_abrupt_change.jpg,event_chunks_5fps/chunk_01/event_crops/E00025_00h01m51s000ms_abrupt_change_DETAIL.jpg,GE00025
E00026,116.8,00:01:56.800,00h01m56s800ms,settled,2920,584,"114,81,206,93",0.024576,0.6684,0.0,0.005,event_frames_full/E00026_00h01m56s800ms_settled.jpg,event_crops/E00026_00h01m56s800ms_settled_DETAIL.jpg,"634,457,1286,589",chunk_01,event_chunks_5fps/chunk_01/event_frames_full/E00026_00h01m56s800ms_settled.jpg,event_chunks_5fps/chunk_01/event_crops/E00026_00h01m56s800ms_settled_DETAIL.jpg,GE00026
E00027,117.4,00:01:57.400,00h01m57s400ms,abrupt_change,2935,587,"2,0,320,140",0.473214,34.7882,0.473214,34.7882,event_frames_full/E00027_00h01m57s400ms_abrupt_change.jpg,,,chunk_01,event_chunks_5fps/chunk_01/event_frames_full/E00027_00h01m57s400ms_abrupt_change.jpg,,GE00027
E00028,117.8,00:01:57.800,00h01m57s800ms,abrupt_change,2945,589,"0,2,320,136",0.34221,15.2695,0.34221,15.2695,event_frames_full/E00028_00h01m57s800ms_abrupt_change.jpg,,,chunk_01,event_chunks_5fps/chunk_01/event_frames_full/E00028_00h01m57s800ms_abrupt_change.jpg,,GE00028
E00029,125.2,00:02:05.200,00h02m05s200ms,abrupt_change,3130,626,"0,0,320,140",0.554286,41.1601,0.557098,41.4792,event_frames_full/E00029_00h02m05s200ms_abrupt_change.jpg,,,chunk_01,event_chunks_5fps/chunk_01/event_frames_full/E00029_00h02m05s200ms_abrupt_change.jpg,,GE00029
E00030,125.8,00:02:05.800,00h02m05s800ms,abrupt_change,3145,629,"2,2,306,121",0.084621,6.2538,0.059062,5.7544,event_frames_full/E00030_00h02m05s800ms_abrupt_change.jpg,,,chunk_01,event_chunks_5fps/chunk_01/event_frames_full/E00030_00h02m05s800ms_abrupt_change.jpg,,GE00030
E00031,126.4,00:02:06.400,00h02m06s400ms,stable_change,3160,632,"0,0,320,140",0.065312,4.8585,0.0,0.0,event_frames_full/E00031_00h02m06s400ms_stable_change.jpg,,,chunk_01,event_chunks_5fps/chunk_01/event_frames_full/E00031_00h02m06s400ms_stable_change.jpg,,GE00031
E00032,127.0,00:02:07.000,00h02m07s000ms,stable_change,3175,635,"0,23,320,140",0.121942,8.1017,0.0,0.0125,event_frames_full/E00032_00h02m07s000ms_stable_change.jpg,,,chunk_01,event_chunks_5fps/chunk_01/event_frames_full/E00032_00h02m07s000ms_stable_change.jpg,,GE00032
E00033,137.0,00:02:17.000,00h02m17s000ms,abrupt_change,3425,685,"0,2,320,140",0.218147,12.8005,0.216518,13.0252,event_frames_full/E00033_00h02m17s000ms_abrupt_change.jpg,,,chunk_01,event_chunks_5fps/chunk_01/event_frames_full/E00033_00h02m17s000ms_abrupt_change.jpg,,GE00033
E00034,137.4,00:02:17.400,00h02m17s400ms,abrupt_change,3435,687,"3,2,320,140",0.037969,2.1588,0.036205,2.0895,event_frames_full/E00034_00h02m17s400ms_abrupt_change.jpg,,,chunk_01,event_chunks_5fps/chunk_01/event_frames_full/E00034_00h02m17s400ms_abrupt_change.jpg,,GE00034
E00035,137.8,00:02:17.800,00h02m17s800ms,abrupt_change,3445,689,"2,3,288,140",0.076116,4.7277,0.076116,4.7274,event_frames_full/E00035_00h02m17s800ms_abrupt_change.jpg,,,chunk_01,event_chunks_5fps/chunk_01/event_frames_full/E00035_00h02m17s800ms_abrupt_change.jpg,,GE00035
E00036,143.4,00:02:23.400,00h02m23s400ms,motion_progress,3585,717,"30,50,75,73",0.011496,1.285,0.011138,0.7826,event_frames_full/E00036_00h02m23s400ms_motion_progress.jpg,event_crops/E00036_00h02m23s400ms_motion_progress_DETAIL.jpg,"130,270,500,469",chunk_01,event_chunks_5fps/chunk_01/event_frames_full/E00036_00h02m23s400ms_motion_progress.jpg,event_chunks_5fps/chunk_01/event_crops/E00036_00h02m23s400ms_motion_progress_DETAIL.jpg,GE00036
E00037,145.0,00:02:25.000,00h02m25s000ms,settled,3625,725,"30,50,75,73",0.011362,0.796,0.0,0.0112,event_frames_full/E00037_00h02m25s000ms_settled.jpg,event_crops/E00037_00h02m25s000ms_settled_DETAIL.jpg,"130,270,500,469",chunk_01,event_chunks_5fps/chunk_01/event_frames_full/E00037_00h02m25s000ms_settled.jpg,event_chunks_5fps/chunk_01/event_crops/E00037_00h02m25s000ms_settled_DETAIL.jpg,GE00037
E00038,156.6,00:02:36.600,00h02m36s600ms,settled,3915,783,"70,50,237,107",0.01125,0.7336,0.0,0.009,event_frames_full/E00038_00h02m36s600ms_settled.jpg,event_crops/E00038_00h02m36s600ms_settled_DETAIL.jpg,"370,270,1472,673",chunk_01,event_chunks_5fps/chunk_01/event_frames_full/E00038_00h02m36s600ms_settled.jpg,event_chunks_5fps/chunk_01/event_crops/E00038_00h02m36s600ms_settled_DETAIL.jpg,GE00038
E00039,160.0,00:02:40.000,00h02m40s000ms,settled,4000,800,"190,47,237,107",0.012188,0.7249,0.0,0.0013,event_frames_full/E00039_00h02m40s000ms_settled.jpg,event_crops/E00039_00h02m40s000ms_settled_DETAIL.jpg,"1090,252,1472,673",chunk_01,event_chunks_5fps/chunk_01/event_frames_full/E00039_00h02m40s000ms_settled.jpg,event_chunks_5fps/chunk_01/event_crops/E00039_00h02m40s000ms_settled_DETAIL.jpg,GE00039
E00040,173.2,00:02:53.200,00h02m53s200ms,settled,4330,866,"30,97,74,140",0.015201,1.0648,0.000201,0.0099,event_frames_full/E00040_00h02m53s200ms_settled.jpg,event_crops/E00040_00h02m53s200ms_settled_DETAIL.jpg,"130,553,494,842",chunk_01,event_chunks_5fps/chunk_01/event_frames_full/E00040_00h02m53s200ms_settled.jpg,event_chunks_5fps/chunk_01/event_crops/E00040_00h02m53s200ms_settled_DETAIL.jpg,GE00040
E00041,174.0,00:02:54.000,00h02m54s000ms,stable_change,4350,870,"30,97,74,138",0.022254,1.5059,0.000268,0.0795,event_frames_full/E00041_00h02m54s000ms_stable_change.jpg,event_crops/E00041_00h02m54s000ms_stable_change_DETAIL.jpg,"130,553,494,842",chunk_01,event_chunks_5fps/chunk_01/event_frames_full/E00041_00h02m54s000ms_stable_change.jpg,event_chunks_5fps/chunk_01/event_crops/E00041_00h02m54s000ms_stable_change_DETAIL.jpg,GE00041
E00042,174.4,00:02:54.400,00h02m54s400ms,abrupt_change,4360,872,"27,3,320,140",0.110156,5.5154,0.110156,5.5154,event_frames_full/E00042_00h02m54s400ms_abrupt_change.jpg,,,chunk_01,event_chunks_5fps/chunk_01/event_frames_full/E00042_00h02m54s400ms_abrupt_change.jpg,,GE00042
E00043,175.0,00:02:55.000,00h02m55s000ms,stable_change,4375,875,"30,15,320,138",0.086853,4.9872,0.0,0.0067,event_frames_full/E00043_00h02m55s000ms_stable_change.jpg,,,chunk_01,event_chunks_5fps/chunk_01/event_frames_full/E00043_00h02m55s000ms_stable_change.jpg,,GE00043
E00044,175.4,00:02:55.400,00h02m55s400ms,abrupt_change,4385,877,"30,14,320,138",0.09125,5.2733,0.098036,5.3515,event_frames_full/E00044_00h02m55s400ms_abrupt_change.jpg,,,chunk_01,event_chunks_5fps/chunk_01/event_frames_full/E00044_00h02m55s400ms_abrupt_change.jpg,,GE00044
E00045,176.0,00:02:56.000,00h02m56s000ms,stable_change,4400,880,"31,9,320,137",0.083527,4.042,0.0,0.0125,event_frames_full/E00045_00h02m56s000ms_stable_change.jpg,,,chunk_01,event_chunks_5fps/chunk_01/event_frames_full/E00045_00h02m56s000ms_stable_change.jpg,,GE00045
E00046,177.2,00:02:57.200,00h02m57s200ms,settled,4430,886,"30,67,98,119",0.017567,0.938,0.0,0.0128,event_frames_full/E00046_00h02m57s200ms_settled.jpg,event_crops/E00046_00h02m57s200ms_settled_DETAIL.jpg,"130,372,638,745",chunk_01,event_chunks_5fps/chunk_01/event_frames_full/E00046_00h02m57s200ms_settled.jpg,event_chunks_5fps/chunk_01/event_crops/E00046_00h02m57s200ms_settled_DETAIL.jpg,GE00046
E00047,178.2,00:02:58.200,00h02m58s200ms,settled,4455,891,"75,76,119,120",0.018371,0.9963,0.000268,0.0149,event_frames_full/E00047_00h02m58s200ms_settled.jpg,event_crops/E00047_00h02m58s200ms_settled_DETAIL.jpg,"400,427,764,751",chunk_01,event_chunks_5fps/chunk_01/event_frames_full/E00047_00h02m58s200ms_settled.jpg,event_chunks_5fps/chunk_01/event_crops/E00047_00h02m58s200ms_settled_DETAIL.jpg,GE00047
E00048,180.4,00:03:00.400,00h03m00s400ms,abrupt_change,4510,902,"75,67,163,120",0.032165,1.7717,0.03192,1.7556,event_frames_full/E00048_00h03m00s400ms_abrupt_change.jpg,event_crops/E00048_00h03m00s400ms_abrupt_change_DETAIL.jpg,"400,372,1028,751",chunk_01,event_chunks_5fps/chunk_01/event_frames_full/E00048_00h03m00s400ms_abrupt_change.jpg,event_chunks_5fps/chunk_01/event_crops/E00048_00h03m00s400ms_abrupt_change_DETAIL.jpg,GE00048
E00049,183.6,00:03:03.600,00h03m03s600ms,motion_progress,4590,918,"119,67,231,120",0.029063,1.9854,0.028594,1.9623,event_frames_full/E00049_00h03m03s600ms_motion_progress.jpg,event_crops/E00049_00h03m03s600ms_motion_progress_DETAIL.jpg,"664,372,1436,751",chunk_01,event_chunks_5fps/chunk_01/event_frames_full/E00049_00h03m03s600ms_motion_progress.jpg,event_chunks_5fps/chunk_01/event_crops/E00049_00h03m03s600ms_motion_progress_DETAIL.jpg,GE00049
E00050,186.0,00:03:06.000,00h03m06s000ms,motion_progress,4650,930,"164,71,231,94",0.027009,1.7235,0.026652,1.6954,event_frames_full/E00050_00h03m06s000ms_motion_progress.jpg,event_crops/E00050_00h03m06s000ms_motion_progress_DETAIL.jpg,"934,397,1436,595",chunk_01,event_chunks_5fps/chunk_01/event_frames_full/E00050_00h03m06s000ms_motion_progress.jpg,event_chunks_5fps/chunk_01/event_crops/E00050_00h03m06s000ms_motion_progress_DETAIL.jpg,GE00050
E00051,186.6,00:03:06.600,00h03m06s600ms,stable_change,4665,933,"164,68,231,94",0.025156,1.5946,0.000201,0.0158,event_frames_full/E00051_00h03m06s600ms_stable_change.jpg,event_crops/E00051_00h03m06s600ms_stable_change_DETAIL.jpg,"934,378,1436,595",chunk_01,event_chunks_5fps/chunk_01/event_frames_full/E00051_00h03m06s600ms_stable_change.jpg,event_chunks_5fps/chunk_01/event_crops/E00051_00h03m06s600ms_stable_change_DETAIL.jpg,GE00051
E00052,200.2,00:03:20.200,00h03m20s200ms,abrupt_change,5005,1001,"32,9,320,133",0.074174,4.0023,0.077679,4.0742,event_frames_full/E00052_00h03m20s200ms_abrupt_change.jpg,,,chunk_01,event_chunks_5fps/chunk_01/event_frames_full/E00052_00h03m20s200ms_abrupt_change.jpg,,GE00052
E00053,200.6,00:03:20.600,00h03m20s600ms,abrupt_change,5015,1003,"32,13,320,133",0.073884,4.1015,0.07692,4.0597,event_frames_full/E00053_00h03m20s600ms_abrupt_change.jpg,,,chunk_01,event_chunks_5fps/chunk_01/event_frames_full/E00053_00h03m20s600ms_abrupt_change.jpg,,GE00053
E00054,201.2,00:03:21.200,00h03m21s200ms,abrupt_change,5030,1006,"32,12,320,130",0.06529,3.8181,0.068839,3.8143,event_frames_full/E00054_00h03m21s200ms_abrupt_change.jpg,,,chunk_01,event_chunks_5fps/chunk_01/event_frames_full/E00054_00h03m21s200ms_abrupt_change.jpg,,GE00054
E00055,206.0,00:03:26.000,00h03m26s000ms,abrupt_change,5150,1030,"39,63,162,115",0.049442,3.0084,0.04933,2.9668,event_frames_full/E00055_00h03m26s000ms_abrupt_change.jpg,event_crops/E00055_00h03m26s000ms_abrupt_change_DETAIL.jpg,"184,348,1022,721",chunk_01,event_chunks_5fps/chunk_01/event_frames_full/E00055_00h03m26s000ms_abrupt_change.jpg,event_chunks_5fps/chunk_01/event_crops/E00055_00h03m26s000ms_abrupt_change_DETAIL.jpg,GE00055
E00056,210.4,00:03:30.400,00h03m30s400ms,abrupt_change,5260,1052,"39,72,160,89",0.045424,2.9213,0.045424,2.8678,event_frames_full/E00056_00h03m30s400ms_abrupt_change.jpg,event_crops/E00056_00h03m30s400ms_abrupt_change_DETAIL.jpg,"184,403,1010,565",chunk_01,event_chunks_5fps/chunk_01/event_frames_full/E00056_00h03m30s400ms_abrupt_change.jpg,event_chunks_5fps/chunk_01/event_crops/E00056_00h03m30s400ms_abrupt_change_DETAIL.jpg,GE00056
E00057,210.8,00:03:30.800,00h03m30s800ms,abrupt_change,5270,1054,,0.0,0.0353,0.04567,3.257,event_frames_full/E00057_00h03m30s800ms_abrupt_change.jpg,,,chunk_01,event_chunks_5fps/chunk_01/event_frames_full/E00057_00h03m30s800ms_abrupt_change.jpg,,GE00057
E00058,211.2,00:03:31.200,00h03m31s200ms,abrupt_change,5280,1056,"39,79,160,96",0.04567,3.2553,0.04567,3.2552,event_frames_full/E00058_00h03m31s200ms_abrupt_change.jpg,event_crops/E00058_00h03m31s200ms_abrupt_change_DETAIL.jpg,"184,445,1010,607",chunk_01,event_chunks_5fps/chunk_01/event_frames_full/E00058_00h03m31s200ms_abrupt_change.jpg,event_chunks_5fps/chunk_01/event_crops/E00058_00h03m31s200ms_abrupt_change_DETAIL.jpg,GE00058
E00059,212.2,00:03:32.200,00h03m32s200ms,stable_change,5305,1061,"39,72,162,115",0.073371,4.5716,0.0,0.0008,event_frames_full/E00059_00h03m32s200ms_stable_change.jpg,event_crops/E00059_00h03m32s200ms_stable_change_DETAIL.jpg,"184,403,1022,721",chunk_01,event_chunks_5fps/chunk_01/event_frames_full/E00059_00h03m32s200ms_stable_change.jpg,event_chunks_5fps/chunk_01/event_crops/E00059_00h03m32s200ms_stable_change_DETAIL.jpg,GE00059
E00060,212.6,00:03:32.600,00h03m32s600ms,abrupt_change,5315,1063,"39,72,162,112",0.05558,4.0725,0.054978,4.132,event_frames_full/E00060_00h03m32s600ms_abrupt_change.jpg,event_crops/E00060_00h03m32s600ms_abrupt_change_DETAIL.jpg,"184,403,1022,703",chunk_01,event_chunks_5fps/chunk_01/event_frames_full/E00060_00h03m32s600ms_abrupt_change.jpg,event_chunks_5fps/chunk_01/event_crops/E00060_00h03m32s600ms_abrupt_change_DETAIL.jpg,GE00060
E00061,213.0,00:03:33.000,00h03m33s000ms,abrupt_change,5325,1065,"39,72,162,112",0.051406,2.8885,0.061875,4.0794,event_frames_full/E00061_00h03m33s000ms_abrupt_change.jpg,event_crops/E00061_00h03m33s000ms_abrupt_change_DETAIL.jpg,"184,403,1022,703",chunk_01,event_chunks_5fps/chunk_01/event_frames_full/E00061_00h03m33s000ms_abrupt_change.jpg,event_chunks_5fps/chunk_01/event_crops/E00061_00h03m33s000ms_abrupt_change_DETAIL.jpg,GE00061
E00062,213.4,00:03:33.400,00h03m33s400ms,abrupt_change,5335,1067,"40,73,160,114",0.033661,1.9605,0.033661,1.9605,event_frames_full/E00062_00h03m33s400ms_abrupt_change.jpg,event_crops/E00062_00h03m33s400ms_abrupt_change_DETAIL.jpg,"190,409,1010,715",chunk_01,event_chunks_5fps/chunk_01/event_frames_full/E00062_00h03m33s400ms_abrupt_change.jpg,event_chunks_5fps/chunk_01/event_crops/E00062_00h03m33s400ms_abrupt_change_DETAIL.jpg,GE00062
E00063,213.8,00:03:33.800,00h03m33s800ms,abrupt_change,5345,1069,"40,73,162,114",0.05308,2.4869,0.069464,4.212,event_frames_full/E00063_00h03m33s800ms_abrupt_change.jpg,event_crops/E00063_00h03m33s800ms_abrupt_change_DETAIL.jpg,"190,409,1022,715",chunk_01,event_chunks_5fps/chunk_01/event_frames_full/E00063_00h03m33s800ms_abrupt_change.jpg,event_chunks_5fps/chunk_01/event_crops/E00063_00h03m33s800ms_abrupt_change_DETAIL.jpg,GE00063
E00064,214.2,00:03:34.200,00h03m34s200ms,abrupt_change,5355,1071,"39,73,162,110",0.061786,3.9091,0.051138,2.9125,event_frames_full/E00064_00h03m34s200ms_abrupt_change.jpg,event_crops/E00064_00h03m34s200ms_abrupt_change_DETAIL.jpg,"184,409,1022,691",chunk_01,event_chunks_5fps/chunk_01/event_frames_full/E00064_00h03m34s200ms_abrupt_change.jpg,event_chunks_5fps/chunk_01/event_crops/E00064_00h03m34s200ms_abrupt_change_DETAIL.jpg,GE00064
E00065,214.6,00:03:34.600,00h03m34s600ms,abrupt_change,5365,1073,"39,79,160,109",0.059754,4.3474,0.059263,4.6975,event_frames_full/E00065_00h03m34s600ms_abrupt_change.jpg,event_crops/E00065_00h03m34s600ms_abrupt_change_DETAIL.jpg,"184,445,1010,685",chunk_01,event_chunks_5fps/chunk_01/event_frames_full/E00065_00h03m34s600ms_abrupt_change.jpg,event_chunks_5fps/chunk_01/event_crops/E00065_00h03m34s600ms_abrupt_change_DETAIL.jpg,GE00065
E00066,215.6,00:03:35.600,00h03m35s600ms,abrupt_change,5390,1078,"39,83,160,106",0.059397,4.7047,0.059308,4.697,event_frames_full/E00066_00h03m35s600ms_abrupt_change.jpg,event_crops/E00066_00h03m35s600ms_abrupt_change_DETAIL.jpg,"184,469,1010,667",chunk_01,event_chunks_5fps/chunk_01/event_frames_full/E00066_00h03m35s600ms_abrupt_change.jpg,event_chunks_5fps/chunk_01/event_crops/E00066_00h03m35s600ms_abrupt_change_DETAIL.jpg,GE00066
E00067,216.0,00:03:36.000,00h03m36s000ms,abrupt_change,5400,1080,"39,83,160,105",0.059152,4.7019,0.059152,4.7019,event_frames_full/E00067_00h03m36s000ms_abrupt_change.jpg,event_crops/E00067_00h03m36s000ms_abrupt_change_DETAIL.jpg,"184,469,1010,661",chunk_01,event_chunks_5fps/chunk_01/event_frames_full/E00067_00h03m36s000ms_abrupt_change.jpg,event_chunks_5fps/chunk_01/event_crops/E00067_00h03m36s000ms_abrupt_change_DETAIL.jpg,GE00067
E00068,216.4,00:03:36.400,00h03m36s400ms,abrupt_change,5410,1082,"39,83,160,105",0.059152,4.7012,0.059152,4.6985,event_frames_full/E00068_00h03m36s400ms_abrupt_change.jpg,event_crops/E00068_00h03m36s400ms_abrupt_change_DETAIL.jpg,"184,469,1010,661",chunk_01,event_chunks_5fps/chunk_01/event_frames_full/E00068_00h03m36s400ms_abrupt_change.jpg,event_chunks_5fps/chunk_01/event_crops/E00068_00h03m36s400ms_abrupt_change_DETAIL.jpg,GE00068
E00069,217.0,00:03:37.000,00h03m37s000ms,stable_change,5425,1085,"39,76,160,98",0.059174,4.4611,0.0,0.0168,event_frames_full/E00069_00h03m37s000ms_stable_change.jpg,event_crops/E00069_00h03m37s000ms_stable_change_DETAIL.jpg,"184,427,1010,619",chunk_01,event_chunks_5fps/chunk_01/event_frames_full/E00069_00h03m37s000ms_stable_change.jpg,event_chunks_5fps/chunk_01/event_crops/E00069_00h03m37s000ms_stable_change_DETAIL.jpg,GE00069
E00070,217.4,00:03:37.400,00h03m37s400ms,abrupt_change,5435,1087,"39,71,162,114",0.041964,2.6511,0.041964,2.6437,event_frames_full/E00070_00h03m37s400ms_abrupt_change.jpg,event_crops/E00070_00h03m37s400ms_abrupt_change_DETAIL.jpg,"184,397,1022,715",chunk_01,event_chunks_5fps/chunk_01/event_frames_full/E00070_00h03m37s400ms_abrupt_change.jpg,event_chunks_5fps/chunk_01/event_crops/E00070_00h03m37s400ms_abrupt_change_DETAIL.jpg,GE00070
E00071,219.6,00:03:39.600,00h03m39s600ms,abrupt_change,5490,1098,"39,62,162,115",0.049598,2.9957,0.04933,2.9817,event_frames_full/E00071_00h03m39s600ms_abrupt_change.jpg,event_crops/E00071_00h03m39s600ms_abrupt_change_DETAIL.jpg,"184,342,1022,721",chunk_01,event_chunks_5fps/chunk_01/event_frames_full/E00071_00h03m39s600ms_abrupt_change.jpg,event_chunks_5fps/chunk_01/event_crops/E00071_00h03m39s600ms_abrupt_change_DETAIL.jpg,GE00071
E00072,220.4,00:03:40.400,00h03m40s400ms,abrupt_change,5510,1102,"39,62,160,90",0.045714,2.9058,0.045513,2.8706,event_frames_full/E00072_00h03m40s400ms_abrupt_change.jpg,event_crops/E00072_00h03m40s400ms_abrupt_change_DETAIL.jpg,"184,342,1010,571",chunk_01,event_chunks_5fps/chunk_01/event_frames_full/E00072_00h03m40s400ms_abrupt_change.jpg,event_chunks_5fps/chunk_01/event_crops/E00072_00h03m40s400ms_abrupt_change_DETAIL.jpg,GE00072
E00073,221.0,00:03:41.000,00h03m41s000ms,stable_change,5525,1105,"39,79,160,96",0.04567,3.2608,0.0,0.0,event_frames_full/E00073_00h03m41s000ms_stable_change.jpg,event_crops/E00073_00h03m41s000ms_stable_change_DETAIL.jpg,"184,445,1010,607",chunk_01,event_chunks_5fps/chunk_01/event_frames_full/E00073_00h03m41s000ms_stable_change.jpg,event_chunks_5fps/chunk_01/event_crops/E00073_00h03m41s000ms_stable_change_DETAIL.jpg,GE00073
E00074,221.8,00:03:41.800,00h03m41s800ms,abrupt_change,5545,1109,"32,13,320,136",0.148415,8.4543,0.159442,8.4192,event_frames_full/E00074_00h03m41s800ms_abrupt_change.jpg,,,chunk_01,event_chunks_5fps/chunk_01/event_frames_full/E00074_00h03m41s800ms_abrupt_change.jpg,,GE00074
E00075,222.4,00:03:42.400,00h03m42s400ms,abrupt_change,5560,1112,"27,3,320,133",0.068326,3.8812,0.05096,3.3717,event_frames_full/E00075_00h03m42s400ms_abrupt_change.jpg,,,chunk_01,event_chunks_5fps/chunk_01/event_frames_full/E00075_00h03m42s400ms_abrupt_change.jpg,,GE00075
E00076,223.0,00:03:43.000,00h03m43s000ms,abrupt_change,5575,1115,"39,99,160,116",0.045424,2.8418,0.045424,2.8287,event_frames_full/E00076_00h03m43s000ms_abrupt_change.jpg,event_crops/E00076_00h03m43s000ms_abrupt_change_DETAIL.jpg,"184,565,1010,727",chunk_01,event_chunks_5fps/chunk_01/event_frames_full/E00076_00h03m43s000ms_abrupt_change.jpg,event_chunks_5fps/chunk_01/event_crops/E00076_00h03m43s000ms_abrupt_change_DETAIL.jpg,GE00076
E00077,223.6,00:03:43.600,00h03m43s600ms,abrupt_change,5590,1118,"39,106,160,124",0.048237,3.3538,0.048237,3.3467,event_frames_full/E00077_00h03m43s600ms_abrupt_change.jpg,event_crops/E00077_00h03m43s600ms_abrupt_change_DETAIL.jpg,"184,607,1010,775",chunk_01,event_chunks_5fps/chunk_01/event_frames_full/E00077_00h03m43s600ms_abrupt_change.jpg,event_chunks_5fps/chunk_01/event_crops/E00077_00h03m43s600ms_abrupt_change_DETAIL.jpg,GE00077
E00078,224.4,00:03:44.400,00h03m44s400ms,abrupt_change,5610,1122,"39,114,160,131",0.045714,3.42,0.045714,3.4119,event_frames_full/E00078_00h03m44s400ms_abrupt_change.jpg,event_crops/E00078_00h03m44s400ms_abrupt_change_DETAIL.jpg,"184,655,1010,817",chunk_01,event_chunks_5fps/chunk_01/event_frames_full/E00078_00h03m44s400ms_abrupt_change.jpg,event_chunks_5fps/chunk_01/event_crops/E00078_00h03m44s400ms_abrupt_change_DETAIL.jpg,GE00078
E00079,224.8,00:03:44.800,00h03m44s800ms,abrupt_change,5620,1124,"39,114,160,131",0.045714,3.424,0.045714,3.4198,event_frames_full/E00079_00h03m44s800ms_abrupt_change.jpg,event_crops/E00079_00h03m44s800ms_abrupt_change_DETAIL.jpg,"184,655,1010,817",chunk_01,event_chunks_5fps/chunk_01/event_frames_full/E00079_00h03m44s800ms_abrupt_change.jpg,event_chunks_5fps/chunk_01/event_crops/E00079_00h03m44s800ms_abrupt_change_DETAIL.jpg,GE00079
E00080,225.2,00:03:45.200,00h03m45s200ms,abrupt_change,5630,1126,"39,106,160,124",0.048281,3.3171,0.048281,3.3171,event_frames_full/E00080_00h03m45s200ms_abrupt_change.jpg,event_crops/E00080_00h03m45s200ms_abrupt_change_DETAIL.jpg,"184,607,1010,775",chunk_01,event_chunks_5fps/chunk_01/event_frames_full/E00080_00h03m45s200ms_abrupt_change.jpg,event_chunks_5fps/chunk_01/event_crops/E00080_00h03m45s200ms_abrupt_change_DETAIL.jpg,GE00080
E00081,226.0,00:03:46.000,00h03m46s000ms,abrupt_change,5650,1130,"40,94,162,136",0.030223,0.9214,0.030357,0.9236,event_frames_full/E00081_00h03m46s000ms_abrupt_change.jpg,event_crops/E00081_00h03m46s000ms_abrupt_change_DETAIL.jpg,"190,535,1022,842",chunk_01,event_chunks_5fps/chunk_01/event_frames_full/E00081_00h03m46s000ms_abrupt_change.jpg,event_chunks_5fps/chunk_01/event_crops/E00081_00h03m46s000ms_abrupt_change_DETAIL.jpg,GE00081
E00082,226.6,00:03:46.600,00h03m46s600ms,stable_change,5665,1133,"39,93,163,140",0.066897,4.4268,0.0,0.0044,event_frames_full/E00082_00h03m46s600ms_stable_change.jpg,event_crops/E00082_00h03m46s600ms_stable_change_DETAIL.jpg,"184,529,1028,842",chunk_01,event_chunks_5fps/chunk_01/event_frames_full/E00082_00h03m46s600ms_stable_change.jpg,event_chunks_5fps/chunk_01/event_crops/E00082_00h03m46s600ms_stable_change_DETAIL.jpg,GE00082
E00083,228.2,00:03:48.200,00h03m48s200ms,abrupt_change,5705,1141,"39,110,163,135",0.047054,3.342,0.046853,3.3319,event_frames_full/E00083_00h03m48s200ms_abrupt_change.jpg,event_crops/E00083_00h03m48s200ms_abrupt_change_DETAIL.jpg,"184,631,1028,841",chunk_01,event_chunks_5fps/chunk_01/event_frames_full/E00083_00h03m48s200ms_abrupt_change.jpg,event_chunks_5fps/chunk_01/event_crops/E00083_00h03m48s200ms_abrupt_change_DETAIL.jpg,GE00083
E00084,228.8,00:03:48.800,00h03m48s800ms,stable_change,5720,1144,"39,118,163,135",0.046853,3.3303,0.0,0.0069,event_frames_full/E00084_00h03m48s800ms_stable_change.jpg,event_crops/E00084_00h03m48s800ms_stable_change_DETAIL.jpg,"184,679,1028,841",chunk_01,event_chunks_5fps/chunk_01/event_frames_full/E00084_00h03m48s800ms_stable_change.jpg,event_chunks_5fps/chunk_01/event_crops/E00084_00h03m48s800ms_stable_change_DETAIL.jpg,GE00084
E00085,229.2,00:03:49.200,00h03m49s200ms,abrupt_change,5730,1146,"0,0,320,140",0.960246,32.4659,0.960246,32.4659,event_frames_full/E00085_00h03m49s200ms_abrupt_change.jpg,,,chunk_01,event_chunks_5fps/chunk_01/event_frames_full/E00085_00h03m49s200ms_abrupt_change.jpg,,GE00085
E00086,229.8,00:03:49.800,00h03m49s800ms,stable_change,5745,1149,"0,0,318,140",0.977835,59.7777,0.0,0.0134,event_frames_full/E00086_00h03m49s800ms_stable_change.jpg,,,chunk_01,event_chunks_5fps/chunk_01/event_frames_full/E00086_00h03m49s800ms_stable_change.jpg,,GE00086
E00087,233.0,00:03:53.000,00h03m53s000ms,abrupt_change,5825,1165,"32,24,320,140",0.194018,13.4586,0.193192,13.4474,event_frames_full/E00087_00h03m53s000ms_abrupt_change.jpg,event_crops/E00087_00h03m53s000ms_abrupt_change_DETAIL.jpg,"142,114,1920,842",chunk_01,event_chunks_5fps/chunk_01/event_frames_full/E00087_00h03m53s000ms_abrupt_change.jpg,event_chunks_5fps/chunk_01/event_crops/E00087_00h03m53s000ms_abrupt_change_DETAIL.jpg,GE00087
E00088,233.6,00:03:53.600,00h03m53s600ms,stable_change,5840,1168,"0,0,318,140",0.989174,79.5607,0.0,0.0063,event_frames_full/E00088_00h03m53s600ms_stable_change.jpg,,,chunk_01,event_chunks_5fps/chunk_01/event_frames_full/E00088_00h03m53s600ms_stable_change.jpg,,GE00088
E00089,249.6,00:04:09.600,00h04m09s600ms,abrupt_change,6240,1248,"33,18,320,133",0.053103,3.8789,0.042188,3.4663,event_frames_full/E00089_00h04m09s600ms_abrupt_change.jpg,,,chunk_01,event_chunks_5fps/chunk_01/event_frames_full/E00089_00h04m09s600ms_abrupt_change.jpg,,GE00089
E00090,250.0,00:04:10.000,00h04m10s000ms,abrupt_change,6250,1250,"33,18,320,132",0.098951,5.4512,0.103571,5.4856,event_frames_full/E00090_00h04m10s000ms_abrupt_change.jpg,event_crops/E00090_00h04m10s000ms_abrupt_change_DETAIL.jpg,"148,78,1920,823",chunk_01,event_chunks_5fps/chunk_01/event_frames_full/E00090_00h04m10s000ms_abrupt_change.jpg,event_chunks_5fps/chunk_01/event_crops/E00090_00h04m10s000ms_abrupt_change_DETAIL.jpg,GE00090
E00091,250.4,00:04:10.400,00h04m10s400ms,abrupt_change,6260,1252,"37,14,320,132",0.084598,4.2041,0.05846,3.6279,event_frames_full/E00091_00h04m10s400ms_abrupt_change.jpg,,,chunk_01,event_chunks_5fps/chunk_01/event_frames_full/E00091_00h04m10s400ms_abrupt_change.jpg,,GE00091
E00092,251.0,00:04:11.000,00h04m11s000ms,stable_change,6275,1255,"36,14,320,135",0.071763,4.311,0.0,0.0,event_frames_full/E00092_00h04m11s000ms_stable_change.jpg,,,chunk_01,event_chunks_5fps/chunk_01/event_frames_full/E00092_00h04m11s000ms_stable_change.jpg,,GE00092
E00093,257.6,00:04:17.600,00h04m17s600ms,abrupt_change,6440,1288,"37,15,320,135",0.041429,3.0983,0.037165,2.8665,event_frames_full/E00093_00h04m17s600ms_abrupt_change.jpg,,,chunk_01,event_chunks_5fps/chunk_01/event_frames_full/E00093_00h04m17s600ms_abrupt_change.jpg,,GE00093
E00094,258.0,00:04:18.000,00h04m18s000ms,abrupt_change,6450,1290,"36,17,320,138",0.054174,3.6609,0.060625,3.6582,event_frames_full/E00094_00h04m18s000ms_abrupt_change.jpg,,,chunk_01,event_chunks_5fps/chunk_01/event_frames_full/E00094_00h04m18s000ms_abrupt_change.jpg,,GE00094
E00095,259.6,00:04:19.600,00h04m19s600ms,abrupt_change,6490,1298,"36,12,320,138",0.062076,3.8138,0.063147,3.8616,event_frames_full/E00095_00h04m19s600ms_abrupt_change.jpg,,,chunk_01,event_chunks_5fps/chunk_01/event_frames_full/E00095_00h04m19s600ms_abrupt_change.jpg,,GE00095
E00096,260.0,00:04:20.000,00h04m20s000ms,abrupt_change,6500,1300,"36,12,320,140",0.092098,4.8577,0.047768,3.2643,event_frames_full/E00096_00h04m20s000ms_abrupt_change.jpg,,,chunk_01,event_chunks_5fps/chunk_01/event_frames_full/E00096_00h04m20s000ms_abrupt_change.jpg,,GE00096
E00097,260.6,00:04:20.600,00h04m20s600ms,stable_change,6515,1303,"36,14,320,140",0.153147,6.921,0.0,0.0,event_frames_full/E00097_00h04m20s600ms_stable_change.jpg,,,chunk_01,event_chunks_5fps/chunk_01/event_frames_full/E00097_00h04m20s600ms_stable_change.jpg,,GE00097
E00098,273.4,00:04:33.400,00h04m33s400ms,motion_progress,6835,1367,"37,45,291,140",0.02096,2.4829,0.007946,1.739,event_frames_full/E00098_00h04m33s400ms_motion_progress.jpg,event_crops/E00098_00h04m33s400ms_motion_progress_DETAIL.jpg,"172,240,1796,842",chunk_01,event_chunks_5fps/chunk_01/event_frames_full/E00098_00h04m33s400ms_motion_progress.jpg,event_chunks_5fps/chunk_01/event_crops/E00098_00h04m33s400ms_motion_progress_DETAIL.jpg,GE00098
E00099,273.8,00:04:33.800,00h04m33s800ms,abrupt_change,6845,1369,"36,13,320,140",0.207366,8.7909,0.189107,8.0894,event_frames_full/E00099_00h04m33s800ms_abrupt_change.jpg,,,chunk_01,event_chunks_5fps/chunk_01/event_frames_full/E00099_00h04m33s800ms_abrupt_change.jpg,,GE00099
E00100,275.8,00:04:35.800,00h04m35s800ms,abrupt_change,6895,1379,"36,22,292,140",0.330826,40.6206,0.32279,40.4148,event_frames_full/E00100_00h04m35s800ms_abrupt_change.jpg,event_crops/E00100_00h04m35s800ms_abrupt_change_DETAIL.jpg,"166,102,1802,842",chunk_01,event_chunks_5fps/chunk_01/event_frames_full/E00100_00h04m35s800ms_abrupt_change.jpg,event_chunks_5fps/chunk_01/event_crops/E00100_00h04m35s800ms_abrupt_change_DETAIL.jpg,GE00100
E00101,276.2,00:04:36.200,00h04m36s200ms,abrupt_change,6905,1381,"36,17,320,140",0.317232,38.5878,0.307545,36.5295,event_frames_full/E00101_00h04m36s200ms_abrupt_change.jpg,,,chunk_01,event_chunks_5fps/chunk_01/event_frames_full/E00101_00h04m36s200ms_abrupt_change.jpg,,GE00101
E00102,276.6,00:04:36.600,00h04m36s600ms,abrupt_change,6915,1383,"36,14,320,140",0.091183,6.7841,0.090848,6.767,event_frames_full/E00102_00h04m36s600ms_abrupt_change.jpg,,,chunk_01,event_chunks_5fps/chunk_01/event_frames_full/E00102_00h04m36s600ms_abrupt_change.jpg,,GE00102
E00103,277.2,00:04:37.200,00h04m37s200ms,stable_change,6930,1386,"36,12,320,140",0.515312,68.0156,0.0,0.0004,event_frames_full/E00103_00h04m37s200ms_stable_change.jpg,,,chunk_01,event_chunks_5fps/chunk_01/event_frames_full/E00103_00h04m37s200ms_stable_change.jpg,,GE00103
E00104,277.6,00:04:37.600,00h04m37s600ms,abrupt_change,6940,1388,"38,14,290,98",0.425089,7.8133,0.425089,7.8133,event_frames_full/E00104_00h04m37s600ms_abrupt_change.jpg,event_crops/E00104_00h04m37s600ms_abrupt_change_DETAIL.jpg,"178,54,1790,619",chunk_01,event_chunks_5fps/chunk_01/event_frames_full/E00104_00h04m37s600ms_abrupt_change.jpg,event_chunks_5fps/chunk_01/event_crops/E00104_00h04m37s600ms_abrupt_change_DETAIL.jpg,GE00104
E00105,278.2,00:04:38.200,00h04m38s200ms,abrupt_change,6955,1391,"36,12,292,100",0.497701,49.5329,0.497701,49.5329,event_frames_full/E00105_00h04m38s200ms_abrupt_change.jpg,event_crops/E00105_00h04m38s200ms_abrupt_change_DETAIL.jpg,"166,42,1802,631",chunk_01,event_chunks_5fps/chunk_01/event_frames_full/E00105_00h04m38s200ms_abrupt_change.jpg,event_chunks_5fps/chunk_01/event_crops/E00105_00h04m38s200ms_abrupt_change_DETAIL.jpg,GE00105
E00106,279.0,00:04:39.000,00h04m39s000ms,stable_change,6975,1395,"39,53,288,115",0.031942,5.6547,0.0,0.0057,event_frames_full/E00106_00h04m39s000ms_stable_change.jpg,event_crops/E00106_00h04m39s000ms_stable_change_DETAIL.jpg,"184,288,1778,721",chunk_01,event_chunks_5fps/chunk_01/event_frames_full/E00106_00h04m39s000ms_stable_change.jpg,event_chunks_5fps/chunk_01/event_crops/E00106_00h04m39s000ms_stable_change_DETAIL.jpg,GE00106
E00107,283.6,00:04:43.600,00h04m43s600ms,abrupt_change,7090,1418,"2,0,320,140",0.406786,16.6861,0.410335,16.5417,event_frames_full/E00107_00h04m43s600ms_abrupt_change.jpg,,,chunk_01,event_chunks_5fps/chunk_01/event_frames_full/E00107_00h04m43s600ms_abrupt_change.jpg,,GE00107
E00108,284.0,00:04:44.000,00h04m44s000ms,abrupt_change,7100,1420,"3,2,299,118",0.069955,4.9658,0.084911,5.4576,event_frames_full/E00108_00h04m44s000ms_abrupt_change.jpg,,,chunk_01,event_chunks_5fps/chunk_01/event_frames_full/E00108_00h04m44s000ms_abrupt_change.jpg,,GE00108
E00109,284.4,00:04:44.400,00h04m44s400ms,abrupt_change,7110,1422,"2,0,320,140",0.074487,6.4943,0.061451,4.7855,event_frames_full/E00109_00h04m44s400ms_abrupt_change.jpg,,,chunk_01,event_chunks_5fps/chunk_01/event_frames_full/E00109_00h04m44s400ms_abrupt_change.jpg,,GE00109
E00110,284.8,00:04:44.800,00h04m44s800ms,abrupt_change,7120,1424,"0,23,320,140",0.129152,8.6513,0.129152,8.6513,event_frames_full/E00110_00h04m44s800ms_abrupt_change.jpg,,,chunk_01,event_chunks_5fps/chunk_01/event_frames_full/E00110_00h04m44s800ms_abrupt_change.jpg,,GE00110
E00111,288.2,00:04:48.200,00h04m48s200ms,settled,7205,1441,"0,34,135,109",0.008103,1.26,0.0,0.0,event_frames_full/E00111_00h04m48s200ms_settled.jpg,event_crops/E00111_00h04m48s200ms_settled_DETAIL.jpg,"0,174,860,685",chunk_01,event_chunks_5fps/chunk_01/event_frames_full/E00111_00h04m48s200ms_settled.jpg,event_chunks_5fps/chunk_01/event_crops/E00111_00h04m48s200ms_settled_DETAIL.jpg,GE00111
E00112,291.8,00:04:51.800,00h04m51s800ms,abrupt_change,7295,1459,"0,0,320,140",0.232366,13.981,0.232076,14.0461,event_frames_full/E00112_00h04m51s800ms_abrupt_change.jpg,,,chunk_01,event_chunks_5fps/chunk_01/event_frames_full/E00112_00h04m51s800ms_abrupt_change.jpg,,GE00112
E00113,292.2,00:04:52.200,00h04m52s200ms,abrupt_change,7305,1461,"2,2,306,126",0.122254,6.5308,0.03183,1.7795,event_frames_full/E00113_00h04m52s200ms_abrupt_change.jpg,,,chunk_01,event_chunks_5fps/chunk_01/event_frames_full/E00113_00h04m52s200ms_abrupt_change.jpg,,GE00113
E00114,292.6,00:04:52.600,00h04m52s600ms,abrupt_change,7315,1463,"27,0,320,140",0.087634,5.7374,0.087634,5.7369,event_frames_full/E00114_00h04m52s600ms_abrupt_change.jpg,,,chunk_01,event_chunks_5fps/chunk_01/event_frames_full/E00114_00h04m52s600ms_abrupt_change.jpg,,GE00114
E00115,293.2,00:04:53.200,00h04m53s200ms,stable_change,7330,1466,"0,22,320,136",0.148281,7.7951,0.003661,0.1499,event_frames_full/E00115_00h04m53s200ms_stable_change.jpg,,,chunk_01,event_chunks_5fps/chunk_01/event_frames_full/E00115_00h04m53s200ms_stable_change.jpg,,GE00115
E00116,297.6,00:04:57.600,00h04m57s600ms,abrupt_change,7440,1488,"28,45,320,138",0.08375,4.9841,0.081987,4.8886,event_frames_full/E00116_00h04m57s600ms_abrupt_change.jpg,event_crops/E00116_00h04m57s600ms_abrupt_change_DETAIL.jpg,"118,240,1920,842",chunk_01,event_chunks_5fps/chunk_01/event_frames_full/E00116_00h04m57s600ms_abrupt_change.jpg,event_chunks_5fps/chunk_01/event_crops/E00116_00h04m57s600ms_abrupt_change_DETAIL.jpg,GE00116
E00117,299.4,00:04:59.400,00h04m59s400ms,abrupt_change,7485,1497,"27,3,320,140",0.137098,8.19,0.144621,8.2333,event_frames_full/E00117_00h04m59s400ms_abrupt_change.jpg,,,chunk_01,event_chunks_5fps/chunk_01/event_frames_full/E00117_00h04m59s400ms_abrupt_change.jpg,,GE00117
E00118,299.8,00:04:59.800,00h04m59s800ms,abrupt_change,7495,1499,"27,10,320,140",0.203393,10.0268,0.148996,8.8093,event_frames_full/E00118_00h04m59s800ms_abrupt_change.jpg,,,chunk_01,event_chunks_5fps/chunk_01/event_frames_full/E00118_00h04m59s800ms_abrupt_change.jpg,,GE00118
E00119,301.4,00:05:01.400,00h05m01s400ms,abrupt_change,7535,1507,"28,16,320,140",0.159799,9.2856,0.13942,9.2258,event_frames_full/E00119_00h05m01s400ms_abrupt_change.jpg,,,chunk_01,event_chunks_5fps/chunk_01/event_frames_full/E00119_00h05m01s400ms_abrupt_change.jpg,,GE00119
E00120,301.8,00:05:01.800,00h05m01s800ms,abrupt_change,7545,1509,"27,12,320,140",0.198772,9.3533,0.20779,9.0897,event_frames_full/E00120_00h05m01s800ms_abrupt_change.jpg,,,chunk_01,event_chunks_5fps/chunk_01/event_frames_full/E00120_00h05m01s800ms_abrupt_change.jpg,,GE00120
E00121,302.2,00:05:02.200,00h05m02s200ms,abrupt_change,7555,1511,"28,12,320,140",0.174129,8.4534,0.061719,7.7588,event_frames_full/E00121_00h05m02s200ms_abrupt_change.jpg,,,chunk_01,event_chunks_5fps/chunk_01/event_frames_full/E00121_00h05m02s200ms_abrupt_change.jpg,,GE00121
E00122,302.8,00:05:02.800,00h05m02s800ms,stable_change,7570,1514,"42,12,320,140",0.154018,6.8062,0.0,0.0,event_frames_full/E00122_00h05m02s800ms_stable_change.jpg,,,chunk_01,event_chunks_5fps/chunk_01/event_frames_full/E00122_00h05m02s800ms_stable_change.jpg,,GE00122
E00123,306.4,00:05:06.400,00h05m06s400ms,abrupt_change,7660,1532,"28,13,320,140",0.094085,7.8792,0.082254,7.6114,event_frames_full/E00123_00h05m06s400ms_abrupt_change.jpg,,,chunk_01,event_chunks_5fps/chunk_01/event_frames_full/E00123_00h05m06s400ms_abrupt_change.jpg,,GE00123
E00124,306.8,00:05:06.800,00h05m06s800ms,abrupt_change,7670,1534,"27,15,320,138",0.187924,9.8494,0.218259,10.1695,event_frames_full/E00124_00h05m06s800ms_abrupt_change.jpg,,,chunk_01,event_chunks_5fps/chunk_01/event_frames_full/E00124_00h05m06s800ms_abrupt_change.jpg,,GE00124
E00125,307.4,00:05:07.400,00h05m07s400ms,abrupt_change,7685,1537,"27,15,320,137",0.126629,9.2505,0.126629,9.2502,event_frames_full/E00125_00h05m07s400ms_abrupt_change.jpg,,,chunk_01,event_chunks_5fps/chunk_01/event_frames_full/E00125_00h05m07s400ms_abrupt_change.jpg,,GE00125
E00126,308.0,00:05:08.000,00h05m08s000ms,abrupt_change,7700,1540,"28,12,320,140",0.148549,7.1736,0.032701,7.0353,event_frames_full/E00126_00h05m08s000ms_abrupt_change.jpg,,,chunk_01,event_chunks_5fps/chunk_01/event_frames_full/E00126_00h05m08s000ms_abrupt_change.jpg,,GE00126
E00127,308.6,00:05:08.600,00h05m08s600ms,stable_change,7715,1543,"43,12,320,140",0.09529,5.6455,0.0,0.0009,event_frames_full/E00127_00h05m08s600ms_stable_change.jpg,,,chunk_01,event_chunks_5fps/chunk_01/event_frames_full/E00127_00h05m08s600ms_stable_change.jpg,,GE00127
E00128,309.0,00:05:09.000,00h05m09s000ms,abrupt_change,7725,1545,"28,12,320,140",0.215982,11.0234,0.195268,9.8347,event_frames_full/E00128_00h05m09s000ms_abrupt_change.jpg,,,chunk_01,event_chunks_5fps/chunk_01/event_frames_full/E00128_00h05m09s000ms_abrupt_change.jpg,,GE00128
E00129,309.6,00:05:09.600,00h05m09s600ms,stable_change,7740,1548,"28,12,320,138",0.155826,8.3671,0.0,0.0048,event_frames_full/E00129_00h05m09s600ms_stable_change.jpg,,,chunk_01,event_chunks_5fps/chunk_01/event_frames_full/E00129_00h05m09s600ms_stable_change.jpg,,GE00129
E00130,310.0,00:05:10.000,00h05m10s000ms,abrupt_change,7750,1550,"27,4,320,135",0.13154,8.5337,0.147455,7.7959,event_frames_full/E00130_00h05m10s000ms_abrupt_change.jpg,,,chunk_01,event_chunks_5fps/chunk_01/event_frames_full/E00130_00h05m10s000ms_abrupt_change.jpg,,GE00130
E00131,316.4,00:05:16.400,00h05m16s400ms,abrupt_change,7910,1582,"29,24,302,135",0.03375,3.2941,0.034085,3.288,event_frames_full/E00131_00h05m16s400ms_abrupt_change.jpg,event_crops/E00131_00h05m16s400ms_abrupt_change_DETAIL.jpg,"124,114,1862,841",chunk_01,event_chunks_5fps/chunk_01/event_frames_full/E00131_00h05m16s400ms_abrupt_change.jpg,event_chunks_5fps/chunk_01/event_crops/E00131_00h05m16s400ms_abrupt_change_DETAIL.jpg,GE00131
E00132,323.8,00:05:23.800,00h05m23s800ms,abrupt_change,8095,1619,"0,0,320,140",0.144754,8.5357,0.147634,8.7465,event_frames_full/E00132_00h05m23s800ms_abrupt_change.jpg,,,chunk_01,event_chunks_5fps/chunk_01/event_frames_full/E00132_00h05m23s800ms_abrupt_change.jpg,,GE00132
E00133,324.2,00:05:24.200,00h05m24s200ms,abrupt_change,8105,1621,"2,2,306,120",0.084397,6.2382,0.061384,6.0449,event_frames_full/E00133_00h05m24s200ms_abrupt_change.jpg,,,chunk_01,event_chunks_5fps/chunk_01/event_frames_full/E00133_00h05m24s200ms_abrupt_change.jpg,,GE00133
E00134,324.8,00:05:24.800,00h05m24s800ms,abrupt_change,8120,1624,"0,0,320,140",0.154464,10.2303,0.122344,7.9546,event_frames_full/E00134_00h05m24s800ms_abrupt_change.jpg,,,chunk_01,event_chunks_5fps/chunk_01/event_frames_full/E00134_00h05m24s800ms_abrupt_change.jpg,,GE00134
E00135,326.8,00:05:26.800,00h05m26s800ms,abrupt_change,8170,1634,"28,23,302,140",0.09529,5.7078,0.094777,5.5057,event_frames_full/E00135_00h05m26s800ms_abrupt_change.jpg,event_crops/E00135_00h05m26s800ms_abrupt_change_DETAIL.jpg,"118,108,1862,842",chunk_01,event_chunks_5fps/chunk_01/event_frames_full/E00135_00h05m26s800ms_abrupt_change.jpg,event_chunks_5fps/chunk_01/event_crops/E00135_00h05m26s800ms_abrupt_change_DETAIL.jpg,GE00135
E00136,327.2,00:05:27.200,00h05m27s200ms,abrupt_change,8180,1636,"28,23,320,140",0.124688,8.4652,0.124688,8.4652,event_frames_full/E00136_00h05m27s200ms_abrupt_change.jpg,event_crops/E00136_00h05m27s200ms_abrupt_change_DETAIL.jpg,"118,108,1920,842",chunk_01,event_chunks_5fps/chunk_01/event_frames_full/E00136_00h05m27s200ms_abrupt_change.jpg,event_chunks_5fps/chunk_01/event_crops/E00136_00h05m27s200ms_abrupt_change_DETAIL.jpg,GE00136
E00137,328.8,00:05:28.800,00h05m28s800ms,abrupt_change,8220,1644,"25,3,320,140",0.155781,10.3717,0.153929,10.241,event_frames_full/E00137_00h05m28s800ms_abrupt_change.jpg,,,chunk_01,event_chunks_5fps/chunk_01/event_frames_full/E00137_00h05m28s800ms_abrupt_change.jpg,,GE00137
E00138,329.2,00:05:29.200,00h05m29s200ms,abrupt_change,8230,1646,"29,15,320,140",0.183103,11.8686,0.183103,11.8686,event_frames_full/E00138_00h05m29s200ms_abrupt_change.jpg,,,chunk_01,event_chunks_5fps/chunk_01/event_frames_full/E00138_00h05m29s200ms_abrupt_change.jpg,,GE00138
E00139,329.6,00:05:29.600,00h05m29s600ms,abrupt_change,8240,1648,"29,17,320,140",0.108996,6.954,0.109598,6.9376,event_frames_full/E00139_00h05m29s600ms_abrupt_change.jpg,,,chunk_01,event_chunks_5fps/chunk_01/event_frames_full/E00139_00h05m29s600ms_abrupt_change.jpg,,GE00139
E00140,330.0,00:05:30.000,00h05m30s000ms,abrupt_change,8250,1650,"25,3,320,140",0.202031,13.0235,0.212478,12.7783,event_frames_full/E00140_00h05m30s000ms_abrupt_change.jpg,,,chunk_01,event_chunks_5fps/chunk_01/event_frames_full/E00140_00h05m30s000ms_abrupt_change.jpg,,GE00140
E00141,331.2,00:05:31.200,00h05m31s200ms,settled,8280,1656,"0,34,217,129",0.008728,0.5933,0.0,0.0048,event_frames_full/E00141_00h05m31s200ms_settled.jpg,event_crops/E00141_00h05m31s200ms_settled_DETAIL.jpg,"0,174,1352,805",chunk_01,event_chunks_5fps/chunk_01/event_frames_full/E00141_00h05m31s200ms_settled.jpg,event_chunks_5fps/chunk_01/event_crops/E00141_00h05m31s200ms_settled_DETAIL.jpg,GE00141
E00142,337.0,00:05:37.000,00h05m37s000ms,abrupt_change,8425,1685,"0,0,320,140",0.234754,14.7161,0.235513,14.7182,event_frames_full/E00142_00h05m37s000ms_abrupt_change.jpg,,,chunk_01,event_chunks_5fps/chunk_01/event_frames_full/E00142_00h05m37s000ms_abrupt_change.jpg,,GE00142
E00143,337.4,00:05:37.400,00h05m37s400ms,abrupt_change,8435,1687,"2,2,305,126",0.123013,6.5512,0.123013,6.5512,event_frames_full/E00143_00h05m37s400ms_abrupt_change.jpg,,,chunk_01,event_chunks_5fps/chunk_01/event_frames_full/E00143_00h05m37s400ms_abrupt_change.jpg,,GE00143
E00144,338.0,00:05:38.000,00h05m38s000ms,abrupt_change,8450,1690,"27,0,320,140",0.087835,5.7482,0.087656,5.7251,event_frames_full/E00144_00h05m38s000ms_abrupt_change.jpg,,,chunk_01,event_chunks_5fps/chunk_01/event_frames_full/E00144_00h05m38s000ms_abrupt_change.jpg,,GE00144
E00145,338.6,00:05:38.600,00h05m38s600ms,stable_change,8465,1693,"28,22,320,140",0.10192,5.5636,0.0,0.0,event_frames_full/E00145_00h05m38s600ms_stable_change.jpg,,,chunk_01,event_chunks_5fps/chunk_01/event_frames_full/E00145_00h05m38s600ms_stable_change.jpg,,GE00145
E00146,339.2,00:05:39.200,00h05m39s200ms,stable_change,8480,1696,"0,34,320,140",0.112009,6.001,0.0,0.0131,event_frames_full/E00146_00h05m39s200ms_stable_change.jpg,event_crops/E00146_00h05m39s200ms_stable_change_DETAIL.jpg,"0,174,1920,842",chunk_01,event_chunks_5fps/chunk_01/event_frames_full/E00146_00h05m39s200ms_stable_change.jpg,event_chunks_5fps/chunk_01/event_crops/E00146_00h05m39s200ms_stable_change_DETAIL.jpg,GE00146
E00147,355.2,00:05:55.200,00h05m55s200ms,abrupt_change,8880,1776,"29,47,320,138",0.087232,4.5902,0.087277,4.5624,event_frames_full/E00147_00h05m55s200ms_abrupt_change.jpg,event_crops/E00147_00h05m55s200ms_abrupt_change_DETAIL.jpg,"124,252,1920,842",chunk_01,event_chunks_5fps/chunk_01/event_frames_full/E00147_00h05m55s200ms_abrupt_change.jpg,event_chunks_5fps/chunk_01/event_crops/E00147_00h05m55s200ms_abrupt_change_DETAIL.jpg,GE00147
E00148,355.8,00:05:55.800,00h05m55s800ms,stable_change,8895,1779,"29,47,302,138",0.052478,2.7452,0.000201,0.0164,event_frames_full/E00148_00h05m55s800ms_stable_change.jpg,event_crops/E00148_00h05m55s800ms_stable_change_DETAIL.jpg,"124,252,1862,842",chunk_01,event_chunks_5fps/chunk_01/event_frames_full/E00148_00h05m55s800ms_stable_change.jpg,event_chunks_5fps/chunk_01/event_crops/E00148_00h05m55s800ms_stable_change_DETAIL.jpg,GE00148
E00149,359.0,00:05:59.000,00h05m59s000ms,abrupt_change,8975,1795,"27,3,320,140",0.18779,10.5104,0.185759,10.355,event_frames_full/E00149_00h05m59s000ms_abrupt_change.jpg,,,chunk_01,event_chunks_5fps/chunk_01/event_frames_full/E00149_00h05m59s000ms_abrupt_change.jpg,,GE00149
E00150,359.6,00:05:59.600,00h05m59s600ms,stable_change,8990,1798,"27,5,320,140",0.191384,11.4282,0.0,0.0,event_frames_full/E00150_00h05m59s600ms_stable_change.jpg,,,chunk_01,event_chunks_5fps/chunk_01/event_frames_full/E00150_00h05m59s600ms_stable_change.jpg,,GE00150
E00151,368.6,00:06:08.600,00h06m08s600ms,abrupt_change,9215,1843,"0,3,320,140",0.151562,10.3878,0.152455,10.4995,event_frames_full/E00151_00h06m08s600ms_abrupt_change.jpg,,,chunk_01,event_chunks_5fps/chunk_01/event_frames_full/E00151_00h06m08s600ms_abrupt_change.jpg,,GE00151
E00152,369.6,00:06:09.600,00h06m09s600ms,settled,9240,1848,"32,68,320,125",0.003103,0.9351,0.0,0.0126,event_frames_full/E00152_00h06m09s600ms_settled.jpg,event_crops/E00152_00h06m09s600ms_settled_DETAIL.jpg,"142,378,1920,781",chunk_01,event_chunks_5fps/chunk_01/event_frames_full/E00152_00h06m09s600ms_settled.jpg,event_chunks_5fps/chunk_01/event_crops/E00152_00h06m09s600ms_settled_DETAIL.jpg,GE00152
E00153,375.2,00:06:15.200,00h06m15s200ms,motion_progress,9380,1876,"27,50,92,101",0.028482,1.7348,0.028214,1.6609,event_frames_full/E00153_00h06m15s200ms_motion_progress.jpg,event_crops/E00153_00h06m15s200ms_motion_progress_DETAIL.jpg,"112,270,602,637",chunk_01,event_chunks_5fps/chunk_01/event_frames_full/E00153_00h06m15s200ms_motion_progress.jpg,event_chunks_5fps/chunk_01/event_crops/E00153_00h06m15s200ms_motion_progress_DETAIL.jpg,GE00153
E00154,378.2,00:06:18.200,00h06m18s200ms,motion_progress,9455,1891,"27,50,92,100",0.021004,1.1695,0.008683,0.5528,event_frames_full/E00154_00h06m18s200ms_motion_progress.jpg,event_crops/E00154_00h06m18s200ms_motion_progress_DETAIL.jpg,"112,270,602,631",chunk_01,event_chunks_5fps/chunk_01/event_frames_full/E00154_00h06m18s200ms_motion_progress.jpg,event_chunks_5fps/chunk_01/event_crops/E00154_00h06m18s200ms_motion_progress_DETAIL.jpg,GE00154
E00155,378.8,00:06:18.800,00h06m18s800ms,stable_change,9470,1894,"27,59,93,101",0.022388,1.2087,0.0,0.0,event_frames_full/E00155_00h06m18s800ms_stable_change.jpg,event_crops/E00155_00h06m18s800ms_stable_change_DETAIL.jpg,"112,324,608,637",chunk_01,event_chunks_5fps/chunk_01/event_frames_full/E00155_00h06m18s800ms_stable_change.jpg,event_chunks_5fps/chunk_01/event_crops/E00155_00h06m18s800ms_stable_change_DETAIL.jpg,GE00155
E00156,381.2,00:06:21.200,00h06m21s200ms,motion_progress,9530,1906,"27,59,93,76",0.024955,1.8265,0.024955,1.6921,event_frames_full/E00156_00h06m21s200ms_motion_progress.jpg,event_crops/E00156_00h06m21s200ms_motion_progress_DETAIL.jpg,"112,324,608,487",chunk_01,event_chunks_5fps/chunk_01/event_frames_full/E00156_00h06m21s200ms_motion_progress.jpg,event_chunks_5fps/chunk_01/event_crops/E00156_00h06m21s200ms_motion_progress_DETAIL.jpg,GE00156
E00157,381.8,00:06:21.800,00h06m21s800ms,stable_change,9545,1909,"27,46,274,81",0.020536,1.4407,0.0,0.0,event_frames_full/E00157_00h06m21s800ms_stable_change.jpg,event_crops/E00157_00h06m21s800ms_stable_change_DETAIL.jpg,"112,246,1694,517",chunk_01,event_chunks_5fps/chunk_01/event_frames_full/E00157_00h06m21s800ms_stable_change.jpg,event_chunks_5fps/chunk_01/event_crops/E00157_00h06m21s800ms_stable_change_DETAIL.jpg,GE00157
E00158,387.6,00:06:27.600,00h06m27s600ms,abrupt_change,9690,1938,"27,3,320,138",0.062723,4.2369,0.06433,4.2444,event_frames_full/E00158_00h06m27s600ms_abrupt_change.jpg,,,chunk_01,event_chunks_5fps/chunk_01/event_frames_full/E00158_00h06m27s600ms_abrupt_change.jpg,,GE00158
E00159,390.6,00:06:30.600,00h06m30s600ms,settled,9765,1953,"27,83,78,136",0.012924,0.801,0.0,0.0027,event_frames_full/E00159_00h06m30s600ms_settled.jpg,event_crops/E00159_00h06m30s600ms_settled_DETAIL.jpg,"112,469,518,842",chunk_01,event_chunks_5fps/chunk_01/event_frames_full/E00159_00h06m30s600ms_settled.jpg,event_chunks_5fps/chunk_01/event_crops/E00159_00h06m30s600ms_settled_DETAIL.jpg,GE00159
E00160,393.0,00:06:33.000,00h06m33s000ms,settled,9825,1965,"27,83,78,136",0.01317,0.8118,0.0,0.0,event_frames_full/E00160_00h06m33s000ms_settled.jpg,event_crops/E00160_00h06m33s000ms_settled_DETAIL.jpg,"112,469,518,842",chunk_01,event_chunks_5fps/chunk_01/event_frames_full/E00160_00h06m33s000ms_settled.jpg,event_chunks_5fps/chunk_01/event_crops/E00160_00h06m33s000ms_settled_DETAIL.jpg,GE00160
E00161,394.8,00:06:34.800,00h06m34s800ms,abrupt_change,9870,1974,"27,95,162,140",0.049531,3.3247,0.04933,3.1442,event_frames_full/E00161_00h06m34s800ms_abrupt_change.jpg,event_crops/E00161_00h06m34s800ms_abrupt_change_DETAIL.jpg,"112,541,1022,842",chunk_01,event_chunks_5fps/chunk_01/event_frames_full/E00161_00h06m34s800ms_abrupt_change.jpg,event_chunks_5fps/chunk_01/event_crops/E00161_00h06m34s800ms_abrupt_change_DETAIL.jpg,GE00161
E00162,395.8,00:06:35.800,00h06m35s800ms,abrupt_change,9895,1979,"27,96,160,113",0.050379,4.0618,0.050379,4.0539,event_frames_full/E00162_00h06m35s800ms_abrupt_change.jpg,event_crops/E00162_00h06m35s800ms_abrupt_change_DETAIL.jpg,"112,547,1010,709",chunk_01,event_chunks_5fps/chunk_01/event_frames_full/E00162_00h06m35s800ms_abrupt_change.jpg,event_chunks_5fps/chunk_01/event_crops/E00162_00h06m35s800ms_abrupt_change_DETAIL.jpg,GE00162
E00163,396.4,00:06:36.400,00h06m36s400ms,abrupt_change,9910,1982,"27,103,160,121",0.052411,4.0004,0.052411,4.0003,event_frames_full/E00163_00h06m36s400ms_abrupt_change.jpg,event_crops/E00163_00h06m36s400ms_abrupt_change_DETAIL.jpg,"112,589,1010,757",chunk_01,event_chunks_5fps/chunk_01/event_frames_full/E00163_00h06m36s400ms_abrupt_change.jpg,event_chunks_5fps/chunk_01/event_crops/E00163_00h06m36s400ms_abrupt_change_DETAIL.jpg,GE00163
E00164,399.0,00:06:39.000,00h06m39s000ms,abrupt_change,9975,1995,"27,96,160,136",0.06096,3.7258,0.060982,3.7295,event_frames_full/E00164_00h06m39s000ms_abrupt_change.jpg,event_crops/E00164_00h06m39s000ms_abrupt_change_DETAIL.jpg,"112,547,1010,842",chunk_01,event_chunks_5fps/chunk_01/event_frames_full/E00164_00h06m39s000ms_abrupt_change.jpg,event_chunks_5fps/chunk_01/event_crops/E00164_00h06m39s000ms_abrupt_change_DETAIL.jpg,GE00164
E00165,399.6,00:06:39.600,00h06m39s600ms,stable_change,9990,1998,"27,96,160,129",0.047366,3.6029,0.0,0.0082,event_frames_full/E00165_00h06m39s600ms_stable_change.jpg,event_crops/E00165_00h06m39s600ms_stable_change_DETAIL.jpg,"112,547,1010,805",chunk_01,event_chunks_5fps/chunk_01/event_frames_full/E00165_00h06m39s600ms_stable_change.jpg,event_chunks_5fps/chunk_01/event_crops/E00165_00h06m39s600ms_stable_change_DETAIL.jpg,GE00165
E00166,402.0,00:06:42.000,00h06m42s000ms,abrupt_change,10050,2010,"28,101,159,134",0.030223,1.3304,0.044509,2.0453,event_frames_full/E00166_00h06m42s000ms_abrupt_change.jpg,event_crops/E00166_00h06m42s000ms_abrupt_change_DETAIL.jpg,"118,577,1004,835",chunk_01,event_chunks_5fps/chunk_01/event_frames_full/E00166_00h06m42s000ms_abrupt_change.jpg,event_chunks_5fps/chunk_01/event_crops/E00166_00h06m42s000ms_abrupt_change_DETAIL.jpg,GE00166
E00167,403.4,00:06:43.400,00h06m43s400ms,abrupt_change,10085,2017,"27,96,160,138",0.056629,4.0204,0.056629,4.0211,event_frames_full/E00167_00h06m43s400ms_abrupt_change.jpg,event_crops/E00167_00h06m43s400ms_abrupt_change_DETAIL.jpg,"112,547,1010,842",chunk_01,event_chunks_5fps/chunk_01/event_frames_full/E00167_00h06m43s400ms_abrupt_change.jpg,event_chunks_5fps/chunk_01/event_crops/E00167_00h06m43s400ms_abrupt_change_DETAIL.jpg,GE00167
E00168,404.0,00:06:44.000,00h06m44s000ms,stable_change,10100,2020,"27,95,160,140",0.027299,1.8709,0.0,0.0093,event_frames_full/E00168_00h06m44s000ms_stable_change.jpg,event_crops/E00168_00h06m44s000ms_stable_change_DETAIL.jpg,"112,541,1010,842",chunk_01,event_chunks_5fps/chunk_01/event_frames_full/E00168_00h06m44s000ms_stable_change.jpg,event_chunks_5fps/chunk_01/event_crops/E00168_00h06m44s000ms_stable_change_DETAIL.jpg,GE00168
E00169,404.4,00:06:44.400,00h06m44s400ms,abrupt_change,10110,2022,"27,98,160,140",0.033661,2.4513,0.054487,4.1146,event_frames_full/E00169_00h06m44s400ms_abrupt_change.jpg,event_crops/E00169_00h06m44s400ms_abrupt_change_DETAIL.jpg,"112,559,1010,842",chunk_01,event_chunks_5fps/chunk_01/event_frames_full/E00169_00h06m44s400ms_abrupt_change.jpg,event_chunks_5fps/chunk_01/event_crops/E00169_00h06m44s400ms_abrupt_change_DETAIL.jpg,GE00169
E00170,404.8,00:06:44.800,00h06m44s800ms,abrupt_change,10120,2024,"38,98,80,140",0.005179,0.3495,0.05221,3.3134,event_frames_full/E00170_00h06m44s800ms_abrupt_change.jpg,event_crops/E00170_00h06m44s800ms_abrupt_change_DETAIL.jpg,"178,559,530,842",chunk_01,event_chunks_5fps/chunk_01/event_frames_full/E00170_00h06m44s800ms_abrupt_change.jpg,event_chunks_5fps/chunk_01/event_crops/E00170_00h06m44s800ms_abrupt_change_DETAIL.jpg,GE00170
E00171,405.4,00:06:45.400,00h06m45s400ms,abrupt_change,10135,2027,"27,97,162,140",0.036674,2.6579,0.041652,2.6967,event_frames_full/E00171_00h06m45s400ms_abrupt_change.jpg,event_crops/E00171_00h06m45s400ms_abrupt_change_DETAIL.jpg,"112,553,1022,842",chunk_01,event_chunks_5fps/chunk_01/event_frames_full/E00171_00h06m45s400ms_abrupt_change.jpg,event_chunks_5fps/chunk_01/event_crops/E00171_00h06m45s400ms_abrupt_change_DETAIL.jpg,GE00171
E00172,406.2,00:06:46.200,00h06m46s200ms,stable_change,10155,2031,"27,97,160,140",0.034219,2.6708,0.000201,0.0179,event_frames_full/E00172_00h06m46s200ms_stable_change.jpg,event_crops/E00172_00h06m46s200ms_stable_change_DETAIL.jpg,"112,553,1010,842",chunk_01,event_chunks_5fps/chunk_01/event_frames_full/E00172_00h06m46s200ms_stable_change.jpg,event_chunks_5fps/chunk_01/event_crops/E00172_00h06m46s200ms_stable_change_DETAIL.jpg,GE00172
E00173,406.8,00:06:46.800,00h06m46s800ms,abrupt_change,10170,2034,"27,91,162,140",0.052924,3.4442,0.054978,3.541,event_frames_full/E00173_00h06m46s800ms_abrupt_change.jpg,event_crops/E00173_00h06m46s800ms_abrupt_change_DETAIL.jpg,"112,517,1022,842",chunk_01,event_chunks_5fps/chunk_01/event_frames_full/E00173_00h06m46s800ms_abrupt_change.jpg,event_chunks_5fps/chunk_01/event_crops/E00173_00h06m46s800ms_abrupt_change_DETAIL.jpg,GE00173
E00174,411.2,00:06:51.200,00h06m51s200ms,abrupt_change,10280,2056,"27,98,162,140",0.046853,3.1308,0.046853,3.1336,event_frames_full/E00174_00h06m51s200ms_abrupt_change.jpg,event_crops/E00174_00h06m51s200ms_abrupt_change_DETAIL.jpg,"112,559,1022,842",chunk_01,event_chunks_5fps/chunk_01/event_frames_full/E00174_00h06m51s200ms_abrupt_change.jpg,event_chunks_5fps/chunk_01/event_crops/E00174_00h06m51s200ms_abrupt_change_DETAIL.jpg,GE00174
E00175,412.2,00:06:52.200,00h06m52s200ms,abrupt_change,10305,2061,"27,104,160,129",0.050558,3.4261,0.050558,3.4282,event_frames_full/E00175_00h06m52s200ms_abrupt_change.jpg,event_crops/E00175_00h06m52s200ms_abrupt_change_DETAIL.jpg,"112,595,1010,805",chunk_01,event_chunks_5fps/chunk_01/event_frames_full/E00175_00h06m52s200ms_abrupt_change.jpg,event_chunks_5fps/chunk_01/event_crops/E00175_00h06m52s200ms_abrupt_change_DETAIL.jpg,GE00175
E00176,412.8,00:06:52.800,00h06m52s800ms,abrupt_change,10320,2064,"27,99,162,140",0.057723,3.4263,0.050313,3.2651,event_frames_full/E00176_00h06m52s800ms_abrupt_change.jpg,event_crops/E00176_00h06m52s800ms_abrupt_change_DETAIL.jpg,"112,565,1022,842",chunk_01,event_chunks_5fps/chunk_01/event_frames_full/E00176_00h06m52s800ms_abrupt_change.jpg,event_chunks_5fps/chunk_01/event_crops/E00176_00h06m52s800ms_abrupt_change_DETAIL.jpg,GE00176
E00177,413.2,00:06:53.200,00h06m53s200ms,abrupt_change,10330,2066,"27,99,160,140",0.037991,2.6855,0.061004,4.6831,event_frames_full/E00177_00h06m53s200ms_abrupt_change.jpg,event_crops/E00177_00h06m53s200ms_abrupt_change_DETAIL.jpg,"112,565,1010,842",chunk_01,event_chunks_5fps/chunk_01/event_frames_full/E00177_00h06m53s200ms_abrupt_change.jpg,event_chunks_5fps/chunk_01/event_crops/E00177_00h06m53s200ms_abrupt_change_DETAIL.jpg,GE00177
E00178,413.8,00:06:53.800,00h06m53s800ms,abrupt_change,10345,2069,"27,5,320,140",0.110089,7.5544,0.113906,7.8268,event_frames_full/E00178_00h06m53s800ms_abrupt_change.jpg,,,chunk_01,event_chunks_5fps/chunk_01/event_frames_full/E00178_00h06m53s800ms_abrupt_change.jpg,,GE00178
E00179,414.4,00:06:54.400,00h06m54s400ms,stable_change,10360,2072,"27,3,320,125",0.093237,5.9773,0.0,0.0159,event_frames_full/E00179_00h06m54s400ms_stable_change.jpg,,,chunk_01,event_chunks_5fps/chunk_01/event_frames_full/E00179_00h06m54s400ms_stable_change.jpg,,GE00179
E00180,416.2,00:06:56.200,00h06m56s200ms,abrupt_change,10405,2081,"27,72,162,105",0.054933,4.237,0.054821,4.2218,event_frames_full/E00180_00h06m56s200ms_abrupt_change.jpg,event_crops/E00180_00h06m56s200ms_abrupt_change_DETAIL.jpg,"112,403,1022,661",chunk_01,event_chunks_5fps/chunk_01/event_frames_full/E00180_00h06m56s200ms_abrupt_change.jpg,event_chunks_5fps/chunk_01/event_crops/E00180_00h06m56s200ms_abrupt_change_DETAIL.jpg,GE00180
E00181,417.2,00:06:57.200,00h06m57s200ms,abrupt_change,10430,2086,"27,73,162,109",0.062679,3.9144,0.059107,3.8002,event_frames_full/E00181_00h06m57s200ms_abrupt_change.jpg,event_crops/E00181_00h06m57s200ms_abrupt_change_DETAIL.jpg,"112,409,1022,685",chunk_01,event_chunks_5fps/chunk_01/event_frames_full/E00181_00h06m57s200ms_abrupt_change.jpg,event_chunks_5fps/chunk_01/event_crops/E00181_00h06m57s200ms_abrupt_change_DETAIL.jpg,GE00181
E00182,418.8,00:06:58.800,00h06m58s800ms,abrupt_change,10470,2094,"27,83,160,109",0.059107,3.8103,0.059018,3.7945,event_frames_full/E00182_00h06m58s800ms_abrupt_change.jpg,event_crops/E00182_00h06m58s800ms_abrupt_change_DETAIL.jpg,"112,469,1010,685",chunk_01,event_chunks_5fps/chunk_01/event_frames_full/E00182_00h06m58s800ms_abrupt_change.jpg,event_chunks_5fps/chunk_01/event_crops/E00182_00h06m58s800ms_abrupt_change_DETAIL.jpg,GE00182
E00183,419.2,00:06:59.200,00h06m59s200ms,abrupt_change,10480,2096,"27,68,160,93",0.059107,3.884,0.053214,4.0242,event_frames_full/E00183_00h06m59s200ms_abrupt_change.jpg,event_crops/E00183_00h06m59s200ms_abrupt_change_DETAIL.jpg,"112,378,1010,589",chunk_01,event_chunks_5fps/chunk_01/event_frames_full/E00183_00h06m59s200ms_abrupt_change.jpg,event_chunks_5fps/chunk_01/event_crops/E00183_00h06m59s200ms_abrupt_change_DETAIL.jpg,GE00183
E00184,419.6,00:06:59.600,00h06m59s600ms,abrupt_change,10490,2098,"27,68,163,117",0.064129,3.4831,0.065558,3.597,event_frames_full/E00184_00h06m59s600ms_abrupt_change.jpg,event_crops/E00184_00h06m59s600ms_abrupt_change_DETAIL.jpg,"112,378,1028,733",chunk_01,event_chunks_5fps/chunk_01/event_frames_full/E00184_00h06m59s600ms_abrupt_change.jpg,event_chunks_5fps/chunk_01/event_crops/E00184_00h06m59s600ms_abrupt_change_DETAIL.jpg,GE00184
E00185,420.6,00:07:00.600,00h07m00s600ms,motion_progress,10515,2103,"28,22,68,79",0.010692,1.764,0.010156,1.7524,event_frames_full/E00185_00h07m00s600ms_motion_progress.jpg,event_crops/E00185_00h07m00s600ms_motion_progress_DETAIL.jpg,"118,102,458,505",chunk_01,event_chunks_5fps/chunk_01/event_frames_full/E00185_00h07m00s600ms_motion_progress.jpg,event_chunks_5fps/chunk_01/event_crops/E00185_00h07m00s600ms_motion_progress_DETAIL.jpg,GE00185
E00186,421.0,00:07:01.000,00h07m01s000ms,abrupt_change,10525,2105,"27,4,320,140",0.082723,4.5092,0.084643,4.908,event_frames_full/E00186_00h07m01s000ms_abrupt_change.jpg,,,chunk_01,event_chunks_5fps/chunk_01/event_frames_full/E00186_00h07m01s000ms_abrupt_change.jpg,,GE00186
E00187,421.6,00:07:01.600,00h07m01s600ms,stable_change,10540,2108,"27,22,320,135",0.073728,4.2134,0.0,0.0333,event_frames_full/E00187_00h07m01s600ms_stable_change.jpg,,,chunk_01,event_chunks_5fps/chunk_01/event_frames_full/E00187_00h07m01s600ms_stable_change.jpg,,GE00187
E00188,452.2,00:07:32.200,00h07m32s200ms,abrupt_change,11305,2261,"27,17,320,140",0.087321,5.0558,0.084464,4.8557,event_frames_full/E00188_00h07m32s200ms_abrupt_change.jpg,,,chunk_01,event_chunks_5fps/chunk_01/event_frames_full/E00188_00h07m32s200ms_abrupt_change.jpg,,GE00188
E00189,452.6,00:07:32.600,00h07m32s600ms,abrupt_change,11315,2263,"27,13,320,140",0.092612,4.8119,0.090603,4.8947,event_frames_full/E00189_00h07m32s600ms_abrupt_change.jpg,,,chunk_01,event_chunks_5fps/chunk_01/event_frames_full/E00189_00h07m32s600ms_abrupt_change.jpg,,GE00189
E00190,469.4,00:07:49.400,00h07m49s400ms,motion_progress,11735,2347,"36,48,100,98",0.025915,1.6912,0.02558,1.61,event_frames_full/E00190_00h07m49s400ms_motion_progress.jpg,event_crops/E00190_00h07m49s400ms_motion_progress_DETAIL.jpg,"166,258,650,619",chunk_01,event_chunks_5fps/chunk_01/event_frames_full/E00190_00h07m49s400ms_motion_progress.jpg,event_chunks_5fps/chunk_01/event_crops/E00190_00h07m49s400ms_motion_progress_DETAIL.jpg,GE00190
E00191,471.6,00:07:51.600,00h07m51s600ms,motion_progress,11790,2358,"36,49,97,98",0.020201,1.2494,0.020223,1.2326,event_frames_full/E00191_00h07m51s600ms_motion_progress.jpg,event_crops/E00191_00h07m51s600ms_motion_progress_DETAIL.jpg,"166,264,632,619",chunk_01,event_chunks_5fps/chunk_01/event_frames_full/E00191_00h07m51s600ms_motion_progress.jpg,event_chunks_5fps/chunk_01/event_crops/E00191_00h07m51s600ms_motion_progress_DETAIL.jpg,GE00191
E00192,474.0,00:07:54.000,00h07m54s000ms,motion_progress,11850,2370,"36,78,97,93",0.018594,1.361,0.018594,1.345,event_frames_full/E00192_00h07m54s000ms_motion_progress.jpg,event_crops/E00192_00h07m54s000ms_motion_progress_DETAIL.jpg,"166,439,632,589",chunk_01,event_chunks_5fps/chunk_01/event_frames_full/E00192_00h07m54s000ms_motion_progress.jpg,event_chunks_5fps/chunk_01/event_crops/E00192_00h07m54s000ms_motion_progress_DETAIL.jpg,GE00192
E00193,475.0,00:07:55.000,00h07m55s000ms,abrupt_change,11875,2375,"36,49,98,89",0.036853,2.1515,0.036763,2.1368,event_frames_full/E00193_00h07m55s000ms_abrupt_change.jpg,event_crops/E00193_00h07m55s000ms_abrupt_change_DETAIL.jpg,"166,264,638,565",chunk_01,event_chunks_5fps/chunk_01/event_frames_full/E00193_00h07m55s000ms_abrupt_change.jpg,event_chunks_5fps/chunk_01/event_crops/E00193_00h07m55s000ms_abrupt_change_DETAIL.jpg,GE00193
E00194,475.4,00:07:55.400,00h07m55s400ms,abrupt_change,11885,2377,"36,51,99,92",0.03221,2.1998,0.03221,2.1998,event_frames_full/E00194_00h07m55s400ms_abrupt_change.jpg,event_crops/E00194_00h07m55s400ms_abrupt_change_DETAIL.jpg,"166,276,644,583",chunk_01,event_chunks_5fps/chunk_01/event_frames_full/E00194_00h07m55s400ms_abrupt_change.jpg,event_chunks_5fps/chunk_01/event_crops/E00194_00h07m55s400ms_abrupt_change_DETAIL.jpg,GE00194
E00195,476.4,00:07:56.400,00h07m56s400ms,stable_change,11910,2382,"36,49,100,90",0.034442,2.2268,0.0,0.0,event_frames_full/E00195_00h07m56s400ms_stable_change.jpg,event_crops/E00195_00h07m56s400ms_stable_change_DETAIL.jpg,"166,264,650,571",chunk_01,event_chunks_5fps/chunk_01/event_frames_full/E00195_00h07m56s400ms_stable_change.jpg,event_chunks_5fps/chunk_01/event_crops/E00195_00h07m56s400ms_stable_change_DETAIL.jpg,GE00195
E00196,477.2,00:07:57.200,00h07m57s200ms,stable_change,11930,2386,"36,49,100,86",0.029978,2.1759,0.0,0.0682,event_frames_full/E00196_00h07m57s200ms_stable_change.jpg,event_crops/E00196_00h07m57s200ms_stable_change_DETAIL.jpg,"166,264,650,547",chunk_01,event_chunks_5fps/chunk_01/event_frames_full/E00196_00h07m57s200ms_stable_change.jpg,event_chunks_5fps/chunk_01/event_crops/E00196_00h07m57s200ms_stable_change_DETAIL.jpg,GE00196
E00197,478.0,00:07:58.000,00h07m58s000ms,stable_change,11950,2390,"36,49,97,87",0.024621,1.8609,0.0,0.0,event_frames_full/E00197_00h07m58s000ms_stable_change.jpg,event_crops/E00197_00h07m58s000ms_stable_change_DETAIL.jpg,"166,264,632,553",chunk_01,event_chunks_5fps/chunk_01/event_frames_full/E00197_00h07m58s000ms_stable_change.jpg,event_chunks_5fps/chunk_01/event_crops/E00197_00h07m58s000ms_stable_change_DETAIL.jpg,GE00197
E00198,479.0,00:07:59.000,00h07m59s000ms,stable_change,11975,2395,"36,49,97,93",0.020379,1.5064,0.0,0.0,event_frames_full/E00198_00h07m59s000ms_stable_change.jpg,event_crops/E00198_00h07m59s000ms_stable_change_DETAIL.jpg,"166,264,632,589",chunk_01,event_chunks_5fps/chunk_01/event_frames_full/E00198_00h07m59s000ms_stable_change.jpg,event_chunks_5fps/chunk_01/event_crops/E00198_00h07m59s000ms_stable_change_DETAIL.jpg,GE00198
E00199,479.8,00:07:59.800,00h07m59s800ms,stable_change,11995,2399,"36,79,97,93",0.017589,1.2664,0.0,0.0104,event_frames_full/E00199_00h07m59s800ms_stable_change.jpg,event_crops/E00199_00h07m59s800ms_stable_change_DETAIL.jpg,"166,445,632,589",chunk_01,event_chunks_5fps/chunk_01/event_frames_full/E00199_00h07m59s800ms_stable_change.jpg,event_chunks_5fps/chunk_01/event_crops/E00199_00h07m59s800ms_stable_change_DETAIL.jpg,GE00199
E00200,480.4,00:08:00.400,00h08m00s400ms,stable_change,12010,2402,"36,49,100,89",0.019085,1.2451,0.0,0.0204,event_frames_full/E00200_00h08m00s400ms_stable_change.jpg,event_crops/E00200_00h08m00s400ms_stable_change_DETAIL.jpg,"166,264,650,565",chunk_01,event_chunks_5fps/chunk_01/event_frames_full/E00200_00h08m00s400ms_stable_change.jpg,event_chunks_5fps/chunk_01/event_crops/E00200_00h08m00s400ms_stable_change_DETAIL.jpg,GE00200
E00201,481.8,00:08:01.800,00h08m01s800ms,settled,12045,2409,"36,76,97,90",0.013728,1.0416,0.0,0.0,event_frames_full/E00201_00h08m01s800ms_settled.jpg,event_crops/E00201_00h08m01s800ms_settled_DETAIL.jpg,"166,427,632,571",chunk_01,event_chunks_5fps/chunk_01/event_frames_full/E00201_00h08m01s800ms_settled.jpg,event_chunks_5fps/chunk_01/event_crops/E00201_00h08m01s800ms_settled_DETAIL.jpg,GE00201
E00202,484.0,00:08:04.000,00h08m04s000ms,motion_progress,12100,2420,"36,76,97,93",0.021719,1.6978,0.021719,1.6841,event_frames_full/E00202_00h08m04s000ms_motion_progress.jpg,event_crops/E00202_00h08m04s000ms_motion_progress_DETAIL.jpg,"166,427,632,589",chunk_01,event_chunks_5fps/chunk_01/event_frames_full/E00202_00h08m04s000ms_motion_progress.jpg,event_chunks_5fps/chunk_01/event_crops/E00202_00h08m04s000ms_motion_progress_DETAIL.jpg,GE00202
E00203,486.8,00:08:06.800,00h08m06s800ms,motion_progress,12170,2434,"36,49,100,93",0.017277,1.1723,0.007567,0.3969,event_frames_full/E00203_00h08m06s800ms_motion_progress.jpg,event_crops/E00203_00h08m06s800ms_motion_progress_DETAIL.jpg,"166,264,650,589",chunk_01,event_chunks_5fps/chunk_01/event_frames_full/E00203_00h08m06s800ms_motion_progress.jpg,event_chunks_5fps/chunk_01/event_crops/E00203_00h08m06s800ms_motion_progress_DETAIL.jpg,GE00203
E00204,487.8,00:08:07.800,00h08m07s800ms,motion_progress,12195,2439,"36,49,99,88",0.026094,1.4064,0.013437,1.0157,event_frames_full/E00204_00h08m07s800ms_motion_progress.jpg,event_crops/E00204_00h08m07s800ms_motion_progress_DETAIL.jpg,"166,264,644,559",chunk_01,event_chunks_5fps/chunk_01/event_frames_full/E00204_00h08m07s800ms_motion_progress.jpg,event_chunks_5fps/chunk_01/event_crops/E00204_00h08m07s800ms_motion_progress_DETAIL.jpg,GE00204
E00205,492.4,00:08:12.400,00h08m12s400ms,motion_progress,12310,2462,"36,71,97,89",0.023058,1.7786,0.022969,1.6669,event_frames_full/E00205_00h08m12s400ms_motion_progress.jpg,event_crops/E00205_00h08m12s400ms_motion_progress_DETAIL.jpg,"166,397,632,565",chunk_01,event_chunks_5fps/chunk_01/event_frames_full/E00205_00h08m12s400ms_motion_progress.jpg,event_chunks_5fps/chunk_01/event_crops/E00205_00h08m12s400ms_motion_progress_DETAIL.jpg,GE00205
E00206,493.0,00:08:13.000,00h08m13s000ms,stable_change,12325,2465,"36,71,97,88",0.022969,1.6688,0.0,0.0128,event_frames_full/E00206_00h08m13s000ms_stable_change.jpg,event_crops/E00206_00h08m13s000ms_stable_change_DETAIL.jpg,"166,397,632,559",chunk_01,event_chunks_5fps/chunk_01/event_frames_full/E00206_00h08m13s000ms_stable_change.jpg,event_chunks_5fps/chunk_01/event_crops/E00206_00h08m13s000ms_stable_change_DETAIL.jpg,GE00206
E00207,493.6,00:08:13.600,00h08m13s600ms,stable_change,12340,2468,"36,71,97,88",0.022969,1.6648,0.0,0.0054,event_frames_full/E00207_00h08m13s600ms_stable_change.jpg,event_crops/E00207_00h08m13s600ms_stable_change_DETAIL.jpg,"166,397,632,559",chunk_01,event_chunks_5fps/chunk_01/event_frames_full/E00207_00h08m13s600ms_stable_change.jpg,event_chunks_5fps/chunk_01/event_crops/E00207_00h08m13s600ms_stable_change_DETAIL.jpg,GE00207
E00208,494.6,00:08:14.600,00h08m14s600ms,abrupt_change,12365,2473,"0,0,318,140",0.99375,122.5309,0.99375,122.5364,event_frames_full/E00208_00h08m14s600ms_abrupt_change.jpg,,,chunk_01,event_chunks_5fps/chunk_01/event_frames_full/E00208_00h08m14s600ms_abrupt_change.jpg,,GE00208
E00209,495.2,00:08:15.200,00h08m15s200ms,stable_change,12380,2476,"0,0,318,140",0.99375,123.6836,0.000201,0.0162,event_frames_full/E00209_00h08m15s200ms_stable_change.jpg,,,chunk_01,event_chunks_5fps/chunk_01/event_frames_full/E00209_00h08m15s200ms_stable_change.jpg,,GE00209
E00210,501.6,00:08:21.600,00h08m21s600ms,abrupt_change,12540,2508,"85,48,206,101",0.048996,2.954,0.048527,2.9279,event_frames_full/E00210_00h08m21s600ms_abrupt_change.jpg,event_crops/E00210_00h08m21s600ms_abrupt_change_DETAIL.jpg,"460,258,1286,637",chunk_01,event_chunks_5fps/chunk_01/event_frames_full/E00210_00h08m21s600ms_abrupt_change.jpg,event_chunks_5fps/chunk_01/event_crops/E00210_00h08m21s600ms_abrupt_change_DETAIL.jpg,GE00210
E00211,506.0,00:08:26.000,00h08m26s000ms,motion_progress,12650,2530,"100,43,204,99",0.02625,1.5586,0.025714,1.5429,event_frames_full/E00211_00h08m26s000ms_motion_progress.jpg,event_crops/E00211_00h08m26s000ms_motion_progress_DETAIL.jpg,"550,228,1274,625",chunk_01,event_chunks_5fps/chunk_01/event_frames_full/E00211_00h08m26s000ms_motion_progress.jpg,event_chunks_5fps/chunk_01/event_crops/E00211_00h08m26s000ms_motion_progress_DETAIL.jpg,GE00211
E00212,507.2,00:08:27.200,00h08m27s200ms,settled,12680,2536,"106,43,183,85",0.005491,0.3451,0.0,0.0059,event_frames_full/E00212_00h08m27s200ms_settled.jpg,event_crops/E00212_00h08m27s200ms_settled_DETAIL.jpg,"586,228,1148,541",chunk_01,event_chunks_5fps/chunk_01/event_frames_full/E00212_00h08m27s200ms_settled.jpg,event_chunks_5fps/chunk_01/event_crops/E00212_00h08m27s200ms_settled_DETAIL.jpg,GE00212
E00213,535.0,00:08:55.000,00h08m55s000ms,motion_progress,13375,2675,"100,43,204,92",0.029129,1.682,0.028906,1.5902,event_frames_full/E00213_00h08m55s000ms_motion_progress.jpg,event_crops/E00213_00h08m55s000ms_motion_progress_DETAIL.jpg,"550,228,1274,583",chunk_01,event_chunks_5fps/chunk_01/event_frames_full/E00213_00h08m55s000ms_motion_progress.jpg,event_chunks_5fps/chunk_01/event_crops/E00213_00h08m55s000ms_motion_progress_DETAIL.jpg,GE00213
E00214,536.6,00:08:56.600,00h08m56s600ms,abrupt_change,13415,2683,"100,43,204,92",0.039241,2.3725,0.038973,2.3694,event_frames_full/E00214_00h08m56s600ms_abrupt_change.jpg,event_crops/E00214_00h08m56s600ms_abrupt_change_DETAIL.jpg,"550,228,1274,583",chunk_01,event_chunks_5fps/chunk_01/event_frames_full/E00214_00h08m56s600ms_abrupt_change.jpg,event_chunks_5fps/chunk_01/event_crops/E00214_00h08m56s600ms_abrupt_change_DETAIL.jpg,GE00214
E00215,537.2,00:08:57.200,00h08m57s200ms,stable_change,13430,2686,"100,52,204,85",0.019152,1.191,0.0,0.0113,event_frames_full/E00215_00h08m57s200ms_stable_change.jpg,event_crops/E00215_00h08m57s200ms_stable_change_DETAIL.jpg,"550,282,1274,541",chunk_01,event_chunks_5fps/chunk_01/event_frames_full/E00215_00h08m57s200ms_stable_change.jpg,event_chunks_5fps/chunk_01/event_crops/E00215_00h08m57s200ms_stable_change_DETAIL.jpg,GE00215
E00216,539.2,00:08:59.200,00h08m59s200ms,abrupt_change,13480,2696,"100,48,204,88",0.069219,4.8125,0.06942,4.8187,event_frames_full/E00216_00h08m59s200ms_abrupt_change.jpg,event_crops/E00216_00h08m59s200ms_abrupt_change_DETAIL.jpg,"550,258,1274,559",chunk_01,event_chunks_5fps/chunk_01/event_frames_full/E00216_00h08m59s200ms_abrupt_change.jpg,event_chunks_5fps/chunk_01/event_crops/E00216_00h08m59s200ms_abrupt_change_DETAIL.jpg,GE00216
E00217,539.6,00:08:59.600,00h08m59s600ms,abrupt_change,13490,2698,"100,52,206,90",0.064241,4.2563,0.065603,4.9663,event_frames_full/E00217_00h08m59s600ms_abrupt_change.jpg,event_crops/E00217_00h08m59s600ms_abrupt_change_DETAIL.jpg,"550,282,1286,571",chunk_01,event_chunks_5fps/chunk_01/event_frames_full/E00217_00h08m59s600ms_abrupt_change.jpg,event_chunks_5fps/chunk_01/event_crops/E00217_00h08m59s600ms_abrupt_change_DETAIL.jpg,GE00217
E00218,540.2,00:09:00.200,00h09m00s200ms,abrupt_change,13505,2701,"100,52,204,91",0.067522,4.3389,0.055179,4.1709,event_frames_full/E00218_00h09m00s200ms_abrupt_change.jpg,event_crops/E00218_00h09m00s200ms_abrupt_change_DETAIL.jpg,"550,282,1274,577",chunk_01,event_chunks_5fps/chunk_01/event_frames_full/E00218_00h09m00s200ms_abrupt_change.jpg,event_chunks_5fps/chunk_01/event_crops/E00218_00h09m00s200ms_abrupt_change_DETAIL.jpg,GE00218
E00219,540.6,00:09:00.600,00h09m00s600ms,abrupt_change,13515,2703,"100,52,205,92",0.070848,5.2599,0.070826,5.2598,event_frames_full/E00219_00h09m00s600ms_abrupt_change.jpg,event_crops/E00219_00h09m00s600ms_abrupt_change_DETAIL.jpg,"550,282,1280,583",chunk_01,event_chunks_5fps/chunk_01/event_frames_full/E00219_00h09m00s600ms_abrupt_change.jpg,event_chunks_5fps/chunk_01/event_crops/E00219_00h09m00s600ms_abrupt_change_DETAIL.jpg,GE00219
E00220,541.0,00:09:01.000,00h09m01s000ms,abrupt_change,13525,2705,"100,52,206,89",0.039598,2.9176,0.04067,2.8046,event_frames_full/E00220_00h09m01s000ms_abrupt_change.jpg,event_crops/E00220_00h09m01s000ms_abrupt_change_DETAIL.jpg,"550,282,1286,565",chunk_01,event_chunks_5fps/chunk_01/event_frames_full/E00220_00h09m01s000ms_abrupt_change.jpg,event_chunks_5fps/chunk_01/event_crops/E00220_00h09m01s000ms_abrupt_change_DETAIL.jpg,GE00220
E00221,541.4,00:09:01.400,00h09m01s400ms,abrupt_change,13535,2707,"100,56,206,88",0.050982,3.8893,0.067076,4.1865,event_frames_full/E00221_00h09m01s400ms_abrupt_change.jpg,event_crops/E00221_00h09m01s400ms_abrupt_change_DETAIL.jpg,"550,306,1286,559",chunk_01,event_chunks_5fps/chunk_01/event_frames_full/E00221_00h09m01s400ms_abrupt_change.jpg,event_chunks_5fps/chunk_01/event_crops/E00221_00h09m01s400ms_abrupt_change_DETAIL.jpg,GE00221
E00222,541.8,00:09:01.800,00h09m01s800ms,abrupt_change,13545,2709,"100,50,206,92",0.073638,4.2042,0.073638,4.2004,event_frames_full/E00222_00h09m01s800ms_abrupt_change.jpg,event_crops/E00222_00h09m01s800ms_abrupt_change_DETAIL.jpg,"550,270,1286,583",chunk_01,event_chunks_5fps/chunk_01/event_frames_full/E00222_00h09m01s800ms_abrupt_change.jpg,event_chunks_5fps/chunk_01/event_crops/E00222_00h09m01s800ms_abrupt_change_DETAIL.jpg,GE00222
E00223,542.2,00:09:02.200,00h09m02s200ms,abrupt_change,13555,2711,"100,67,204,88",0.04596,3.6433,0.046138,3.5446,event_frames_full/E00223_00h09m02s200ms_abrupt_change.jpg,event_crops/E00223_00h09m02s200ms_abrupt_change_DETAIL.jpg,"550,372,1274,559",chunk_01,event_chunks_5fps/chunk_01/event_frames_full/E00223_00h09m02s200ms_abrupt_change.jpg,event_chunks_5fps/chunk_01/event_crops/E00223_00h09m02s200ms_abrupt_change_DETAIL.jpg,GE00223
E00224,542.8,00:09:02.800,00h09m02s800ms,abrupt_change,13570,2714,"100,54,205,92",0.061987,3.5335,0.032277,2.3156,event_frames_full/E00224_00h09m02s800ms_abrupt_change.jpg,event_crops/E00224_00h09m02s800ms_abrupt_change_DETAIL.jpg,"550,294,1280,583",chunk_01,event_chunks_5fps/chunk_01/event_frames_full/E00224_00h09m02s800ms_abrupt_change.jpg,event_chunks_5fps/chunk_01/event_crops/E00224_00h09m02s800ms_abrupt_change_DETAIL.jpg,GE00224
E00225,543.2,00:09:03.200,00h09m03s200ms,abrupt_change,13580,2716,"100,51,204,92",0.048705,2.373,0.048772,2.373,event_frames_full/E00225_00h09m03s200ms_abrupt_change.jpg,event_crops/E00225_00h09m03s200ms_abrupt_change_DETAIL.jpg,"550,276,1274,583",chunk_01,event_chunks_5fps/chunk_01/event_frames_full/E00225_00h09m03s200ms_abrupt_change.jpg,event_chunks_5fps/chunk_01/event_crops/E00225_00h09m03s200ms_abrupt_change_DETAIL.jpg,GE00225
E00226,543.8,00:09:03.800,00h09m03s800ms,stable_change,13595,2719,"100,51,204,92",0.057344,3.6597,0.000402,0.0231,event_frames_full/E00226_00h09m03s800ms_stable_change.jpg,event_crops/E00226_00h09m03s800ms_stable_change_DETAIL.jpg,"550,276,1274,583",chunk_01,event_chunks_5fps/chunk_01/event_frames_full/E00226_00h09m03s800ms_stable_change.jpg,event_chunks_5fps/chunk_01/event_crops/E00226_00h09m03s800ms_stable_change_DETAIL.jpg,GE00226
E00227,544.8,00:09:04.800,00h09m04s800ms,abrupt_change,13620,2724,"100,48,204,81",0.074063,5.3904,0.073951,5.3733,event_frames_full/E00227_00h09m04s800ms_abrupt_change.jpg,event_crops/E00227_00h09m04s800ms_abrupt_change_DETAIL.jpg,"550,258,1274,517",chunk_01,event_chunks_5fps/chunk_01/event_frames_full/E00227_00h09m04s800ms_abrupt_change.jpg,event_chunks_5fps/chunk_01/event_crops/E00227_00h09m04s800ms_abrupt_change_DETAIL.jpg,GE00227
E00228,545.8,00:09:05.800,00h09m05s800ms,abrupt_change,13645,2729,"100,43,206,92",0.058683,3.2159,0.046562,2.9783,event_frames_full/E00228_00h09m05s800ms_abrupt_change.jpg,event_crops/E00228_00h09m05s800ms_abrupt_change_DETAIL.jpg,"550,228,1286,583",chunk_01,event_chunks_5fps/chunk_01/event_frames_full/E00228_00h09m05s800ms_abrupt_change.jpg,event_chunks_5fps/chunk_01/event_crops/E00228_00h09m05s800ms_abrupt_change_DETAIL.jpg,GE00228
E00229,546.6,00:09:06.600,00h09m06s600ms,abrupt_change,13665,2733,"100,43,204,92",0.035134,1.8587,0.034955,1.8551,event_frames_full/E00229_00h09m06s600ms_abrupt_change.jpg,event_crops/E00229_00h09m06s600ms_abrupt_change_DETAIL.jpg,"550,228,1274,583",chunk_01,event_chunks_5fps/chunk_01/event_frames_full/E00229_00h09m06s600ms_abrupt_change.jpg,event_chunks_5fps/chunk_01/event_crops/E00229_00h09m06s600ms_abrupt_change_DETAIL.jpg,GE00229
E00230,548.0,00:09:08.000,00h09m08s000ms,settled,13700,2740,"106,44,183,85",0.005112,0.3297,0.0,0.0044,event_frames_full/E00230_00h09m08s000ms_settled.jpg,event_crops/E00230_00h09m08s000ms_settled_DETAIL.jpg,"586,234,1148,541",chunk_01,event_chunks_5fps/chunk_01/event_frames_full/E00230_00h09m08s000ms_settled.jpg,event_chunks_5fps/chunk_01/event_crops/E00230_00h09m08s000ms_settled_DETAIL.jpg,GE00230
E00231,551.4,00:09:11.400,00h09m11s400ms,abrupt_change,13785,2757,"100,43,204,76",0.065424,4.8247,0.064687,4.7897,event_frames_full/E00231_00h09m11s400ms_abrupt_change.jpg,event_crops/E00231_00h09m11s400ms_abrupt_change_DETAIL.jpg,"550,228,1274,487",chunk_01,event_chunks_5fps/chunk_01/event_frames_full/E00231_00h09m11s400ms_abrupt_change.jpg,event_chunks_5fps/chunk_01/event_crops/E00231_00h09m11s400ms_abrupt_change_DETAIL.jpg,GE00231
E00232,551.8,00:09:11.800,00h09m11s800ms,abrupt_change,13795,2759,"100,48,204,76",0.064687,4.7918,0.064687,4.7917,event_frames_full/E00232_00h09m11s800ms_abrupt_change.jpg,event_crops/E00232_00h09m11s800ms_abrupt_change_DETAIL.jpg,"550,258,1274,487",chunk_01,event_chunks_5fps/chunk_01/event_frames_full/E00232_00h09m11s800ms_abrupt_change.jpg,event_chunks_5fps/chunk_01/event_crops/E00232_00h09m11s800ms_abrupt_change_DETAIL.jpg,GE00232
E00233,552.2,00:09:12.200,00h09m12s200ms,abrupt_change,13805,2761,"100,48,206,92",0.054196,3.7522,0.065335,3.8264,event_frames_full/E00233_00h09m12s200ms_abrupt_change.jpg,event_crops/E00233_00h09m12s200ms_abrupt_change_DETAIL.jpg,"550,258,1286,583",chunk_01,event_chunks_5fps/chunk_01/event_frames_full/E00233_00h09m12s200ms_abrupt_change.jpg,event_chunks_5fps/chunk_01/event_crops/E00233_00h09m12s200ms_abrupt_change_DETAIL.jpg,GE00233
E00234,552.8,00:09:12.800,00h09m12s800ms,abrupt_change,13820,2764,"100,48,206,89",0.049799,3.8195,0.034888,2.698,event_frames_full/E00234_00h09m12s800ms_abrupt_change.jpg,event_crops/E00234_00h09m12s800ms_abrupt_change_DETAIL.jpg,"550,258,1286,565",chunk_01,event_chunks_5fps/chunk_01/event_frames_full/E00234_00h09m12s800ms_abrupt_change.jpg,event_chunks_5fps/chunk_01/event_crops/E00234_00h09m12s800ms_abrupt_change_DETAIL.jpg,GE00234
E00235,555.0,00:09:15.000,00h09m15s000ms,abrupt_change,13875,2775,"100,61,205,92",0.055379,4.0666,0.059107,4.1535,event_frames_full/E00235_00h09m15s000ms_abrupt_change.jpg,event_crops/E00235_00h09m15s000ms_abrupt_change_DETAIL.jpg,"550,336,1280,583",chunk_01,event_chunks_5fps/chunk_01/event_frames_full/E00235_00h09m15s000ms_abrupt_change.jpg,event_chunks_5fps/chunk_01/event_crops/E00235_00h09m15s000ms_abrupt_change_DETAIL.jpg,GE00235
E00236,555.6,00:09:15.600,00h09m15s600ms,abrupt_change,13890,2778,"100,52,206,92",0.025558,1.719,0.030067,2.1922,event_frames_full/E00236_00h09m15s600ms_abrupt_change.jpg,event_crops/E00236_00h09m15s600ms_abrupt_change_DETAIL.jpg,"550,282,1286,583",chunk_01,event_chunks_5fps/chunk_01/event_frames_full/E00236_00h09m15s600ms_abrupt_change.jpg,event_chunks_5fps/chunk_01/event_crops/E00236_00h09m15s600ms_abrupt_change_DETAIL.jpg,GE00236
E00237,556.2,00:09:16.200,00h09m16s200ms,stable_change,13905,2781,"100,68,204,78",0.022991,1.5689,0.0,0.0048,event_frames_full/E00237_00h09m16s200ms_stable_change.jpg,event_crops/E00237_00h09m16s200ms_stable_change_DETAIL.jpg,"550,378,1274,499",chunk_01,event_chunks_5fps/chunk_01/event_frames_full/E00237_00h09m16s200ms_stable_change.jpg,event_chunks_5fps/chunk_01/event_crops/E00237_00h09m16s200ms_stable_change_DETAIL.jpg,GE00237
E00238,556.6,00:09:16.600,00h09m16s600ms,abrupt_change,13915,2783,"100,43,217,97",0.063683,2.9689,0.063571,2.9644,event_frames_full/E00238_00h09m16s600ms_abrupt_change.jpg,event_crops/E00238_00h09m16s600ms_abrupt_change_DETAIL.jpg,"550,228,1352,613",chunk_01,event_chunks_5fps/chunk_01/event_frames_full/E00238_00h09m16s600ms_abrupt_change.jpg,event_chunks_5fps/chunk_01/event_crops/E00238_00h09m16s600ms_abrupt_change_DETAIL.jpg,GE00238
E00239,570.4,00:09:30.400,00h09m30s400ms,abrupt_change,14260,2852,"0,0,318,113",0.288839,33.261,0.283862,33.1669,event_frames_full/E00239_00h09m30s400ms_abrupt_change.jpg,,,chunk_01,event_chunks_5fps/chunk_01/event_frames_full/E00239_00h09m30s400ms_abrupt_change.jpg,,GE00239
E00240,571.0,00:09:31.000,00h09m31s000ms,abrupt_change,14275,2855,"0,0,320,140",0.351964,37.0861,0.077321,4.4817,event_frames_full/E00240_00h09m31s000ms_abrupt_change.jpg,,,chunk_01,event_chunks_5fps/chunk_01/event_frames_full/E00240_00h09m31s000ms_abrupt_change.jpg,,GE00240
E00241,571.4,00:09:31.400,00h09m31s400ms,abrupt_change,14285,2857,"27,13,320,140",0.129062,7.1348,0.129062,7.1348,event_frames_full/E00241_00h09m31s400ms_abrupt_change.jpg,,,chunk_01,event_chunks_5fps/chunk_01/event_frames_full/E00241_00h09m31s400ms_abrupt_change.jpg,,GE00241
E00242,573.6,00:09:33.600,00h09m33s600ms,abrupt_change,14340,2868,"28,14,320,140",0.191004,8.0841,0.19471,8.0987,event_frames_full/E00242_00h09m33s600ms_abrupt_change.jpg,,,chunk_01,event_chunks_5fps/chunk_01/event_frames_full/E00242_00h09m33s600ms_abrupt_change.jpg,,GE00242
E00243,574.0,00:09:34.000,00h09m34s000ms,abrupt_change,14350,2870,"28,20,320,140",0.161138,6.6636,0.1175,4.9452,event_frames_full/E00243_00h09m34s000ms_abrupt_change.jpg,,,chunk_01,event_chunks_5fps/chunk_01/event_frames_full/E00243_00h09m34s000ms_abrupt_change.jpg,,GE00243
E00244,574.6,00:09:34.600,00h09m34s600ms,stable_change,14365,2873,"28,20,320,140",0.190848,7.6353,0.000201,0.0165,event_frames_full/E00244_00h09m34s600ms_stable_change.jpg,,,chunk_01,event_chunks_5fps/chunk_01/event_frames_full/E00244_00h09m34s600ms_stable_change.jpg,,GE00244
E00245,576.0,00:09:36.000,00h09m36s000ms,abrupt_change,14400,2880,"100,11,206,76",0.055402,3.0681,0.055223,3.0442,event_frames_full/E00245_00h09m36s000ms_abrupt_change.jpg,event_crops/E00245_00h09m36s000ms_abrupt_change_DETAIL.jpg,"550,36,1286,487",chunk_01,event_chunks_5fps/chunk_01/event_frames_full/E00245_00h09m36s000ms_abrupt_change.jpg,event_chunks_5fps/chunk_01/event_crops/E00245_00h09m36s000ms_abrupt_change_DETAIL.jpg,GE00245
E00246,576.8,00:09:36.800,00h09m36s800ms,abrupt_change,14420,2884,"100,11,206,60",0.050647,2.947,0.050446,2.923,event_frames_full/E00246_00h09m36s800ms_abrupt_change.jpg,event_crops/E00246_00h09m36s800ms_abrupt_change_DETAIL.jpg,"550,36,1286,390",chunk_01,event_chunks_5fps/chunk_01/event_frames_full/E00246_00h09m36s800ms_abrupt_change.jpg,event_chunks_5fps/chunk_01/event_crops/E00246_00h09m36s800ms_abrupt_change_DETAIL.jpg,GE00246
E00247,582.4,00:09:42.400,00h09m42s400ms,abrupt_change,14560,2912,"100,11,206,55",0.050313,2.9628,0.051116,2.9416,event_frames_full/E00247_00h09m42s400ms_abrupt_change.jpg,event_crops/E00247_00h09m42s400ms_abrupt_change_DETAIL.jpg,"550,36,1286,360",chunk_01,event_chunks_5fps/chunk_01/event_frames_full/E00247_00h09m42s400ms_abrupt_change.jpg,event_chunks_5fps/chunk_01/event_crops/E00247_00h09m42s400ms_abrupt_change_DETAIL.jpg,GE00247
E00248,584.0,00:09:44.000,00h09m44s000ms,abrupt_change,14600,2920,"100,6,204,53",0.035759,1.8421,0.035625,1.8146,event_frames_full/E00248_00h09m44s000ms_abrupt_change.jpg,event_crops/E00248_00h09m44s000ms_abrupt_change_DETAIL.jpg,"550,6,1274,348",chunk_01,event_chunks_5fps/chunk_01/event_frames_full/E00248_00h09m44s000ms_abrupt_change.jpg,event_chunks_5fps/chunk_01/event_crops/E00248_00h09m44s000ms_abrupt_change_DETAIL.jpg,GE00248
E00249,585.2,00:09:45.200,00h09m45s200ms,settled,14630,2926,"114,20,206,48",0.005134,0.6095,0.0,0.0,event_frames_full/E00249_00h09m45s200ms_settled.jpg,event_crops/E00249_00h09m45s200ms_settled_DETAIL.jpg,"634,90,1286,318",chunk_01,event_chunks_5fps/chunk_01/event_frames_full/E00249_00h09m45s200ms_settled.jpg,event_chunks_5fps/chunk_01/event_crops/E00249_00h09m45s200ms_settled_DETAIL.jpg,GE00249
E00250,586.8,00:09:46.800,00h09m46s800ms,settled,14670,2934,"108,7,206,43",0.004554,0.4737,0.0,0.0045,event_frames_full/E00250_00h09m46s800ms_settled.jpg,event_crops/E00250_00h09m46s800ms_settled_DETAIL.jpg,"598,12,1286,288",chunk_01,event_chunks_5fps/chunk_01/event_frames_full/E00250_00h09m46s800ms_settled.jpg,event_chunks_5fps/chunk_01/event_crops/E00250_00h09m46s800ms_settled_DETAIL.jpg,GE00250
E00251,589.0,00:09:49.000,00h09m49s000ms,abrupt_change,14725,2945,"100,7,204,52",0.058036,4.1113,0.057679,4.1083,event_frames_full/E00251_00h09m49s000ms_abrupt_change.jpg,event_crops/E00251_00h09m49s000ms_abrupt_change_DETAIL.jpg,"550,12,1274,342",chunk_01,event_chunks_5fps/chunk_01/event_frames_full/E00251_00h09m49s000ms_abrupt_change.jpg,event_chunks_5fps/chunk_01/event_crops/E00251_00h09m49s000ms_abrupt_change_DETAIL.jpg,GE00251
E00252,590.4,00:09:50.400,00h09m50s400ms,abrupt_change,14760,2952,"100,6,218,59",0.058237,3.092,0.058147,3.0878,event_frames_full/E00252_00h09m50s400ms_abrupt_change.jpg,event_crops/E00252_00h09m50s400ms_abrupt_change_DETAIL.jpg,"550,6,1358,384",chunk_01,event_chunks_5fps/chunk_01/event_frames_full/E00252_00h09m50s400ms_abrupt_change.jpg,event_chunks_5fps/chunk_01/event_crops/E00252_00h09m50s400ms_abrupt_change_DETAIL.jpg,GE00252
E00253,595.6,00:09:55.600,00h09m55s600ms,abrupt_change,14890,2978,"0,0,318,76",0.153862,16.8986,0.149241,16.8221,event_frames_full/E00253_00h09m55s600ms_abrupt_change.jpg,event_crops/E00253_00h09m55s600ms_abrupt_change_DETAIL.jpg,"0,0,1920,487",chunk_01,event_chunks_5fps/chunk_01/event_frames_full/E00253_00h09m55s600ms_abrupt_change.jpg,event_chunks_5fps/chunk_01/event_crops/E00253_00h09m55s600ms_abrupt_change_DETAIL.jpg,GE00253
E00254,596.4,00:09:56.400,00h09m56s400ms,abrupt_change,14910,2982,"0,0,320,137",0.335156,24.6283,0.185067,8.2185,event_frames_full/E00254_00h09m56s400ms_abrupt_change.jpg,,,chunk_01,event_chunks_5fps/chunk_01/event_frames_full/E00254_00h09m56s400ms_abrupt_change.jpg,,GE00254
E00255,597.8,00:09:57.800,00h09m57s800ms,abrupt_change,14945,2989,"28,16,320,140",0.184375,8.1597,0.184844,8.1614,event_frames_full/E00255_00h09m57s800ms_abrupt_change.jpg,,,chunk_01,event_chunks_5fps/chunk_01/event_frames_full/E00255_00h09m57s800ms_abrupt_change.jpg,,GE00255
E00256,598.2,00:09:58.200,00h09m58s200ms,abrupt_change,14955,2991,"28,16,320,140",0.178281,7.629,0.180871,7.2497,event_frames_full/E00256_00h09m58s200ms_abrupt_change.jpg,,,chunk_01,event_chunks_5fps/chunk_01/event_frames_full/E00256_00h09m58s200ms_abrupt_change.jpg,,GE00256
E00257,641.6,00:10:41.600,00h10m41s600ms,motion_progress,16040,3208,"39,43,268,91",0.014888,1.3191,0.014464,1.0771,event_frames_full/E00257_00h10m41s600ms_motion_progress.jpg,event_crops/E00257_00h10m41s600ms_motion_progress_DETAIL.jpg,"184,228,1658,577",chunk_01,event_chunks_5fps/chunk_01/event_frames_full/E00257_00h10m41s600ms_motion_progress.jpg,event_chunks_5fps/chunk_01/event_crops/E00257_00h10m41s600ms_motion_progress_DETAIL.jpg,GE00257
E00258,642.4,00:10:42.400,00h10m42s400ms,settled,16060,3212,"39,43,268,91",0.012701,1.0056,0.000201,0.0136,event_frames_full/E00258_00h10m42s400ms_settled.jpg,event_crops/E00258_00h10m42s400ms_settled_DETAIL.jpg,"184,228,1658,577",chunk_01,event_chunks_5fps/chunk_01/event_frames_full/E00258_00h10m42s400ms_settled.jpg,event_chunks_5fps/chunk_01/event_crops/E00258_00h10m42s400ms_settled_DETAIL.jpg,GE00258
E00259,643.4,00:10:43.400,00h10m43s400ms,motion_progress,16085,3217,"36,72,100,125",0.030692,1.6043,0.023058,1.6531,event_frames_full/E00259_00h10m43s400ms_motion_progress.jpg,event_crops/E00259_00h10m43s400ms_motion_progress_DETAIL.jpg,"166,403,650,781",chunk_01,event_chunks_5fps/chunk_01/event_frames_full/E00259_00h10m43s400ms_motion_progress.jpg,event_chunks_5fps/chunk_01/event_crops/E00259_00h10m43s400ms_motion_progress_DETAIL.jpg,GE00259
E00260,644.2,00:10:44.200,00h10m44s200ms,abrupt_change,16105,3221,"0,0,318,140",0.99375,121.6121,0.99375,121.6173,event_frames_full/E00260_00h10m44s200ms_abrupt_change.jpg,,,chunk_01,event_chunks_5fps/chunk_01/event_frames_full/E00260_00h10m44s200ms_abrupt_change.jpg,,GE00260
E00261,645.6,00:10:45.600,00h10m45s600ms,abrupt_change,16140,3228,"0,0,318,140",0.99375,122.9572,0.99375,122.9581,event_frames_full/E00261_00h10m45s600ms_abrupt_change.jpg,,,chunk_01,event_chunks_5fps/chunk_01/event_frames_full/E00261_00h10m45s600ms_abrupt_change.jpg,,GE00261
E00262,646.8,00:10:46.800,00h10m46s800ms,abrupt_change,16170,3234,"100,72,206,125",0.052746,2.8879,0.052545,2.8823,event_frames_full/E00262_00h10m46s800ms_abrupt_change.jpg,event_crops/E00262_00h10m46s800ms_abrupt_change_DETAIL.jpg,"550,403,1286,781",chunk_01,event_chunks_5fps/chunk_01/event_frames_full/E00262_00h10m46s800ms_abrupt_change.jpg,event_chunks_5fps/chunk_01/event_crops/E00262_00h10m46s800ms_abrupt_change_DETAIL.jpg,GE00262
E00263,647.8,00:10:47.800,00h10m47s800ms,abrupt_change,16195,3239,"100,72,204,121",0.046138,1.7931,0.045379,1.7791,event_frames_full/E00263_00h10m47s800ms_abrupt_change.jpg,event_crops/E00263_00h10m47s800ms_abrupt_change_DETAIL.jpg,"550,403,1274,757",chunk_01,event_chunks_5fps/chunk_01/event_frames_full/E00263_00h10m47s800ms_abrupt_change.jpg,event_chunks_5fps/chunk_01/event_crops/E00263_00h10m47s800ms_abrupt_change_DETAIL.jpg,GE00263
E00264,648.8,00:10:48.800,00h10m48s800ms,abrupt_change,16220,3244,"100,77,206,125",0.052277,3.6427,0.03567,2.9306,event_frames_full/E00264_00h10m48s800ms_abrupt_change.jpg,event_crops/E00264_00h10m48s800ms_abrupt_change_DETAIL.jpg,"550,433,1286,781",chunk_01,event_chunks_5fps/chunk_01/event_frames_full/E00264_00h10m48s800ms_abrupt_change.jpg,event_chunks_5fps/chunk_01/event_crops/E00264_00h10m48s800ms_abrupt_change_DETAIL.jpg,GE00264
E00265,650.0,00:10:50.000,00h10m50s000ms,abrupt_change,16250,3250,"100,82,207,97",0.03567,2.9313,0.03567,2.9313,event_frames_full/E00265_00h10m50s000ms_abrupt_change.jpg,event_crops/E00265_00h10m50s000ms_abrupt_change_DETAIL.jpg,"550,463,1292,613",chunk_01,event_chunks_5fps/chunk_01/event_frames_full/E00265_00h10m50s000ms_abrupt_change.jpg,event_chunks_5fps/chunk_01/event_crops/E00265_00h10m50s000ms_abrupt_change_DETAIL.jpg,GE00265
E00266,654.8,00:10:54.800,00h10m54s800ms,abrupt_change,16370,3274,"100,69,218,97",0.043616,3.2128,0.043482,3.2022,event_frames_full/E00266_00h10m54s800ms_abrupt_change.jpg,event_crops/E00266_00h10m54s800ms_abrupt_change_DETAIL.jpg,"550,384,1358,613",chunk_01,event_chunks_5fps/chunk_01/event_frames_full/E00266_00h10m54s800ms_abrupt_change.jpg,event_chunks_5fps/chunk_01/event_crops/E00266_00h10m54s800ms_abrupt_change_DETAIL.jpg,GE00266
E00267,664.4,00:11:04.400,00h11m04s400ms,abrupt_change,16610,3322,"0,0,318,104",0.738192,90.4505,0.738192,90.375,event_frames_full/E00267_00h11m04s400ms_abrupt_change.jpg,event_crops/E00267_00h11m04s400ms_abrupt_change_DETAIL.jpg,"0,0,1920,655",chunk_01,event_chunks_5fps/chunk_01/event_frames_full/E00267_00h11m04s400ms_abrupt_change.jpg,event_chunks_5fps/chunk_01/event_crops/E00267_00h11m04s400ms_abrupt_change_DETAIL.jpg,GE00267
E00268,665.0,00:11:05.000,00h11m05s000ms,stable_change,16625,3325,"0,0,320,140",0.750179,91.0472,0.000201,0.0158,event_frames_full/E00268_00h11m05s000ms_stable_change.jpg,,,chunk_01,event_chunks_5fps/chunk_01/event_frames_full/E00268_00h11m05s000ms_stable_change.jpg,,GE00268
E00269,665.6,00:11:05.600,00h11m05s600ms,stable_change,16640,3328,"100,73,206,125",0.052187,2.9288,0.0,0.0169,event_frames_full/E00269_00h11m05s600ms_stable_change.jpg,event_crops/E00269_00h11m05s600ms_stable_change_DETAIL.jpg,"550,409,1286,781",chunk_01,event_chunks_5fps/chunk_01/event_frames_full/E00269_00h11m05s600ms_stable_change.jpg,event_chunks_5fps/chunk_01/event_crops/E00269_00h11m05s600ms_stable_change_DETAIL.jpg,GE00269
E00270,667.4,00:11:07.400,00h11m07s400ms,abrupt_change,16685,3337,"100,77,203,125",0.053504,2.1548,0.053281,2.1367,event_frames_full/E00270_00h11m07s400ms_abrupt_change.jpg,event_crops/E00270_00h11m07s400ms_abrupt_change_DETAIL.jpg,"550,433,1268,781",chunk_01,event_chunks_5fps/chunk_01/event_frames_full/E00270_00h11m07s400ms_abrupt_change.jpg,event_chunks_5fps/chunk_01/event_crops/E00270_00h11m07s400ms_abrupt_change_DETAIL.jpg,GE00270
E00271,668.0,00:11:08.000,00h11m08s000ms,stable_change,16700,3340,"100,85,206,125",0.028348,1.7627,0.0,0.0,event_frames_full/E00271_00h11m08s000ms_stable_change.jpg,event_crops/E00271_00h11m08s000ms_stable_change_DETAIL.jpg,"550,481,1286,781",chunk_01,event_chunks_5fps/chunk_01/event_frames_full/E00271_00h11m08s000ms_stable_change.jpg,event_chunks_5fps/chunk_01/event_crops/E00271_00h11m08s000ms_stable_change_DETAIL.jpg,GE00271
E00272,668.6,00:11:08.600,00h11m08s600ms,stable_change,16715,3343,"100,85,206,125",0.028438,1.889,0.0,0.0,event_frames_full/E00272_00h11m08s600ms_stable_change.jpg,event_crops/E00272_00h11m08s600ms_stable_change_DETAIL.jpg,"550,481,1286,781",chunk_01,event_chunks_5fps/chunk_01/event_frames_full/E00272_00h11m08s600ms_stable_change.jpg,event_chunks_5fps/chunk_01/event_crops/E00272_00h11m08s600ms_stable_change_DETAIL.jpg,GE00272
E00273,669.6,00:11:09.600,00h11m09s600ms,abrupt_change,16740,3348,"100,82,204,109",0.062478,4.85,0.062478,4.8405,event_frames_full/E00273_00h11m09s600ms_abrupt_change.jpg,event_crops/E00273_00h11m09s600ms_abrupt_change_DETAIL.jpg,"550,463,1274,685",chunk_01,event_chunks_5fps/chunk_01/event_frames_full/E00273_00h11m09s600ms_abrupt_change.jpg,event_chunks_5fps/chunk_01/event_crops/E00273_00h11m09s600ms_abrupt_change_DETAIL.jpg,GE00273
E00274,671.0,00:11:11.000,00h11m11s000ms,abrupt_change,16775,3355,"100,69,217,125",0.067299,4.1574,0.067187,4.1466,event_frames_full/E00274_00h11m11s000ms_abrupt_change.jpg,event_crops/E00274_00h11m11s000ms_abrupt_change_DETAIL.jpg,"550,384,1352,781",chunk_01,event_chunks_5fps/chunk_01/event_frames_full/E00274_00h11m11s000ms_abrupt_change.jpg,event_chunks_5fps/chunk_01/event_crops/E00274_00h11m11s000ms_abrupt_change_DETAIL.jpg,GE00274
E00275,683.6,00:11:23.600,00h11m23s600ms,abrupt_change,17090,3418,"0,0,318,117",0.830446,101.6799,0.830446,101.5599,event_frames_full/E00275_00h11m23s600ms_abrupt_change.jpg,,,chunk_01,event_chunks_5fps/chunk_01/event_frames_full/E00275_00h11m23s600ms_abrupt_change.jpg,,GE00275
E00276,684.2,00:11:24.200,00h11m24s200ms,stable_change,17105,3421,"0,0,320,117",0.83067,101.934,0.0,0.0113,event_frames_full/E00276_00h11m24s200ms_stable_change.jpg,,,chunk_01,event_chunks_5fps/chunk_01/event_frames_full/E00276_00h11m24s200ms_stable_change.jpg,,GE00276
E00277,689.6,00:11:29.600,00h11m29s600ms,abrupt_change,17240,3448,"28,16,320,140",0.15471,7.2682,0.154353,7.2667,event_frames_full/E00277_00h11m29s600ms_abrupt_change.jpg,,,chunk_01,event_chunks_5fps/chunk_01/event_frames_full/E00277_00h11m29s600ms_abrupt_change.jpg,,GE00277
E00278,690.0,00:11:30.000,00h11m30s000ms,abrupt_change,17250,3450,"28,16,320,140",0.288772,10.2162,0.288772,10.2162,event_frames_full/E00278_00h11m30s000ms_abrupt_change.jpg,,,chunk_01,event_chunks_5fps/chunk_01/event_frames_full/E00278_00h11m30s000ms_abrupt_change.jpg,,GE00278
E00279,691.6,00:11:31.600,00h11m31s600ms,abrupt_change,17290,3458,"28,16,320,140",0.11596,5.5472,0.116429,5.5487,event_frames_full/E00279_00h11m31s600ms_abrupt_change.jpg,,,chunk_01,event_chunks_5fps/chunk_01/event_frames_full/E00279_00h11m31s600ms_abrupt_change.jpg,,GE00279
E00280,692.2,00:11:32.200,00h11m32s200ms,stable_change,17305,3461,"28,16,320,140",0.226205,8.7864,0.0,0.0046,event_frames_full/E00280_00h11m32s200ms_stable_change.jpg,,,chunk_01,event_chunks_5fps/chunk_01/event_frames_full/E00280_00h11m32s200ms_stable_change.jpg,,GE00280
E00281,694.6,00:11:34.600,00h11m34s600ms,motion_progress,17365,3473,"36,63,174,125",0.028973,1.8023,0.020045,1.4479,event_frames_full/E00281_00h11m34s600ms_motion_progress.jpg,event_crops/E00281_00h11m34s600ms_motion_progress_DETAIL.jpg,"166,348,1094,781",chunk_01,event_chunks_5fps/chunk_01/event_frames_full/E00281_00h11m34s600ms_motion_progress.jpg,event_chunks_5fps/chunk_01/event_crops/E00281_00h11m34s600ms_motion_progress_DETAIL.jpg,GE00281
E00282,695.6,00:11:35.600,00h11m35s600ms,stable_change,17390,3478,"36,72,97,114",0.025714,1.624,0.0,0.0021,event_frames_full/E00282_00h11m35s600ms_stable_change.jpg,event_crops/E00282_00h11m35s600ms_stable_change_DETAIL.jpg,"166,403,632,715",chunk_01,event_chunks_5fps/chunk_01/event_frames_full/E00282_00h11m35s600ms_stable_change.jpg,event_chunks_5fps/chunk_01/event_crops/E00282_00h11m35s600ms_stable_change_DETAIL.jpg,GE00282
E00283,696.2,00:11:36.200,00h11m36s200ms,abrupt_change,17405,3481,"36,70,121,125",0.033304,1.799,0.99375,122.9868,event_frames_full/E00283_00h11m36s200ms_abrupt_change.jpg,event_crops/E00283_00h11m36s200ms_abrupt_change_DETAIL.jpg,"166,391,776,781",chunk_01,event_chunks_5fps/chunk_01/event_frames_full/E00283_00h11m36s200ms_abrupt_change.jpg,event_chunks_5fps/chunk_01/event_crops/E00283_00h11m36s200ms_abrupt_change_DETAIL.jpg,GE00283
E00284,697.2,00:11:37.200,00h11m37s200ms,abrupt_change,17430,3486,"100,71,206,125",0.041719,2.5552,0.041451,2.559,event_frames_full/E00284_00h11m37s200ms_abrupt_change.jpg,event_crops/E00284_00h11m37s200ms_abrupt_change_DETAIL.jpg,"550,397,1286,781",chunk_01,event_chunks_5fps/chunk_01/event_frames_full/E00284_00h11m37s200ms_abrupt_change.jpg,event_chunks_5fps/chunk_01/event_crops/E00284_00h11m37s200ms_abrupt_change_DETAIL.jpg,GE00284
E00285,698.6,00:11:38.600,00h11m38s600ms,abrupt_change,17465,3493,"100,71,204,99",0.039375,2.4163,0.039107,2.3813,event_frames_full/E00285_00h11m38s600ms_abrupt_change.jpg,event_crops/E00285_00h11m38s600ms_abrupt_change_DETAIL.jpg,"550,397,1274,625",chunk_01,event_chunks_5fps/chunk_01/event_frames_full/E00285_00h11m38s600ms_abrupt_change.jpg,event_chunks_5fps/chunk_01/event_crops/E00285_00h11m38s600ms_abrupt_change_DETAIL.jpg,GE00285
E00286,699.0,00:11:39.000,00h11m39s000ms,abrupt_change,17475,3495,"100,89,204,107",0.041406,2.6994,0.041473,2.6755,event_frames_full/E00286_00h11m39s000ms_abrupt_change.jpg,event_crops/E00286_00h11m39s000ms_abrupt_change_DETAIL.jpg,"550,505,1274,673",chunk_01,event_chunks_5fps/chunk_01/event_frames_full/E00286_00h11m39s000ms_abrupt_change.jpg,event_chunks_5fps/chunk_01/event_crops/E00286_00h11m39s000ms_abrupt_change_DETAIL.jpg,GE00286
E00287,699.6,00:11:39.600,00h11m39s600ms,abrupt_change,17490,3498,"100,97,204,114",0.039263,2.5939,0.039263,2.5872,event_frames_full/E00287_00h11m39s600ms_abrupt_change.jpg,event_crops/E00287_00h11m39s600ms_abrupt_change_DETAIL.jpg,"550,553,1274,715",chunk_01,event_chunks_5fps/chunk_01/event_frames_full/E00287_00h11m39s600ms_abrupt_change.jpg,event_chunks_5fps/chunk_01/event_crops/E00287_00h11m39s600ms_abrupt_change_DETAIL.jpg,GE00287
E00288,700.0,00:11:40.000,00h11m40s000ms,abrupt_change,17500,3500,"100,72,204,114",0.04404,2.7375,0.039308,2.4003,event_frames_full/E00288_00h11m40s000ms_abrupt_change.jpg,event_crops/E00288_00h11m40s000ms_abrupt_change_DETAIL.jpg,"550,403,1274,715",chunk_01,event_chunks_5fps/chunk_01/event_frames_full/E00288_00h11m40s000ms_abrupt_change.jpg,event_chunks_5fps/chunk_01/event_crops/E00288_00h11m40s000ms_abrupt_change_DETAIL.jpg,GE00288
E00289,703.4,00:11:43.400,00h11m43s400ms,motion_progress,17585,3517,"100,72,206,123",0.036451,2.0703,0.028371,1.5549,event_frames_full/E00289_00h11m43s400ms_motion_progress.jpg,event_crops/E00289_00h11m43s400ms_motion_progress_DETAIL.jpg,"550,403,1286,769",chunk_01,event_chunks_5fps/chunk_01/event_frames_full/E00289_00h11m43s400ms_motion_progress.jpg,event_chunks_5fps/chunk_01/event_crops/E00289_00h11m43s400ms_motion_progress_DETAIL.jpg,GE00289
E00290,704.8,00:11:44.800,00h11m44s800ms,abrupt_change,17620,3524,"100,82,206,106",0.051317,3.8007,0.051049,3.6938,event_frames_full/E00290_00h11m44s800ms_abrupt_change.jpg,event_crops/E00290_00h11m44s800ms_abrupt_change_DETAIL.jpg,"550,463,1286,667",chunk_01,event_chunks_5fps/chunk_01/event_frames_full/E00290_00h11m44s800ms_abrupt_change.jpg,event_chunks_5fps/chunk_01/event_crops/E00290_00h11m44s800ms_abrupt_change_DETAIL.jpg,GE00290
E00291,705.4,00:11:45.400,00h11m45s400ms,stable_change,17635,3527,"100,94,204,112",0.041429,2.5972,0.0,0.0094,event_frames_full/E00291_00h11m45s400ms_stable_change.jpg,event_crops/E00291_00h11m45s400ms_stable_change_DETAIL.jpg,"550,535,1274,703",chunk_01,event_chunks_5fps/chunk_01/event_frames_full/E00291_00h11m45s400ms_stable_change.jpg,event_chunks_5fps/chunk_01/event_crops/E00291_00h11m45s400ms_stable_change_DETAIL.jpg,GE00291
E00292,705.8,00:11:45.800,00h11m45s800ms,abrupt_change,17645,3529,"100,94,204,112",0.041429,2.6207,0.041429,2.6207,event_frames_full/E00292_00h11m45s800ms_abrupt_change.jpg,event_crops/E00292_00h11m45s800ms_abrupt_change_DETAIL.jpg,"550,535,1274,703",chunk_01,event_chunks_5fps/chunk_01/event_frames_full/E00292_00h11m45s800ms_abrupt_change.jpg,event_chunks_5fps/chunk_01/event_crops/E00292_00h11m45s800ms_abrupt_change_DETAIL.jpg,GE00292
E00293,706.4,00:11:46.400,00h11m46s400ms,abrupt_change,17660,3532,"100,94,204,112",0.041429,2.6023,0.041429,2.5991,event_frames_full/E00293_00h11m46s400ms_abrupt_change.jpg,event_crops/E00293_00h11m46s400ms_abrupt_change_DETAIL.jpg,"550,535,1274,703",chunk_01,event_chunks_5fps/chunk_01/event_frames_full/E00293_00h11m46s400ms_abrupt_change.jpg,event_chunks_5fps/chunk_01/event_crops/E00293_00h11m46s400ms_abrupt_change_DETAIL.jpg,GE00293
E00294,706.8,00:11:46.800,00h11m46s800ms,abrupt_change,17670,3534,"100,69,216,124",0.057031,3.0832,0.057031,3.0832,event_frames_full/E00294_00h11m46s800ms_abrupt_change.jpg,event_crops/E00294_00h11m46s800ms_abrupt_change_DETAIL.jpg,"550,384,1346,775",chunk_01,event_chunks_5fps/chunk_01/event_frames_full/E00294_00h11m46s800ms_abrupt_change.jpg,event_chunks_5fps/chunk_01/event_crops/E00294_00h11m46s800ms_abrupt_change_DETAIL.jpg,GE00294
E00295,714.6,00:11:54.600,00h11m54s600ms,abrupt_change,17865,3573,"0,0,318,120",0.851763,104.7315,0.851763,104.6562,event_frames_full/E00295_00h11m54s600ms_abrupt_change.jpg,,,chunk_01,event_chunks_5fps/chunk_01/event_frames_full/E00295_00h11m54s600ms_abrupt_change.jpg,,GE00295
E00296,715.2,00:11:55.200,00h11m55s200ms,stable_change,17880,3576,"0,0,320,120",0.85221,104.8272,0.0,0.0126,event_frames_full/E00296_00h11m55s200ms_stable_change.jpg,,,chunk_01,event_chunks_5fps/chunk_01/event_frames_full/E00296_00h11m55s200ms_stable_change.jpg,,GE00296
E00297,715.6,00:11:55.600,00h11m55s600ms,abrupt_change,17890,3578,"100,78,206,125",0.040848,2.5987,0.040848,2.5987,event_frames_full/E00297_00h11m55s600ms_abrupt_change.jpg,event_crops/E00297_00h11m55s600ms_abrupt_change_DETAIL.jpg,"550,439,1286,781",chunk_01,event_chunks_5fps/chunk_01/event_frames_full/E00297_00h11m55s600ms_abrupt_change.jpg,event_chunks_5fps/chunk_01/event_crops/E00297_00h11m55s600ms_abrupt_change_DETAIL.jpg,GE00297
E00298,717.6,00:11:57.600,00h11m57s600ms,settled,17940,3588,"103,77,206,125",0.01096,0.6789,0.0,0.0,event_frames_full/E00298_00h11m57s600ms_settled.jpg,event_crops/E00298_00h11m57s600ms_settled_DETAIL.jpg,"568,433,1286,781",chunk_01,event_chunks_5fps/chunk_01/event_frames_full/E00298_00h11m57s600ms_settled.jpg,event_chunks_5fps/chunk_01/event_crops/E00298_00h11m57s600ms_settled_DETAIL.jpg,GE00298
E00299,718.2,00:11:58.200,00h11m58s200ms,stable_change,17955,3591,"100,72,206,124",0.050335,2.5886,0.0,0.0,event_frames_full/E00299_00h11m58s200ms_stable_change.jpg,event_crops/E00299_00h11m58s200ms_stable_change_DETAIL.jpg,"550,403,1286,775",chunk_01,event_chunks_5fps/chunk_01/event_frames_full/E00299_00h11m58s200ms_stable_change.jpg,event_chunks_5fps/chunk_01/event_crops/E00299_00h11m58s200ms_stable_change_DETAIL.jpg,GE00299
E00300,719.2,00:11:59.200,00h11m59s200ms,abrupt_change,17980,3596,"100,77,206,124",0.049308,2.5961,0.048973,2.578,event_frames_full/E00300_00h11m59s200ms_abrupt_change.jpg,event_crops/E00300_00h11m59s200ms_abrupt_change_DETAIL.jpg,"550,433,1286,775",chunk_01,event_chunks_5fps/chunk_01/event_frames_full/E00300_00h11m59s200ms_abrupt_change.jpg,event_chunks_5fps/chunk_01/event_crops/E00300_00h11m59s200ms_abrupt_change_DETAIL.jpg,GE00300
E00301,720.8,00:12:00.800,00h12m00s800ms,abrupt_change,18020,3604,"100,82,204,107",0.045982,2.9599,0.046183,2.9597,event_frames_full/E00301_00h12m00s800ms_abrupt_change.jpg,event_crops/E00301_00h12m00s800ms_abrupt_change_DETAIL.jpg,"550,463,1274,673",chunk_01,event_chunks_5fps/chunk_01/event_frames_full/E00301_00h12m00s800ms_abrupt_change.jpg,event_chunks_5fps/chunk_01/event_crops/E00301_00h12m00s800ms_abrupt_change_DETAIL.jpg,GE00301
E00302,721.2,00:12:01.200,00h12m01s200ms,abrupt_change,18030,3606,"100,97,204,126",0.05529,3.6976,0.050737,3.3192,event_frames_full/E00302_00h12m01s200ms_abrupt_change.jpg,event_crops/E00302_00h12m01s200ms_abrupt_change_DETAIL.jpg,"550,553,1274,787",chunk_01,event_chunks_5fps/chunk_01/event_frames_full/E00302_00h12m01s200ms_abrupt_change.jpg,event_chunks_5fps/chunk_01/event_crops/E00302_00h12m01s200ms_abrupt_change_DETAIL.jpg,GE00302
E00303,721.6,00:12:01.600,00h12m01s600ms,abrupt_change,18040,3608,"100,104,204,126",0.050737,3.3389,0.050737,3.3388,event_frames_full/E00303_00h12m01s600ms_abrupt_change.jpg,event_crops/E00303_00h12m01s600ms_abrupt_change_DETAIL.jpg,"550,595,1274,787",chunk_01,event_chunks_5fps/chunk_01/event_frames_full/E00303_00h12m01s600ms_abrupt_change.jpg,event_chunks_5fps/chunk_01/event_crops/E00303_00h12m01s600ms_abrupt_change_DETAIL.jpg,GE00303
E00304,722.0,00:12:02.000,00h12m02s000ms,abrupt_change,18050,3610,"100,69,218,124",0.064375,3.2943,0.064152,3.2895,event_frames_full/E00304_00h12m02s000ms_abrupt_change.jpg,event_crops/E00304_00h12m02s000ms_abrupt_change_DETAIL.jpg,"550,384,1358,775",chunk_01,event_chunks_5fps/chunk_01/event_frames_full/E00304_00h12m02s000ms_abrupt_change.jpg,event_chunks_5fps/chunk_01/event_crops/E00304_00h12m02s000ms_abrupt_change_DETAIL.jpg,GE00304
E00305,723.0,00:12:03.000,00h12m03s000ms,abrupt_change,18075,3615,"100,72,206,126",0.047232,2.7194,0.046808,2.7081,event_frames_full/E00305_00h12m03s000ms_abrupt_change.jpg,event_crops/E00305_00h12m03s000ms_abrupt_change_DETAIL.jpg,"550,403,1286,787",chunk_01,event_chunks_5fps/chunk_01/event_frames_full/E00305_00h12m03s000ms_abrupt_change.jpg,event_chunks_5fps/chunk_01/event_crops/E00305_00h12m03s000ms_abrupt_change_DETAIL.jpg,GE00305
E00306,725.4,00:12:05.400,00h12m05s400ms,abrupt_change,18135,3627,"100,72,206,125",0.054241,3.4366,0.053594,3.4145,event_frames_full/E00306_00h12m05s400ms_abrupt_change.jpg,event_crops/E00306_00h12m05s400ms_abrupt_change_DETAIL.jpg,"550,403,1286,781",chunk_01,event_chunks_5fps/chunk_01/event_frames_full/E00306_00h12m05s400ms_abrupt_change.jpg,event_chunks_5fps/chunk_01/event_crops/E00306_00h12m05s400ms_abrupt_change_DETAIL.jpg,GE00306
E00307,727.2,00:12:07.200,00h12m07s200ms,abrupt_change,18180,3636,"100,77,206,120",0.042277,2.7966,0.039442,2.6359,event_frames_full/E00307_00h12m07s200ms_abrupt_change.jpg,event_crops/E00307_00h12m07s200ms_abrupt_change_DETAIL.jpg,"550,433,1286,751",chunk_01,event_chunks_5fps/chunk_01/event_frames_full/E00307_00h12m07s200ms_abrupt_change.jpg,event_chunks_5fps/chunk_01/event_crops/E00307_00h12m07s200ms_abrupt_change_DETAIL.jpg,GE00307
E00308,727.8,00:12:07.800,00h12m07s800ms,stable_change,18195,3639,"100,89,204,126",0.055469,4.0006,0.0,0.0,event_frames_full/E00308_00h12m07s800ms_stable_change.jpg,event_crops/E00308_00h12m07s800ms_stable_change_DETAIL.jpg,"550,505,1274,787",chunk_01,event_chunks_5fps/chunk_01/event_frames_full/E00308_00h12m07s800ms_stable_change.jpg,event_chunks_5fps/chunk_01/event_crops/E00308_00h12m07s800ms_stable_change_DETAIL.jpg,GE00308
E00309,728.4,00:12:08.400,00h12m08s400ms,stable_change,18210,3642,"100,77,206,126",0.058237,3.9964,0.0,0.0065,event_frames_full/E00309_00h12m08s400ms_stable_change.jpg,event_crops/E00309_00h12m08s400ms_stable_change_DETAIL.jpg,"550,433,1286,787",chunk_01,event_chunks_5fps/chunk_01/event_frames_full/E00309_00h12m08s400ms_stable_change.jpg,event_chunks_5fps/chunk_01/event_crops/E00309_00h12m08s400ms_stable_change_DETAIL.jpg,GE00309
E00310,731.0,00:12:11.000,00h12m11s000ms,abrupt_change,18275,3655,"0,0,318,111",0.787879,96.4055,0.787879,96.3013,event_frames_full/E00310_00h12m11s000ms_abrupt_change.jpg,,,chunk_01,event_chunks_5fps/chunk_01/event_frames_full/E00310_00h12m11s000ms_abrupt_change.jpg,,GE00310
E00311,731.6,00:12:11.600,00h12m11s600ms,stable_change,18290,3658,"0,0,320,111",0.788103,96.4967,0.000469,0.0209,event_frames_full/E00311_00h12m11s600ms_stable_change.jpg,,,chunk_01,event_chunks_5fps/chunk_01/event_frames_full/E00311_00h12m11s600ms_stable_change.jpg,,GE00311
E00312,733.0,00:12:13.000,00h12m13s000ms,motion_progress,18325,3665,"39,44,268,91",0.015938,1.347,0.014866,1.2337,event_frames_full/E00312_00h12m13s000ms_motion_progress.jpg,event_crops/E00312_00h12m13s000ms_motion_progress_DETAIL.jpg,"184,234,1658,577",chunk_01,event_chunks_5fps/chunk_01/event_frames_full/E00312_00h12m13s000ms_motion_progress.jpg,event_chunks_5fps/chunk_01/event_crops/E00312_00h12m13s000ms_motion_progress_DETAIL.jpg,GE00312
E00313,733.8,00:12:13.800,00h12m13s800ms,settled,18345,3669,"39,63,268,91",0.012098,1.0989,0.0,0.0,event_frames_full/E00313_00h12m13s800ms_settled.jpg,event_crops/E00313_00h12m13s800ms_settled_DETAIL.jpg,"184,348,1658,577",chunk_01,event_chunks_5fps/chunk_01/event_frames_full/E00313_00h12m13s800ms_settled.jpg,event_chunks_5fps/chunk_01/event_crops/E00313_00h12m13s800ms_settled_DETAIL.jpg,GE00313
E00314,734.8,00:12:14.800,00h12m14s800ms,motion_progress,18370,3674,"36,73,100,125",0.020313,1.4654,0.020045,1.44,event_frames_full/E00314_00h12m14s800ms_motion_progress.jpg,event_crops/E00314_00h12m14s800ms_motion_progress_DETAIL.jpg,"166,409,650,781",chunk_01,event_chunks_5fps/chunk_01/event_frames_full/E00314_00h12m14s800ms_motion_progress.jpg,event_chunks_5fps/chunk_01/event_crops/E00314_00h12m14s800ms_motion_progress_DETAIL.jpg,GE00314
E00315,735.8,00:12:15.800,00h12m15s800ms,stable_change,18395,3679,"36,82,97,109",0.025737,1.6969,0.000268,0.0161,event_frames_full/E00315_00h12m15s800ms_stable_change.jpg,event_crops/E00315_00h12m15s800ms_stable_change_DETAIL.jpg,"166,463,632,685",chunk_01,event_chunks_5fps/chunk_01/event_frames_full/E00315_00h12m15s800ms_stable_change.jpg,event_chunks_5fps/chunk_01/event_crops/E00315_00h12m15s800ms_stable_change_DETAIL.jpg,GE00315
E00316,736.4,00:12:16.400,00h12m16s400ms,stable_change,18410,3682,"36,97,97,114",0.023058,1.6446,0.0,0.0,event_frames_full/E00316_00h12m16s400ms_stable_change.jpg,event_crops/E00316_00h12m16s400ms_stable_change_DETAIL.jpg,"166,553,632,715",chunk_01,event_chunks_5fps/chunk_01/event_frames_full/E00316_00h12m16s400ms_stable_change.jpg,event_chunks_5fps/chunk_01/event_crops/E00316_00h12m16s400ms_stable_change_DETAIL.jpg,GE00316
E00317,736.8,00:12:16.800,00h12m16s800ms,abrupt_change,18420,3684,"36,70,121,125",0.033281,1.7658,0.99375,122.9797,event_frames_full/E00317_00h12m16s800ms_abrupt_change.jpg,event_crops/E00317_00h12m16s800ms_abrupt_change_DETAIL.jpg,"166,391,776,781",chunk_01,event_chunks_5fps/chunk_01/event_frames_full/E00317_00h12m16s800ms_abrupt_change.jpg,event_chunks_5fps/chunk_01/event_crops/E00317_00h12m16s800ms_abrupt_change_DETAIL.jpg,GE00317
E00318,738.6,00:12:18.600,00h12m18s600ms,abrupt_change,18465,3693,"100,74,206,125",0.041406,2.4748,0.041138,2.4528,event_frames_full/E00318_00h12m18s600ms_abrupt_change.jpg,event_crops/E00318_00h12m18s600ms_abrupt_change_DETAIL.jpg,"550,415,1286,781",chunk_01,event_chunks_5fps/chunk_01/event_frames_full/E00318_00h12m18s600ms_abrupt_change.jpg,event_chunks_5fps/chunk_01/event_crops/E00318_00h12m18s600ms_abrupt_change_DETAIL.jpg,GE00318
E00319,740.8,00:12:20.800,00h12m20s800ms,abrupt_change,18520,3704,"36,71,206,125",0.060781,3.7942,0.060915,3.7126,event_frames_full/E00319_00h12m20s800ms_abrupt_change.jpg,event_crops/E00319_00h12m20s800ms_abrupt_change_DETAIL.jpg,"166,397,1286,781",chunk_01,event_chunks_5fps/chunk_01/event_frames_full/E00319_00h12m20s800ms_abrupt_change.jpg,event_chunks_5fps/chunk_01/event_crops/E00319_00h12m20s800ms_abrupt_change_DETAIL.jpg,GE00319
E00320,742.6,00:12:22.600,00h12m22s600ms,motion_progress,18565,3713,"36,71,100,118",0.025469,1.7696,0.025357,1.7525,event_frames_full/E00320_00h12m22s600ms_motion_progress.jpg,event_crops/E00320_00h12m22s600ms_motion_progress_DETAIL.jpg,"166,397,650,739",chunk_01,event_chunks_5fps/chunk_01/event_frames_full/E00320_00h12m22s600ms_motion_progress.jpg,event_chunks_5fps/chunk_01/event_crops/E00320_00h12m22s600ms_motion_progress_DETAIL.jpg,GE00320
E00321,743.0,00:12:23.000,00h12m23s000ms,abrupt_change,18575,3715,"36,77,100,125",0.031763,2.1498,0.031763,2.1498,event_frames_full/E00321_00h12m23s000ms_abrupt_change.jpg,event_crops/E00321_00h12m23s000ms_abrupt_change_DETAIL.jpg,"166,433,650,781",chunk_01,event_chunks_5fps/chunk_01/event_frames_full/E00321_00h12m23s000ms_abrupt_change.jpg,event_chunks_5fps/chunk_01/event_crops/E00321_00h12m23s000ms_abrupt_change_DETAIL.jpg,GE00321
E00322,743.6,00:12:23.600,00h12m23s600ms,stable_change,18590,3718,"36,82,100,103",0.017768,1.1898,0.0,0.0044,event_frames_full/E00322_00h12m23s600ms_stable_change.jpg,event_crops/E00322_00h12m23s600ms_stable_change_DETAIL.jpg,"166,463,650,649",chunk_01,event_chunks_5fps/chunk_01/event_frames_full/E00322_00h12m23s600ms_stable_change.jpg,event_chunks_5fps/chunk_01/event_crops/E00322_00h12m23s600ms_stable_change_DETAIL.jpg,GE00322
E00323,744.6,00:12:24.600,00h12m24s600ms,stable_change,18615,3723,"36,82,100,103",0.01779,1.1927,0.0,0.0,event_frames_full/E00323_00h12m24s600ms_stable_change.jpg,event_crops/E00323_00h12m24s600ms_stable_change_DETAIL.jpg,"166,463,650,649",chunk_01,event_chunks_5fps/chunk_01/event_frames_full/E00323_00h12m24s600ms_stable_change.jpg,event_chunks_5fps/chunk_01/event_crops/E00323_00h12m24s600ms_stable_change_DETAIL.jpg,GE00323
E00324,746.6,00:12:26.600,00h12m26s600ms,abrupt_change,18665,3733,"36,77,100,125",0.031853,2.1551,0.031853,2.155,event_frames_full/E00324_00h12m26s600ms_abrupt_change.jpg,event_crops/E00324_00h12m26s600ms_abrupt_change_DETAIL.jpg,"166,433,650,781",chunk_01,event_chunks_5fps/chunk_01/event_frames_full/E00324_00h12m26s600ms_abrupt_change.jpg,event_chunks_5fps/chunk_01/event_crops/E00324_00h12m26s600ms_abrupt_change_DETAIL.jpg,GE00324
E00325,747.2,00:12:27.200,00h12m27s200ms,stable_change,18680,3736,"36,77,100,118",0.025335,1.7531,0.0,0.0,event_frames_full/E00325_00h12m27s200ms_stable_change.jpg,event_crops/E00325_00h12m27s200ms_stable_change_DETAIL.jpg,"166,433,650,739",chunk_01,event_chunks_5fps/chunk_01/event_frames_full/E00325_00h12m27s200ms_stable_change.jpg,event_chunks_5fps/chunk_01/event_crops/E00325_00h12m27s200ms_stable_change_DETAIL.jpg,GE00325
E00326,753.8,00:12:33.800,00h12m33s800ms,motion_progress,18845,3769,"36,77,100,118",0.025313,1.7677,0.025424,1.756,event_frames_full/E00326_00h12m33s800ms_motion_progress.jpg,event_crops/E00326_00h12m33s800ms_motion_progress_DETAIL.jpg,"166,433,650,739",chunk_01,event_chunks_5fps/chunk_01/event_frames_full/E00326_00h12m33s800ms_motion_progress.jpg,event_chunks_5fps/chunk_01/event_crops/E00326_00h12m33s800ms_motion_progress_DETAIL.jpg,GE00326
E00327,754.8,00:12:34.800,00h12m34s800ms,abrupt_change,18870,3774,"36,77,100,125",0.033549,2.2507,0.033661,2.254,event_frames_full/E00327_00h12m34s800ms_abrupt_change.jpg,event_crops/E00327_00h12m34s800ms_abrupt_change_DETAIL.jpg,"166,433,650,781",chunk_01,event_chunks_5fps/chunk_01/event_frames_full/E00327_00h12m34s800ms_abrupt_change.jpg,event_chunks_5fps/chunk_01/event_crops/E00327_00h12m34s800ms_abrupt_change_DETAIL.jpg,GE00327
E00328,757.4,00:12:37.400,00h12m37s400ms,motion_progress,18935,3787,"36,70,100,92",0.016786,1.3444,0.016696,1.3353,event_frames_full/E00328_00h12m37s400ms_motion_progress.jpg,event_crops/E00328_00h12m37s400ms_motion_progress_DETAIL.jpg,"166,391,650,583",chunk_01,event_chunks_5fps/chunk_01/event_frames_full/E00328_00h12m37s400ms_motion_progress.jpg,event_chunks_5fps/chunk_01/event_crops/E00328_00h12m37s400ms_motion_progress_DETAIL.jpg,GE00328
E00329,759.2,00:12:39.200,00h12m39s200ms,abrupt_change,18980,3796,"100,74,206,125",0.038393,2.3763,0.038103,2.3706,event_frames_full/E00329_00h12m39s200ms_abrupt_change.jpg,event_crops/E00329_00h12m39s200ms_abrupt_change_DETAIL.jpg,"550,415,1286,781",chunk_01,event_chunks_5fps/chunk_01/event_frames_full/E00329_00h12m39s200ms_abrupt_change.jpg,event_chunks_5fps/chunk_01/event_crops/E00329_00h12m39s200ms_abrupt_change_DETAIL.jpg,GE00329
E00330,759.6,00:12:39.600,00h12m39s600ms,abrupt_change,18990,3798,"100,74,204,99",0.039308,2.501,0.039107,2.4855,event_frames_full/E00330_00h12m39s600ms_abrupt_change.jpg,event_crops/E00330_00h12m39s600ms_abrupt_change_DETAIL.jpg,"550,415,1274,625",chunk_01,event_chunks_5fps/chunk_01/event_frames_full/E00330_00h12m39s600ms_abrupt_change.jpg,event_chunks_5fps/chunk_01/event_crops/E00330_00h12m39s600ms_abrupt_change_DETAIL.jpg,GE00330
E00331,760.0,00:12:40.000,00h12m40s000ms,abrupt_change,19000,3800,"100,89,204,122",0.045982,3.2633,0.041429,2.8326,event_frames_full/E00331_00h12m40s000ms_abrupt_change.jpg,event_crops/E00331_00h12m40s000ms_abrupt_change_DETAIL.jpg,"550,505,1274,763",chunk_01,event_chunks_5fps/chunk_01/event_frames_full/E00331_00h12m40s000ms_abrupt_change.jpg,event_chunks_5fps/chunk_01/event_crops/E00331_00h12m40s000ms_abrupt_change_DETAIL.jpg,GE00331
E00332,760.8,00:12:40.800,00h12m40s800ms,abrupt_change,19020,3804,"100,97,204,122",0.045982,3.2346,0.045982,3.2288,event_frames_full/E00332_00h12m40s800ms_abrupt_change.jpg,event_crops/E00332_00h12m40s800ms_abrupt_change_DETAIL.jpg,"550,553,1274,763",chunk_01,event_chunks_5fps/chunk_01/event_frames_full/E00332_00h12m40s800ms_abrupt_change.jpg,event_chunks_5fps/chunk_01/event_crops/E00332_00h12m40s800ms_abrupt_change_DETAIL.jpg,GE00332
E00333,761.4,00:12:41.400,00h12m41s400ms,stable_change,19035,3807,"100,89,204,107",0.041496,2.8049,0.0,0.0,event_frames_full/E00333_00h12m41s400ms_stable_change.jpg,event_crops/E00333_00h12m41s400ms_stable_change_DETAIL.jpg,"550,505,1274,673",chunk_01,event_chunks_5fps/chunk_01/event_frames_full/E00333_00h12m41s400ms_stable_change.jpg,event_chunks_5fps/chunk_01/event_crops/E00333_00h12m41s400ms_stable_change_DETAIL.jpg,GE00333
E00334,763.0,00:12:43.000,00h12m43s000ms,settled,19075,3815,"101,77,207,125",0.028013,1.0011,0.0,0.0047,event_frames_full/E00334_00h12m43s000ms_settled.jpg,event_crops/E00334_00h12m43s000ms_settled_DETAIL.jpg,"556,433,1292,781",chunk_01,event_chunks_5fps/chunk_01/event_frames_full/E00334_00h12m43s000ms_settled.jpg,event_chunks_5fps/chunk_01/event_crops/E00334_00h12m43s000ms_settled_DETAIL.jpg,GE00334
E00335,763.8,00:12:43.800,00h12m43s800ms,settled,19095,3819,"105,78,176,111",0.006518,0.33,0.0,0.005,event_frames_full/E00335_00h12m43s800ms_settled.jpg,event_crops/E00335_00h12m43s800ms_settled_DETAIL.jpg,"580,439,1106,697",chunk_01,event_chunks_5fps/chunk_01/event_frames_full/E00335_00h12m43s800ms_settled.jpg,event_chunks_5fps/chunk_01/event_crops/E00335_00h12m43s800ms_settled_DETAIL.jpg,GE00335
E00336,764.4,00:12:44.400,00h12m44s400ms,stable_change,19110,3822,"100,82,207,99",0.040446,2.9006,0.0,0.0047,event_frames_full/E00336_00h12m44s400ms_stable_change.jpg,event_crops/E00336_00h12m44s400ms_stable_change_DETAIL.jpg,"550,463,1292,625",chunk_01,event_chunks_5fps/chunk_01/event_frames_full/E00336_00h12m44s400ms_stable_change.jpg,event_chunks_5fps/chunk_01/event_crops/E00336_00h12m44s400ms_stable_change_DETAIL.jpg,GE00336
E00337,764.8,00:12:44.800,00h12m44s800ms,abrupt_change,19120,3824,"100,69,216,104",0.035067,2.209,0.035067,2.209,event_frames_full/E00337_00h12m44s800ms_abrupt_change.jpg,event_crops/E00337_00h12m44s800ms_abrupt_change_DETAIL.jpg,"550,384,1346,655",chunk_01,event_chunks_5fps/chunk_01/event_frames_full/E00337_00h12m44s800ms_abrupt_change.jpg,event_chunks_5fps/chunk_01/event_crops/E00337_00h12m44s800ms_abrupt_change_DETAIL.jpg,GE00337
E00338,767.8,00:12:47.800,00h12m47s800ms,abrupt_change,19195,3839,"0,0,318,94",0.66721,81.5485,0.66721,81.4893,event_frames_full/E00338_00h12m47s800ms_abrupt_change.jpg,event_crops/E00338_00h12m47s800ms_abrupt_change_DETAIL.jpg,"0,0,1920,595",chunk_01,event_chunks_5fps/chunk_01/event_frames_full/E00338_00h12m47s800ms_abrupt_change.jpg,event_chunks_5fps/chunk_01/event_crops/E00338_00h12m47s800ms_abrupt_change_DETAIL.jpg,GE00338
E00339,768.4,00:12:48.400,00h12m48s400ms,stable_change,19210,3842,"0,0,320,99",0.667656,81.5594,0.0,0.0073,event_frames_full/E00339_00h12m48s400ms_stable_change.jpg,event_crops/E00339_00h12m48s400ms_stable_change_DETAIL.jpg,"0,0,1920,625",chunk_01,event_chunks_5fps/chunk_01/event_frames_full/E00339_00h12m48s400ms_stable_change.jpg,event_chunks_5fps/chunk_01/event_crops/E00339_00h12m48s400ms_stable_change_DETAIL.jpg,GE00339
E00340,769.0,00:12:49.000,00h12m49s000ms,stable_change,19225,3845,"29,37,300,140",0.022277,2.5156,0.0,0.0,event_frames_full/E00340_00h12m49s000ms_stable_change.jpg,event_crops/E00340_00h12m49s000ms_stable_change_DETAIL.jpg,"124,192,1850,842",chunk_01,event_chunks_5fps/chunk_01/event_frames_full/E00340_00h12m49s000ms_stable_change.jpg,event_chunks_5fps/chunk_01/event_crops/E00340_00h12m49s000ms_stable_change_DETAIL.jpg,GE00340
E00341,769.6,00:12:49.600,00h12m49s600ms,abrupt_change,19240,3848,"28,20,320,140",0.315312,10.3792,0.297121,10.1186,event_frames_full/E00341_00h12m49s600ms_abrupt_change.jpg,,,chunk_01,event_chunks_5fps/chunk_01/event_frames_full/E00341_00h12m49s600ms_abrupt_change.jpg,,GE00341
E00342,777.4,00:12:57.400,00h12m57s400ms,abrupt_change,19435,3887,"28,14,320,137",0.197098,7.6301,0.204018,7.8957,event_frames_full/E00342_00h12m57s400ms_abrupt_change.jpg,,,chunk_01,event_chunks_5fps/chunk_01/event_frames_full/E00342_00h12m57s400ms_abrupt_change.jpg,,GE00342
E00343,777.8,00:12:57.800,00h12m57s800ms,abrupt_change,19445,3889,"28,13,320,140",0.194196,8.1806,0.194196,8.1806,event_frames_full/E00343_00h12m57s800ms_abrupt_change.jpg,,,chunk_01,event_chunks_5fps/chunk_01/event_frames_full/E00343_00h12m57s800ms_abrupt_change.jpg,,GE00343
E00344,778.6,00:12:58.600,00h12m58s600ms,abrupt_change,19465,3893,"28,18,320,140",0.216429,8.6446,0.221674,8.5082,event_frames_full/E00344_00h12m58s600ms_abrupt_change.jpg,,,chunk_01,event_chunks_5fps/chunk_01/event_frames_full/E00344_00h12m58s600ms_abrupt_change.jpg,,GE00344
E00345,779.2,00:12:59.200,00h12m59s200ms,stable_change,19480,3896,"27,19,320,140",0.17596,7.3264,0.000201,0.0168,event_frames_full/E00345_00h12m59s200ms_stable_change.jpg,,,chunk_01,event_chunks_5fps/chunk_01/event_frames_full/E00345_00h12m59s200ms_stable_change.jpg,,GE00345
E00346,781.2,00:13:01.200,00h13m01s200ms,motion_progress,19530,3906,"36,46,174,112",0.034353,1.9883,0.02692,1.6156,event_frames_full/E00346_00h13m01s200ms_motion_progress.jpg,event_crops/E00346_00h13m01s200ms_motion_progress_DETAIL.jpg,"166,246,1094,703",chunk_01,event_chunks_5fps/chunk_01/event_frames_full/E00346_00h13m01s200ms_motion_progress.jpg,event_chunks_5fps/chunk_01/event_crops/E00346_00h13m01s200ms_motion_progress_DETAIL.jpg,GE00346
E00347,782.0,00:13:02.000,00h13m02s000ms,stable_change,19550,3910,"36,47,97,97",0.025759,1.7082,0.0,0.0107,event_frames_full/E00347_00h13m02s000ms_stable_change.jpg,event_crops/E00347_00h13m02s000ms_stable_change_DETAIL.jpg,"166,252,632,613",chunk_01,event_chunks_5fps/chunk_01/event_frames_full/E00347_00h13m02s000ms_stable_change.jpg,event_chunks_5fps/chunk_01/event_crops/E00347_00h13m02s000ms_stable_change_DETAIL.jpg,GE00347
E00348,782.6,00:13:02.600,00h13m02s600ms,stable_change,19565,3913,"36,69,97,86",0.023036,1.6707,0.0,0.0,event_frames_full/E00348_00h13m02s600ms_stable_change.jpg,event_crops/E00348_00h13m02s600ms_stable_change_DETAIL.jpg,"166,384,632,547",chunk_01,event_chunks_5fps/chunk_01/event_frames_full/E00348_00h13m02s600ms_stable_change.jpg,event_chunks_5fps/chunk_01/event_crops/E00348_00h13m02s600ms_stable_change_DETAIL.jpg,GE00348
E00349,783.2,00:13:03.200,00h13m03s200ms,stable_change,19580,3916,"36,47,121,95",0.03904,2.0926,0.000201,0.0124,event_frames_full/E00349_00h13m03s200ms_stable_change.jpg,event_crops/E00349_00h13m03s200ms_stable_change_DETAIL.jpg,"166,252,776,601",chunk_01,event_chunks_5fps/chunk_01/event_frames_full/E00349_00h13m03s200ms_stable_change.jpg,event_chunks_5fps/chunk_01/event_crops/E00349_00h13m03s200ms_stable_change_DETAIL.jpg,GE00349
E00350,783.8,00:13:03.800,00h13m03s800ms,stable_change,19595,3919,"100,46,206,101",0.053103,2.9179,0.0,0.0044,event_frames_full/E00350_00h13m03s800ms_stable_change.jpg,event_crops/E00350_00h13m03s800ms_stable_change_DETAIL.jpg,"550,246,1286,637",chunk_01,event_chunks_5fps/chunk_01/event_frames_full/E00350_00h13m03s800ms_stable_change.jpg,event_chunks_5fps/chunk_01/event_crops/E00350_00h13m03s800ms_stable_change_DETAIL.jpg,GE00350
E00351,784.8,00:13:04.800,00h13m04s800ms,abrupt_change,19620,3924,"100,42,204,88",0.032567,1.462,0.0325,1.4492,event_frames_full/E00351_00h13m04s800ms_abrupt_change.jpg,event_crops/E00351_00h13m04s800ms_abrupt_change_DETAIL.jpg,"550,222,1274,559",chunk_01,event_chunks_5fps/chunk_01/event_frames_full/E00351_00h13m04s800ms_abrupt_change.jpg,event_chunks_5fps/chunk_01/event_crops/E00351_00h13m04s800ms_abrupt_change_DETAIL.jpg,GE00351
E00352,785.4,00:13:05.400,00h13m05s400ms,abrupt_change,19635,3927,"100,41,207,84",0.078638,5.9343,0.068594,4.7738,event_frames_full/E00352_00h13m05s400ms_abrupt_change.jpg,event_crops/E00352_00h13m05s400ms_abrupt_change_DETAIL.jpg,"550,216,1292,535",chunk_01,event_chunks_5fps/chunk_01/event_frames_full/E00352_00h13m05s400ms_abrupt_change.jpg,event_chunks_5fps/chunk_01/event_crops/E00352_00h13m05s400ms_abrupt_change_DETAIL.jpg,GE00352
E00353,787.2,00:13:07.200,00h13m07s200ms,abrupt_change,19680,3936,"100,68,207,101",0.054933,3.9029,0.054554,3.8839,event_frames_full/E00353_00h13m07s200ms_abrupt_change.jpg,event_crops/E00353_00h13m07s200ms_abrupt_change_DETAIL.jpg,"550,378,1292,637",chunk_01,event_chunks_5fps/chunk_01/event_frames_full/E00353_00h13m07s200ms_abrupt_change.jpg,event_chunks_5fps/chunk_01/event_crops/E00353_00h13m07s200ms_abrupt_change_DETAIL.jpg,GE00353
E00354,788.6,00:13:08.600,00h13m08s600ms,abrupt_change,19715,3943,"100,68,207,92",0.054732,3.8953,0.054598,3.8831,event_frames_full/E00354_00h13m08s600ms_abrupt_change.jpg,event_crops/E00354_00h13m08s600ms_abrupt_change_DETAIL.jpg,"550,378,1292,583",chunk_01,event_chunks_5fps/chunk_01/event_frames_full/E00354_00h13m08s600ms_abrupt_change.jpg,event_chunks_5fps/chunk_01/event_crops/E00354_00h13m08s600ms_abrupt_change_DETAIL.jpg,GE00354
E00355,789.2,00:13:09.200,00h13m09s200ms,abrupt_change,19730,3946,"100,60,218,95",0.055558,3.6877,0.055558,3.6843,event_frames_full/E00355_00h13m09s200ms_abrupt_change.jpg,event_crops/E00355_00h13m09s200ms_abrupt_change_DETAIL.jpg,"550,330,1358,601",chunk_01,event_chunks_5fps/chunk_01/event_frames_full/E00355_00h13m09s200ms_abrupt_change.jpg,event_chunks_5fps/chunk_01/event_crops/E00355_00h13m09s200ms_abrupt_change_DETAIL.jpg,GE00355
E00356,795.4,00:13:15.400,00h13m15s400ms,settled,19885,3977,"122,83,320,110",0.011429,0.8271,0.0,0.0,event_frames_full/E00356_00h13m15s400ms_settled.jpg,event_crops/E00356_00h13m15s400ms_settled_DETAIL.jpg,"682,469,1920,691",chunk_01,event_chunks_5fps/chunk_01/event_frames_full/E00356_00h13m15s400ms_settled.jpg,event_chunks_5fps/chunk_01/event_crops/E00356_00h13m15s400ms_settled_DETAIL.jpg,GE00356
E00357,795.8,00:13:15.800,00h13m15s800ms,abrupt_change,19895,3979,"27,13,320,140",0.321004,10.5157,0.321004,10.5157,event_frames_full/E00357_00h13m15s800ms_abrupt_change.jpg,,,chunk_01,event_chunks_5fps/chunk_01/event_frames_full/E00357_00h13m15s800ms_abrupt_change.jpg,,GE00357
E00358,796.4,00:13:16.400,00h13m16s400ms,stable_change,19910,3982,"28,13,320,140",0.322656,10.8115,0.0,0.0301,event_frames_full/E00358_00h13m16s400ms_stable_change.jpg,,,chunk_01,event_chunks_5fps/chunk_01/event_frames_full/E00358_00h13m16s400ms_stable_change.jpg,,GE00358
E00359,830.6,00:13:50.600,00h13m50s600ms,abrupt_change,20765,4153,"28,16,320,140",0.170737,8.0078,0.170491,7.9976,event_frames_full/E00359_00h13m50s600ms_abrupt_change.jpg,,,chunk_01,event_chunks_5fps/chunk_01/event_frames_full/E00359_00h13m50s600ms_abrupt_change.jpg,,GE00359
E00360,831.0,00:13:51.000,00h13m51s000ms,abrupt_change,20775,4155,"28,16,320,140",0.428661,12.8346,0.275871,9.5304,event_frames_full/E00360_00h13m51s000ms_abrupt_change.jpg,,,chunk_01,event_chunks_5fps/chunk_01/event_frames_full/E00360_00h13m51s000ms_abrupt_change.jpg,,GE00360
E00361,831.6,00:13:51.600,00h13m51s600ms,stable_change,20790,4158,"28,13,320,140",0.247857,8.7099,0.0,0.0,event_frames_full/E00361_00h13m51s600ms_stable_change.jpg,,,chunk_01,event_chunks_5fps/chunk_01/event_frames_full/E00361_00h13m51s600ms_stable_change.jpg,,GE00361
E00362,832.0,00:13:52.000,00h13m52s000ms,abrupt_change,20800,4160,"27,13,320,140",0.265112,9.7615,0.17433,7.4224,event_frames_full/E00362_00h13m52s000ms_abrupt_change.jpg,,,chunk_01,event_chunks_5fps/chunk_01/event_frames_full/E00362_00h13m52s000ms_abrupt_change.jpg,,GE00362
E00363,832.6,00:13:52.600,00h13m52s600ms,stable_change,20815,4163,"27,19,320,135",0.092991,5.266,0.000268,0.0685,event_frames_full/E00363_00h13m52s600ms_stable_change.jpg,,,chunk_01,event_chunks_5fps/chunk_01/event_frames_full/E00363_00h13m52s600ms_stable_change.jpg,,GE00363
E00364,833.0,00:13:53.000,00h13m53s000ms,abrupt_change,20825,4165,"27,21,320,140",0.091763,5.0125,0.091808,5.0087,event_frames_full/E00364_00h13m53s000ms_abrupt_change.jpg,,,chunk_01,event_chunks_5fps/chunk_01/event_frames_full/E00364_00h13m53s000ms_abrupt_change.jpg,,GE00364
E00365,833.6,00:13:53.600,00h13m53s600ms,abrupt_change,20840,4168,"27,3,320,140",0.070982,3.8263,0.082612,4.6111,event_frames_full/E00365_00h13m53s600ms_abrupt_change.jpg,,,chunk_01,event_chunks_5fps/chunk_01/event_frames_full/E00365_00h13m53s600ms_abrupt_change.jpg,,GE00365
E00366,834.6,00:13:54.600,00h13m54s600ms,abrupt_change,20865,4173,"27,3,320,140",0.071049,4.2156,0.071049,4.2156,event_frames_full/E00366_00h13m54s600ms_abrupt_change.jpg,,,chunk_01,event_chunks_5fps/chunk_01/event_frames_full/E00366_00h13m54s600ms_abrupt_change.jpg,,GE00366
E00367,835.0,00:13:55.000,00h13m55s000ms,abrupt_change,20875,4175,"27,9,320,140",0.111451,5.9333,0.094442,5.1435,event_frames_full/E00367_00h13m55s000ms_abrupt_change.jpg,,,chunk_01,event_chunks_5fps/chunk_01/event_frames_full/E00367_00h13m55s000ms_abrupt_change.jpg,,GE00367
E00368,835.6,00:13:55.600,00h13m55s600ms,stable_change,20890,4178,"28,15,320,140",0.160424,7.0905,0.0,0.0,event_frames_full/E00368_00h13m55s600ms_stable_change.jpg,,,chunk_01,event_chunks_5fps/chunk_01/event_frames_full/E00368_00h13m55s600ms_stable_change.jpg,,GE00368
E00369,836.0,00:13:56.000,00h13m56s000ms,abrupt_change,20900,4180,"28,17,320,140",0.299241,10.9018,0.299241,10.9018,event_frames_full/E00369_00h13m56s000ms_abrupt_change.jpg,,,chunk_01,event_chunks_5fps/chunk_01/event_frames_full/E00369_00h13m56s000ms_abrupt_change.jpg,,GE00369
E00370,841.8,00:14:01.800,00h14m01s800ms,settled,21045,4209,"142,115,163,128",0.005893,0.2985,0.0,0.0,event_frames_full/E00370_00h14m01s800ms_settled.jpg,event_crops/E00370_00h14m01s800ms_settled_DETAIL.jpg,"802,661,1028,799",chunk_01,event_chunks_5fps/chunk_01/event_frames_full/E00370_00h14m01s800ms_settled.jpg,event_chunks_5fps/chunk_01/event_crops/E00370_00h14m01s800ms_settled_DETAIL.jpg,GE00370
E00371,842.2,00:14:02.200,00h14m02s200ms,abrupt_change,21055,4211,"28,15,320,140",0.416384,13.287,0.439308,13.4656,event_frames_full/E00371_00h14m02s200ms_abrupt_change.jpg,,,chunk_01,event_chunks_5fps/chunk_01/event_frames_full/E00371_00h14m02s200ms_abrupt_change.jpg,,GE00371
E00372,842.6,00:14:02.600,00h14m02s600ms,abrupt_change,21065,4213,"28,15,320,140",0.289487,10.2199,0.190513,7.6733,event_frames_full/E00372_00h14m02s600ms_abrupt_change.jpg,,,chunk_01,event_chunks_5fps/chunk_01/event_frames_full/E00372_00h14m02s600ms_abrupt_change.jpg,,GE00372
E00373,843.4,00:14:03.400,00h14m03s400ms,abrupt_change,21085,4217,"27,16,320,140",0.122701,5.9356,0.092589,5.089,event_frames_full/E00373_00h14m03s400ms_abrupt_change.jpg,,,chunk_01,event_chunks_5fps/chunk_01/event_frames_full/E00373_00h14m03s400ms_abrupt_change.jpg,,GE00373
E00374,844.0,00:14:04.000,00h14m04s000ms,abrupt_change,21100,4220,"27,3,320,136",0.077991,4.5864,0.079487,4.5647,event_frames_full/E00374_00h14m04s000ms_abrupt_change.jpg,,,chunk_01,event_chunks_5fps/chunk_01/event_frames_full/E00374_00h14m04s000ms_abrupt_change.jpg,,GE00374
E00375,844.8,00:14:04.800,00h14m04s800ms,settled,21120,4224,"78,49,81,52",0.000201,0.8505,0.0,0.0124,event_frames_full/E00375_00h14m04s800ms_settled.jpg,event_crops/E00375_00h14m04s800ms_settled_DETAIL.jpg,"418,264,536,342",chunk_01,event_chunks_5fps/chunk_01/event_frames_full/E00375_00h14m04s800ms_settled.jpg,event_chunks_5fps/chunk_01/event_crops/E00375_00h14m04s800ms_settled_DETAIL.jpg,GE00375
E00376,845.4,00:14:05.400,00h14m05s400ms,stable_change,21135,4227,"27,48,92,101",0.021808,1.428,0.0,0.0203,event_frames_full/E00376_00h14m05s400ms_stable_change.jpg,event_crops/E00376_00h14m05s400ms_stable_change_DETAIL.jpg,"112,258,602,637",chunk_01,event_chunks_5fps/chunk_01/event_frames_full/E00376_00h14m05s400ms_stable_change.jpg,event_chunks_5fps/chunk_01/event_crops/E00376_00h14m05s400ms_stable_change_DETAIL.jpg,GE00376
E00377,846.4,00:14:06.400,00h14m06s400ms,stable_change,21160,4232,"27,59,90,84",0.027299,1.6989,0.0,0.0,event_frames_full/E00377_00h14m06s400ms_stable_change.jpg,event_crops/E00377_00h14m06s400ms_stable_change_DETAIL.jpg,"112,324,590,535",chunk_01,event_chunks_5fps/chunk_01/event_frames_full/E00377_00h14m06s400ms_stable_change.jpg,event_chunks_5fps/chunk_01/event_crops/E00377_00h14m06s400ms_stable_change_DETAIL.jpg,GE00377
E00378,850.0,00:14:10.000,00h14m10s000ms,motion_progress,21250,4250,"27,59,90,84",0.027567,1.8177,0.027902,1.7042,event_frames_full/E00378_00h14m10s000ms_motion_progress.jpg,event_crops/E00378_00h14m10s000ms_motion_progress_DETAIL.jpg,"112,324,590,535",chunk_01,event_chunks_5fps/chunk_01/event_frames_full/E00378_00h14m10s000ms_motion_progress.jpg,event_chunks_5fps/chunk_01/event_crops/E00378_00h14m10s000ms_motion_progress_DETAIL.jpg,GE00378
E00379,850.4,00:14:10.400,00h14m10s400ms,abrupt_change,21260,4252,"27,54,92,100",0.041362,2.6978,0.041362,2.6978,event_frames_full/E00379_00h14m10s400ms_abrupt_change.jpg,event_crops/E00379_00h14m10s400ms_abrupt_change_DETAIL.jpg,"112,294,602,631",chunk_01,event_chunks_5fps/chunk_01/event_frames_full/E00379_00h14m10s400ms_abrupt_change.jpg,event_chunks_5fps/chunk_01/event_crops/E00379_00h14m10s400ms_abrupt_change_DETAIL.jpg,GE00379
E00380,851.4,00:14:11.400,00h14m11s400ms,settled,21285,4257,"27,59,93,101",0.012879,0.5813,0.0,0.0,event_frames_full/E00380_00h14m11s400ms_settled.jpg,event_crops/E00380_00h14m11s400ms_settled_DETAIL.jpg,"112,324,608,637",chunk_01,event_chunks_5fps/chunk_01/event_frames_full/E00380_00h14m11s400ms_settled.jpg,event_chunks_5fps/chunk_01/event_crops/E00380_00h14m11s400ms_settled_DETAIL.jpg,GE00380
E00381,852.6,00:14:12.600,00h14m12s600ms,abrupt_change,21315,4263,"0,0,318,140",0.99375,122.2708,0.99375,122.274,event_frames_full/E00381_00h14m12s600ms_abrupt_change.jpg,,,chunk_01,event_chunks_5fps/chunk_01/event_frames_full/E00381_00h14m12s600ms_abrupt_change.jpg,,GE00381
E00382,853.2,00:14:13.200,00h14m13s200ms,stable_change,21330,4266,"0,0,318,140",0.99375,123.8987,0.0,0.0118,event_frames_full/E00382_00h14m13s200ms_stable_change.jpg,,,chunk_01,event_chunks_5fps/chunk_01/event_frames_full/E00382_00h14m13s200ms_stable_change.jpg,,GE00382
E00383,854.2,00:14:14.200,00h14m14s200ms,abrupt_change,21355,4271,"27,3,320,125",0.076384,4.1911,0.076317,4.1927,event_frames_full/E00383_00h14m14s200ms_abrupt_change.jpg,,,chunk_01,event_chunks_5fps/chunk_01/event_frames_full/E00383_00h14m14s200ms_abrupt_change.jpg,,GE00383
E00384,854.6,00:14:14.600,00h14m14s600ms,abrupt_change,21365,4273,"27,5,320,140",0.082634,4.3417,0.082634,4.3417,event_frames_full/E00384_00h14m14s600ms_abrupt_change.jpg,,,chunk_01,event_chunks_5fps/chunk_01/event_frames_full/E00384_00h14m14s600ms_abrupt_change.jpg,,GE00384
E00385,856.4,00:14:16.400,00h14m16s400ms,abrupt_change,21410,4282,"27,10,320,140",0.092612,4.9996,0.092589,4.9971,event_frames_full/E00385_00h14m16s400ms_abrupt_change.jpg,,,chunk_01,event_chunks_5fps/chunk_01/event_frames_full/E00385_00h14m16s400ms_abrupt_change.jpg,,GE00385
E00386,857.0,00:14:17.000,00h14m17s000ms,stable_change,21425,4285,"27,12,320,134",0.097121,4.9692,0.000201,0.0393,event_frames_full/E00386_00h14m17s000ms_stable_change.jpg,,,chunk_01,event_chunks_5fps/chunk_01/event_frames_full/E00386_00h14m17s000ms_stable_change.jpg,,GE00386
E00387,862.8,00:14:22.800,00h14m22s800ms,abrupt_change,21570,4314,"27,12,320,140",0.172879,7.032,0.174509,7.1124,event_frames_full/E00387_00h14m22s800ms_abrupt_change.jpg,,,chunk_01,event_chunks_5fps/chunk_01/event_frames_full/E00387_00h14m22s800ms_abrupt_change.jpg,,GE00387
E00388,863.2,00:14:23.200,00h14m23s200ms,abrupt_change,21580,4316,"28,12,320,140",0.313549,10.6679,0.313549,10.6679,event_frames_full/E00388_00h14m23s200ms_abrupt_change.jpg,,,chunk_01,event_chunks_5fps/chunk_01/event_frames_full/E00388_00h14m23s200ms_abrupt_change.jpg,,GE00388
E00389,864.2,00:14:24.200,00h14m24s200ms,settled,21605,4321,"163,118,187,129",0.005513,0.1523,0.0,0.0021,event_frames_full/E00389_00h14m24s200ms_settled.jpg,event_crops/E00389_00h14m24s200ms_settled_DETAIL.jpg,"928,679,1172,805",chunk_01,event_chunks_5fps/chunk_01/event_frames_full/E00389_00h14m24s200ms_settled.jpg,event_chunks_5fps/chunk_01/event_crops/E00389_00h14m24s200ms_settled_DETAIL.jpg,GE00389
E00390,866.6,00:14:26.600,00h14m26s600ms,settled,21665,4333,"142,117,187,130",0.011384,0.3999,0.0,0.0,event_frames_full/E00390_00h14m26s600ms_settled.jpg,event_crops/E00390_00h14m26s600ms_settled_DETAIL.jpg,"802,673,1172,811",chunk_01,event_chunks_5fps/chunk_01/event_frames_full/E00390_00h14m26s600ms_settled.jpg,event_chunks_5fps/chunk_01/event_crops/E00390_00h14m26s600ms_settled_DETAIL.jpg,GE00390
E00391,870.0,00:14:30.000,00h14m30s000ms,abrupt_change,21750,4350,"2,0,320,140",0.312634,12.9612,0.312612,12.9871,event_frames_full/E00391_00h14m30s000ms_abrupt_change.jpg,,,chunk_01,event_chunks_5fps/chunk_01/event_frames_full/E00391_00h14m30s000ms_abrupt_change.jpg,,GE00391
E00392,870.6,00:14:30.600,00h14m30s600ms,stable_change,21765,4353,"2,2,304,126",0.134777,7.5084,0.0,0.0,event_frames_full/E00392_00h14m30s600ms_stable_change.jpg,,,chunk_01,event_chunks_5fps/chunk_01/event_frames_full/E00392_00h14m30s600ms_stable_change.jpg,,GE00392
E00393,871.2,00:14:31.200,00h14m31s200ms,abrupt_change,21780,4356,"28,0,320,140",0.117768,6.6255,0.062321,3.7098,event_frames_full/E00393_00h14m31s200ms_abrupt_change.jpg,,,chunk_01,event_chunks_5fps/chunk_01/event_frames_full/E00393_00h14m31s200ms_abrupt_change.jpg,,GE00393
E00394,872.0,00:14:32.000,00h14m32s000ms,abrupt_change,21800,4360,"0,34,320,140",0.091786,5.2971,0.031429,2.06,event_frames_full/E00394_00h14m32s000ms_abrupt_change.jpg,event_crops/E00394_00h14m32s000ms_abrupt_change_DETAIL.jpg,"0,174,1920,842",chunk_01,event_chunks_5fps/chunk_01/event_frames_full/E00394_00h14m32s000ms_abrupt_change.jpg,event_chunks_5fps/chunk_01/event_crops/E00394_00h14m32s000ms_abrupt_change_DETAIL.jpg,GE00394
E00395,872.4,00:14:32.400,00h14m32s400ms,abrupt_change,21810,4362,"29,47,320,140",0.086429,5.3191,0.052545,2.7458,event_frames_full/E00395_00h14m32s400ms_abrupt_change.jpg,event_crops/E00395_00h14m32s400ms_abrupt_change_DETAIL.jpg,"124,252,1920,842",chunk_01,event_chunks_5fps/chunk_01/event_frames_full/E00395_00h14m32s400ms_abrupt_change.jpg,event_chunks_5fps/chunk_01/event_crops/E00395_00h14m32s400ms_abrupt_change_DETAIL.jpg,GE00395
E00396,873.0,00:14:33.000,00h14m33s000ms,abrupt_change,21825,4365,"27,3,320,140",0.209933,12.6883,0.209933,12.6929,event_frames_full/E00396_00h14m33s000ms_abrupt_change.jpg,,,chunk_01,event_chunks_5fps/chunk_01/event_frames_full/E00396_00h14m33s000ms_abrupt_change.jpg,,GE00396
E00397,884.4,00:14:44.400,00h14m44s400ms,abrupt_change,22110,4422,"28,21,320,140",0.17192,10.6599,0.17096,10.5276,event_frames_full/E00397_00h14m44s400ms_abrupt_change.jpg,,,chunk_01,event_chunks_5fps/chunk_01/event_frames_full/E00397_00h14m44s400ms_abrupt_change.jpg,,GE00397
E00398,888.8,00:14:48.800,00h14m48s800ms,abrupt_change,22220,4444,"31,33,304,104",0.028996,1.4858,0.031116,1.5721,event_frames_full/E00398_00h14m48s800ms_abrupt_change.jpg,event_crops/E00398_00h14m48s800ms_abrupt_change_DETAIL.jpg,"136,168,1874,655",chunk_01,event_chunks_5fps/chunk_01/event_frames_full/E00398_00h14m48s800ms_abrupt_change.jpg,event_chunks_5fps/chunk_01/event_crops/E00398_00h14m48s800ms_abrupt_change_DETAIL.jpg,GE00398
E00399,889.6,00:14:49.600,00h14m49s600ms,stable_change,22240,4448,"47,51,127,102",0.023504,1.1578,0.0,0.0144,event_frames_full/E00399_00h14m49s600ms_stable_change.jpg,event_crops/E00399_00h14m49s600ms_stable_change_DETAIL.jpg,"232,276,812,643",chunk_01,event_chunks_5fps/chunk_01/event_frames_full/E00399_00h14m49s600ms_stable_change.jpg,event_chunks_5fps/chunk_01/event_crops/E00399_00h14m49s600ms_stable_change_DETAIL.jpg,GE00399
E00400,892.0,00:14:52.000,00h14m52s000ms,abrupt_change,22300,4460,"31,33,304,104",0.046183,2.2036,0.046674,2.1811,event_frames_full/E00400_00h14m52s000ms_abrupt_change.jpg,event_crops/E00400_00h14m52s000ms_abrupt_change_DETAIL.jpg,"136,168,1874,655",chunk_01,event_chunks_5fps/chunk_01/event_frames_full/E00400_00h14m52s000ms_abrupt_change.jpg,event_chunks_5fps/chunk_01/event_crops/E00400_00h14m52s000ms_abrupt_change_DETAIL.jpg,GE00400
E00002,948.0,00:15:48.000,00h15m48s000ms,abrupt_change,23700,245,"27,18,320,137",0.194085,10.2081,0.194397,10.2182,event_frames_full/E00002_00h15m48s000ms_abrupt_change.jpg,,,chunk_02,event_chunks_5fps/chunk_02/event_frames_full/E00002_00h15m48s000ms_abrupt_change.jpg,,GE00401
E00003,948.6,00:15:48.600,00h15m48s600ms,stable_change,23715,248,"27,18,320,133",0.16846,10.5792,0.0,0.0269,event_frames_full/E00003_00h15m48s600ms_stable_change.jpg,,,chunk_02,event_chunks_5fps/chunk_02/event_frames_full/E00003_00h15m48s600ms_stable_change.jpg,,GE00402
E00004,962.6,00:16:02.600,00h16m02s600ms,motion_progress,24065,318,"30,53,304,124",0.027121,1.5045,0.028527,1.49,event_frames_full/E00004_00h16m02s600ms_motion_progress.jpg,event_crops/E00004_00h16m02s600ms_motion_progress_DETAIL.jpg,"130,288,1874,775",chunk_02,event_chunks_5fps/chunk_02/event_frames_full/E00004_00h16m02s600ms_motion_progress.jpg,event_chunks_5fps/chunk_02/event_crops/E00004_00h16m02s600ms_motion_progress_DETAIL.jpg,GE00403
E00005,964.8,00:16:04.800,00h16m04s800ms,motion_progress,24120,329,"35,72,127,123",0.021607,1.1893,0.021004,1.1456,event_frames_full/E00005_00h16m04s800ms_motion_progress.jpg,event_crops/E00005_00h16m04s800ms_motion_progress_DETAIL.jpg,"160,403,812,769",chunk_02,event_chunks_5fps/chunk_02/event_frames_full/E00005_00h16m04s800ms_motion_progress.jpg,event_chunks_5fps/chunk_02/event_crops/E00005_00h16m04s800ms_motion_progress_DETAIL.jpg,GE00404
E00006,965.4,00:16:05.400,00h16m05s400ms,stable_change,24135,332,"70,72,127,123",0.017076,1.1675,0.000201,0.048,event_frames_full/E00006_00h16m05s400ms_stable_change.jpg,event_crops/E00006_00h16m05s400ms_stable_change_DETAIL.jpg,"370,403,812,769",chunk_02,event_chunks_5fps/chunk_02/event_frames_full/E00006_00h16m05s400ms_stable_change.jpg,event_chunks_5fps/chunk_02/event_crops/E00006_00h16m05s400ms_stable_change_DETAIL.jpg,GE00405
E00007,966.4,00:16:06.400,00h16m06s400ms,stable_change,24160,337,"30,53,304,124",0.023705,1.1927,0.0,0.032,event_frames_full/E00007_00h16m06s400ms_stable_change.jpg,event_crops/E00007_00h16m06s400ms_stable_change_DETAIL.jpg,"130,288,1874,775",chunk_02,event_chunks_5fps/chunk_02/event_frames_full/E00007_00h16m06s400ms_stable_change.jpg,event_chunks_5fps/chunk_02/event_crops/E00007_00h16m06s400ms_stable_change_DETAIL.jpg,GE00406
E00008,968.2,00:16:08.200,00h16m08s200ms,settled,24205,346,"80,57,122,88",0.009464,0.6039,0.0,0.0,event_frames_full/E00008_00h16m08s200ms_settled.jpg,event_crops/E00008_00h16m08s200ms_settled_DETAIL.jpg,"430,312,782,559",chunk_02,event_chunks_5fps/chunk_02/event_frames_full/E00008_00h16m08s200ms_settled.jpg,event_chunks_5fps/chunk_02/event_crops/E00008_00h16m08s200ms_settled_DETAIL.jpg,GE00407
E00009,976.0,00:16:16.000,00h16m16s000ms,abrupt_change,24400,385,"0,0,320,140",1.0,167.9224,1.0,167.8451,event_frames_full/E00009_00h16m16s000ms_abrupt_change.jpg,,,chunk_02,event_chunks_5fps/chunk_02/event_frames_full/E00009_00h16m16s000ms_abrupt_change.jpg,,GE00408
E00010,976.4,00:16:16.400,00h16m16s400ms,abrupt_change,24410,387,"0,0,320,140",1.0,133.4673,1.0,142.7735,event_frames_full/E00010_00h16m16s400ms_abrupt_change.jpg,,,chunk_02,event_chunks_5fps/chunk_02/event_frames_full/E00010_00h16m16s400ms_abrupt_change.jpg,,GE00409
E00011,977.0,00:16:17.000,00h16m17s000ms,stable_change,24425,390,"39,4,274,71",0.019286,1.639,0.0,0.0115,event_frames_full/E00011_00h16m17s000ms_stable_change.jpg,event_crops/E00011_00h16m17s000ms_stable_change_DETAIL.jpg,"184,0,1694,457",chunk_02,event_chunks_5fps/chunk_02/event_frames_full/E00011_00h16m17s000ms_stable_change.jpg,event_chunks_5fps/chunk_02/event_crops/E00011_00h16m17s000ms_stable_change_DETAIL.jpg,GE00410
E00012,978.4,00:16:18.400,00h16m18s400ms,abrupt_change,24460,397,"37,0,320,137",0.219353,14.8153,0.219263,14.8245,event_frames_full/E00012_00h16m18s400ms_abrupt_change.jpg,,,chunk_02,event_chunks_5fps/chunk_02/event_frames_full/E00012_00h16m18s400ms_abrupt_change.jpg,,GE00411
E00013,979.0,00:16:19.000,00h16m19s000ms,stable_change,24475,400,"48,0,320,137",0.142612,6.1085,0.0,0.0007,event_frames_full/E00013_00h16m19s000ms_stable_change.jpg,,,chunk_02,event_chunks_5fps/chunk_02/event_frames_full/E00013_00h16m19s000ms_stable_change.jpg,,GE00412
E00014,979.4,00:16:19.400,00h16m19s400ms,abrupt_change,24485,402,"47,0,320,140",0.116161,5.4291,0.115268,5.3688,event_frames_full/E00014_00h16m19s400ms_abrupt_change.jpg,,,chunk_02,event_chunks_5fps/chunk_02/event_frames_full/E00014_00h16m19s400ms_abrupt_change.jpg,,GE00413
E00015,980.0,00:16:20.000,00h16m20s000ms,stable_change,24500,405,"50,0,320,140",0.056674,3.6822,0.000201,0.016,event_frames_full/E00015_00h16m20s000ms_stable_change.jpg,,,chunk_02,event_chunks_5fps/chunk_02/event_frames_full/E00015_00h16m20s000ms_stable_change.jpg,,GE00414
E00016,984.2,00:16:24.200,00h16m24s200ms,motion_progress,24605,426,"53,64,156,88",0.028259,2.098,0.027991,2.0407,event_frames_full/E00016_00h16m24s200ms_motion_progress.jpg,event_crops/E00016_00h16m24s200ms_motion_progress_DETAIL.jpg,"268,354,986,559",chunk_02,event_chunks_5fps/chunk_02/event_frames_full/E00016_00h16m24s200ms_motion_progress.jpg,event_chunks_5fps/chunk_02/event_crops/E00016_00h16m24s200ms_motion_progress_DETAIL.jpg,GE00415
E00017,985.2,00:16:25.200,00h16m25s200ms,abrupt_change,24630,431,"53,64,156,89",0.039152,2.4169,0.038951,2.3836,event_frames_full/E00017_00h16m25s200ms_abrupt_change.jpg,event_crops/E00017_00h16m25s200ms_abrupt_change_DETAIL.jpg,"268,354,986,565",chunk_02,event_chunks_5fps/chunk_02/event_frames_full/E00017_00h16m25s200ms_abrupt_change.jpg,event_chunks_5fps/chunk_02/event_crops/E00017_00h16m25s200ms_abrupt_change_DETAIL.jpg,GE00416
E00018,985.6,00:16:25.600,00h16m25s600ms,abrupt_change,24640,433,"53,59,156,90",0.044018,2.43,0.044018,2.43,event_frames_full/E00018_00h16m25s600ms_abrupt_change.jpg,event_crops/E00018_00h16m25s600ms_abrupt_change_DETAIL.jpg,"268,324,986,571",chunk_02,event_chunks_5fps/chunk_02/event_frames_full/E00018_00h16m25s600ms_abrupt_change.jpg,event_chunks_5fps/chunk_02/event_crops/E00018_00h16m25s600ms_abrupt_change_DETAIL.jpg,GE00417
E00019,990.0,00:16:30.000,00h16m30s000ms,abrupt_change,24750,455,"50,0,320,140",0.110424,5.1371,0.110558,5.1284,event_frames_full/E00019_00h16m30s000ms_abrupt_change.jpg,,,chunk_02,event_chunks_5fps/chunk_02/event_frames_full/E00019_00h16m30s000ms_abrupt_change.jpg,,GE00418
E00020,990.6,00:16:30.600,00h16m30s600ms,stable_change,24765,458,"48,0,320,134",0.142879,6.1495,0.0,0.0037,event_frames_full/E00020_00h16m30s600ms_stable_change.jpg,,,chunk_02,event_chunks_5fps/chunk_02/event_frames_full/E00020_00h16m30s600ms_stable_change.jpg,,GE00419
E00021,997.6,00:16:37.600,00h16m37s600ms,abrupt_change,24940,493,"48,0,320,134",0.130491,5.2592,0.13058,5.2137,event_frames_full/E00021_00h16m37s600ms_abrupt_change.jpg,,,chunk_02,event_chunks_5fps/chunk_02/event_frames_full/E00021_00h16m37s600ms_abrupt_change.jpg,,GE00420
E00022,998.0,00:16:38.000,00h16m38s000ms,abrupt_change,24950,495,"50,0,320,126",0.127634,5.5053,0.130603,5.5985,event_frames_full/E00022_00h16m38s000ms_abrupt_change.jpg,event_crops/E00022_00h16m38s000ms_abrupt_change_DETAIL.jpg,"250,0,1920,787",chunk_02,event_chunks_5fps/chunk_02/event_frames_full/E00022_00h16m38s000ms_abrupt_change.jpg,event_chunks_5fps/chunk_02/event_crops/E00022_00h16m38s000ms_abrupt_change_DETAIL.jpg,GE00421
E00023,999.4,00:16:39.400,00h16m39s400ms,abrupt_change,24985,502,"38,0,320,140",0.079152,4.3091,0.079821,4.2958,event_frames_full/E00023_00h16m39s400ms_abrupt_change.jpg,,,chunk_02,event_chunks_5fps/chunk_02/event_frames_full/E00023_00h16m39s400ms_abrupt_change.jpg,,GE00422
E00024,1000.0,00:16:40.000,00h16m40s000ms,stable_change,25000,505,"37,0,320,140",0.101875,7.2357,0.0,0.0524,event_frames_full/E00024_00h16m40s000ms_stable_change.jpg,,,chunk_02,event_chunks_5fps/chunk_02/event_frames_full/E00024_00h16m40s000ms_stable_change.jpg,,GE00423
E00025,1003.0,00:16:43.000,00h16m43s000ms,abrupt_change,25075,520,"37,0,320,140",0.094464,7.4317,0.093795,7.4135,event_frames_full/E00025_00h16m43s000ms_abrupt_change.jpg,,,chunk_02,event_chunks_5fps/chunk_02/event_frames_full/E00025_00h16m43s000ms_abrupt_change.jpg,,GE00424
E00026,1003.4,00:16:43.400,00h16m43s400ms,abrupt_change,25085,522,"55,0,320,136",0.086429,4.2094,0.103103,4.4487,event_frames_full/E00026_00h16m43s400ms_abrupt_change.jpg,,,chunk_02,event_chunks_5fps/chunk_02/event_frames_full/E00026_00h16m43s400ms_abrupt_change.jpg,,GE00425
E00027,1004.4,00:16:44.400,00h16m44s400ms,abrupt_change,25110,527,"50,7,320,136",0.13346,5.5184,0.124397,5.5088,event_frames_full/E00027_00h16m44s400ms_abrupt_change.jpg,,,chunk_02,event_chunks_5fps/chunk_02/event_frames_full/E00027_00h16m44s400ms_abrupt_change.jpg,,GE00426
E00028,1005.6,00:16:45.600,00h16m45s600ms,abrupt_change,25140,533,"48,4,320,138",0.121652,5.6149,0.122433,5.7329,event_frames_full/E00028_00h16m45s600ms_abrupt_change.jpg,,,chunk_02,event_chunks_5fps/chunk_02/event_frames_full/E00028_00h16m45s600ms_abrupt_change.jpg,,GE00427
E00029,1006.2,00:16:46.200,00h16m46s200ms,stable_change,25155,536,"37,0,320,138",0.224844,14.9804,0.0,0.0552,event_frames_full/E00029_00h16m46s200ms_stable_change.jpg,,,chunk_02,event_chunks_5fps/chunk_02/event_frames_full/E00029_00h16m46s200ms_stable_change.jpg,,GE00428
E00030,1011.4,00:16:51.400,00h16m51s400ms,settled,25285,562,"223,60,245,71",0.005201,0.4839,0.003415,0.0916,event_frames_full/E00030_00h16m51s400ms_settled.jpg,event_crops/E00030_00h16m51s400ms_settled_DETAIL.jpg,"1288,330,1520,457",chunk_02,event_chunks_5fps/chunk_02/event_frames_full/E00030_00h16m51s400ms_settled.jpg,event_chunks_5fps/chunk_02/event_crops/E00030_00h16m51s400ms_settled_DETAIL.jpg,GE00429
E00031,1012.2,00:16:52.200,00h16m52s200ms,settled,25305,566,"223,60,245,71",0.005246,0.3758,0.0,0.0,event_frames_full/E00031_00h16m52s200ms_settled.jpg,event_crops/E00031_00h16m52s200ms_settled_DETAIL.jpg,"1288,330,1520,457",chunk_02,event_chunks_5fps/chunk_02/event_frames_full/E00031_00h16m52s200ms_settled.jpg,event_chunks_5fps/chunk_02/event_crops/E00031_00h16m52s200ms_settled_DETAIL.jpg,GE00430
E00032,1013.2,00:16:53.200,00h16m53s200ms,abrupt_change,25330,571,"37,0,320,140",0.71192,38.5206,0.712009,38.521,event_frames_full/E00032_00h16m53s200ms_abrupt_change.jpg,,,chunk_02,event_chunks_5fps/chunk_02/event_frames_full/E00032_00h16m53s200ms_abrupt_change.jpg,,GE00431
E00033,1013.6,00:16:53.600,00h16m53s600ms,abrupt_change,25340,573,"0,0,320,140",0.987299,72.9103,0.987299,72.9103,event_frames_full/E00033_00h16m53s600ms_abrupt_change.jpg,,,chunk_02,event_chunks_5fps/chunk_02/event_frames_full/E00033_00h16m53s600ms_abrupt_change.jpg,,GE00432
E00034,1016.2,00:16:56.200,00h16m56s200ms,abrupt_change,25405,586,"27,57,303,125",0.075536,4.0377,0.075915,4.0368,event_frames_full/E00034_00h16m56s200ms_abrupt_change.jpg,event_crops/E00034_00h16m56s200ms_abrupt_change_DETAIL.jpg,"112,312,1868,781",chunk_02,event_chunks_5fps/chunk_02/event_frames_full/E00034_00h16m56s200ms_abrupt_change.jpg,event_chunks_5fps/chunk_02/event_crops/E00034_00h16m56s200ms_abrupt_change_DETAIL.jpg,GE00433
E00035,1016.6,00:16:56.600,00h16m56s600ms,abrupt_change,25415,588,"28,57,300,125",0.072768,3.9281,0.072768,3.9281,event_frames_full/E00035_00h16m56s600ms_abrupt_change.jpg,event_crops/E00035_00h16m56s600ms_abrupt_change_DETAIL.jpg,"118,312,1850,781",chunk_02,event_chunks_5fps/chunk_02/event_frames_full/E00035_00h16m56s600ms_abrupt_change.jpg,event_chunks_5fps/chunk_02/event_crops/E00035_00h16m56s600ms_abrupt_change_DETAIL.jpg,GE00434
E00036,1017.2,00:16:57.200,00h16m57s200ms,stable_change,25430,591,"33,57,302,124",0.02308,1.4236,0.0,0.027,event_frames_full/E00036_00h16m57s200ms_stable_change.jpg,event_crops/E00036_00h16m57s200ms_stable_change_DETAIL.jpg,"148,312,1862,775",chunk_02,event_chunks_5fps/chunk_02/event_frames_full/E00036_00h16m57s200ms_stable_change.jpg,event_chunks_5fps/chunk_02/event_crops/E00036_00h16m57s200ms_stable_change_DETAIL.jpg,GE00435
E00037,1018.0,00:16:58.000,00h16m58s000ms,abrupt_change,25450,595,"33,57,303,124",0.046451,2.4913,0.046451,2.4911,event_frames_full/E00037_00h16m58s000ms_abrupt_change.jpg,event_crops/E00037_00h16m58s000ms_abrupt_change_DETAIL.jpg,"148,312,1868,775",chunk_02,event_chunks_5fps/chunk_02/event_frames_full/E00037_00h16m58s000ms_abrupt_change.jpg,event_chunks_5fps/chunk_02/event_crops/E00037_00h16m58s000ms_abrupt_change_DETAIL.jpg,GE00436
E00038,1018.4,00:16:58.400,00h16m58s400ms,abrupt_change,25460,597,"27,57,302,125",0.073214,3.507,0.073817,3.9043,event_frames_full/E00038_00h16m58s400ms_abrupt_change.jpg,event_crops/E00038_00h16m58s400ms_abrupt_change_DETAIL.jpg,"112,312,1862,781",chunk_02,event_chunks_5fps/chunk_02/event_frames_full/E00038_00h16m58s400ms_abrupt_change.jpg,event_chunks_5fps/chunk_02/event_crops/E00038_00h16m58s400ms_abrupt_change_DETAIL.jpg,GE00437
E00039,1019.0,00:16:59.000,00h16m59s000ms,stable_change,25475,600,"28,57,303,125",0.04375,2.297,0.0,0.0113,event_frames_full/E00039_00h16m59s000ms_stable_change.jpg,event_crops/E00039_00h16m59s000ms_stable_change_DETAIL.jpg,"118,312,1868,781",chunk_02,event_chunks_5fps/chunk_02/event_frames_full/E00039_00h16m59s000ms_stable_change.jpg,event_chunks_5fps/chunk_02/event_crops/E00039_00h16m59s000ms_stable_change_DETAIL.jpg,GE00438
E00040,1023.4,00:17:03.400,00h17m03s400ms,settled,25585,622,"8,35,52,54",0.004621,0.3578,0.0,0.0154,event_frames_full/E00040_00h17m03s400ms_settled.jpg,event_crops/E00040_00h17m03s400ms_settled_DETAIL.jpg,"0,180,362,354",chunk_02,event_chunks_5fps/chunk_02/event_frames_full/E00040_00h17m03s400ms_settled.jpg,event_chunks_5fps/chunk_02/event_crops/E00040_00h17m03s400ms_settled_DETAIL.jpg,GE00439
E00041,1025.2,00:17:05.200,00h17m05s200ms,abrupt_change,25630,631,"0,0,320,140",0.185089,12.2515,0.184777,12.2326,event_frames_full/E00041_00h17m05s200ms_abrupt_change.jpg,,,chunk_02,event_chunks_5fps/chunk_02/event_frames_full/E00041_00h17m05s200ms_abrupt_change.jpg,,GE00440
E00042,1025.6,00:17:05.600,00h17m05s600ms,abrupt_change,25640,633,"0,2,300,119",0.053103,3.3245,0.078973,4.9236,event_frames_full/E00042_00h17m05s600ms_abrupt_change.jpg,,,chunk_02,event_chunks_5fps/chunk_02/event_frames_full/E00042_00h17m05s600ms_abrupt_change.jpg,,GE00441
E00043,1026.0,00:17:06.000,00h17m06s000ms,abrupt_change,25650,635,"0,0,320,140",0.07346,6.3869,0.068795,4.8584,event_frames_full/E00043_00h17m06s000ms_abrupt_change.jpg,,,chunk_02,event_chunks_5fps/chunk_02/event_frames_full/E00043_00h17m06s000ms_abrupt_change.jpg,,GE00442
E00044,1026.8,00:17:06.800,00h17m06s800ms,settled,25670,639,"10,35,79,74",0.007701,0.3952,0.0,0.0073,event_frames_full/E00044_00h17m06s800ms_settled.jpg,event_crops/E00044_00h17m06s800ms_settled_DETAIL.jpg,"10,180,524,475",chunk_02,event_chunks_5fps/chunk_02/event_frames_full/E00044_00h17m06s800ms_settled.jpg,event_chunks_5fps/chunk_02/event_crops/E00044_00h17m06s800ms_settled_DETAIL.jpg,GE00443
E00045,1028.8,00:17:08.800,00h17m08s800ms,abrupt_change,25720,649,"28,58,320,140",0.137388,7.7972,0.135156,7.6832,event_frames_full/E00045_00h17m08s800ms_abrupt_change.jpg,event_crops/E00045_00h17m08s800ms_abrupt_change_DETAIL.jpg,"118,318,1920,842",chunk_02,event_chunks_5fps/chunk_02/event_frames_full/E00045_00h17m08s800ms_abrupt_change.jpg,event_chunks_5fps/chunk_02/event_crops/E00045_00h17m08s800ms_abrupt_change_DETAIL.jpg,GE00444
E00046,1047.2,00:17:27.200,00h17m27s200ms,settled,26180,741,"193,114,197,117",0.000268,0.9019,0.0,0.0393,event_frames_full/E00046_00h17m27s200ms_settled.jpg,event_crops/E00046_00h17m27s200ms_settled_DETAIL.jpg,"1108,655,1232,733",chunk_02,event_chunks_5fps/chunk_02/event_frames_full/E00046_00h17m27s200ms_settled.jpg,event_chunks_5fps/chunk_02/event_crops/E00046_00h17m27s200ms_settled_DETAIL.jpg,GE00445
E00047,1052.4,00:17:32.400,00h17m32s400ms,abrupt_change,26310,767,"47,46,320,140",0.066272,4.4595,0.063058,4.0355,event_frames_full/E00047_00h17m32s400ms_abrupt_change.jpg,event_crops/E00047_00h17m32s400ms_abrupt_change_DETAIL.jpg,"232,246,1920,842",chunk_02,event_chunks_5fps/chunk_02/event_frames_full/E00047_00h17m32s400ms_abrupt_change.jpg,event_chunks_5fps/chunk_02/event_crops/E00047_00h17m32s400ms_abrupt_change_DETAIL.jpg,GE00446
E00048,1052.8,00:17:32.800,00h17m32s800ms,abrupt_change,26320,769,"47,68,320,140",0.117388,5.466,0.117388,5.466,event_frames_full/E00048_00h17m32s800ms_abrupt_change.jpg,event_crops/E00048_00h17m32s800ms_abrupt_change_DETAIL.jpg,"232,378,1920,842",chunk_02,event_chunks_5fps/chunk_02/event_frames_full/E00048_00h17m32s800ms_abrupt_change.jpg,event_chunks_5fps/chunk_02/event_crops/E00048_00h17m32s800ms_abrupt_change_DETAIL.jpg,GE00447
E00049,1053.6,00:17:33.600,00h17m33s600ms,abrupt_change,26340,773,"28,68,320,140",0.103371,6.5488,0.103304,6.545,event_frames_full/E00049_00h17m33s600ms_abrupt_change.jpg,event_crops/E00049_00h17m33s600ms_abrupt_change_DETAIL.jpg,"118,378,1920,842",chunk_02,event_chunks_5fps/chunk_02/event_frames_full/E00049_00h17m33s600ms_abrupt_change.jpg,event_chunks_5fps/chunk_02/event_crops/E00049_00h17m33s600ms_abrupt_change_DETAIL.jpg,GE00448
E00050,1059.2,00:17:39.200,00h17m39s200ms,settled,26480,801,"30,46,297,117",0.007812,0.6019,0.0,0.1179,event_frames_full/E00050_00h17m39s200ms_settled.jpg,event_crops/E00050_00h17m39s200ms_settled_DETAIL.jpg,"130,246,1832,733",chunk_02,event_chunks_5fps/chunk_02/event_frames_full/E00050_00h17m39s200ms_settled.jpg,event_chunks_5fps/chunk_02/event_crops/E00050_00h17m39s200ms_settled_DETAIL.jpg,GE00449
E00051,1061.2,00:17:41.200,00h17m41s200ms,abrupt_change,26530,811,"0,0,320,140",0.999152,156.0912,0.999152,156.1012,event_frames_full/E00051_00h17m41s200ms_abrupt_change.jpg,,,chunk_02,event_chunks_5fps/chunk_02/event_frames_full/E00051_00h17m41s200ms_abrupt_change.jpg,,GE00450
E00052,1061.6,00:17:41.600,00h17m41s600ms,abrupt_change,26540,813,"0,0,320,140",1.0,92.0794,0.440893,13.815,event_frames_full/E00052_00h17m41s600ms_abrupt_change.jpg,,,chunk_02,event_chunks_5fps/chunk_02/event_frames_full/E00052_00h17m41s600ms_abrupt_change.jpg,,GE00451
E00053,1067.4,00:17:47.400,00h17m47s400ms,abrupt_change,26685,842,"40,20,277,106",0.331451,7.7617,0.321138,7.8349,event_frames_full/E00053_00h17m47s400ms_abrupt_change.jpg,event_crops/E00053_00h17m47s400ms_abrupt_change_DETAIL.jpg,"190,90,1712,667",chunk_02,event_chunks_5fps/chunk_02/event_frames_full/E00053_00h17m47s400ms_abrupt_change.jpg,event_chunks_5fps/chunk_02/event_crops/E00053_00h17m47s400ms_abrupt_change_DETAIL.jpg,GE00452
E00054,1068.0,00:17:48.000,00h17m48s000ms,stable_change,26700,845,"0,0,320,140",0.876429,72.916,0.000201,0.0751,event_frames_full/E00054_00h17m48s000ms_stable_change.jpg,,,chunk_02,event_chunks_5fps/chunk_02/event_frames_full/E00054_00h17m48s000ms_stable_change.jpg,,GE00453
E00055,1069.2,00:17:49.200,00h17m49s200ms,settled,26730,851,"29,67,73,117",0.009196,0.6655,0.000201,0.0512,event_frames_full/E00055_00h17m49s200ms_settled.jpg,event_crops/E00055_00h17m49s200ms_settled_DETAIL.jpg,"124,372,488,733",chunk_02,event_chunks_5fps/chunk_02/event_frames_full/E00055_00h17m49s200ms_settled.jpg,event_chunks_5fps/chunk_02/event_crops/E00055_00h17m49s200ms_settled_DETAIL.jpg,GE00454
E00056,1070.4,00:17:50.400,00h17m50s400ms,settled,26760,857,"29,67,73,117",0.00942,0.7025,0.0,0.1585,event_frames_full/E00056_00h17m50s400ms_settled.jpg,event_crops/E00056_00h17m50s400ms_settled_DETAIL.jpg,"124,372,488,733",chunk_02,event_chunks_5fps/chunk_02/event_frames_full/E00056_00h17m50s400ms_settled.jpg,event_chunks_5fps/chunk_02/event_crops/E00056_00h17m50s400ms_settled_DETAIL.jpg,GE00455
E00057,1071.8,00:17:51.800,00h17m51s800ms,settled,26795,864,"30,77,73,117",0.008192,0.5815,0.0,0.0086,event_frames_full/E00057_00h17m51s800ms_settled.jpg,event_crops/E00057_00h17m51s800ms_settled_DETAIL.jpg,"130,433,488,733",chunk_02,event_chunks_5fps/chunk_02/event_frames_full/E00057_00h17m51s800ms_settled.jpg,event_chunks_5fps/chunk_02/event_crops/E00057_00h17m51s800ms_settled_DETAIL.jpg,GE00456
E00058,1073.8,00:17:53.800,00h17m53s800ms,abrupt_change,26845,874,"0,0,320,140",0.866563,98.8084,0.866362,98.7812,event_frames_full/E00058_00h17m53s800ms_abrupt_change.jpg,,,chunk_02,event_chunks_5fps/chunk_02/event_frames_full/E00058_00h17m53s800ms_abrupt_change.jpg,,GE00457
E00059,1074.4,00:17:54.400,00h17m54s400ms,abrupt_change,26860,877,"38,6,278,135",0.524263,51.029,0.523504,51.0194,event_frames_full/E00059_00h17m54s400ms_abrupt_change.jpg,event_crops/E00059_00h17m54s400ms_abrupt_change_DETAIL.jpg,"178,6,1718,841",chunk_02,event_chunks_5fps/chunk_02/event_frames_full/E00059_00h17m54s400ms_abrupt_change.jpg,event_chunks_5fps/chunk_02/event_crops/E00059_00h17m54s400ms_abrupt_change_DETAIL.jpg,GE00458
E00060,1077.6,00:17:57.600,00h17m57s600ms,settled,26940,893,"74,59,188,72",0.006763,0.5875,0.0,0.0112,event_frames_full/E00060_00h17m57s600ms_settled.jpg,event_crops/E00060_00h17m57s600ms_settled_DETAIL.jpg,"394,324,1178,463",chunk_02,event_chunks_5fps/chunk_02/event_frames_full/E00060_00h17m57s600ms_settled.jpg,event_chunks_5fps/chunk_02/event_crops/E00060_00h17m57s600ms_settled_DETAIL.jpg,GE00459
E00061,1079.0,00:17:59.000,00h17m59s000ms,settled,26975,900,"74,59,188,94",0.012969,1.0744,0.0,0.0112,event_frames_full/E00061_00h17m59s000ms_settled.jpg,event_crops/E00061_00h17m59s000ms_settled_DETAIL.jpg,"394,324,1178,595",chunk_02,event_chunks_5fps/chunk_02/event_frames_full/E00061_00h17m59s000ms_settled.jpg,event_chunks_5fps/chunk_02/event_crops/E00061_00h17m59s000ms_settled_DETAIL.jpg,GE00460
E00062,1082.8,00:18:02.800,00h18m02s800ms,settled,27070,919,"75,83,164,94",0.006473,0.7322,0.0,0.0112,event_frames_full/E00062_00h18m02s800ms_settled.jpg,event_crops/E00062_00h18m02s800ms_settled_DETAIL.jpg,"400,469,1034,595",chunk_02,event_chunks_5fps/chunk_02/event_frames_full/E00062_00h18m02s800ms_settled.jpg,event_chunks_5fps/chunk_02/event_crops/E00062_00h18m02s800ms_settled_DETAIL.jpg,GE00461
E00063,1085.4,00:18:05.400,00h18m05s400ms,settled,27135,932,"47,82,107,93",0.008237,0.8446,0.0,0.0,event_frames_full/E00063_00h18m05s400ms_settled.jpg,event_crops/E00063_00h18m05s400ms_settled_DETAIL.jpg,"232,463,692,589",chunk_02,event_chunks_5fps/chunk_02/event_frames_full/E00063_00h18m05s400ms_settled.jpg,event_chunks_5fps/chunk_02/event_crops/E00063_00h18m05s400ms_settled_DETAIL.jpg,GE00462
E00064,1086.2,00:18:06.200,00h18m06s200ms,settled,27155,936,"48,83,84,117",0.009888,0.4529,0.002299,0.1555,event_frames_full/E00064_00h18m06s200ms_settled.jpg,event_crops/E00064_00h18m06s200ms_settled_DETAIL.jpg,"238,469,554,733",chunk_02,event_chunks_5fps/chunk_02/event_frames_full/E00064_00h18m06s200ms_settled.jpg,event_chunks_5fps/chunk_02/event_crops/E00064_00h18m06s200ms_settled_DETAIL.jpg,GE00463
E00065,1088.6,00:18:08.600,00h18m08s600ms,settled,27215,948,"48,83,107,117",0.013549,0.8667,0.0,0.0,event_frames_full/E00065_00h18m08s600ms_settled.jpg,event_crops/E00065_00h18m08s600ms_settled_DETAIL.jpg,"238,469,692,733",chunk_02,event_chunks_5fps/chunk_02/event_frames_full/E00065_00h18m08s600ms_settled.jpg,event_chunks_5fps/chunk_02/event_crops/E00065_00h18m08s600ms_settled_DETAIL.jpg,GE00464
E00066,1104.2,00:18:24.200,00h18m24s200ms,settled,27605,1026,"74,58,181,69",0.005915,0.6018,0.0,0.0118,event_frames_full/E00066_00h18m24s200ms_settled.jpg,event_crops/E00066_00h18m24s200ms_settled_DETAIL.jpg,"394,318,1136,444",chunk_02,event_chunks_5fps/chunk_02/event_frames_full/E00066_00h18m24s200ms_settled.jpg,event_chunks_5fps/chunk_02/event_crops/E00066_00h18m24s200ms_settled_DETAIL.jpg,GE00465
E00067,1106.0,00:18:26.000,00h18m26s000ms,settled,27650,1035,"75,58,181,69",0.005379,0.701,0.0,0.0037,event_frames_full/E00067_00h18m26s000ms_settled.jpg,event_crops/E00067_00h18m26s000ms_settled_DETAIL.jpg,"400,318,1136,444",chunk_02,event_chunks_5fps/chunk_02/event_frames_full/E00067_00h18m26s000ms_settled.jpg,event_chunks_5fps/chunk_02/event_crops/E00067_00h18m26s000ms_settled_DETAIL.jpg,GE00466
E00068,1108.2,00:18:28.200,00h18m28s200ms,settled,27705,1046,"74,83,192,93",0.006272,0.6916,0.0,0.0,event_frames_full/E00068_00h18m28s200ms_settled.jpg,event_crops/E00068_00h18m28s200ms_settled_DETAIL.jpg,"394,469,1202,589",chunk_02,event_chunks_5fps/chunk_02/event_frames_full/E00068_00h18m28s200ms_settled.jpg,event_chunks_5fps/chunk_02/event_crops/E00068_00h18m28s200ms_settled_DETAIL.jpg,GE00467
E00069,1130.6,00:18:50.600,00h18m50s600ms,abrupt_change,28265,1158,"39,4,278,135",0.584799,18.1142,0.589554,18.644,event_frames_full/E00069_00h18m50s600ms_abrupt_change.jpg,event_crops/E00069_00h18m50s600ms_abrupt_change_DETAIL.jpg,"184,0,1718,841",chunk_02,event_chunks_5fps/chunk_02/event_frames_full/E00069_00h18m50s600ms_abrupt_change.jpg,event_chunks_5fps/chunk_02/event_crops/E00069_00h18m50s600ms_abrupt_change_DETAIL.jpg,GE00468
E00070,1131.0,00:18:51.000,00h18m51s000ms,abrupt_change,28275,1160,"39,2,278,133",0.611295,26.9176,0.602098,17.7071,event_frames_full/E00070_00h18m51s000ms_abrupt_change.jpg,event_crops/E00070_00h18m51s000ms_abrupt_change_DETAIL.jpg,"184,0,1718,829",chunk_02,event_chunks_5fps/chunk_02/event_frames_full/E00070_00h18m51s000ms_abrupt_change.jpg,event_chunks_5fps/chunk_02/event_crops/E00070_00h18m51s000ms_abrupt_change_DETAIL.jpg,GE00469
E00071,1131.4,00:18:51.400,00h18m51s400ms,abrupt_change,28285,1162,"0,0,320,140",0.995692,88.1874,0.996786,105.1834,event_frames_full/E00071_00h18m51s400ms_abrupt_change.jpg,,,chunk_02,event_chunks_5fps/chunk_02/event_frames_full/E00071_00h18m51s400ms_abrupt_change.jpg,,GE00470
E00072,1136.0,00:18:56.000,00h18m56s000ms,abrupt_change,28400,1185,"0,0,320,140",0.99558,54.5656,0.99558,54.7474,event_frames_full/E00072_00h18m56s000ms_abrupt_change.jpg,,,chunk_02,event_chunks_5fps/chunk_02/event_frames_full/E00072_00h18m56s000ms_abrupt_change.jpg,,GE00471
E00073,1136.4,00:18:56.400,00h18m56s400ms,abrupt_change,28410,1187,"0,0,320,140",0.992857,63.3905,0.400022,18.9274,event_frames_full/E00073_00h18m56s400ms_abrupt_change.jpg,,,chunk_02,event_chunks_5fps/chunk_02/event_frames_full/E00073_00h18m56s400ms_abrupt_change.jpg,,GE00472
E00074,1138.0,00:18:58.000,00h18m58s000ms,abrupt_change,28450,1195,"48,61,267,103",0.063013,4.5365,0.062812,4.5195,event_frames_full/E00074_00h18m58s000ms_abrupt_change.jpg,event_crops/E00074_00h18m58s000ms_abrupt_change_DETAIL.jpg,"238,336,1652,649",chunk_02,event_chunks_5fps/chunk_02/event_frames_full/E00074_00h18m58s000ms_abrupt_change.jpg,event_chunks_5fps/chunk_02/event_crops/E00074_00h18m58s000ms_abrupt_change_DETAIL.jpg,GE00473
E00075,1139.2,00:18:59.200,00h18m59s200ms,abrupt_change,28480,1201,"48,61,267,88",0.082924,5.8404,0.082723,5.8258,event_frames_full/E00075_00h18m59s200ms_abrupt_change.jpg,event_crops/E00075_00h18m59s200ms_abrupt_change_DETAIL.jpg,"238,336,1652,559",chunk_02,event_chunks_5fps/chunk_02/event_frames_full/E00075_00h18m59s200ms_abrupt_change.jpg,event_chunks_5fps/chunk_02/event_crops/E00075_00h18m59s200ms_abrupt_change_DETAIL.jpg,GE00474
E00076,1140.4,00:19:00.400,00h19m00s400ms,abrupt_change,28510,1207,"39,15,278,126",0.357723,28.9465,0.357232,28.9496,event_frames_full/E00076_00h19m00s400ms_abrupt_change.jpg,event_crops/E00076_00h19m00s400ms_abrupt_change_DETAIL.jpg,"184,60,1718,787",chunk_02,event_chunks_5fps/chunk_02/event_frames_full/E00076_00h19m00s400ms_abrupt_change.jpg,event_chunks_5fps/chunk_02/event_crops/E00076_00h19m00s400ms_abrupt_change_DETAIL.jpg,GE00475
E00077,1141.8,00:19:01.800,00h19m01s800ms,motion_progress,28545,1214,"50,60,101,113",0.019621,1.1935,0.019263,1.1807,event_frames_full/E00077_00h19m01s800ms_motion_progress.jpg,event_crops/E00077_00h19m01s800ms_motion_progress_DETAIL.jpg,"250,330,656,709",chunk_02,event_chunks_5fps/chunk_02/event_frames_full/E00077_00h19m01s800ms_motion_progress.jpg,event_chunks_5fps/chunk_02/event_crops/E00077_00h19m01s800ms_motion_progress_DETAIL.jpg,GE00476
E00078,1144.8,00:19:04.800,00h19m04s800ms,motion_progress,28620,1229,"50,60,98,111",0.01904,1.3063,0.011652,0.6998,event_frames_full/E00078_00h19m04s800ms_motion_progress.jpg,event_crops/E00078_00h19m04s800ms_motion_progress_DETAIL.jpg,"250,330,638,697",chunk_02,event_chunks_5fps/chunk_02/event_frames_full/E00078_00h19m04s800ms_motion_progress.jpg,event_chunks_5fps/chunk_02/event_crops/E00078_00h19m04s800ms_motion_progress_DETAIL.jpg,GE00477
E00079,1145.8,00:19:05.800,00h19m05s800ms,settled,28645,1234,"50,65,101,112",0.017411,0.8692,0.0,0.0044,event_frames_full/E00079_00h19m05s800ms_settled.jpg,event_crops/E00079_00h19m05s800ms_settled_DETAIL.jpg,"250,360,656,703",chunk_02,event_chunks_5fps/chunk_02/event_frames_full/E00079_00h19m05s800ms_settled.jpg,event_chunks_5fps/chunk_02/event_crops/E00079_00h19m05s800ms_settled_DETAIL.jpg,GE00478
E00080,1147.4,00:19:07.400,00h19m07s400ms,abrupt_change,28685,1242,"39,7,278,134",0.208036,13.4001,0.207991,13.3954,event_frames_full/E00080_00h19m07s400ms_abrupt_change.jpg,event_crops/E00080_00h19m07s400ms_abrupt_change_DETAIL.jpg,"184,12,1718,835",chunk_02,event_chunks_5fps/chunk_02/event_frames_full/E00080_00h19m07s400ms_abrupt_change.jpg,event_chunks_5fps/chunk_02/event_crops/E00080_00h19m07s400ms_abrupt_change_DETAIL.jpg,GE00479
E00081,1151.4,00:19:11.400,00h19m11s400ms,motion_progress,28785,1262,"50,85,150,108",0.022299,1.7734,0.022031,1.7567,event_frames_full/E00081_00h19m11s400ms_motion_progress.jpg,event_crops/E00081_00h19m11s400ms_motion_progress_DETAIL.jpg,"250,481,950,679",chunk_02,event_chunks_5fps/chunk_02/event_frames_full/E00081_00h19m11s400ms_motion_progress.jpg,event_chunks_5fps/chunk_02/event_crops/E00081_00h19m11s400ms_motion_progress_DETAIL.jpg,GE00480
E00082,1152.4,00:19:12.400,00h19m12s400ms,motion_progress,28810,1267,"50,93,150,108",0.022054,1.7502,0.022054,1.7502,event_frames_full/E00082_00h19m12s400ms_motion_progress.jpg,event_crops/E00082_00h19m12s400ms_motion_progress_DETAIL.jpg,"250,529,950,679",chunk_02,event_chunks_5fps/chunk_02/event_frames_full/E00082_00h19m12s400ms_motion_progress.jpg,event_chunks_5fps/chunk_02/event_crops/E00082_00h19m12s400ms_motion_progress_DETAIL.jpg,GE00481
E00083,1166.8,00:19:26.800,00h19m26s800ms,abrupt_change,29170,1339,"0,0,320,140",0.469643,49.9625,0.470089,49.9847,event_frames_full/E00083_00h19m26s800ms_abrupt_change.jpg,,,chunk_02,event_chunks_5fps/chunk_02/event_frames_full/E00083_00h19m26s800ms_abrupt_change.jpg,,GE00482
E00084,1167.2,00:19:27.200,00h19m27s200ms,abrupt_change,29180,1341,"2,3,320,140",0.098817,4.9255,0.101228,6.428,event_frames_full/E00084_00h19m27s200ms_abrupt_change.jpg,,,chunk_02,event_chunks_5fps/chunk_02/event_frames_full/E00084_00h19m27s200ms_abrupt_change.jpg,,GE00483
E00085,1167.6,00:19:27.600,00h19m27s600ms,abrupt_change,29190,1343,"28,47,320,140",0.03567,2.4616,0.03567,2.4616,event_frames_full/E00085_00h19m27s600ms_abrupt_change.jpg,event_crops/E00085_00h19m27s600ms_abrupt_change_DETAIL.jpg,"118,252,1920,842",chunk_02,event_chunks_5fps/chunk_02/event_frames_full/E00085_00h19m27s600ms_abrupt_change.jpg,event_chunks_5fps/chunk_02/event_crops/E00085_00h19m27s600ms_abrupt_change_DETAIL.jpg,GE00484
E00086,1169.2,00:19:29.200,00h19m29s200ms,motion_progress,29230,1351,"31,3,320,140",0.025223,2.297,0.025223,2.2799,event_frames_full/E00086_00h19m29s200ms_motion_progress.jpg,,,chunk_02,event_chunks_5fps/chunk_02/event_frames_full/E00086_00h19m29s200ms_motion_progress.jpg,,GE00485
E00087,1169.6,00:19:29.600,00h19m29s600ms,abrupt_change,29240,1353,"30,4,320,140",0.13567,8.0739,0.109107,6.987,event_frames_full/E00087_00h19m29s600ms_abrupt_change.jpg,,,chunk_02,event_chunks_5fps/chunk_02/event_frames_full/E00087_00h19m29s600ms_abrupt_change.jpg,,GE00486
E00088,1170.2,00:19:30.200,00h19m30s200ms,stable_change,29255,1356,"28,14,320,134",0.109799,7.2903,0.0,0.0024,event_frames_full/E00088_00h19m30s200ms_stable_change.jpg,,,chunk_02,event_chunks_5fps/chunk_02/event_frames_full/E00088_00h19m30s200ms_stable_change.jpg,,GE00487
E00089,1171.0,00:19:31.000,00h19m31s000ms,settled,29275,1360,"60,105,178,125",0.004509,0.8747,0.0,0.0103,event_frames_full/E00089_00h19m31s000ms_settled.jpg,event_crops/E00089_00h19m31s000ms_settled_DETAIL.jpg,"310,601,1118,781",chunk_02,event_chunks_5fps/chunk_02/event_frames_full/E00089_00h19m31s000ms_settled.jpg,event_chunks_5fps/chunk_02/event_crops/E00089_00h19m31s000ms_settled_DETAIL.jpg,GE00488
E00090,1172.4,00:19:32.400,00h19m32s400ms,abrupt_change,29310,1367,"0,0,318,140",0.99375,122.6763,0.99375,122.9151,event_frames_full/E00090_00h19m32s400ms_abrupt_change.jpg,,,chunk_02,event_chunks_5fps/chunk_02/event_frames_full/E00090_00h19m32s400ms_abrupt_change.jpg,,GE00489
E00091,1174.2,00:19:34.200,00h19m34s200ms,abrupt_change,29355,1376,"0,0,318,140",0.99375,122.9357,0.99375,122.9319,event_frames_full/E00091_00h19m34s200ms_abrupt_change.jpg,,,chunk_02,event_chunks_5fps/chunk_02/event_frames_full/E00091_00h19m34s200ms_abrupt_change.jpg,,GE00490
E00092,1183.8,00:19:43.800,00h19m43s800ms,abrupt_change,29595,1424,"28,61,303,134",0.047634,2.9521,0.047388,2.9269,event_frames_full/E00092_00h19m43s800ms_abrupt_change.jpg,event_crops/E00092_00h19m43s800ms_abrupt_change_DETAIL.jpg,"118,336,1868,835",chunk_02,event_chunks_5fps/chunk_02/event_frames_full/E00092_00h19m43s800ms_abrupt_change.jpg,event_chunks_5fps/chunk_02/event_crops/E00092_00h19m43s800ms_abrupt_change_DETAIL.jpg,GE00491
E00093,1184.2,00:19:44.200,00h19m44s200ms,abrupt_change,29605,1426,"28,30,320,135",0.042299,2.4673,0.042299,2.4672,event_frames_full/E00093_00h19m44s200ms_abrupt_change.jpg,event_crops/E00093_00h19m44s200ms_abrupt_change_DETAIL.jpg,"118,150,1920,841",chunk_02,event_chunks_5fps/chunk_02/event_frames_full/E00093_00h19m44s200ms_abrupt_change.jpg,event_chunks_5fps/chunk_02/event_crops/E00093_00h19m44s200ms_abrupt_change_DETAIL.jpg,GE00492
E00094,1191.6,00:19:51.600,00h19m51s600ms,abrupt_change,29790,1463,"0,0,320,140",0.996295,54.255,0.996295,53.9782,event_frames_full/E00094_00h19m51s600ms_abrupt_change.jpg,,,chunk_02,event_chunks_5fps/chunk_02/event_frames_full/E00094_00h19m51s600ms_abrupt_change.jpg,,GE00493
E00095,1192.0,00:19:52.000,00h19m52s000ms,abrupt_change,29800,1465,"0,0,320,140",0.992589,62.5241,0.262411,9.03,event_frames_full/E00095_00h19m52s000ms_abrupt_change.jpg,,,chunk_02,event_chunks_5fps/chunk_02/event_frames_full/E00095_00h19m52s000ms_abrupt_change.jpg,,GE00494
E00096,1243.8,00:20:43.800,00h20m43s800ms,abrupt_change,31095,1724,"0,0,320,140",0.938147,38.1477,0.943527,38.1805,event_frames_full/E00096_00h20m43s800ms_abrupt_change.jpg,,,chunk_02,event_chunks_5fps/chunk_02/event_frames_full/E00096_00h20m43s800ms_abrupt_change.jpg,,GE00495
E00097,1244.4,00:20:44.400,00h20m44s400ms,stable_change,31110,1727,"0,0,320,140",0.996786,109.1904,0.000201,0.0154,event_frames_full/E00097_00h20m44s400ms_stable_change.jpg,,,chunk_02,event_chunks_5fps/chunk_02/event_frames_full/E00097_00h20m44s400ms_stable_change.jpg,,GE00496
E00098,1246.0,00:20:46.000,00h20m46s000ms,settled,31150,1735,"0,34,155,93",0.009598,0.5784,0.0,0.0084,event_frames_full/E00098_00h20m46s000ms_settled.jpg,event_crops/E00098_00h20m46s000ms_settled_DETAIL.jpg,"0,174,980,589",chunk_02,event_chunks_5fps/chunk_02/event_frames_full/E00098_00h20m46s000ms_settled.jpg,event_chunks_5fps/chunk_02/event_crops/E00098_00h20m46s000ms_settled_DETAIL.jpg,GE00497
E00099,1247.6,00:20:47.600,00h20m47s600ms,settled,31190,1743,"0,34,48,83",0.01125,0.8006,0.0,0.0,event_frames_full/E00099_00h20m47s600ms_settled.jpg,event_crops/E00099_00h20m47s600ms_settled_DETAIL.jpg,"0,174,338,529",chunk_02,event_chunks_5fps/chunk_02/event_frames_full/E00099_00h20m47s600ms_settled.jpg,event_chunks_5fps/chunk_02/event_crops/E00099_00h20m47s600ms_settled_DETAIL.jpg,GE00498
E00100,1248.6,00:20:48.600,00h20m48s600ms,settled,31215,1748,"0,34,48,83",0.011786,0.8579,0.0,0.0108,event_frames_full/E00100_00h20m48s600ms_settled.jpg,event_crops/E00100_00h20m48s600ms_settled_DETAIL.jpg,"0,174,338,529",chunk_02,event_chunks_5fps/chunk_02/event_frames_full/E00100_00h20m48s600ms_settled.jpg,event_chunks_5fps/chunk_02/event_crops/E00100_00h20m48s600ms_settled_DETAIL.jpg,GE00499
E00101,1252.0,00:20:52.000,00h20m52s000ms,settled,31300,1765,"0,34,48,83",0.012165,0.8084,0.0,0.0011,event_frames_full/E00101_00h20m52s000ms_settled.jpg,event_crops/E00101_00h20m52s000ms_settled_DETAIL.jpg,"0,174,338,529",chunk_02,event_chunks_5fps/chunk_02/event_frames_full/E00101_00h20m52s000ms_settled.jpg,event_chunks_5fps/chunk_02/event_crops/E00101_00h20m52s000ms_settled_DETAIL.jpg,GE00500
E00102,1256.0,00:20:56.000,00h20m56s000ms,settled,31400,1785,"0,48,297,63",0.012433,0.3472,0.000201,0.0358,event_frames_full/E00102_00h20m56s000ms_settled.jpg,event_crops/E00102_00h20m56s000ms_settled_DETAIL.jpg,"0,258,1832,408",chunk_02,event_chunks_5fps/chunk_02/event_frames_full/E00102_00h20m56s000ms_settled.jpg,event_chunks_5fps/chunk_02/event_crops/E00102_00h20m56s000ms_settled_DETAIL.jpg,GE00501
E00103,1259.6,00:20:59.600,00h20m59s600ms,settled,31490,1803,"0,46,53,140",0.012098,0.553,0.0,0.0,event_frames_full/E00103_00h20m59s600ms_settled.jpg,event_crops/E00103_00h20m59s600ms_settled_DETAIL.jpg,"0,246,368,842",chunk_02,event_chunks_5fps/chunk_02/event_frames_full/E00103_00h20m59s600ms_settled.jpg,event_chunks_5fps/chunk_02/event_crops/E00103_00h20m59s600ms_settled_DETAIL.jpg,GE00502
E00104,1261.6,00:21:01.600,00h21m01s600ms,settled,31540,1813,"0,100,52,140",0.008237,0.5089,0.0,0.0,event_frames_full/E00104_00h21m01s600ms_settled.jpg,event_crops/E00104_00h21m01s600ms_settled_DETAIL.jpg,"0,571,362,842",chunk_02,event_chunks_5fps/chunk_02/event_frames_full/E00104_00h21m01s600ms_settled.jpg,event_chunks_5fps/chunk_02/event_crops/E00104_00h21m01s600ms_settled_DETAIL.jpg,GE00503
E00105,1262.8,00:21:02.800,00h21m02s800ms,settled,31570,1819,"0,89,51,132",0.012009,0.6736,0.0,0.0,event_frames_full/E00105_00h21m02s800ms_settled.jpg,event_crops/E00105_00h21m02s800ms_settled_DETAIL.jpg,"0,505,356,823",chunk_02,event_chunks_5fps/chunk_02/event_frames_full/E00105_00h21m02s800ms_settled.jpg,event_chunks_5fps/chunk_02/event_crops/E00105_00h21m02s800ms_settled_DETAIL.jpg,GE00504
E00106,1263.8,00:21:03.800,00h21m03s800ms,motion_progress,31595,1824,"0,46,53,121",0.025268,1.2114,0.012656,0.6502,event_frames_full/E00106_00h21m03s800ms_motion_progress.jpg,event_crops/E00106_00h21m03s800ms_motion_progress_DETAIL.jpg,"0,246,368,757",chunk_02,event_chunks_5fps/chunk_02/event_frames_full/E00106_00h21m03s800ms_motion_progress.jpg,event_chunks_5fps/chunk_02/event_crops/E00106_00h21m03s800ms_motion_progress_DETAIL.jpg,GE00505
E00107,1269.4,00:21:09.400,00h21m09s400ms,abrupt_change,31735,1852,"0,2,320,136",0.151719,8.9372,0.150179,8.9106,event_frames_full/E00107_00h21m09s400ms_abrupt_change.jpg,,,chunk_02,event_chunks_5fps/chunk_02/event_frames_full/E00107_00h21m09s400ms_abrupt_change.jpg,,GE00506
E00108,1269.8,00:21:09.800,00h21m09s800ms,abrupt_change,31745,1854,"3,2,320,140",0.141272,6.8156,0.141272,6.8156,event_frames_full/E00108_00h21m09s800ms_abrupt_change.jpg,,,chunk_02,event_chunks_5fps/chunk_02/event_frames_full/E00108_00h21m09s800ms_abrupt_change.jpg,,GE00507
E00109,1270.4,00:21:10.400,00h21m10s400ms,stable_change,31760,1857,"2,3,120,124",0.014397,1.3149,0.0,0.0123,event_frames_full/E00109_00h21m10s400ms_stable_change.jpg,event_crops/E00109_00h21m10s400ms_stable_change_DETAIL.jpg,"0,0,770,775",chunk_02,event_chunks_5fps/chunk_02/event_frames_full/E00109_00h21m10s400ms_stable_change.jpg,event_chunks_5fps/chunk_02/event_crops/E00109_00h21m10s400ms_stable_change_DETAIL.jpg,GE00508
E00110,1271.0,00:21:11.000,00h21m11s000ms,abrupt_change,31775,1860,"28,0,320,140",0.098058,5.908,0.097969,5.9064,event_frames_full/E00110_00h21m11s000ms_abrupt_change.jpg,,,chunk_02,event_chunks_5fps/chunk_02/event_frames_full/E00110_00h21m11s000ms_abrupt_change.jpg,,GE00509
E00111,1271.6,00:21:11.600,00h21m11s600ms,stable_change,31790,1863,"0,0,320,140",0.117634,7.8575,0.003705,0.1474,event_frames_full/E00111_00h21m11s600ms_stable_change.jpg,,,chunk_02,event_chunks_5fps/chunk_02/event_frames_full/E00111_00h21m11s600ms_stable_change.jpg,,GE00510
E00112,1272.2,00:21:12.200,00h21m12s200ms,abrupt_change,31805,1866,"28,48,320,140",0.093371,4.9436,0.093371,4.9205,event_frames_full/E00112_00h21m12s200ms_abrupt_change.jpg,event_crops/E00112_00h21m12s200ms_abrupt_change_DETAIL.jpg,"118,258,1920,842",chunk_02,event_chunks_5fps/chunk_02/event_frames_full/E00112_00h21m12s200ms_abrupt_change.jpg,event_chunks_5fps/chunk_02/event_crops/E00112_00h21m12s200ms_abrupt_change_DETAIL.jpg,GE00511
E00113,1274.0,00:21:14.000,00h21m14s000ms,abrupt_change,31850,1875,"27,3,320,140",0.178616,9.888,0.166473,9.6187,event_frames_full/E00113_00h21m14s000ms_abrupt_change.jpg,,,chunk_02,event_chunks_5fps/chunk_02/event_frames_full/E00113_00h21m14s000ms_abrupt_change.jpg,,GE00512
E00114,1274.6,00:21:14.600,00h21m14s600ms,abrupt_change,31865,1878,"27,8,320,138",0.20625,12.2742,0.222232,13.0464,event_frames_full/E00114_00h21m14s600ms_abrupt_change.jpg,,,chunk_02,event_chunks_5fps/chunk_02/event_frames_full/E00114_00h21m14s600ms_abrupt_change.jpg,,GE00513
E00115,1275.2,00:21:15.200,00h21m15s200ms,stable_change,31880,1881,"28,12,320,140",0.227746,12.3572,0.001674,0.1535,event_frames_full/E00115_00h21m15s200ms_stable_change.jpg,,,chunk_02,event_chunks_5fps/chunk_02/event_frames_full/E00115_00h21m15s200ms_stable_change.jpg,,GE00514
E00116,1277.2,00:21:17.200,00h21m17s200ms,abrupt_change,31930,1891,"28,14,320,140",0.172321,11.3567,0.145647,10.8788,event_frames_full/E00116_00h21m17s200ms_abrupt_change.jpg,,,chunk_02,event_chunks_5fps/chunk_02/event_frames_full/E00116_00h21m17s200ms_abrupt_change.jpg,,GE00515
E00117,1277.6,00:21:17.600,00h21m17s600ms,abrupt_change,31940,1893,"50,15,320,140",0.263058,15.3279,0.258281,15.1638,event_frames_full/E00117_00h21m17s600ms_abrupt_change.jpg,event_crops/E00117_00h21m17s600ms_abrupt_change_DETAIL.jpg,"250,60,1920,842",chunk_02,event_chunks_5fps/chunk_02/event_frames_full/E00117_00h21m17s600ms_abrupt_change.jpg,event_chunks_5fps/chunk_02/event_crops/E00117_00h21m17s600ms_abrupt_change_DETAIL.jpg,GE00516
E00118,1278.2,00:21:18.200,00h21m18s200ms,stable_change,31955,1896,"50,12,320,140",0.279911,15.8149,0.0,0.0,event_frames_full/E00118_00h21m18s200ms_stable_change.jpg,,,chunk_02,event_chunks_5fps/chunk_02/event_frames_full/E00118_00h21m18s200ms_stable_change.jpg,,GE00517
E00119,1294.8,00:21:34.800,00h21m34s800ms,motion_progress,32370,1979,"29,10,73,82",0.022321,1.1931,0.01933,0.9522,event_frames_full/E00119_00h21m34s800ms_motion_progress.jpg,event_crops/E00119_00h21m34s800ms_motion_progress_DETAIL.jpg,"124,30,488,523",chunk_02,event_chunks_5fps/chunk_02/event_frames_full/E00119_00h21m34s800ms_motion_progress.jpg,event_chunks_5fps/chunk_02/event_crops/E00119_00h21m34s800ms_motion_progress_DETAIL.jpg,GE00518
E00120,1302.2,00:21:42.200,00h21m42s200ms,abrupt_change,32555,2016,"0,0,320,140",0.647299,14.246,0.660469,14.1461,event_frames_full/E00120_00h21m42s200ms_abrupt_change.jpg,,,chunk_02,event_chunks_5fps/chunk_02/event_frames_full/E00120_00h21m42s200ms_abrupt_change.jpg,,GE00519
E00121,1302.6,00:21:42.600,00h21m42s600ms,abrupt_change,32565,2018,"0,0,320,140",0.988214,83.2068,0.988214,83.2068,event_frames_full/E00121_00h21m42s600ms_abrupt_change.jpg,,,chunk_02,event_chunks_5fps/chunk_02/event_frames_full/E00121_00h21m42s600ms_abrupt_change.jpg,,GE00520
E00122,1303.0,00:21:43.000,00h21m43s000ms,abrupt_change,32575,2020,"39,8,278,124",0.519844,44.1945,0.164554,7.4783,event_frames_full/E00122_00h21m43s000ms_abrupt_change.jpg,event_crops/E00122_00h21m43s000ms_abrupt_change_DETAIL.jpg,"184,18,1718,775",chunk_02,event_chunks_5fps/chunk_02/event_frames_full/E00122_00h21m43s000ms_abrupt_change.jpg,event_chunks_5fps/chunk_02/event_crops/E00122_00h21m43s000ms_abrupt_change_DETAIL.jpg,GE00521
E00123,1305.2,00:21:45.200,00h21m45s200ms,abrupt_change,32630,2031,"0,0,320,140",0.450469,15.0523,0.442388,14.8965,event_frames_full/E00123_00h21m45s200ms_abrupt_change.jpg,,,chunk_02,event_chunks_5fps/chunk_02/event_frames_full/E00123_00h21m45s200ms_abrupt_change.jpg,,GE00522
E00124,1305.6,00:21:45.600,00h21m45s600ms,abrupt_change,32640,2033,"0,0,320,140",0.537969,19.2624,0.537969,19.2624,event_frames_full/E00124_00h21m45s600ms_abrupt_change.jpg,,,chunk_02,event_chunks_5fps/chunk_02/event_frames_full/E00124_00h21m45s600ms_abrupt_change.jpg,,GE00523
E00125,1306.0,00:21:46.000,00h21m46s000ms,abrupt_change,32650,2035,"38,0,320,140",0.404263,40.0744,0.404263,40.0744,event_frames_full/E00125_00h21m46s000ms_abrupt_change.jpg,,,chunk_02,event_chunks_5fps/chunk_02/event_frames_full/E00125_00h21m46s000ms_abrupt_change.jpg,,GE00524
E00126,1306.8,00:21:46.800,00h21m46s800ms,abrupt_change,32670,2039,"39,0,320,140",0.204888,11.1244,0.204777,11.1343,event_frames_full/E00126_00h21m46s800ms_abrupt_change.jpg,,,chunk_02,event_chunks_5fps/chunk_02/event_frames_full/E00126_00h21m46s800ms_abrupt_change.jpg,,GE00525
E00127,1307.6,00:21:47.600,00h21m47s600ms,abrupt_change,32690,2043,"39,0,320,138",0.211741,12.5605,0.134844,6.5992,event_frames_full/E00127_00h21m47s600ms_abrupt_change.jpg,,,chunk_02,event_chunks_5fps/chunk_02/event_frames_full/E00127_00h21m47s600ms_abrupt_change.jpg,,GE00526
E00128,1308.2,00:21:48.200,00h21m48s200ms,abrupt_change,32705,2046,"49,4,320,140",0.148571,7.3337,0.150759,7.6256,event_frames_full/E00128_00h21m48s200ms_abrupt_change.jpg,,,chunk_02,event_chunks_5fps/chunk_02/event_frames_full/E00128_00h21m48s200ms_abrupt_change.jpg,,GE00527
E00129,1308.8,00:21:48.800,00h21m48s800ms,stable_change,32720,2049,"51,0,320,140",0.149085,7.5584,0.0,0.0657,event_frames_full/E00129_00h21m48s800ms_stable_change.jpg,,,chunk_02,event_chunks_5fps/chunk_02/event_frames_full/E00129_00h21m48s800ms_stable_change.jpg,,GE00528
E00130,1310.6,00:21:50.600,00h21m50s600ms,motion_progress,32765,2058,"60,75,157,122",0.038281,2.8606,0.029487,2.234,event_frames_full/E00130_00h21m50s600ms_motion_progress.jpg,event_crops/E00130_00h21m50s600ms_motion_progress_DETAIL.jpg,"310,421,992,763",chunk_02,event_chunks_5fps/chunk_02/event_frames_full/E00130_00h21m50s600ms_motion_progress.jpg,event_chunks_5fps/chunk_02/event_crops/E00130_00h21m50s600ms_motion_progress_DETAIL.jpg,GE00529
E00131,1320.2,00:22:00.200,00h22m00s200ms,abrupt_change,33005,2106,"61,78,154,102",0.047701,3.7588,0.047634,3.641,event_frames_full/E00131_00h22m00s200ms_abrupt_change.jpg,event_crops/E00131_00h22m00s200ms_abrupt_change_DETAIL.jpg,"316,439,974,643",chunk_02,event_chunks_5fps/chunk_02/event_frames_full/E00131_00h22m00s200ms_abrupt_change.jpg,event_chunks_5fps/chunk_02/event_crops/E00131_00h22m00s200ms_abrupt_change_DETAIL.jpg,GE00530
E00132,1320.8,00:22:00.800,00h22m00s800ms,abrupt_change,33020,2109,"61,79,157,123",0.056116,3.7915,0.056116,3.7893,event_frames_full/E00132_00h22m00s800ms_abrupt_change.jpg,event_crops/E00132_00h22m00s800ms_abrupt_change_DETAIL.jpg,"316,445,992,769",chunk_02,event_chunks_5fps/chunk_02/event_frames_full/E00132_00h22m00s800ms_abrupt_change.jpg,event_chunks_5fps/chunk_02/event_crops/E00132_00h22m00s800ms_abrupt_change_DETAIL.jpg,GE00531
E00133,1321.4,00:22:01.400,00h22m01s400ms,abrupt_change,33035,2112,"61,79,157,117",0.020402,1.0076,0.053795,3.8169,event_frames_full/E00133_00h22m01s400ms_abrupt_change.jpg,event_crops/E00133_00h22m01s400ms_abrupt_change_DETAIL.jpg,"316,445,992,733",chunk_02,event_chunks_5fps/chunk_02/event_frames_full/E00133_00h22m01s400ms_abrupt_change.jpg,event_chunks_5fps/chunk_02/event_crops/E00133_00h22m01s400ms_abrupt_change_DETAIL.jpg,GE00532
E00134,1322.0,00:22:02.000,00h22m02s000ms,abrupt_change,33050,2115,"61,80,157,118",0.018728,1.1254,0.036384,2.4554,event_frames_full/E00134_00h22m02s000ms_abrupt_change.jpg,event_crops/E00134_00h22m02s000ms_abrupt_change_DETAIL.jpg,"316,451,992,739",chunk_02,event_chunks_5fps/chunk_02/event_frames_full/E00134_00h22m02s000ms_abrupt_change.jpg,event_chunks_5fps/chunk_02/event_crops/E00134_00h22m02s000ms_abrupt_change_DETAIL.jpg,GE00533
E00135,1322.6,00:22:02.600,00h22m02s600ms,stable_change,33065,2118,"61,79,157,120",0.032902,2.249,0.0,0.0016,event_frames_full/E00135_00h22m02s600ms_stable_change.jpg,event_crops/E00135_00h22m02s600ms_stable_change_DETAIL.jpg,"316,445,992,751",chunk_02,event_chunks_5fps/chunk_02/event_frames_full/E00135_00h22m02s600ms_stable_change.jpg,event_chunks_5fps/chunk_02/event_crops/E00135_00h22m02s600ms_stable_change_DETAIL.jpg,GE00534
E00136,1323.0,00:22:03.000,00h22m03s000ms,abrupt_change,33075,2120,"61,83,157,122",0.026741,2.0436,0.03779,2.215,event_frames_full/E00136_00h22m03s000ms_abrupt_change.jpg,event_crops/E00136_00h22m03s000ms_abrupt_change_DETAIL.jpg,"316,469,992,763",chunk_02,event_chunks_5fps/chunk_02/event_frames_full/E00136_00h22m03s000ms_abrupt_change.jpg,event_chunks_5fps/chunk_02/event_crops/E00136_00h22m03s000ms_abrupt_change_DETAIL.jpg,GE00535
E00137,1323.6,00:22:03.600,00h22m03s600ms,abrupt_change,33090,2123,"61,80,154,122",0.031964,2.1721,0.044286,2.3738,event_frames_full/E00137_00h22m03s600ms_abrupt_change.jpg,event_crops/E00137_00h22m03s600ms_abrupt_change_DETAIL.jpg,"316,451,974,763",chunk_02,event_chunks_5fps/chunk_02/event_frames_full/E00137_00h22m03s600ms_abrupt_change.jpg,event_chunks_5fps/chunk_02/event_crops/E00137_00h22m03s600ms_abrupt_change_DETAIL.jpg,GE00536
E00138,1324.0,00:22:04.000,00h22m04s000ms,abrupt_change,33100,2125,"61,80,157,117",0.04317,2.7529,0.04317,2.7529,event_frames_full/E00138_00h22m04s000ms_abrupt_change.jpg,event_crops/E00138_00h22m04s000ms_abrupt_change_DETAIL.jpg,"316,451,992,733",chunk_02,event_chunks_5fps/chunk_02/event_frames_full/E00138_00h22m04s000ms_abrupt_change.jpg,event_chunks_5fps/chunk_02/event_crops/E00138_00h22m04s000ms_abrupt_change_DETAIL.jpg,GE00537
E00139,1328.8,00:22:08.800,00h22m08s800ms,abrupt_change,33220,2149,"61,87,154,120",0.029464,1.6932,0.030089,1.5967,event_frames_full/E00139_00h22m08s800ms_abrupt_change.jpg,event_crops/E00139_00h22m08s800ms_abrupt_change_DETAIL.jpg,"316,493,974,751",chunk_02,event_chunks_5fps/chunk_02/event_frames_full/E00139_00h22m08s800ms_abrupt_change.jpg,event_chunks_5fps/chunk_02/event_crops/E00139_00h22m08s800ms_abrupt_change_DETAIL.jpg,GE00538
E00140,1329.6,00:22:09.600,00h22m09s600ms,abrupt_change,33240,2153,"61,80,157,121",0.054955,3.3745,0.045737,3.3094,event_frames_full/E00140_00h22m09s600ms_abrupt_change.jpg,event_crops/E00140_00h22m09s600ms_abrupt_change_DETAIL.jpg,"316,451,992,757",chunk_02,event_chunks_5fps/chunk_02/event_frames_full/E00140_00h22m09s600ms_abrupt_change.jpg,event_chunks_5fps/chunk_02/event_crops/E00140_00h22m09s600ms_abrupt_change_DETAIL.jpg,GE00539
E00141,1330.2,00:22:10.200,00h22m10s200ms,stable_change,33255,2156,"61,79,156,121",0.055781,3.8253,0.0,0.0,event_frames_full/E00141_00h22m10s200ms_stable_change.jpg,event_crops/E00141_00h22m10s200ms_stable_change_DETAIL.jpg,"316,445,986,757",chunk_02,event_chunks_5fps/chunk_02/event_frames_full/E00141_00h22m10s200ms_stable_change.jpg,event_chunks_5fps/chunk_02/event_crops/E00141_00h22m10s200ms_stable_change_DETAIL.jpg,GE00540
E00142,1331.8,00:22:11.800,00h22m11s800ms,abrupt_change,33295,2164,"60,79,157,122",0.039866,2.891,0.040134,2.9121,event_frames_full/E00142_00h22m11s800ms_abrupt_change.jpg,event_crops/E00142_00h22m11s800ms_abrupt_change_DETAIL.jpg,"310,445,992,763",chunk_02,event_chunks_5fps/chunk_02/event_frames_full/E00142_00h22m11s800ms_abrupt_change.jpg,event_chunks_5fps/chunk_02/event_crops/E00142_00h22m11s800ms_abrupt_change_DETAIL.jpg,GE00541
E00143,1338.2,00:22:18.200,00h22m18s200ms,abrupt_change,33455,2196,"51,0,320,129",0.126228,5.7643,0.127121,5.7607,event_frames_full/E00143_00h22m18s200ms_abrupt_change.jpg,,,chunk_02,event_chunks_5fps/chunk_02/event_frames_full/E00143_00h22m18s200ms_abrupt_change.jpg,,GE00542
E00144,1338.8,00:22:18.800,00h22m18s800ms,stable_change,33470,2199,"55,0,320,140",0.133125,5.7737,0.000268,0.0163,event_frames_full/E00144_00h22m18s800ms_stable_change.jpg,,,chunk_02,event_chunks_5fps/chunk_02/event_frames_full/E00144_00h22m18s800ms_stable_change.jpg,,GE00543
E00145,1339.4,00:22:19.400,00h22m19s400ms,abrupt_change,33485,2202,"61,0,320,133",0.083415,4.8165,0.083415,4.8118,event_frames_full/E00145_00h22m19s400ms_abrupt_change.jpg,,,chunk_02,event_chunks_5fps/chunk_02/event_frames_full/E00145_00h22m19s400ms_abrupt_change.jpg,,GE00544
E00146,1340.0,00:22:20.000,00h22m20s000ms,stable_change,33500,2205,"55,0,320,140",0.132902,6.2925,0.0,0.0145,event_frames_full/E00146_00h22m20s000ms_stable_change.jpg,,,chunk_02,event_chunks_5fps/chunk_02/event_frames_full/E00146_00h22m20s000ms_stable_change.jpg,,GE00545
E00147,1342.8,00:22:22.800,00h22m22s800ms,abrupt_change,33570,2219,"60,74,157,126",0.032299,2.1914,0.031138,2.1578,event_frames_full/E00147_00h22m22s800ms_abrupt_change.jpg,event_crops/E00147_00h22m22s800ms_abrupt_change_DETAIL.jpg,"310,415,992,787",chunk_02,event_chunks_5fps/chunk_02/event_frames_full/E00147_00h22m22s800ms_abrupt_change.jpg,event_chunks_5fps/chunk_02/event_crops/E00147_00h22m22s800ms_abrupt_change_DETAIL.jpg,GE00546
E00148,1344.2,00:22:24.200,00h22m24s200ms,abrupt_change,33605,2226,"61,78,154,115",0.039531,2.6232,0.039263,2.5899,event_frames_full/E00148_00h22m24s200ms_abrupt_change.jpg,event_crops/E00148_00h22m24s200ms_abrupt_change_DETAIL.jpg,"316,439,974,721",chunk_02,event_chunks_5fps/chunk_02/event_frames_full/E00148_00h22m24s200ms_abrupt_change.jpg,event_chunks_5fps/chunk_02/event_crops/E00148_00h22m24s200ms_abrupt_change_DETAIL.jpg,GE00547
E00149,1345.6,00:22:25.600,00h22m25s600ms,abrupt_change,33640,2233,"61,78,156,123",0.056473,2.6207,0.056138,2.6046,event_frames_full/E00149_00h22m25s600ms_abrupt_change.jpg,event_crops/E00149_00h22m25s600ms_abrupt_change_DETAIL.jpg,"316,439,986,769",chunk_02,event_chunks_5fps/chunk_02/event_frames_full/E00149_00h22m25s600ms_abrupt_change.jpg,event_chunks_5fps/chunk_02/event_crops/E00149_00h22m25s600ms_abrupt_change_DETAIL.jpg,GE00548
E00150,1346.2,00:22:26.200,00h22m26s200ms,stable_change,33655,2236,"61,78,156,121",0.042009,2.0848,0.0,0.0,event_frames_full/E00150_00h22m26s200ms_stable_change.jpg,event_crops/E00150_00h22m26s200ms_stable_change_DETAIL.jpg,"316,439,986,757",chunk_02,event_chunks_5fps/chunk_02/event_frames_full/E00150_00h22m26s200ms_stable_change.jpg,event_chunks_5fps/chunk_02/event_crops/E00150_00h22m26s200ms_stable_change_DETAIL.jpg,GE00549
E00151,1347.4,00:22:27.400,00h22m27s400ms,abrupt_change,33685,2242,"61,86,157,116",0.037589,2.2765,0.037478,2.2847,event_frames_full/E00151_00h22m27s400ms_abrupt_change.jpg,event_crops/E00151_00h22m27s400ms_abrupt_change_DETAIL.jpg,"316,487,992,727",chunk_02,event_chunks_5fps/chunk_02/event_frames_full/E00151_00h22m27s400ms_abrupt_change.jpg,event_chunks_5fps/chunk_02/event_crops/E00151_00h22m27s400ms_abrupt_change_DETAIL.jpg,GE00550
E00152,1348.0,00:22:28.000,00h22m28s000ms,stable_change,33700,2245,"61,78,154,104",0.020915,1.5451,0.0,0.0048,event_frames_full/E00152_00h22m28s000ms_stable_change.jpg,event_crops/E00152_00h22m28s000ms_stable_change_DETAIL.jpg,"316,439,974,655",chunk_02,event_chunks_5fps/chunk_02/event_frames_full/E00152_00h22m28s000ms_stable_change.jpg,event_chunks_5fps/chunk_02/event_crops/E00152_00h22m28s000ms_stable_change_DETAIL.jpg,GE00551
E00153,1349.0,00:22:29.000,00h22m29s000ms,abrupt_change,33725,2250,"61,83,154,104",0.032946,2.2633,0.032924,2.2619,event_frames_full/E00153_00h22m29s000ms_abrupt_change.jpg,event_crops/E00153_00h22m29s000ms_abrupt_change_DETAIL.jpg,"316,469,974,655",chunk_02,event_chunks_5fps/chunk_02/event_frames_full/E00153_00h22m29s000ms_abrupt_change.jpg,event_chunks_5fps/chunk_02/event_crops/E00153_00h22m29s000ms_abrupt_change_DETAIL.jpg,GE00552
E00154,1349.8,00:22:29.800,00h22m29s800ms,stable_change,33745,2254,"61,80,157,126",0.022254,1.2804,0.000268,0.0166,event_frames_full/E00154_00h22m29s800ms_stable_change.jpg,event_crops/E00154_00h22m29s800ms_stable_change_DETAIL.jpg,"316,451,992,787",chunk_02,event_chunks_5fps/chunk_02/event_frames_full/E00154_00h22m29s800ms_stable_change.jpg,event_chunks_5fps/chunk_02/event_crops/E00154_00h22m29s800ms_stable_change_DETAIL.jpg,GE00553
E00155,1351.4,00:22:31.400,00h22m31s400ms,abrupt_change,33785,2262,"55,0,320,127",0.103371,5.82,0.103036,5.8078,event_frames_full/E00155_00h22m31s400ms_abrupt_change.jpg,event_crops/E00155_00h22m31s400ms_abrupt_change_DETAIL.jpg,"280,0,1920,793",chunk_02,event_chunks_5fps/chunk_02/event_frames_full/E00155_00h22m31s400ms_abrupt_change.jpg,event_chunks_5fps/chunk_02/event_crops/E00155_00h22m31s400ms_abrupt_change_DETAIL.jpg,GE00554
E00156,1352.0,00:22:32.000,00h22m32s000ms,stable_change,33800,2265,"61,0,320,140",0.093348,5.1952,0.0,0.0,event_frames_full/E00156_00h22m32s000ms_stable_change.jpg,,,chunk_02,event_chunks_5fps/chunk_02/event_frames_full/E00156_00h22m32s000ms_stable_change.jpg,,GE00555
E00157,1353.4,00:22:33.400,00h22m33s400ms,abrupt_change,33835,2272,"61,0,320,140",0.11096,5.1294,0.108281,5.0836,event_frames_full/E00157_00h22m33s400ms_abrupt_change.jpg,,,chunk_02,event_chunks_5fps/chunk_02/event_frames_full/E00157_00h22m33s400ms_abrupt_change.jpg,,GE00556
E00158,1353.8,00:22:33.800,00h22m33s800ms,abrupt_change,33845,2274,"62,0,320,140",0.081004,4.0709,0.061362,3.19,event_frames_full/E00158_00h22m33s800ms_abrupt_change.jpg,,,chunk_02,event_chunks_5fps/chunk_02/event_frames_full/E00158_00h22m33s800ms_abrupt_change.jpg,,GE00557
E00159,1354.2,00:22:34.200,00h22m34s200ms,abrupt_change,33855,2276,"61,0,320,140",0.067143,3.5389,0.064799,3.3202,event_frames_full/E00159_00h22m34s200ms_abrupt_change.jpg,,,chunk_02,event_chunks_5fps/chunk_02/event_frames_full/E00159_00h22m34s200ms_abrupt_change.jpg,,GE00558
E00160,1354.6,00:22:34.600,00h22m34s600ms,abrupt_change,33865,2278,"62,3,320,140",0.090089,4.8006,0.087679,4.6946,event_frames_full/E00160_00h22m34s600ms_abrupt_change.jpg,,,chunk_02,event_chunks_5fps/chunk_02/event_frames_full/E00160_00h22m34s600ms_abrupt_change.jpg,,GE00559
E00161,1355.2,00:22:35.200,00h22m35s200ms,stable_change,33880,2281,"62,4,320,140",0.122277,6.3772,0.0,0.0028,event_frames_full/E00161_00h22m35s200ms_stable_change.jpg,,,chunk_02,event_chunks_5fps/chunk_02/event_frames_full/E00161_00h22m35s200ms_stable_change.jpg,,GE00560
E00162,1355.8,00:22:35.800,00h22m35s800ms,abrupt_change,33895,2284,"61,0,320,140",0.153795,7.8101,0.150424,7.9674,event_frames_full/E00162_00h22m35s800ms_abrupt_change.jpg,,,chunk_02,event_chunks_5fps/chunk_02/event_frames_full/E00162_00h22m35s800ms_abrupt_change.jpg,,GE00561
E00163,1356.4,00:22:36.400,00h22m36s400ms,abrupt_change,33910,2287,"38,2,320,140",0.154375,9.5395,0.150201,9.5344,event_frames_full/E00163_00h22m36s400ms_abrupt_change.jpg,,,chunk_02,event_chunks_5fps/chunk_02/event_frames_full/E00163_00h22m36s400ms_abrupt_change.jpg,,GE00562
E00164,1357.0,00:22:37.000,00h22m37s000ms,stable_change,33925,2290,"39,9,278,140",0.081808,6.2752,0.0,0.0123,event_frames_full/E00164_00h22m37s000ms_stable_change.jpg,event_crops/E00164_00h22m37s000ms_stable_change_DETAIL.jpg,"184,24,1718,842",chunk_02,event_chunks_5fps/chunk_02/event_frames_full/E00164_00h22m37s000ms_stable_change.jpg,event_chunks_5fps/chunk_02/event_crops/E00164_00h22m37s000ms_stable_change_DETAIL.jpg,GE00563
E00165,1357.4,00:22:37.400,00h22m37s400ms,abrupt_change,33935,2292,"38,0,320,140",0.15558,10.9092,0.15558,10.9092,event_frames_full/E00165_00h22m37s400ms_abrupt_change.jpg,,,chunk_02,event_chunks_5fps/chunk_02/event_frames_full/E00165_00h22m37s400ms_abrupt_change.jpg,,GE00564
E00166,1358.0,00:22:38.000,00h22m38s000ms,abrupt_change,33950,2295,"39,0,320,140",0.107924,6.0193,0.116607,6.2765,event_frames_full/E00166_00h22m38s000ms_abrupt_change.jpg,,,chunk_02,event_chunks_5fps/chunk_02/event_frames_full/E00166_00h22m38s000ms_abrupt_change.jpg,,GE00565
E00167,1358.6,00:22:38.600,00h22m38s600ms,abrupt_change,33965,2298,"52,0,320,137",0.121161,6.3326,0.114665,5.738,event_frames_full/E00167_00h22m38s600ms_abrupt_change.jpg,,,chunk_02,event_chunks_5fps/chunk_02/event_frames_full/E00167_00h22m38s600ms_abrupt_change.jpg,,GE00566
E00168,1359.0,00:22:39.000,00h22m39s000ms,abrupt_change,33975,2300,"38,0,320,140",0.235313,17.8403,0.235313,17.8403,event_frames_full/E00168_00h22m39s000ms_abrupt_change.jpg,,,chunk_02,event_chunks_5fps/chunk_02/event_frames_full/E00168_00h22m39s000ms_abrupt_change.jpg,,GE00567
E00169,1361.6,00:22:41.600,00h22m41s600ms,abrupt_change,34040,2313,"38,0,320,140",0.386585,28.9525,0.386719,28.9611,event_frames_full/E00169_00h22m41s600ms_abrupt_change.jpg,,,chunk_02,event_chunks_5fps/chunk_02/event_frames_full/E00169_00h22m41s600ms_abrupt_change.jpg,,GE00568
E00170,1362.2,00:22:42.200,00h22m42s200ms,stable_change,34055,2316,"0,0,320,140",0.493036,23.0226,0.0,0.016,event_frames_full/E00170_00h22m42s200ms_stable_change.jpg,,,chunk_02,event_chunks_5fps/chunk_02/event_frames_full/E00170_00h22m42s200ms_stable_change.jpg,,GE00569
E00171,1365.0,00:22:45.000,00h22m45s000ms,abrupt_change,34125,2330,"0,0,320,140",0.944955,60.373,0.942433,60.4069,event_frames_full/E00171_00h22m45s000ms_abrupt_change.jpg,,,chunk_02,event_chunks_5fps/chunk_02/event_frames_full/E00171_00h22m45s000ms_abrupt_change.jpg,,GE00570
E00172,1365.4,00:22:45.400,00h22m45s400ms,abrupt_change,34135,2332,"0,0,320,140",0.990737,78.08,0.990737,78.08,event_frames_full/E00172_00h22m45s400ms_abrupt_change.jpg,,,chunk_02,event_chunks_5fps/chunk_02/event_frames_full/E00172_00h22m45s400ms_abrupt_change.jpg,,GE00571
E00173,1374.8,00:22:54.800,00h22m54s800ms,abrupt_change,34370,2379,"0,0,320,140",0.268482,15.6546,0.274687,15.7904,event_frames_full/E00173_00h22m54s800ms_abrupt_change.jpg,,,chunk_02,event_chunks_5fps/chunk_02/event_frames_full/E00173_00h22m54s800ms_abrupt_change.jpg,,GE00572
E00174,1375.2,00:22:55.200,00h22m55s200ms,abrupt_change,34380,2381,"2,2,304,120",0.073996,3.9922,0.068036,3.7425,event_frames_full/E00174_00h22m55s200ms_abrupt_change.jpg,,,chunk_02,event_chunks_5fps/chunk_02/event_frames_full/E00174_00h22m55s200ms_abrupt_change.jpg,,GE00573
E00175,1375.8,00:22:55.800,00h22m55s800ms,stable_change,34395,2384,"0,0,320,140",0.082299,5.6682,0.0,0.0,event_frames_full/E00175_00h22m55s800ms_stable_change.jpg,,,chunk_02,event_chunks_5fps/chunk_02/event_frames_full/E00175_00h22m55s800ms_stable_change.jpg,,GE00574
E00176,1376.2,00:22:56.200,00h22m56s200ms,abrupt_change,34405,2386,"0,47,301,140",0.138951,7.0662,0.138951,7.0662,event_frames_full/E00176_00h22m56s200ms_abrupt_change.jpg,event_crops/E00176_00h22m56s200ms_abrupt_change_DETAIL.jpg,"0,252,1856,842",chunk_02,event_chunks_5fps/chunk_02/event_frames_full/E00176_00h22m56s200ms_abrupt_change.jpg,event_chunks_5fps/chunk_02/event_crops/E00176_00h22m56s200ms_abrupt_change_DETAIL.jpg,GE00575
E00177,1377.6,00:22:57.600,00h22m57s600ms,abrupt_change,34440,2393,"28,3,320,140",0.291518,11.8311,0.291808,11.8349,event_frames_full/E00177_00h22m57s600ms_abrupt_change.jpg,,,chunk_02,event_chunks_5fps/chunk_02/event_frames_full/E00177_00h22m57s600ms_abrupt_change.jpg,,GE00576
E00178,1378.2,00:22:58.200,00h22m58s200ms,stable_change,34455,2396,"28,7,320,140",0.230201,11.0512,0.0,0.0,event_frames_full/E00178_00h22m58s200ms_stable_change.jpg,,,chunk_02,event_chunks_5fps/chunk_02/event_frames_full/E00178_00h22m58s200ms_stable_change.jpg,,GE00577
E00179,1381.6,00:23:01.600,00h23m01s600ms,motion_progress,34540,2413,"28,55,70,127",0.015647,1.2286,0.012433,0.6621,event_frames_full/E00179_00h23m01s600ms_motion_progress.jpg,event_crops/E00179_00h23m01s600ms_motion_progress_DETAIL.jpg,"118,300,470,793",chunk_02,event_chunks_5fps/chunk_02/event_frames_full/E00179_00h23m01s600ms_motion_progress.jpg,event_chunks_5fps/chunk_02/event_crops/E00179_00h23m01s600ms_motion_progress_DETAIL.jpg,GE00578
E00180,1388.2,00:23:08.200,00h23m08s200ms,motion_progress,34705,2446,"28,55,70,127",0.016362,1.2507,0.011741,1.0477,event_frames_full/E00180_00h23m08s200ms_motion_progress.jpg,event_crops/E00180_00h23m08s200ms_motion_progress_DETAIL.jpg,"118,300,470,793",chunk_02,event_chunks_5fps/chunk_02/event_frames_full/E00180_00h23m08s200ms_motion_progress.jpg,event_chunks_5fps/chunk_02/event_crops/E00180_00h23m08s200ms_motion_progress_DETAIL.jpg,GE00579
E00181,1388.8,00:23:08.800,00h23m08s800ms,abrupt_change,34720,2449,"0,2,320,140",0.280045,14.3301,0.280022,14.3306,event_frames_full/E00181_00h23m08s800ms_abrupt_change.jpg,,,chunk_02,event_chunks_5fps/chunk_02/event_frames_full/E00181_00h23m08s800ms_abrupt_change.jpg,,GE00580
E00182,1389.4,00:23:09.400,00h23m09s400ms,abrupt_change,34735,2452,"3,2,320,140",0.117388,5.8875,0.117388,5.8875,event_frames_full/E00182_00h23m09s400ms_abrupt_change.jpg,,,chunk_02,event_chunks_5fps/chunk_02/event_frames_full/E00182_00h23m09s400ms_abrupt_change.jpg,,GE00581
E00183,1390.0,00:23:10.000,00h23m10s000ms,abrupt_change,34750,2455,"0,0,320,140",0.994777,96.2138,0.996786,95.8046,event_frames_full/E00183_00h23m10s000ms_abrupt_change.jpg,,,chunk_02,event_chunks_5fps/chunk_02/event_frames_full/E00183_00h23m10s000ms_abrupt_change.jpg,,GE00582
E00184,1390.4,00:23:10.400,00h23m10s400ms,abrupt_change,34760,2457,"0,0,320,140",0.972634,31.657,0.972634,31.657,event_frames_full/E00184_00h23m10s400ms_abrupt_change.jpg,,,chunk_02,event_chunks_5fps/chunk_02/event_frames_full/E00184_00h23m10s400ms_abrupt_change.jpg,,GE00583
E00185,1391.0,00:23:11.000,00h23m11s000ms,stable_change,34775,2460,"105,37,212,100",0.131228,5.1322,0.0,0.0073,event_frames_full/E00185_00h23m11s000ms_stable_change.jpg,event_crops/E00185_00h23m11s000ms_stable_change_DETAIL.jpg,"580,192,1322,631",chunk_02,event_chunks_5fps/chunk_02/event_frames_full/E00185_00h23m11s000ms_stable_change.jpg,event_chunks_5fps/chunk_02/event_crops/E00185_00h23m11s000ms_stable_change_DETAIL.jpg,GE00584
E00186,1396.2,00:23:16.200,00h23m16s200ms,abrupt_change,34905,2486,"106,76,209,130",0.100379,8.5542,0.100312,8.5209,event_frames_full/E00186_00h23m16s200ms_abrupt_change.jpg,event_crops/E00186_00h23m16s200ms_abrupt_change_DETAIL.jpg,"586,427,1304,811",chunk_02,event_chunks_5fps/chunk_02/event_frames_full/E00186_00h23m16s200ms_abrupt_change.jpg,event_chunks_5fps/chunk_02/event_crops/E00186_00h23m16s200ms_abrupt_change_DETAIL.jpg,GE00585
E00187,1407.0,00:23:27.000,00h23m27s000ms,settled,35175,2540,"121,77,205,111",0.015603,0.5724,0.0,0.0,event_frames_full/E00187_00h23m27s000ms_settled.jpg,event_crops/E00187_00h23m27s000ms_settled_DETAIL.jpg,"676,433,1280,697",chunk_02,event_chunks_5fps/chunk_02/event_frames_full/E00187_00h23m27s000ms_settled.jpg,event_chunks_5fps/chunk_02/event_crops/E00187_00h23m27s000ms_settled_DETAIL.jpg,GE00586
E00188,1411.0,00:23:31.000,00h23m31s000ms,abrupt_change,35275,2560,"106,76,209,130",0.098728,8.5997,0.097857,8.5752,event_frames_full/E00188_00h23m31s000ms_abrupt_change.jpg,event_crops/E00188_00h23m31s000ms_abrupt_change_DETAIL.jpg,"586,427,1304,811",chunk_02,event_chunks_5fps/chunk_02/event_frames_full/E00188_00h23m31s000ms_abrupt_change.jpg,event_chunks_5fps/chunk_02/event_crops/E00188_00h23m31s000ms_abrupt_change_DETAIL.jpg,GE00587
E00189,1412.6,00:23:32.600,00h23m32s600ms,abrupt_change,35315,2568,"0,0,320,140",0.960402,23.1574,0.959888,22.9488,event_frames_full/E00189_00h23m32s600ms_abrupt_change.jpg,,,chunk_02,event_chunks_5fps/chunk_02/event_frames_full/E00189_00h23m32s600ms_abrupt_change.jpg,,GE00588
E00190,1413.2,00:23:33.200,00h23m33s200ms,stable_change,35330,2571,"0,0,320,140",0.999375,48.2382,0.0,0.0184,event_frames_full/E00190_00h23m33s200ms_stable_change.jpg,,,chunk_02,event_chunks_5fps/chunk_02/event_frames_full/E00190_00h23m33s200ms_stable_change.jpg,,GE00589
E00191,1414.2,00:23:34.200,00h23m34s200ms,abrupt_change,35355,2576,"0,0,317,140",0.983437,34.4908,0.983013,34.4748,event_frames_full/E00191_00h23m34s200ms_abrupt_change.jpg,,,chunk_02,event_chunks_5fps/chunk_02/event_frames_full/E00191_00h23m34s200ms_abrupt_change.jpg,,GE00590
E00192,1414.8,00:23:34.800,00h23m34s800ms,stable_change,35370,2579,"0,0,318,140",0.99375,59.5965,0.000268,0.5421,event_frames_full/E00192_00h23m34s800ms_stable_change.jpg,,,chunk_02,event_chunks_5fps/chunk_02/event_frames_full/E00192_00h23m34s800ms_stable_change.jpg,,GE00591
E00193,1416.6,00:23:36.600,00h23m36s600ms,settled,35415,2588,"0,45,53,83",0.010692,0.6553,0.000201,0.0324,event_frames_full/E00193_00h23m36s600ms_settled.jpg,event_crops/E00193_00h23m36s600ms_settled_DETAIL.jpg,"0,240,368,529",chunk_02,event_chunks_5fps/chunk_02/event_frames_full/E00193_00h23m36s600ms_settled.jpg,event_chunks_5fps/chunk_02/event_crops/E00193_00h23m36s600ms_settled_DETAIL.jpg,GE00592
E00194,1418.0,00:23:38.000,00h23m38s000ms,abrupt_change,35450,2595,"0,0,320,140",0.136362,7.9002,0.137813,7.8985,event_frames_full/E00194_00h23m38s000ms_abrupt_change.jpg,,,chunk_02,event_chunks_5fps/chunk_02/event_frames_full/E00194_00h23m38s000ms_abrupt_change.jpg,,GE00593
E00195,1418.4,00:23:38.400,00h23m38s400ms,abrupt_change,35460,2597,"3,2,293,119",0.049554,3.1071,0.049554,3.1071,event_frames_full/E00195_00h23m38s400ms_abrupt_change.jpg,,,chunk_02,event_chunks_5fps/chunk_02/event_frames_full/E00195_00h23m38s400ms_abrupt_change.jpg,,GE00594
E00196,1419.0,00:23:39.000,00h23m39s000ms,stable_change,35475,2600,"2,0,320,140",0.056987,4.7658,0.0,0.0017,event_frames_full/E00196_00h23m39s000ms_stable_change.jpg,,,chunk_02,event_chunks_5fps/chunk_02/event_frames_full/E00196_00h23m39s000ms_stable_change.jpg,,GE00595
E00197,1419.4,00:23:39.400,00h23m39s400ms,abrupt_change,35485,2602,"0,45,301,140",0.14808,7.8779,0.14808,7.8779,event_frames_full/E00197_00h23m39s400ms_abrupt_change.jpg,event_crops/E00197_00h23m39s400ms_abrupt_change_DETAIL.jpg,"0,240,1856,842",chunk_02,event_chunks_5fps/chunk_02/event_frames_full/E00197_00h23m39s400ms_abrupt_change.jpg,event_chunks_5fps/chunk_02/event_crops/E00197_00h23m39s400ms_abrupt_change_DETAIL.jpg,GE00596
E00198,1420.8,00:23:40.800,00h23m40s800ms,abrupt_change,35520,2609,"28,3,320,140",0.184754,8.4723,0.185938,8.4722,event_frames_full/E00198_00h23m40s800ms_abrupt_change.jpg,,,chunk_02,event_chunks_5fps/chunk_02/event_frames_full/E00198_00h23m40s800ms_abrupt_change.jpg,,GE00597
E00199,1421.4,00:23:41.400,00h23m41s400ms,stable_change,35535,2612,"28,5,320,140",0.164598,9.528,0.0,0.0017,event_frames_full/E00199_00h23m41s400ms_stable_change.jpg,,,chunk_02,event_chunks_5fps/chunk_02/event_frames_full/E00199_00h23m41s400ms_stable_change.jpg,,GE00598
E00200,1422.6,00:23:42.600,00h23m42s600ms,settled,35565,2618,"28,81,41,93",0.003304,0.9126,0.002098,0.1344,event_frames_full/E00200_00h23m42s600ms_settled.jpg,event_crops/E00200_00h23m42s600ms_settled_DETAIL.jpg,"118,457,296,589",chunk_02,event_chunks_5fps/chunk_02/event_frames_full/E00200_00h23m42s600ms_settled.jpg,event_chunks_5fps/chunk_02/event_crops/E00200_00h23m42s600ms_settled_DETAIL.jpg,GE00599
E00201,1423.8,00:23:43.800,00h23m43s800ms,settled,35595,2624,"30,21,70,91",0.011004,0.7142,0.001964,0.0801,event_frames_full/E00201_00h23m43s800ms_settled.jpg,event_crops/E00201_00h23m43s800ms_settled_DETAIL.jpg,"130,96,470,577",chunk_02,event_chunks_5fps/chunk_02/event_frames_full/E00201_00h23m43s800ms_settled.jpg,event_chunks_5fps/chunk_02/event_crops/E00201_00h23m43s800ms_settled_DETAIL.jpg,GE00600
E00202,1425.6,00:23:45.600,00h23m45s600ms,abrupt_change,35640,2633,"0,2,320,140",0.259487,14.1815,0.257924,14.1013,event_frames_full/E00202_00h23m45s600ms_abrupt_change.jpg,,,chunk_02,event_chunks_5fps/chunk_02/event_frames_full/E00202_00h23m45s600ms_abrupt_change.jpg,,GE00601
E00203,1426.0,00:23:46.000,00h23m46s000ms,abrupt_change,35650,2635,"0,2,320,140",0.120714,6.2444,0.120714,6.2444,event_frames_full/E00203_00h23m46s000ms_abrupt_change.jpg,,,chunk_02,event_chunks_5fps/chunk_02/event_frames_full/E00203_00h23m46s000ms_abrupt_change.jpg,,GE00602
E00204,1426.4,00:23:46.400,00h23m46s400ms,abrupt_change,35660,2637,"0,22,320,140",0.136071,6.9926,0.136071,6.9926,event_frames_full/E00204_00h23m46s400ms_abrupt_change.jpg,,,chunk_02,event_chunks_5fps/chunk_02/event_frames_full/E00204_00h23m46s400ms_abrupt_change.jpg,,GE00603
E00205,1426.8,00:23:46.800,00h23m46s800ms,abrupt_change,35670,2639,"0,0,320,140",0.99404,54.2648,0.995379,54.1975,event_frames_full/E00205_00h23m46s800ms_abrupt_change.jpg,,,chunk_02,event_chunks_5fps/chunk_02/event_frames_full/E00205_00h23m46s800ms_abrupt_change.jpg,,GE00604
E00206,1427.2,00:23:47.200,00h23m47s200ms,abrupt_change,35680,2641,"0,0,320,140",0.996786,65.2483,0.996786,65.2483,event_frames_full/E00206_00h23m47s200ms_abrupt_change.jpg,,,chunk_02,event_chunks_5fps/chunk_02/event_frames_full/E00206_00h23m47s200ms_abrupt_change.jpg,,GE00605
E00207,1427.8,00:23:47.800,00h23m47s800ms,stable_change,35695,2644,"105,42,212,100",0.124018,10.2103,0.0,0.0001,event_frames_full/E00207_00h23m47s800ms_stable_change.jpg,event_crops/E00207_00h23m47s800ms_stable_change_DETAIL.jpg,"580,222,1322,631",chunk_02,event_chunks_5fps/chunk_02/event_frames_full/E00207_00h23m47s800ms_stable_change.jpg,event_chunks_5fps/chunk_02/event_crops/E00207_00h23m47s800ms_stable_change_DETAIL.jpg,GE00606
E00208,1428.2,00:23:48.200,00h23m48s200ms,abrupt_change,35705,2646,"106,76,209,130",0.09067,8.3486,0.09067,8.3486,event_frames_full/E00208_00h23m48s200ms_abrupt_change.jpg,event_crops/E00208_00h23m48s200ms_abrupt_change_DETAIL.jpg,"586,427,1304,811",chunk_02,event_chunks_5fps/chunk_02/event_frames_full/E00208_00h23m48s200ms_abrupt_change.jpg,event_chunks_5fps/chunk_02/event_crops/E00208_00h23m48s200ms_abrupt_change_DETAIL.jpg,GE00607
E00209,1431.8,00:23:51.800,00h23m51s800ms,settled,35795,2664,"110,82,205,116",0.019062,0.58,0.000268,0.0146,event_frames_full/E00209_00h23m51s800ms_settled.jpg,event_crops/E00209_00h23m51s800ms_settled_DETAIL.jpg,"610,463,1280,727",chunk_02,event_chunks_5fps/chunk_02/event_frames_full/E00209_00h23m51s800ms_settled.jpg,event_chunks_5fps/chunk_02/event_crops/E00209_00h23m51s800ms_settled_DETAIL.jpg,GE00608
E00210,1435.0,00:23:55.000,00h23m55s000ms,settled,35875,2680,"110,77,205,116",0.009576,0.4338,0.0,0.0131,event_frames_full/E00210_00h23m55s000ms_settled.jpg,event_crops/E00210_00h23m55s000ms_settled_DETAIL.jpg,"610,433,1280,727",chunk_02,event_chunks_5fps/chunk_02/event_frames_full/E00210_00h23m55s000ms_settled.jpg,event_chunks_5fps/chunk_02/event_crops/E00210_00h23m55s000ms_settled_DETAIL.jpg,GE00609
E00211,1438.6,00:23:58.600,00h23m58s600ms,settled,35965,2698,"110,77,206,127",0.029888,0.7852,0.0,0.0,event_frames_full/E00211_00h23m58s600ms_settled.jpg,event_crops/E00211_00h23m58s600ms_settled_DETAIL.jpg,"610,433,1286,793",chunk_02,event_chunks_5fps/chunk_02/event_frames_full/E00211_00h23m58s600ms_settled.jpg,event_chunks_5fps/chunk_02/event_crops/E00211_00h23m58s600ms_settled_DETAIL.jpg,GE00610
E00212,1443.0,00:24:03.000,00h24m03s000ms,abrupt_change,36075,2720,"106,76,209,130",0.090357,8.9105,0.090402,8.6868,event_frames_full/E00212_00h24m03s000ms_abrupt_change.jpg,event_crops/E00212_00h24m03s000ms_abrupt_change_DETAIL.jpg,"586,427,1304,811",chunk_02,event_chunks_5fps/chunk_02/event_frames_full/E00212_00h24m03s000ms_abrupt_change.jpg,event_chunks_5fps/chunk_02/event_crops/E00212_00h24m03s000ms_abrupt_change_DETAIL.jpg,GE00611
E00213,1444.4,00:24:04.400,00h24m04s400ms,abrupt_change,36110,2727,"0,0,320,140",1.0,69.0376,1.0,69.0151,event_frames_full/E00213_00h24m04s400ms_abrupt_change.jpg,,,chunk_02,event_chunks_5fps/chunk_02/event_frames_full/E00213_00h24m04s400ms_abrupt_change.jpg,,GE00612
E00214,1445.6,00:24:05.600,00h24m05s600ms,abrupt_change,36140,2733,"0,0,320,140",1.0,66.8505,1.0,66.8729,event_frames_full/E00214_00h24m05s600ms_abrupt_change.jpg,,,chunk_02,event_chunks_5fps/chunk_02/event_frames_full/E00214_00h24m05s600ms_abrupt_change.jpg,,GE00613
E00215,1446.0,00:24:06.000,00h24m06s000ms,abrupt_change,36150,2735,"0,0,320,140",0.923348,99.1919,0.923348,99.1919,event_frames_full/E00215_00h24m06s000ms_abrupt_change.jpg,,,chunk_02,event_chunks_5fps/chunk_02/event_frames_full/E00215_00h24m06s000ms_abrupt_change.jpg,,GE00614
E00216,1446.6,00:24:06.600,00h24m06s600ms,stable_change,36165,2738,"0,0,320,140",0.861897,14.1126,0.0,0.0,event_frames_full/E00216_00h24m06s600ms_stable_change.jpg,,,chunk_02,event_chunks_5fps/chunk_02/event_frames_full/E00216_00h24m06s600ms_stable_change.jpg,,GE00615
E00217,1449.6,00:24:09.600,00h24m09s600ms,abrupt_change,36240,2753,"0,0,320,140",0.993237,68.5271,0.993237,68.4238,event_frames_full/E00217_00h24m09s600ms_abrupt_change.jpg,,,chunk_02,event_chunks_5fps/chunk_02/event_frames_full/E00217_00h24m09s600ms_abrupt_change.jpg,,GE00616
E00218,1450.0,00:24:10.000,00h24m10s000ms,abrupt_change,36250,2755,"0,0,320,140",0.991004,56.8151,0.991004,56.8151,event_frames_full/E00218_00h24m10s000ms_abrupt_change.jpg,,,chunk_02,event_chunks_5fps/chunk_02/event_frames_full/E00218_00h24m10s000ms_abrupt_change.jpg,,GE00617
E00219,1450.8,00:24:10.800,00h24m10s800ms,abrupt_change,36270,2759,"72,0,320,136",0.171786,8.5735,0.170915,8.4936,event_frames_full/E00219_00h24m10s800ms_abrupt_change.jpg,event_crops/E00219_00h24m10s800ms_abrupt_change_DETAIL.jpg,"382,0,1920,842",chunk_02,event_chunks_5fps/chunk_02/event_frames_full/E00219_00h24m10s800ms_abrupt_change.jpg,event_chunks_5fps/chunk_02/event_crops/E00219_00h24m10s800ms_abrupt_change_DETAIL.jpg,GE00618
E00220,1451.4,00:24:11.400,00h24m11s400ms,stable_change,36285,2762,"72,0,320,128",0.156964,8.4914,0.000201,0.0554,event_frames_full/E00220_00h24m11s400ms_stable_change.jpg,event_crops/E00220_00h24m11s400ms_stable_change_DETAIL.jpg,"382,0,1920,799",chunk_02,event_chunks_5fps/chunk_02/event_frames_full/E00220_00h24m11s400ms_stable_change.jpg,event_chunks_5fps/chunk_02/event_crops/E00220_00h24m11s400ms_stable_change_DETAIL.jpg,GE00619
E00221,1457.6,00:24:17.600,00h24m17s600ms,abrupt_change,36440,2793,"89,5,320,138",0.069018,4.4346,0.057879,4.1404,event_frames_full/E00221_00h24m17s600ms_abrupt_change.jpg,event_crops/E00221_00h24m17s600ms_abrupt_change_DETAIL.jpg,"484,0,1920,842",chunk_02,event_chunks_5fps/chunk_02/event_frames_full/E00221_00h24m17s600ms_abrupt_change.jpg,event_chunks_5fps/chunk_02/event_crops/E00221_00h24m17s600ms_abrupt_change_DETAIL.jpg,GE00620
E00222,1458.0,00:24:18.000,00h24m18s000ms,abrupt_change,36450,2795,"88,0,320,138",0.109754,4.5577,0.111473,4.7325,event_frames_full/E00222_00h24m18s000ms_abrupt_change.jpg,event_crops/E00222_00h24m18s000ms_abrupt_change_DETAIL.jpg,"478,0,1920,842",chunk_02,event_chunks_5fps/chunk_02/event_frames_full/E00222_00h24m18s000ms_abrupt_change.jpg,event_chunks_5fps/chunk_02/event_crops/E00222_00h24m18s000ms_abrupt_change_DETAIL.jpg,GE00621
E00223,1458.4,00:24:18.400,00h24m18s400ms,abrupt_change,36460,2797,"91,0,320,140",0.044687,2.9328,0.040848,2.7701,event_frames_full/E00223_00h24m18s400ms_abrupt_change.jpg,event_crops/E00223_00h24m18s400ms_abrupt_change_DETAIL.jpg,"496,0,1920,842",chunk_02,event_chunks_5fps/chunk_02/event_frames_full/E00223_00h24m18s400ms_abrupt_change.jpg,event_chunks_5fps/chunk_02/event_crops/E00223_00h24m18s400ms_abrupt_change_DETAIL.jpg,GE00622
E00224,1458.8,00:24:18.800,00h24m18s800ms,abrupt_change,36470,2799,"72,0,320,140",0.184978,10.76,0.156429,10.3727,event_frames_full/E00224_00h24m18s800ms_abrupt_change.jpg,event_crops/E00224_00h24m18s800ms_abrupt_change_DETAIL.jpg,"382,0,1920,842",chunk_02,event_chunks_5fps/chunk_02/event_frames_full/E00224_00h24m18s800ms_abrupt_change.jpg,event_chunks_5fps/chunk_02/event_crops/E00224_00h24m18s800ms_abrupt_change_DETAIL.jpg,GE00623
E00225,1463.8,00:24:23.800,00h24m23s800ms,abrupt_change,36595,2824,"72,0,320,140",0.169219,10.5912,0.162946,10.3488,event_frames_full/E00225_00h24m23s800ms_abrupt_change.jpg,event_crops/E00225_00h24m23s800ms_abrupt_change_DETAIL.jpg,"382,0,1920,842",chunk_02,event_chunks_5fps/chunk_02/event_frames_full/E00225_00h24m23s800ms_abrupt_change.jpg,event_chunks_5fps/chunk_02/event_crops/E00225_00h24m23s800ms_abrupt_change_DETAIL.jpg,GE00624
E00226,1464.4,00:24:24.400,00h24m24s400ms,stable_change,36610,2827,"88,0,320,140",0.082835,3.5859,0.0,0.5754,event_frames_full/E00226_00h24m24s400ms_stable_change.jpg,event_crops/E00226_00h24m24s400ms_stable_change_DETAIL.jpg,"478,0,1920,842",chunk_02,event_chunks_5fps/chunk_02/event_frames_full/E00226_00h24m24s400ms_stable_change.jpg,event_chunks_5fps/chunk_02/event_crops/E00226_00h24m24s400ms_stable_change_DETAIL.jpg,GE00625
E00227,1464.8,00:24:24.800,00h24m24s800ms,abrupt_change,36620,2829,"88,0,320,136",0.085938,3.85,0.085938,3.85,event_frames_full/E00227_00h24m24s800ms_abrupt_change.jpg,event_crops/E00227_00h24m24s800ms_abrupt_change_DETAIL.jpg,"478,0,1920,842",chunk_02,event_chunks_5fps/chunk_02/event_frames_full/E00227_00h24m24s800ms_abrupt_change.jpg,event_chunks_5fps/chunk_02/event_crops/E00227_00h24m24s800ms_abrupt_change_DETAIL.jpg,GE00626
E00228,1465.6,00:24:25.600,00h24m25s600ms,abrupt_change,36640,2833,"72,6,320,140",0.049844,3.3775,0.047545,3.229,event_frames_full/E00228_00h24m25s600ms_abrupt_change.jpg,event_crops/E00228_00h24m25s600ms_abrupt_change_DETAIL.jpg,"382,6,1920,842",chunk_02,event_chunks_5fps/chunk_02/event_frames_full/E00228_00h24m25s600ms_abrupt_change.jpg,event_chunks_5fps/chunk_02/event_crops/E00228_00h24m25s600ms_abrupt_change_DETAIL.jpg,GE00627
E00229,1466.2,00:24:26.200,00h24m26s200ms,stable_change,36655,2836,"73,0,320,140",0.048281,3.7055,0.0,0.015,event_frames_full/E00229_00h24m26s200ms_stable_change.jpg,event_crops/E00229_00h24m26s200ms_stable_change_DETAIL.jpg,"388,0,1920,842",chunk_02,event_chunks_5fps/chunk_02/event_frames_full/E00229_00h24m26s200ms_stable_change.jpg,event_chunks_5fps/chunk_02/event_crops/E00229_00h24m26s200ms_stable_change_DETAIL.jpg,GE00628
E00230,1468.0,00:24:28.000,00h24m28s000ms,abrupt_change,36700,2845,"0,0,320,140",0.870201,40.3933,0.870469,40.351,event_frames_full/E00230_00h24m28s000ms_abrupt_change.jpg,,,chunk_02,event_chunks_5fps/chunk_02/event_frames_full/E00230_00h24m28s000ms_abrupt_change.jpg,,GE00629
E00231,1468.6,00:24:28.600,00h24m28s600ms,stable_change,36715,2848,"0,0,320,140",0.849241,22.5147,0.0,0.0054,event_frames_full/E00231_00h24m28s600ms_stable_change.jpg,,,chunk_02,event_chunks_5fps/chunk_02/event_frames_full/E00231_00h24m28s600ms_stable_change.jpg,,GE00630
E00232,1487.2,00:24:47.200,00h24m47s200ms,abrupt_change,37180,2941,"220,0,320,128",0.040871,1.9775,0.040603,1.9505,event_frames_full/E00232_00h24m47s200ms_abrupt_change.jpg,event_crops/E00232_00h24m47s200ms_abrupt_change_DETAIL.jpg,"1270,0,1920,799",chunk_02,event_chunks_5fps/chunk_02/event_frames_full/E00232_00h24m47s200ms_abrupt_change.jpg,event_chunks_5fps/chunk_02/event_crops/E00232_00h24m47s200ms_abrupt_change_DETAIL.jpg,GE00631
E00233,1633.8,00:27:13.800,00h27m13s800ms,abrupt_change,40845,3674,"0,0,320,140",0.953527,42.4136,0.951384,42.4992,event_frames_full/E00233_00h27m13s800ms_abrupt_change.jpg,,,chunk_02,event_chunks_5fps/chunk_02/event_frames_full/E00233_00h27m13s800ms_abrupt_change.jpg,,GE00632
E00234,1634.4,00:27:14.400,00h27m14s400ms,stable_change,40860,3677,"0,0,320,140",0.945915,23.6874,0.0,0.0129,event_frames_full/E00234_00h27m14s400ms_stable_change.jpg,,,chunk_02,event_chunks_5fps/chunk_02/event_frames_full/E00234_00h27m14s400ms_stable_change.jpg,,GE00633
E00235,1635.4,00:27:15.400,00h27m15s400ms,abrupt_change,40885,3682,"0,0,320,140",0.826607,43.4489,0.825,43.1545,event_frames_full/E00235_00h27m15s400ms_abrupt_change.jpg,,,chunk_02,event_chunks_5fps/chunk_02/event_frames_full/E00235_00h27m15s400ms_abrupt_change.jpg,,GE00634
E00236,1636.0,00:27:16.000,00h27m16s000ms,stable_change,40900,3685,"0,0,320,140",0.386384,16.805,0.0,0.0118,event_frames_full/E00236_00h27m16s000ms_stable_change.jpg,,,chunk_02,event_chunks_5fps/chunk_02/event_frames_full/E00236_00h27m16s000ms_stable_change.jpg,,GE00635
E00237,1638.4,00:27:18.400,00h27m18s400ms,abrupt_change,40960,3697,"0,0,320,140",0.947723,46.9151,0.951875,46.9511,event_frames_full/E00237_00h27m18s400ms_abrupt_change.jpg,,,chunk_02,event_chunks_5fps/chunk_02/event_frames_full/E00237_00h27m18s400ms_abrupt_change.jpg,,GE00636
E00238,1638.8,00:27:18.800,00h27m18s800ms,abrupt_change,40970,3699,"0,0,320,133",0.462902,10.9475,0.462902,10.9475,event_frames_full/E00238_00h27m18s800ms_abrupt_change.jpg,,,chunk_02,event_chunks_5fps/chunk_02/event_frames_full/E00238_00h27m18s800ms_abrupt_change.jpg,,GE00637
E00239,1639.2,00:27:19.200,00h27m19s200ms,abrupt_change,40980,3701,"0,0,320,140",0.638437,67.0577,0.088326,5.2078,event_frames_full/E00239_00h27m19s200ms_abrupt_change.jpg,,,chunk_02,event_chunks_5fps/chunk_02/event_frames_full/E00239_00h27m19s200ms_abrupt_change.jpg,,GE00638
E00240,1639.8,00:27:19.800,00h27m19s800ms,stable_change,40995,3704,"28,33,303,72",0.038058,3.0035,0.0,0.0,event_frames_full/E00240_00h27m19s800ms_stable_change.jpg,event_crops/E00240_00h27m19s800ms_stable_change_DETAIL.jpg,"118,168,1868,463",chunk_02,event_chunks_5fps/chunk_02/event_frames_full/E00240_00h27m19s800ms_stable_change.jpg,event_chunks_5fps/chunk_02/event_crops/E00240_00h27m19s800ms_stable_change_DETAIL.jpg,GE00639
E00241,1640.4,00:27:20.400,00h27m20s400ms,stable_change,41010,3707,"0,2,320,140",0.166629,8.7757,0.0,0.0,event_frames_full/E00241_00h27m20s400ms_stable_change.jpg,,,chunk_02,event_chunks_5fps/chunk_02/event_frames_full/E00241_00h27m20s400ms_stable_change.jpg,,GE00640
E00242,1648.8,00:27:28.800,00h27m28s800ms,settled,41220,3749,"0,46,53,92",0.010067,0.7407,0.0,0.0,event_frames_full/E00242_00h27m28s800ms_settled.jpg,event_crops/E00242_00h27m28s800ms_settled_DETAIL.jpg,"0,246,368,583",chunk_02,event_chunks_5fps/chunk_02/event_frames_full/E00242_00h27m28s800ms_settled.jpg,event_chunks_5fps/chunk_02/event_crops/E00242_00h27m28s800ms_settled_DETAIL.jpg,GE00641
E00243,1651.0,00:27:31.000,00h27m31s000ms,settled,41275,3760,"0,46,53,92",0.010134,0.6522,0.0,0.0,event_frames_full/E00243_00h27m31s000ms_settled.jpg,event_crops/E00243_00h27m31s000ms_settled_DETAIL.jpg,"0,246,368,583",chunk_02,event_chunks_5fps/chunk_02/event_frames_full/E00243_00h27m31s000ms_settled.jpg,event_chunks_5fps/chunk_02/event_crops/E00243_00h27m31s000ms_settled_DETAIL.jpg,GE00642
E00244,1655.4,00:27:35.400,00h27m35s400ms,abrupt_change,41385,3782,"0,2,320,140",0.215714,11.6805,0.214754,11.6879,event_frames_full/E00244_00h27m35s400ms_abrupt_change.jpg,,,chunk_02,event_chunks_5fps/chunk_02/event_frames_full/E00244_00h27m35s400ms_abrupt_change.jpg,,GE00643
E00245,1655.8,00:27:35.800,00h27m35s800ms,abrupt_change,41395,3784,"2,2,281,121",0.058103,3.3827,0.040335,2.6518,event_frames_full/E00245_00h27m35s800ms_abrupt_change.jpg,event_crops/E00245_00h27m35s800ms_abrupt_change_DETAIL.jpg,"0,0,1736,757",chunk_02,event_chunks_5fps/chunk_02/event_frames_full/E00245_00h27m35s800ms_abrupt_change.jpg,event_chunks_5fps/chunk_02/event_crops/E00245_00h27m35s800ms_abrupt_change_DETAIL.jpg,GE00644
E00246,1656.4,00:27:36.400,00h27m36s400ms,abrupt_change,41410,3787,"28,42,305,75",0.037344,1.8277,0.036205,1.7642,event_frames_full/E00246_00h27m36s400ms_abrupt_change.jpg,event_crops/E00246_00h27m36s400ms_abrupt_change_DETAIL.jpg,"118,222,1880,481",chunk_02,event_chunks_5fps/chunk_02/event_frames_full/E00246_00h27m36s400ms_abrupt_change.jpg,event_chunks_5fps/chunk_02/event_crops/E00246_00h27m36s400ms_abrupt_change_DETAIL.jpg,GE00645
E00247,1657.0,00:27:37.000,00h27m37s000ms,stable_change,41425,3790,"28,43,306,79",0.051138,2.721,0.0,0.0,event_frames_full/E00247_00h27m37s000ms_stable_change.jpg,event_crops/E00247_00h27m37s000ms_stable_change_DETAIL.jpg,"118,228,1886,505",chunk_02,event_chunks_5fps/chunk_02/event_frames_full/E00247_00h27m37s000ms_stable_change.jpg,event_chunks_5fps/chunk_02/event_crops/E00247_00h27m37s000ms_stable_change_DETAIL.jpg,GE00646
E00248,1657.6,00:27:37.600,00h27m37s600ms,stable_change,41440,3793,"0,2,320,140",0.146362,8.3339,0.003973,0.2078,event_frames_full/E00248_00h27m37s600ms_stable_change.jpg,,,chunk_02,event_chunks_5fps/chunk_02/event_frames_full/E00248_00h27m37s600ms_stable_change.jpg,,GE00647
E00249,1662.2,00:27:42.200,00h27m42s200ms,settled,41555,3816,"0,47,64,102",0.009732,0.5431,0.0,0.0,event_frames_full/E00249_00h27m42s200ms_settled.jpg,event_crops/E00249_00h27m42s200ms_settled_DETAIL.jpg,"0,252,434,643",chunk_02,event_chunks_5fps/chunk_02/event_frames_full/E00249_00h27m42s200ms_settled.jpg,event_chunks_5fps/chunk_02/event_crops/E00249_00h27m42s200ms_settled_DETAIL.jpg,GE00648
E00250,1663.4,00:27:43.400,00h27m43s400ms,abrupt_change,41585,3822,"0,0,320,140",0.954866,63.8269,0.955223,63.8881,event_frames_full/E00250_00h27m43s400ms_abrupt_change.jpg,,,chunk_02,event_chunks_5fps/chunk_02/event_frames_full/E00250_00h27m43s400ms_abrupt_change.jpg,,GE00649
E00251,1663.8,00:27:43.800,00h27m43s800ms,abrupt_change,41595,3824,"0,0,320,140",0.953728,52.3985,0.079531,4.1413,event_frames_full/E00251_00h27m43s800ms_abrupt_change.jpg,,,chunk_02,event_chunks_5fps/chunk_02/event_frames_full/E00251_00h27m43s800ms_abrupt_change.jpg,,GE00650
E00252,1675.0,00:27:55.000,00h27m55s000ms,abrupt_change,41875,3880,"0,0,320,140",0.961518,67.1133,0.961719,67.0907,event_frames_full/E00252_00h27m55s000ms_abrupt_change.jpg,,,chunk_02,event_chunks_5fps/chunk_02/event_frames_full/E00252_00h27m55s000ms_abrupt_change.jpg,,GE00651
E00253,1675.6,00:27:55.600,00h27m55s600ms,abrupt_change,41890,3883,"0,0,320,140",0.962589,169.7383,0.962589,169.7383,event_frames_full/E00253_00h27m55s600ms_abrupt_change.jpg,,,chunk_02,event_chunks_5fps/chunk_02/event_frames_full/E00253_00h27m55s600ms_abrupt_change.jpg,,GE00652
E00254,1676.0,00:27:56.000,00h27m56s000ms,abrupt_change,41900,3885,"3,2,282,140",0.094062,5.2882,0.093996,5.2896,event_frames_full/E00254_00h27m56s000ms_abrupt_change.jpg,,,chunk_02,event_chunks_5fps/chunk_02/event_frames_full/E00254_00h27m56s000ms_abrupt_change.jpg,,GE00653
E00255,1676.4,00:27:56.400,00h27m56s400ms,abrupt_change,41910,3887,"0,0,320,140",0.959063,118.4313,0.959063,118.4164,event_frames_full/E00255_00h27m56s400ms_abrupt_change.jpg,,,chunk_02,event_chunks_5fps/chunk_02/event_frames_full/E00255_00h27m56s400ms_abrupt_change.jpg,,GE00654
E00256,1676.8,00:27:56.800,00h27m56s800ms,abrupt_change,41920,3889,"0,0,320,140",0.958929,116.9805,0.037701,1.3758,event_frames_full/E00256_00h27m56s800ms_abrupt_change.jpg,,,chunk_02,event_chunks_5fps/chunk_02/event_frames_full/E00256_00h27m56s800ms_abrupt_change.jpg,,GE00655
E00257,1677.2,00:27:57.200,00h27m57s200ms,abrupt_change,41930,3891,"25,16,320,140",0.130268,7.687,0.108371,6.941,event_frames_full/E00257_00h27m57s200ms_abrupt_change.jpg,,,chunk_02,event_chunks_5fps/chunk_02/event_frames_full/E00257_00h27m57s200ms_abrupt_change.jpg,,GE00656
E00258,1677.8,00:27:57.800,00h27m57s800ms,stable_change,41945,3894,"25,15,320,132",0.09067,6.2869,0.0,0.0127,event_frames_full/E00258_00h27m57s800ms_stable_change.jpg,,,chunk_02,event_chunks_5fps/chunk_02/event_frames_full/E00258_00h27m57s800ms_stable_change.jpg,,GE00657
E00259,1679.2,00:27:59.200,00h27m59s200ms,abrupt_change,41980,3901,"0,0,320,140",0.778371,13.687,0.776563,13.6016,event_frames_full/E00259_00h27m59s200ms_abrupt_change.jpg,,,chunk_02,event_chunks_5fps/chunk_02/event_frames_full/E00259_00h27m59s200ms_abrupt_change.jpg,,GE00658
E00260,1679.8,00:27:59.800,00h27m59s800ms,abrupt_change,41995,3904,"0,0,320,140",0.773683,41.8972,0.697924,57.0295,event_frames_full/E00260_00h27m59s800ms_abrupt_change.jpg,,,chunk_02,event_chunks_5fps/chunk_02/event_frames_full/E00260_00h27m59s800ms_abrupt_change.jpg,,GE00659
E00261,1680.4,00:28:00.400,00h28m00s400ms,stable_change,42010,3907,"40,4,274,19",0.019554,1.395,0.0,0.0124,event_frames_full/E00261_00h28m00s400ms_stable_change.jpg,event_crops/E00261_00h28m00s400ms_stable_change_DETAIL.jpg,"190,0,1694,144",chunk_02,event_chunks_5fps/chunk_02/event_frames_full/E00261_00h28m00s400ms_stable_change.jpg,event_chunks_5fps/chunk_02/event_crops/E00261_00h28m00s400ms_stable_change_DETAIL.jpg,GE00660
E00262,1681.2,00:28:01.200,00h28m01s200ms,abrupt_change,42030,3911,"53,70,155,124",0.043348,2.8374,0.04308,2.823,event_frames_full/E00262_00h28m01s200ms_abrupt_change.jpg,event_crops/E00262_00h28m01s200ms_abrupt_change_DETAIL.jpg,"268,391,980,775",chunk_02,event_chunks_5fps/chunk_02/event_frames_full/E00262_00h28m01s200ms_abrupt_change.jpg,event_chunks_5fps/chunk_02/event_crops/E00262_00h28m01s200ms_abrupt_change_DETAIL.jpg,GE00661
E00263,1684.2,00:28:04.200,00h28m04s200ms,abrupt_change,42105,3926,"53,70,153,120",0.044821,1.7954,0.044464,1.7475,event_frames_full/E00263_00h28m04s200ms_abrupt_change.jpg,event_crops/E00263_00h28m04s200ms_abrupt_change_DETAIL.jpg,"268,391,968,751",chunk_02,event_chunks_5fps/chunk_02/event_frames_full/E00263_00h28m04s200ms_abrupt_change.jpg,event_chunks_5fps/chunk_02/event_crops/E00263_00h28m04s200ms_abrupt_change_DETAIL.jpg,GE00662
E00264,1687.0,00:28:07.000,00h28m07s000ms,abrupt_change,42175,3940,"53,69,155,124",0.055179,3.7718,0.05442,3.7599,event_frames_full/E00264_00h28m07s000ms_abrupt_change.jpg,event_crops/E00264_00h28m07s000ms_abrupt_change_DETAIL.jpg,"268,384,980,775",chunk_02,event_chunks_5fps/chunk_02/event_frames_full/E00264_00h28m07s000ms_abrupt_change.jpg,event_chunks_5fps/chunk_02/event_crops/E00264_00h28m07s000ms_abrupt_change_DETAIL.jpg,GE00663
E00265,1688.4,00:28:08.400,00h28m08s400ms,abrupt_change,42210,3947,"85,72,258,123",0.032589,2.1755,0.032054,2.1553,event_frames_full/E00265_00h28m08s400ms_abrupt_change.jpg,event_crops/E00265_00h28m08s400ms_abrupt_change_DETAIL.jpg,"460,403,1598,769",chunk_02,event_chunks_5fps/chunk_02/event_frames_full/E00265_00h28m08s400ms_abrupt_change.jpg,event_chunks_5fps/chunk_02/event_crops/E00265_00h28m08s400ms_abrupt_change_DETAIL.jpg,GE00664
E00266,1691.0,00:28:11.000,00h28m11s000ms,settled,42275,3960,"158,76,259,123",0.010781,0.5129,0.0,0.0,event_frames_full/E00266_00h28m11s000ms_settled.jpg,event_crops/E00266_00h28m11s000ms_settled_DETAIL.jpg,"898,427,1604,769",chunk_02,event_chunks_5fps/chunk_02/event_frames_full/E00266_00h28m11s000ms_settled.jpg,event_chunks_5fps/chunk_02/event_crops/E00266_00h28m11s000ms_settled_DETAIL.jpg,GE00665
E00267,1692.6,00:28:12.600,00h28m12s600ms,motion_progress,42315,3968,"156,69,259,95",0.028125,1.9766,0.028772,1.9828,event_frames_full/E00267_00h28m12s600ms_motion_progress.jpg,event_crops/E00267_00h28m12s600ms_motion_progress_DETAIL.jpg,"886,384,1604,601",chunk_02,event_chunks_5fps/chunk_02/event_frames_full/E00267_00h28m12s600ms_motion_progress.jpg,event_chunks_5fps/chunk_02/event_crops/E00267_00h28m12s600ms_motion_progress_DETAIL.jpg,GE00666
E00268,1694.0,00:28:14.000,00h28m14s000ms,motion_progress,42350,3975,"53,89,186,140",0.024754,1.4599,0.024219,1.4396,event_frames_full/E00268_00h28m14s000ms_motion_progress.jpg,event_crops/E00268_00h28m14s000ms_motion_progress_DETAIL.jpg,"268,505,1166,842",chunk_02,event_chunks_5fps/chunk_02/event_frames_full/E00268_00h28m14s000ms_motion_progress.jpg,event_chunks_5fps/chunk_02/event_crops/E00268_00h28m14s000ms_motion_progress_DETAIL.jpg,GE00667
E00269,1695.2,00:28:15.200,00h28m15s200ms,motion_progress,42380,3981,"53,97,118,114",0.024598,1.6626,0.024598,1.6503,event_frames_full/E00269_00h28m15s200ms_motion_progress.jpg,event_crops/E00269_00h28m15s200ms_motion_progress_DETAIL.jpg,"268,553,758,715",chunk_02,event_chunks_5fps/chunk_02/event_frames_full/E00269_00h28m15s200ms_motion_progress.jpg,event_chunks_5fps/chunk_02/event_crops/E00269_00h28m15s200ms_motion_progress_DETAIL.jpg,GE00668
E00270,1696.6,00:28:16.600,00h28m16s600ms,abrupt_change,42415,3988,"53,85,121,140",0.032768,1.7473,0.032567,1.7448,event_frames_full/E00270_00h28m16s600ms_abrupt_change.jpg,event_crops/E00270_00h28m16s600ms_abrupt_change_DETAIL.jpg,"268,481,776,842",chunk_02,event_chunks_5fps/chunk_02/event_frames_full/E00270_00h28m16s600ms_abrupt_change.jpg,event_chunks_5fps/chunk_02/event_crops/E00270_00h28m16s600ms_abrupt_change_DETAIL.jpg,GE00669
E00271,1702.8,00:28:22.800,00h28m22s800ms,motion_progress,42570,4019,"126,85,258,140",0.024129,1.5258,0.022991,1.4505,event_frames_full/E00271_00h28m22s800ms_motion_progress.jpg,event_crops/E00271_00h28m22s800ms_motion_progress_DETAIL.jpg,"706,481,1598,842",chunk_02,event_chunks_5fps/chunk_02/event_frames_full/E00271_00h28m22s800ms_motion_progress.jpg,event_chunks_5fps/chunk_02/event_crops/E00271_00h28m22s800ms_motion_progress_DETAIL.jpg,GE00670
E00272,1704.4,00:28:24.400,00h28m24s400ms,motion_progress,42610,4027,"190,97,256,115",0.024732,1.5868,0.024732,1.5732,event_frames_full/E00272_00h28m24s400ms_motion_progress.jpg,event_crops/E00272_00h28m24s400ms_motion_progress_DETAIL.jpg,"1090,553,1586,721",chunk_02,event_chunks_5fps/chunk_02/event_frames_full/E00272_00h28m24s400ms_motion_progress.jpg,event_chunks_5fps/chunk_02/event_crops/E00272_00h28m24s400ms_motion_progress_DETAIL.jpg,GE00671
E00273,1705.4,00:28:25.400,00h28m25s400ms,motion_progress,42635,4032,"190,98,258,140",0.038817,2.5121,0.024821,1.8861,event_frames_full/E00273_00h28m25s400ms_motion_progress.jpg,event_crops/E00273_00h28m25s400ms_motion_progress_DETAIL.jpg,"1090,559,1598,842",chunk_02,event_chunks_5fps/chunk_02/event_frames_full/E00273_00h28m25s400ms_motion_progress.jpg,event_chunks_5fps/chunk_02/event_crops/E00273_00h28m25s400ms_motion_progress_DETAIL.jpg,GE00672
E00274,1706.2,00:28:26.200,00h28m26s200ms,stable_change,42655,4036,"190,94,258,140",0.020134,1.4029,0.000268,0.0172,event_frames_full/E00274_00h28m26s200ms_stable_change.jpg,event_crops/E00274_00h28m26s200ms_stable_change_DETAIL.jpg,"1090,535,1598,842",chunk_02,event_chunks_5fps/chunk_02/event_frames_full/E00274_00h28m26s200ms_stable_change.jpg,event_chunks_5fps/chunk_02/event_crops/E00274_00h28m26s200ms_stable_change_DETAIL.jpg,GE00673
E00275,1707.2,00:28:27.200,00h28m27s200ms,motion_progress,42680,4041,"53,51,121,86",0.024308,1.5721,0.024308,1.5567,event_frames_full/E00275_00h28m27s200ms_motion_progress.jpg,event_crops/E00275_00h28m27s200ms_motion_progress_DETAIL.jpg,"268,276,776,547",chunk_02,event_chunks_5fps/chunk_02/event_frames_full/E00275_00h28m27s200ms_motion_progress.jpg,event_chunks_5fps/chunk_02/event_crops/E00275_00h28m27s200ms_motion_progress_DETAIL.jpg,GE00674
E00276,1708.2,00:28:28.200,00h28m28s200ms,stable_change,42705,4046,"53,57,118,97",0.028772,1.8453,0.0,0.0136,event_frames_full/E00276_00h28m28s200ms_stable_change.jpg,event_crops/E00276_00h28m28s200ms_stable_change_DETAIL.jpg,"268,312,758,613",chunk_02,event_chunks_5fps/chunk_02/event_frames_full/E00276_00h28m28s200ms_stable_change.jpg,event_chunks_5fps/chunk_02/event_crops/E00276_00h28m28s200ms_stable_change_DETAIL.jpg,GE00675
E00277,1709.2,00:28:29.200,00h28m29s200ms,motion_progress,42730,4051,"53,87,118,102",0.020067,1.4514,0.020067,1.4462,event_frames_full/E00277_00h28m29s200ms_motion_progress.jpg,event_crops/E00277_00h28m29s200ms_motion_progress_DETAIL.jpg,"268,493,758,643",chunk_02,event_chunks_5fps/chunk_02/event_frames_full/E00277_00h28m29s200ms_motion_progress.jpg,event_chunks_5fps/chunk_02/event_crops/E00277_00h28m29s200ms_motion_progress_DETAIL.jpg,GE00676
E00278,1710.2,00:28:30.200,00h28m30s200ms,stable_change,42755,4056,"53,58,211,105",0.027879,1.4321,0.0,0.006,event_frames_full/E00278_00h28m30s200ms_stable_change.jpg,event_crops/E00278_00h28m30s200ms_stable_change_DETAIL.jpg,"268,318,1316,661",chunk_02,event_chunks_5fps/chunk_02/event_frames_full/E00278_00h28m30s200ms_stable_change.jpg,event_chunks_5fps/chunk_02/event_crops/E00278_00h28m30s200ms_stable_change_DETAIL.jpg,GE00677
E00279,1711.6,00:28:31.600,00h28m31s600ms,abrupt_change,42790,4063,"37,0,320,140",0.164107,12.3933,0.164107,12.3886,event_frames_full/E00279_00h28m31s600ms_abrupt_change.jpg,,,chunk_02,event_chunks_5fps/chunk_02/event_frames_full/E00279_00h28m31s600ms_abrupt_change.jpg,,GE00678
E00280,1712.2,00:28:32.200,00h28m32s200ms,stable_change,42805,4066,"38,0,320,140",0.082946,4.0452,0.0,0.1183,event_frames_full/E00280_00h28m32s200ms_stable_change.jpg,,,chunk_02,event_chunks_5fps/chunk_02/event_frames_full/E00280_00h28m32s200ms_stable_change.jpg,,GE00679
E00281,1717.2,00:28:37.200,00h28m37s200ms,abrupt_change,42930,4091,"49,2,320,138",0.101362,3.9454,0.104196,3.953,event_frames_full/E00281_00h28m37s200ms_abrupt_change.jpg,,,chunk_02,event_chunks_5fps/chunk_02/event_frames_full/E00281_00h28m37s200ms_abrupt_change.jpg,,GE00680
E00282,1722.4,00:28:42.400,00h28m42s400ms,abrupt_change,43060,4117,"53,56,258,103",0.077321,4.4227,0.077009,4.156,event_frames_full/E00282_00h28m42s400ms_abrupt_change.jpg,event_crops/E00282_00h28m42s400ms_abrupt_change_DETAIL.jpg,"268,306,1598,649",chunk_02,event_chunks_5fps/chunk_02/event_frames_full/E00282_00h28m42s400ms_abrupt_change.jpg,event_chunks_5fps/chunk_02/event_crops/E00282_00h28m42s400ms_abrupt_change_DETAIL.jpg,GE00681
E00283,1723.4,00:28:43.400,00h28m43s400ms,abrupt_change,43085,4122,"53,59,256,77",0.081339,6.4852,0.081317,6.4832,event_frames_full/E00283_00h28m43s400ms_abrupt_change.jpg,event_crops/E00283_00h28m43s400ms_abrupt_change_DETAIL.jpg,"268,324,1586,493",chunk_02,event_chunks_5fps/chunk_02/event_frames_full/E00283_00h28m43s400ms_abrupt_change.jpg,event_chunks_5fps/chunk_02/event_crops/E00283_00h28m43s400ms_abrupt_change_DETAIL.jpg,GE00682
E00284,1724.0,00:28:44.000,00h28m44s000ms,abrupt_change,43100,4125,"53,67,256,84",0.07683,6.3267,0.07683,6.3265,event_frames_full/E00284_00h28m44s000ms_abrupt_change.jpg,event_crops/E00284_00h28m44s000ms_abrupt_change_DETAIL.jpg,"268,372,1586,535",chunk_02,event_chunks_5fps/chunk_02/event_frames_full/E00284_00h28m44s000ms_abrupt_change.jpg,event_chunks_5fps/chunk_02/event_crops/E00284_00h28m44s000ms_abrupt_change_DETAIL.jpg,GE00683
E00285,1724.6,00:28:44.600,00h28m44s600ms,abrupt_change,43115,4128,"53,59,256,86",0.062835,4.5158,0.062835,4.5158,event_frames_full/E00285_00h28m44s600ms_abrupt_change.jpg,event_crops/E00285_00h28m44s600ms_abrupt_change_DETAIL.jpg,"268,324,1586,547",chunk_02,event_chunks_5fps/chunk_02/event_frames_full/E00285_00h28m44s600ms_abrupt_change.jpg,event_chunks_5fps/chunk_02/event_crops/E00285_00h28m44s600ms_abrupt_change_DETAIL.jpg,GE00684
E00286,1725.0,00:28:45.000,00h28m45s000ms,abrupt_change,43125,4130,"53,59,256,99",0.062902,4.5444,0.090223,7.3638,event_frames_full/E00286_00h28m45s000ms_abrupt_change.jpg,event_crops/E00286_00h28m45s000ms_abrupt_change_DETAIL.jpg,"268,324,1586,625",chunk_02,event_chunks_5fps/chunk_02/event_frames_full/E00286_00h28m45s000ms_abrupt_change.jpg,event_chunks_5fps/chunk_02/event_crops/E00286_00h28m45s000ms_abrupt_change_DETAIL.jpg,GE00685
E00287,1725.6,00:28:45.600,00h28m45s600ms,abrupt_change,43140,4133,"53,67,256,99",0.090201,7.2634,0.07683,6.3278,event_frames_full/E00287_00h28m45s600ms_abrupt_change.jpg,event_crops/E00287_00h28m45s600ms_abrupt_change_DETAIL.jpg,"268,372,1586,625",chunk_02,event_chunks_5fps/chunk_02/event_frames_full/E00287_00h28m45s600ms_abrupt_change.jpg,event_chunks_5fps/chunk_02/event_crops/E00287_00h28m45s600ms_abrupt_change_DETAIL.jpg,GE00686
E00288,1726.0,00:28:46.000,00h28m46s000ms,abrupt_change,43150,4135,"53,59,256,77",0.081317,6.4785,0.081317,6.4785,event_frames_full/E00288_00h28m46s000ms_abrupt_change.jpg,event_crops/E00288_00h28m46s000ms_abrupt_change_DETAIL.jpg,"268,324,1586,493",chunk_02,event_chunks_5fps/chunk_02/event_frames_full/E00288_00h28m46s000ms_abrupt_change.jpg,event_chunks_5fps/chunk_02/event_crops/E00288_00h28m46s000ms_abrupt_change_DETAIL.jpg,GE00687
E00289,1728.6,00:28:48.600,00h28m48s600ms,abrupt_change,43215,4148,"53,55,257,103",0.078817,4.2433,0.07817,4.2071,event_frames_full/E00289_00h28m48s600ms_abrupt_change.jpg,event_crops/E00289_00h28m48s600ms_abrupt_change_DETAIL.jpg,"268,300,1592,649",chunk_02,event_chunks_5fps/chunk_02/event_frames_full/E00289_00h28m48s600ms_abrupt_change.jpg,event_chunks_5fps/chunk_02/event_crops/E00289_00h28m48s600ms_abrupt_change_DETAIL.jpg,GE00688
E00290,1748.8,00:29:08.800,00h29m08s800ms,abrupt_change,43720,4249,"54,3,320,127",0.069464,3.2002,0.081964,3.6367,event_frames_full/E00290_00h29m08s800ms_abrupt_change.jpg,event_crops/E00290_00h29m08s800ms_abrupt_change_DETAIL.jpg,"274,0,1920,793",chunk_02,event_chunks_5fps/chunk_02/event_frames_full/E00290_00h29m08s800ms_abrupt_change.jpg,event_chunks_5fps/chunk_02/event_crops/E00290_00h29m08s800ms_abrupt_change_DETAIL.jpg,GE00689
E00291,1749.4,00:29:09.400,00h29m09s400ms,stable_change,43735,4252,"37,0,320,140",0.119129,7.9919,0.0,0.0095,event_frames_full/E00291_00h29m09s400ms_stable_change.jpg,,,chunk_02,event_chunks_5fps/chunk_02/event_frames_full/E00291_00h29m09s400ms_stable_change.jpg,,GE00690
E00292,1752.0,00:29:12.000,00h29m12s000ms,abrupt_change,43800,4265,"37,0,320,140",0.731496,61.6224,0.730804,61.3225,event_frames_full/E00292_00h29m12s000ms_abrupt_change.jpg,,,chunk_02,event_chunks_5fps/chunk_02/event_frames_full/E00292_00h29m12s000ms_abrupt_change.jpg,,GE00691
E00293,1752.4,00:29:12.400,00h29m12s400ms,abrupt_change,43810,4267,"0,0,320,140",0.956473,89.3082,0.956473,89.3082,event_frames_full/E00293_00h29m12s400ms_abrupt_change.jpg,,,chunk_02,event_chunks_5fps/chunk_02/event_frames_full/E00293_00h29m12s400ms_abrupt_change.jpg,,GE00692
E00294,1753.6,00:29:13.600,00h29m13s600ms,abrupt_change,43840,4273,"27,36,320,132",0.033371,2.6703,0.033348,2.6592,event_frames_full/E00294_00h29m13s600ms_abrupt_change.jpg,event_crops/E00294_00h29m13s600ms_abrupt_change_DETAIL.jpg,"112,186,1920,823",chunk_02,event_chunks_5fps/chunk_02/event_frames_full/E00294_00h29m13s600ms_abrupt_change.jpg,event_chunks_5fps/chunk_02/event_crops/E00294_00h29m13s600ms_abrupt_change_DETAIL.jpg,GE00693
E00295,1754.0,00:29:14.000,00h29m14s000ms,abrupt_change,43850,4275,"25,18,320,132",0.119955,7.3842,0.102076,6.1405,event_frames_full/E00295_00h29m14s000ms_abrupt_change.jpg,,,chunk_02,event_chunks_5fps/chunk_02/event_frames_full/E00295_00h29m14s000ms_abrupt_change.jpg,,GE00694
E00296,1755.0,00:29:15.000,00h29m15s000ms,stable_change,43875,4280,"0,45,108,85",0.01221,1.2073,0.003147,0.1115,event_frames_full/E00296_00h29m15s000ms_stable_change.jpg,event_crops/E00296_00h29m15s000ms_stable_change_DETAIL.jpg,"0,240,698,541",chunk_02,event_chunks_5fps/chunk_02/event_frames_full/E00296_00h29m15s000ms_stable_change.jpg,event_chunks_5fps/chunk_02/event_crops/E00296_00h29m15s000ms_stable_change_DETAIL.jpg,GE00695
E00297,1755.6,00:29:15.600,00h29m15s600ms,abrupt_change,43890,4283,"0,19,320,135",0.136228,7.9946,0.129286,7.4389,event_frames_full/E00297_00h29m15s600ms_abrupt_change.jpg,,,chunk_02,event_chunks_5fps/chunk_02/event_frames_full/E00297_00h29m15s600ms_abrupt_change.jpg,,GE00696
E00298,1758.4,00:29:18.400,00h29m18s400ms,settled,43960,4297,"0,45,52,88",0.01183,1.0894,0.000201,0.0442,event_frames_full/E00298_00h29m18s400ms_settled.jpg,event_crops/E00298_00h29m18s400ms_settled_DETAIL.jpg,"0,240,362,559",chunk_02,event_chunks_5fps/chunk_02/event_frames_full/E00298_00h29m18s400ms_settled.jpg,event_chunks_5fps/chunk_02/event_crops/E00298_00h29m18s400ms_settled_DETAIL.jpg,GE00697
E00299,1759.4,00:29:19.400,00h29m19s400ms,abrupt_change,43985,4302,"0,2,320,140",0.114308,7.3556,0.113214,7.1673,event_frames_full/E00299_00h29m19s400ms_abrupt_change.jpg,,,chunk_02,event_chunks_5fps/chunk_02/event_frames_full/E00299_00h29m19s400ms_abrupt_change.jpg,,GE00698
E00300,1760.0,00:29:20.000,00h29m20s000ms,stable_change,44000,4305,"2,2,281,121",0.057388,3.3117,0.000446,0.0511,event_frames_full/E00300_00h29m20s000ms_stable_change.jpg,event_crops/E00300_00h29m20s000ms_stable_change_DETAIL.jpg,"0,0,1736,757",chunk_02,event_chunks_5fps/chunk_02/event_frames_full/E00300_00h29m20s000ms_stable_change.jpg,event_chunks_5fps/chunk_02/event_crops/E00300_00h29m20s000ms_stable_change_DETAIL.jpg,GE00699
E00301,1760.4,00:29:20.400,00h29m20s400ms,abrupt_change,44010,4307,"28,42,306,79",0.026652,1.9944,0.051027,2.7099,event_frames_full/E00301_00h29m20s400ms_abrupt_change.jpg,event_crops/E00301_00h29m20s400ms_abrupt_change_DETAIL.jpg,"118,222,1886,505",chunk_02,event_chunks_5fps/chunk_02/event_frames_full/E00301_00h29m20s400ms_abrupt_change.jpg,event_chunks_5fps/chunk_02/event_crops/E00301_00h29m20s400ms_abrupt_change_DETAIL.jpg,GE00700
E00302,1761.2,00:29:21.200,00h29m21s200ms,abrupt_change,44030,4311,"4,2,320,140",0.142545,8.1377,0.142545,8.1378,event_frames_full/E00302_00h29m21s200ms_abrupt_change.jpg,,,chunk_02,event_chunks_5fps/chunk_02/event_frames_full/E00302_00h29m21s200ms_abrupt_change.jpg,,GE00701
E00303,1762.0,00:29:22.000,00h29m22s000ms,abrupt_change,44050,4315,"0,19,320,140",0.19625,9.2264,0.191808,8.9285,event_frames_full/E00303_00h29m22s000ms_abrupt_change.jpg,,,chunk_02,event_chunks_5fps/chunk_02/event_frames_full/E00303_00h29m22s000ms_abrupt_change.jpg,,GE00702
E00304,1762.8,00:29:22.800,00h29m22s800ms,stable_change,44070,4319,"28,24,320,140",0.264509,11.571,0.0,0.0064,event_frames_full/E00304_00h29m22s800ms_stable_change.jpg,event_crops/E00304_00h29m22s800ms_stable_change_DETAIL.jpg,"118,114,1920,842",chunk_02,event_chunks_5fps/chunk_02/event_frames_full/E00304_00h29m22s800ms_stable_change.jpg,event_chunks_5fps/chunk_02/event_crops/E00304_00h29m22s800ms_stable_change_DETAIL.jpg,GE00703
E00305,1764.4,00:29:24.400,00h29m24s400ms,settled,44110,4327,"36,61,63,81",0.00433,0.2979,0.0,0.0,event_frames_full/E00305_00h29m24s400ms_settled.jpg,event_crops/E00305_00h29m24s400ms_settled_DETAIL.jpg,"166,336,428,517",chunk_02,event_chunks_5fps/chunk_02/event_frames_full/E00305_00h29m24s400ms_settled.jpg,event_chunks_5fps/chunk_02/event_crops/E00305_00h29m24s400ms_settled_DETAIL.jpg,GE00704
E00306,1764.8,00:29:24.800,00h29m24s800ms,abrupt_change,44120,4329,"0,0,320,140",0.952634,25.426,0.952634,25.426,event_frames_full/E00306_00h29m24s800ms_abrupt_change.jpg,,,chunk_02,event_chunks_5fps/chunk_02/event_frames_full/E00306_00h29m24s800ms_abrupt_change.jpg,,GE00705
E00307,1765.2,00:29:25.200,00h29m25s200ms,abrupt_change,44130,4331,"0,0,320,140",0.94942,81.5453,0.163438,7.9935,event_frames_full/E00307_00h29m25s200ms_abrupt_change.jpg,,,chunk_02,event_chunks_5fps/chunk_02/event_frames_full/E00307_00h29m25s200ms_abrupt_change.jpg,,GE00706
E00308,1768.4,00:29:28.400,00h29m28s400ms,abrupt_change,44210,4347,"0,0,320,140",0.961451,67.2711,0.961451,66.8983,event_frames_full/E00308_00h29m28s400ms_abrupt_change.jpg,,,chunk_02,event_chunks_5fps/chunk_02/event_frames_full/E00308_00h29m28s400ms_abrupt_change.jpg,,GE00707
E00309,1769.0,00:29:29.000,00h29m29s000ms,abrupt_change,44225,4350,"0,0,320,140",0.962589,170.475,0.870246,104.7153,event_frames_full/E00309_00h29m29s000ms_abrupt_change.jpg,,,chunk_02,event_chunks_5fps/chunk_02/event_frames_full/E00309_00h29m29s000ms_abrupt_change.jpg,,GE00708
E00310,1769.6,00:29:29.600,00h29m29s600ms,abrupt_change,44240,4353,"0,0,320,140",0.958661,117.7322,0.958214,118.8495,event_frames_full/E00310_00h29m29s600ms_abrupt_change.jpg,,,chunk_02,event_chunks_5fps/chunk_02/event_frames_full/E00310_00h29m29s600ms_abrupt_change.jpg,,GE00709
E00311,1770.0,00:29:30.000,00h29m30s000ms,abrupt_change,44250,4355,"0,0,318,140",0.958214,118.9749,0.958214,119.0161,event_frames_full/E00311_00h29m30s000ms_abrupt_change.jpg,,,chunk_02,event_chunks_5fps/chunk_02/event_frames_full/E00311_00h29m30s000ms_abrupt_change.jpg,,GE00710
E00312,1770.8,00:29:30.800,00h29m30s800ms,abrupt_change,44270,4359,"27,12,320,140",0.104063,6.7377,0.104219,6.7679,event_frames_full/E00312_00h29m30s800ms_abrupt_change.jpg,,,chunk_02,event_chunks_5fps/chunk_02/event_frames_full/E00312_00h29m30s800ms_abrupt_change.jpg,,GE00711
E00313,1771.4,00:29:31.400,00h29m31s400ms,stable_change,44285,4362,"27,12,320,137",0.082187,5.3432,0.0,0.0044,event_frames_full/E00313_00h29m31s400ms_stable_change.jpg,,,chunk_02,event_chunks_5fps/chunk_02/event_frames_full/E00313_00h29m31s400ms_stable_change.jpg,,GE00712
E00314,1772.8,00:29:32.800,00h29m32s800ms,abrupt_change,44320,4369,"0,0,320,140",0.959286,118.6261,0.959286,118.4676,event_frames_full/E00314_00h29m32s800ms_abrupt_change.jpg,,,chunk_02,event_chunks_5fps/chunk_02/event_frames_full/E00314_00h29m32s800ms_abrupt_change.jpg,,GE00713
E00315,1773.2,00:29:33.200,00h29m33s200ms,abrupt_change,44330,4371,"72,4,320,140",0.521205,60.0341,0.521205,60.0341,event_frames_full/E00315_00h29m33s200ms_abrupt_change.jpg,event_crops/E00315_00h29m33s200ms_abrupt_change_DETAIL.jpg,"382,0,1920,842",chunk_02,event_chunks_5fps/chunk_02/event_frames_full/E00315_00h29m33s200ms_abrupt_change.jpg,event_chunks_5fps/chunk_02/event_crops/E00315_00h29m33s200ms_abrupt_change_DETAIL.jpg,GE00714
E00316,1773.6,00:29:33.600,00h29m33s600ms,abrupt_change,44340,4373,"73,0,320,136",0.115223,5.8222,0.124844,6.5151,event_frames_full/E00316_00h29m33s600ms_abrupt_change.jpg,event_crops/E00316_00h29m33s600ms_abrupt_change_DETAIL.jpg,"388,0,1920,842",chunk_02,event_chunks_5fps/chunk_02/event_frames_full/E00316_00h29m33s600ms_abrupt_change.jpg,event_chunks_5fps/chunk_02/event_crops/E00316_00h29m33s600ms_abrupt_change_DETAIL.jpg,GE00715
E00317,1774.2,00:29:34.200,00h29m34s200ms,abrupt_change,44355,4376,"73,0,320,123",0.080714,4.9723,0.052344,2.5996,event_frames_full/E00317_00h29m34s200ms_abrupt_change.jpg,event_crops/E00317_00h29m34s200ms_abrupt_change_DETAIL.jpg,"388,0,1920,769",chunk_02,event_chunks_5fps/chunk_02/event_frames_full/E00317_00h29m34s200ms_abrupt_change.jpg,event_chunks_5fps/chunk_02/event_crops/E00317_00h29m34s200ms_abrupt_change_DETAIL.jpg,GE00716
E00318,1775.0,00:29:35.000,00h29m35s000ms,settled,44375,4380,"92,0,233,27",0.00596,0.7427,0.0,0.0,event_frames_full/E00318_00h29m35s000ms_settled.jpg,event_crops/E00318_00h29m35s000ms_settled_DETAIL.jpg,"502,0,1448,192",chunk_02,event_chunks_5fps/chunk_02/event_frames_full/E00318_00h29m35s000ms_settled.jpg,event_chunks_5fps/chunk_02/event_crops/E00318_00h29m35s000ms_settled_DETAIL.jpg,GE00717
E00319,1776.6,00:29:36.600,00h29m36s600ms,settled,44415,4388,"106,42,320,137",0.008036,0.3819,0.0,0.0,event_frames_full/E00319_00h29m36s600ms_settled.jpg,event_crops/E00319_00h29m36s600ms_settled_DETAIL.jpg,"586,222,1920,842",chunk_02,event_chunks_5fps/chunk_02/event_frames_full/E00319_00h29m36s600ms_settled.jpg,event_chunks_5fps/chunk_02/event_crops/E00319_00h29m36s600ms_settled_DETAIL.jpg,GE00718
E00320,1777.6,00:29:37.600,00h29m37s600ms,abrupt_change,44440,4393,"106,42,320,137",0.029196,2.005,0.049621,3.5322,event_frames_full/E00320_00h29m37s600ms_abrupt_change.jpg,event_crops/E00320_00h29m37s600ms_abrupt_change_DETAIL.jpg,"586,222,1920,842",chunk_02,event_chunks_5fps/chunk_02/event_frames_full/E00320_00h29m37s600ms_abrupt_change.jpg,event_chunks_5fps/chunk_02/event_crops/E00320_00h29m37s600ms_abrupt_change_DETAIL.jpg,GE00719
E00321,1778.2,00:29:38.200,00h29m38s200ms,stable_change,44455,4396,"165,49,229,65",0.022388,1.6001,0.0,0.0,event_frames_full/E00321_00h29m38s200ms_stable_change.jpg,event_crops/E00321_00h29m38s200ms_stable_change_DETAIL.jpg,"940,264,1424,420",chunk_02,event_chunks_5fps/chunk_02/event_frames_full/E00321_00h29m38s200ms_stable_change.jpg,event_chunks_5fps/chunk_02/event_crops/E00321_00h29m38s200ms_stable_change_DETAIL.jpg,GE00720
E00322,1782.4,00:29:42.400,00h29m42s400ms,abrupt_change,44560,4417,"80,0,320,138",0.062076,2.9534,0.061853,2.9117,event_frames_full/E00322_00h29m42s400ms_abrupt_change.jpg,event_crops/E00322_00h29m42s400ms_abrupt_change_DETAIL.jpg,"430,0,1920,842",chunk_02,event_chunks_5fps/chunk_02/event_frames_full/E00322_00h29m42s400ms_abrupt_change.jpg,event_chunks_5fps/chunk_02/event_crops/E00322_00h29m42s400ms_abrupt_change_DETAIL.jpg,GE00721
E00323,1783.8,00:29:43.800,00h29m43s800ms,motion_progress,44595,4424,"85,0,320,130",0.026027,1.3915,0.026027,1.3815,event_frames_full/E00323_00h29m43s800ms_motion_progress.jpg,event_crops/E00323_00h29m43s800ms_motion_progress_DETAIL.jpg,"460,0,1920,811",chunk_02,event_chunks_5fps/chunk_02/event_frames_full/E00323_00h29m43s800ms_motion_progress.jpg,event_chunks_5fps/chunk_02/event_crops/E00323_00h29m43s800ms_motion_progress_DETAIL.jpg,GE00722
E00324,1784.4,00:29:44.400,00h29m44s400ms,stable_change,44610,4427,"97,6,320,131",0.025781,1.265,0.0,0.0206,event_frames_full/E00324_00h29m44s400ms_stable_change.jpg,event_crops/E00324_00h29m44s400ms_stable_change_DETAIL.jpg,"532,6,1920,817",chunk_02,event_chunks_5fps/chunk_02/event_frames_full/E00324_00h29m44s400ms_stable_change.jpg,event_chunks_5fps/chunk_02/event_crops/E00324_00h29m44s400ms_stable_change_DETAIL.jpg,GE00723
E00325,1785.2,00:29:45.200,00h29m45s200ms,abrupt_change,44630,4431,"96,17,320,134",0.020223,1.1425,0.03308,1.2369,event_frames_full/E00325_00h29m45s200ms_abrupt_change.jpg,event_crops/E00325_00h29m45s200ms_abrupt_change_DETAIL.jpg,"526,72,1920,835",chunk_02,event_chunks_5fps/chunk_02/event_frames_full/E00325_00h29m45s200ms_abrupt_change.jpg,event_chunks_5fps/chunk_02/event_crops/E00325_00h29m45s200ms_abrupt_change_DETAIL.jpg,GE00724
E00326,1785.6,00:29:45.600,00h29m45s600ms,abrupt_change,44640,4433,"72,3,320,140",0.060134,4.6954,0.061696,4.3773,event_frames_full/E00326_00h29m45s600ms_abrupt_change.jpg,event_crops/E00326_00h29m45s600ms_abrupt_change_DETAIL.jpg,"382,0,1920,842",chunk_02,event_chunks_5fps/chunk_02/event_frames_full/E00326_00h29m45s600ms_abrupt_change.jpg,event_chunks_5fps/chunk_02/event_crops/E00326_00h29m45s600ms_abrupt_change_DETAIL.jpg,GE00725
E00327,1788.6,00:29:48.600,00h29m48s600ms,abrupt_change,44715,4448,"33,0,320,140",0.514643,36.3981,0.513661,36.3459,event_frames_full/E00327_00h29m48s600ms_abrupt_change.jpg,,,chunk_02,event_chunks_5fps/chunk_02/event_frames_full/E00327_00h29m48s600ms_abrupt_change.jpg,,GE00726
E00328,1789.0,00:29:49.000,00h29m49s000ms,abrupt_change,44725,4450,"0,0,320,140",0.958259,92.685,0.958259,92.685,event_frames_full/E00328_00h29m49s000ms_abrupt_change.jpg,,,chunk_02,event_chunks_5fps/chunk_02/event_frames_full/E00328_00h29m49s000ms_abrupt_change.jpg,,GE00727
E00329,1789.4,00:29:49.400,00h29m49s400ms,abrupt_change,44735,4452,"27,14,320,107",0.105625,4.0517,0.105625,4.0512,event_frames_full/E00329_00h29m49s400ms_abrupt_change.jpg,event_crops/E00329_00h29m49s400ms_abrupt_change_DETAIL.jpg,"112,54,1920,673",chunk_02,event_chunks_5fps/chunk_02/event_frames_full/E00329_00h29m49s400ms_abrupt_change.jpg,event_chunks_5fps/chunk_02/event_crops/E00329_00h29m49s400ms_abrupt_change_DETAIL.jpg,GE00728
E00330,1790.0,00:29:50.000,00h29m50s000ms,stable_change,44750,4455,"31,18,320,91",0.066094,2.2207,0.0,0.0,event_frames_full/E00330_00h29m50s000ms_stable_change.jpg,event_crops/E00330_00h29m50s000ms_stable_change_DETAIL.jpg,"136,78,1920,577",chunk_02,event_chunks_5fps/chunk_02/event_frames_full/E00330_00h29m50s000ms_stable_change.jpg,event_chunks_5fps/chunk_02/event_crops/E00330_00h29m50s000ms_stable_change_DETAIL.jpg,GE00729
E00331,1792.4,00:29:52.400,00h29m52s400ms,abrupt_change,44810,4467,"32,16,320,138",0.093973,3.0754,0.095826,3.2323,event_frames_full/E00331_00h29m52s400ms_abrupt_change.jpg,,,chunk_02,event_chunks_5fps/chunk_02/event_frames_full/E00331_00h29m52s400ms_abrupt_change.jpg,,GE00730
E00332,1793.0,00:29:53.000,00h29m53s000ms,abrupt_change,44825,4470,"32,16,320,138",0.114732,3.8146,0.080915,2.6663,event_frames_full/E00332_00h29m53s000ms_abrupt_change.jpg,,,chunk_02,event_chunks_5fps/chunk_02/event_frames_full/E00332_00h29m53s000ms_abrupt_change.jpg,,GE00731
E00333,1793.6,00:29:53.600,00h29m53s600ms,stable_change,44840,4473,"32,36,320,128",0.06846,2.1683,0.0,0.0037,event_frames_full/E00333_00h29m53s600ms_stable_change.jpg,event_crops/E00333_00h29m53s600ms_stable_change_DETAIL.jpg,"142,186,1920,799",chunk_02,event_chunks_5fps/chunk_02/event_frames_full/E00333_00h29m53s600ms_stable_change.jpg,event_chunks_5fps/chunk_02/event_crops/E00333_00h29m53s600ms_stable_change_DETAIL.jpg,GE00732
E00334,1795.0,00:29:55.000,00h29m55s000ms,abrupt_change,44875,4480,"32,26,320,140",0.084687,2.8536,0.084621,2.8445,event_frames_full/E00334_00h29m55s000ms_abrupt_change.jpg,event_crops/E00334_00h29m55s000ms_abrupt_change_DETAIL.jpg,"142,126,1920,842",chunk_02,event_chunks_5fps/chunk_02/event_frames_full/E00334_00h29m55s000ms_abrupt_change.jpg,event_chunks_5fps/chunk_02/event_crops/E00334_00h29m55s000ms_abrupt_change_DETAIL.jpg,GE00733
E00335,1795.6,00:29:55.600,00h29m55s600ms,stable_change,44890,4483,"33,12,320,140",0.08692,3.6042,0.0,0.0269,event_frames_full/E00335_00h29m55s600ms_stable_change.jpg,,,chunk_02,event_chunks_5fps/chunk_02/event_frames_full/E00335_00h29m55s600ms_stable_change.jpg,,GE00734
E00336,1798.6,00:29:58.600,00h29m58s600ms,settled,44965,4498,"0,45,49,83",0.01067,0.6034,0.0,0.0,event_frames_full/E00336_00h29m58s600ms_settled.jpg,event_crops/E00336_00h29m58s600ms_settled_DETAIL.jpg,"0,240,344,529",chunk_02,event_chunks_5fps/chunk_02/event_frames_full/E00336_00h29m58s600ms_settled.jpg,event_chunks_5fps/chunk_02/event_crops/E00336_00h29m58s600ms_settled_DETAIL.jpg,GE00735
E00002,1803.4,00:30:03.400,00h30m03s400ms,abrupt_change,45085,22,"0,2,320,140",0.082344,5.8222,0.08221,5.834,event_frames_full/E00002_00h30m03s400ms_abrupt_change.jpg,,,chunk_03,event_chunks_5fps/chunk_03/event_frames_full/E00002_00h30m03s400ms_abrupt_change.jpg,,GE00736
E00003,1803.8,00:30:03.800,00h30m03s800ms,abrupt_change,45095,24,"3,2,281,119",0.054085,3.3458,0.041518,2.2258,event_frames_full/E00003_00h30m03s800ms_abrupt_change.jpg,event_crops/E00003_00h30m03s800ms_abrupt_change_DETAIL.jpg,"0,0,1736,745",chunk_03,event_chunks_5fps/chunk_03/event_frames_full/E00003_00h30m03s800ms_abrupt_change.jpg,event_chunks_5fps/chunk_03/event_crops/E00003_00h30m03s800ms_abrupt_change_DETAIL.jpg,GE00737
E00004,1804.2,00:30:04.200,00h30m04s200ms,abrupt_change,45105,26,"2,3,305,106",0.042076,2.2284,0.041027,2.1922,event_frames_full/E00004_00h30m04s200ms_abrupt_change.jpg,event_crops/E00004_00h30m04s200ms_abrupt_change_DETAIL.jpg,"0,0,1880,667",chunk_03,event_chunks_5fps/chunk_03/event_frames_full/E00004_00h30m04s200ms_abrupt_change.jpg,event_chunks_5fps/chunk_03/event_crops/E00004_00h30m04s200ms_abrupt_change_DETAIL.jpg,GE00738
E00005,1804.8,00:30:04.800,00h30m04s800ms,stable_change,45120,29,"28,43,306,79",0.051004,2.6962,0.0,0.0,event_frames_full/E00005_00h30m04s800ms_stable_change.jpg,event_crops/E00005_00h30m04s800ms_stable_change_DETAIL.jpg,"118,228,1886,505",chunk_03,event_chunks_5fps/chunk_03/event_frames_full/E00005_00h30m04s800ms_stable_change.jpg,event_chunks_5fps/chunk_03/event_crops/E00005_00h30m04s800ms_stable_change_DETAIL.jpg,GE00739
E00006,1805.4,00:30:05.400,00h30m05s400ms,stable_change,45135,32,"0,2,320,140",0.14683,8.4283,0.003906,0.1742,event_frames_full/E00006_00h30m05s400ms_stable_change.jpg,,,chunk_03,event_chunks_5fps/chunk_03/event_frames_full/E00006_00h30m05s400ms_stable_change.jpg,,GE00740
E00007,1807.0,00:30:07.000,00h30m07s000ms,settled,45175,40,"36,83,63,102",0.004643,0.323,0.0,0.0013,event_frames_full/E00007_00h30m07s000ms_settled.jpg,event_crops/E00007_00h30m07s000ms_settled_DETAIL.jpg,"166,469,428,643",chunk_03,event_chunks_5fps/chunk_03/event_frames_full/E00007_00h30m07s000ms_settled.jpg,event_chunks_5fps/chunk_03/event_crops/E00007_00h30m07s000ms_settled_DETAIL.jpg,GE00741
E00008,1808.0,00:30:08.000,00h30m08s000ms,abrupt_change,45200,45,"0,0,320,140",0.959286,114.2258,0.959286,114.2398,event_frames_full/E00008_00h30m08s000ms_abrupt_change.jpg,,,chunk_03,event_chunks_5fps/chunk_03/event_frames_full/E00008_00h30m08s000ms_abrupt_change.jpg,,GE00742
E00009,1808.4,00:30:08.400,00h30m08s400ms,abrupt_change,45210,47,"37,5,320,140",0.724129,80.2664,0.724129,80.2664,event_frames_full/E00009_00h30m08s400ms_abrupt_change.jpg,,,chunk_03,event_chunks_5fps/chunk_03/event_frames_full/E00009_00h30m08s400ms_abrupt_change.jpg,,GE00743
E00010,1810.4,00:30:10.400,00h30m10s400ms,abrupt_change,45260,57,"51,65,263,140",0.052991,3.0279,0.052723,2.9256,event_frames_full/E00010_00h30m10s400ms_abrupt_change.jpg,event_crops/E00010_00h30m10s400ms_abrupt_change_DETAIL.jpg,"256,360,1628,842",chunk_03,event_chunks_5fps/chunk_03/event_frames_full/E00010_00h30m10s400ms_abrupt_change.jpg,event_chunks_5fps/chunk_03/event_crops/E00010_00h30m10s400ms_abrupt_change_DETAIL.jpg,GE00744
E00011,1810.8,00:30:10.800,00h30m10s800ms,abrupt_change,45270,59,"51,66,320,140",0.048661,2.644,0.056585,3.2915,event_frames_full/E00011_00h30m10s800ms_abrupt_change.jpg,event_crops/E00011_00h30m10s800ms_abrupt_change_DETAIL.jpg,"256,366,1920,842",chunk_03,event_chunks_5fps/chunk_03/event_frames_full/E00011_00h30m10s800ms_abrupt_change.jpg,event_chunks_5fps/chunk_03/event_crops/E00011_00h30m10s800ms_abrupt_change_DETAIL.jpg,GE00745
E00012,1811.4,00:30:11.400,00h30m11s400ms,abrupt_change,45285,62,"37,0,320,129",0.185201,11.887,0.185134,11.8854,event_frames_full/E00012_00h30m11s400ms_abrupt_change.jpg,,,chunk_03,event_chunks_5fps/chunk_03/event_frames_full/E00012_00h30m11s400ms_abrupt_change.jpg,,GE00746
E00013,1812.0,00:30:12.000,00h30m12s000ms,stable_change,45300,65,"37,0,320,140",0.173125,10.2298,0.002679,0.1424,event_frames_full/E00013_00h30m12s000ms_stable_change.jpg,,,chunk_03,event_chunks_5fps/chunk_03/event_frames_full/E00013_00h30m12s000ms_stable_change.jpg,,GE00747
E00014,1813.2,00:30:13.200,00h30m13s200ms,settled,45330,71,"68,98,118,128",0.013013,0.8775,0.000201,0.0146,event_frames_full/E00014_00h30m13s200ms_settled.jpg,event_crops/E00014_00h30m13s200ms_settled_DETAIL.jpg,"358,559,758,799",chunk_03,event_chunks_5fps/chunk_03/event_frames_full/E00014_00h30m13s200ms_settled.jpg,event_chunks_5fps/chunk_03/event_crops/E00014_00h30m13s200ms_settled_DETAIL.jpg,GE00748
E00015,1815.2,00:30:15.200,00h30m15s200ms,settled,45380,81,"59,89,118,128",0.015871,1.0119,0.0,0.0,event_frames_full/E00015_00h30m15s200ms_settled.jpg,event_crops/E00015_00h30m15s200ms_settled_DETAIL.jpg,"304,505,758,799",chunk_03,event_chunks_5fps/chunk_03/event_frames_full/E00015_00h30m15s200ms_settled.jpg,event_chunks_5fps/chunk_03/event_crops/E00015_00h30m15s200ms_settled_DETAIL.jpg,GE00749
E00016,1870.4,00:31:10.400,00h31m10s400ms,abrupt_change,46760,357,"37,0,320,140",0.244375,16.8748,0.249107,17.0477,event_frames_full/E00016_00h31m10s400ms_abrupt_change.jpg,,,chunk_03,event_chunks_5fps/chunk_03/event_frames_full/E00016_00h31m10s400ms_abrupt_change.jpg,,GE00750
E00017,1872.2,00:31:12.200,00h31m12s200ms,abrupt_change,46805,366,"52,64,263,140",0.037768,2.1798,0.038415,1.7943,event_frames_full/E00017_00h31m12s200ms_abrupt_change.jpg,event_crops/E00017_00h31m12s200ms_abrupt_change_DETAIL.jpg,"262,354,1628,842",chunk_03,event_chunks_5fps/chunk_03/event_frames_full/E00017_00h31m12s200ms_abrupt_change.jpg,event_chunks_5fps/chunk_03/event_crops/E00017_00h31m12s200ms_abrupt_change_DETAIL.jpg,GE00751
E00018,1872.8,00:31:12.800,00h31m12s800ms,stable_change,46820,369,"51,66,320,140",0.055246,2.4794,0.000357,0.0636,event_frames_full/E00018_00h31m12s800ms_stable_change.jpg,event_crops/E00018_00h31m12s800ms_stable_change_DETAIL.jpg,"256,366,1920,842",chunk_03,event_chunks_5fps/chunk_03/event_frames_full/E00018_00h31m12s800ms_stable_change.jpg,event_chunks_5fps/chunk_03/event_crops/E00018_00h31m12s800ms_stable_change_DETAIL.jpg,GE00752
E00019,1873.4,00:31:13.400,00h31m13s400ms,abrupt_change,46835,372,"37,0,320,140",0.282076,18.8944,0.282054,18.8848,event_frames_full/E00019_00h31m13s400ms_abrupt_change.jpg,,,chunk_03,event_chunks_5fps/chunk_03/event_frames_full/E00019_00h31m13s400ms_abrupt_change.jpg,,GE00753
E00020,1900.4,00:31:40.400,00h31m40s400ms,abrupt_change,47510,507,"37,3,320,140",0.214955,13.8569,0.220536,13.8692,event_frames_full/E00020_00h31m40s400ms_abrupt_change.jpg,,,chunk_03,event_chunks_5fps/chunk_03/event_frames_full/E00020_00h31m40s400ms_abrupt_change.jpg,,GE00754
E00021,1901.4,00:31:41.400,00h31m41s400ms,settled,47535,512,"246,117,270,131",0.007232,0.555,0.0,0.0,event_frames_full/E00021_00h31m41s400ms_settled.jpg,event_crops/E00021_00h31m41s400ms_settled_DETAIL.jpg,"1426,673,1670,817",chunk_03,event_chunks_5fps/chunk_03/event_frames_full/E00021_00h31m41s400ms_settled.jpg,event_chunks_5fps/chunk_03/event_crops/E00021_00h31m41s400ms_settled_DETAIL.jpg,GE00755
E00022,1902.0,00:31:42.000,00h31m42s000ms,abrupt_change,47550,515,"0,0,320,140",0.457344,40.1198,0.924152,53.8021,event_frames_full/E00022_00h31m42s000ms_abrupt_change.jpg,,,chunk_03,event_chunks_5fps/chunk_03/event_frames_full/E00022_00h31m42s000ms_abrupt_change.jpg,,GE00756
E00023,1902.6,00:31:42.600,00h31m42s600ms,settled,47565,518,"0,56,53,88",0.006987,0.4979,0.0,0.0002,event_frames_full/E00023_00h31m42s600ms_settled.jpg,event_crops/E00023_00h31m42s600ms_settled_DETAIL.jpg,"0,306,368,559",chunk_03,event_chunks_5fps/chunk_03/event_frames_full/E00023_00h31m42s600ms_settled.jpg,event_chunks_5fps/chunk_03/event_crops/E00023_00h31m42s600ms_settled_DETAIL.jpg,GE00757
E00024,1906.0,00:31:46.000,00h31m46s000ms,abrupt_change,47650,535,"0,2,320,140",0.194107,10.6297,0.193683,10.6535,event_frames_full/E00024_00h31m46s000ms_abrupt_change.jpg,,,chunk_03,event_chunks_5fps/chunk_03/event_frames_full/E00024_00h31m46s000ms_abrupt_change.jpg,,GE00758
E00025,1906.4,00:31:46.400,00h31m46s400ms,abrupt_change,47660,537,"0,2,310,133",0.064085,4.2353,0.039286,1.9582,event_frames_full/E00025_00h31m46s400ms_abrupt_change.jpg,,,chunk_03,event_chunks_5fps/chunk_03/event_frames_full/E00025_00h31m46s400ms_abrupt_change.jpg,,GE00759
E00026,1907.0,00:31:47.000,00h31m47s000ms,stable_change,47675,540,"0,40,73,69",0.036138,2.3449,0.0,0.0,event_frames_full/E00026_00h31m47s000ms_stable_change.jpg,event_crops/E00026_00h31m47s000ms_stable_change_DETAIL.jpg,"0,210,488,444",chunk_03,event_chunks_5fps/chunk_03/event_frames_full/E00026_00h31m47s000ms_stable_change.jpg,event_chunks_5fps/chunk_03/event_crops/E00026_00h31m47s000ms_stable_change_DETAIL.jpg,GE00760
E00027,1907.4,00:31:47.400,00h31m47s400ms,abrupt_change,47685,542,"0,2,320,140",0.103594,8.8015,0.032701,1.7549,event_frames_full/E00027_00h31m47s400ms_abrupt_change.jpg,,,chunk_03,event_chunks_5fps/chunk_03/event_frames_full/E00027_00h31m47s400ms_abrupt_change.jpg,,GE00761
E00028,1909.8,00:31:49.800,00h31m49s800ms,abrupt_change,47745,554,"18,19,320,140",0.098884,9.6514,0.098929,9.6027,event_frames_full/E00028_00h31m49s800ms_abrupt_change.jpg,,,chunk_03,event_chunks_5fps/chunk_03/event_frames_full/E00028_00h31m49s800ms_abrupt_change.jpg,,GE00762
E00029,1910.2,00:31:50.200,00h31m50s200ms,abrupt_change,47755,556,"18,15,320,101",0.099531,9.7388,0.099598,9.6933,event_frames_full/E00029_00h31m50s200ms_abrupt_change.jpg,event_crops/E00029_00h31m50s200ms_abrupt_change_DETAIL.jpg,"58,60,1920,637",chunk_03,event_chunks_5fps/chunk_03/event_frames_full/E00029_00h31m50s200ms_abrupt_change.jpg,event_chunks_5fps/chunk_03/event_crops/E00029_00h31m50s200ms_abrupt_change_DETAIL.jpg,GE00763
E00030,1910.8,00:31:50.800,00h31m50s800ms,abrupt_change,47770,559,"18,15,320,140",0.120112,9.4479,0.073616,5.973,event_frames_full/E00030_00h31m50s800ms_abrupt_change.jpg,,,chunk_03,event_chunks_5fps/chunk_03/event_frames_full/E00030_00h31m50s800ms_abrupt_change.jpg,,GE00764
E00031,1912.6,00:31:52.600,00h31m52s600ms,abrupt_change,47815,568,"170,54,312,103",0.046317,3.6621,0.042768,3.5523,event_frames_full/E00031_00h31m52s600ms_abrupt_change.jpg,event_crops/E00031_00h31m52s600ms_abrupt_change_DETAIL.jpg,"970,294,1920,649",chunk_03,event_chunks_5fps/chunk_03/event_frames_full/E00031_00h31m52s600ms_abrupt_change.jpg,event_chunks_5fps/chunk_03/event_crops/E00031_00h31m52s600ms_abrupt_change_DETAIL.jpg,GE00765
E00032,1914.6,00:31:54.600,00h31m54s600ms,abrupt_change,47865,578,"0,0,312,90",0.122545,10.0634,0.1225,10.0729,event_frames_full/E00032_00h31m54s600ms_abrupt_change.jpg,event_crops/E00032_00h31m54s600ms_abrupt_change_DETAIL.jpg,"0,0,1920,571",chunk_03,event_chunks_5fps/chunk_03/event_frames_full/E00032_00h31m54s600ms_abrupt_change.jpg,event_chunks_5fps/chunk_03/event_crops/E00032_00h31m54s600ms_abrupt_change_DETAIL.jpg,GE00766
E00033,1915.0,00:31:55.000,00h31m55s000ms,abrupt_change,47875,580,"0,0,320,140",0.919174,112.1107,0.043504,1.6478,event_frames_full/E00033_00h31m55s000ms_abrupt_change.jpg,,,chunk_03,event_chunks_5fps/chunk_03/event_frames_full/E00033_00h31m55s000ms_abrupt_change.jpg,,GE00767
E00034,1915.6,00:31:55.600,00h31m55s600ms,stable_change,47890,583,"0,0,318,140",0.958214,115.8022,0.0,0.0,event_frames_full/E00034_00h31m55s600ms_stable_change.jpg,,,chunk_03,event_chunks_5fps/chunk_03/event_frames_full/E00034_00h31m55s600ms_stable_change.jpg,,GE00768
E00035,1916.0,00:31:56.000,00h31m56s000ms,abrupt_change,47900,585,"18,18,320,140",0.272009,16.5242,0.271741,16.5221,event_frames_full/E00035_00h31m56s000ms_abrupt_change.jpg,,,chunk_03,event_chunks_5fps/chunk_03/event_frames_full/E00035_00h31m56s000ms_abrupt_change.jpg,,GE00769
E00036,1917.4,00:31:57.400,00h31m57s400ms,settled,47935,592,,0.0,0.7696,0.0,0.0127,event_frames_full/E00036_00h31m57s400ms_settled.jpg,,,chunk_03,event_chunks_5fps/chunk_03/event_frames_full/E00036_00h31m57s400ms_settled.jpg,,GE00770
E00037,1921.4,00:32:01.400,00h32m01s400ms,abrupt_change,48035,612,"18,17,320,140",0.369598,21.371,0.369732,21.4315,event_frames_full/E00037_00h32m01s400ms_abrupt_change.jpg,,,chunk_03,event_chunks_5fps/chunk_03/event_frames_full/E00037_00h32m01s400ms_abrupt_change.jpg,,GE00771
E00038,1921.8,00:32:01.800,00h32m01s800ms,abrupt_change,48045,614,"18,12,320,120",0.306384,17.4934,0.306317,17.4919,event_frames_full/E00038_00h32m01s800ms_abrupt_change.jpg,event_crops/E00038_00h32m01s800ms_abrupt_change_DETAIL.jpg,"58,42,1920,751",chunk_03,event_chunks_5fps/chunk_03/event_frames_full/E00038_00h32m01s800ms_abrupt_change.jpg,event_chunks_5fps/chunk_03/event_crops/E00038_00h32m01s800ms_abrupt_change_DETAIL.jpg,GE00772
E00039,1922.2,00:32:02.200,00h32m02s200ms,abrupt_change,48055,616,"18,12,320,133",0.225201,11.7586,0.225201,11.7586,event_frames_full/E00039_00h32m02s200ms_abrupt_change.jpg,,,chunk_03,event_chunks_5fps/chunk_03/event_frames_full/E00039_00h32m02s200ms_abrupt_change.jpg,,GE00773
E00040,1923.2,00:32:03.200,00h32m03s200ms,abrupt_change,48080,621,"0,0,320,140",0.958616,115.1192,0.958616,115.036,event_frames_full/E00040_00h32m03s200ms_abrupt_change.jpg,,,chunk_03,event_chunks_5fps/chunk_03/event_frames_full/E00040_00h32m03s200ms_abrupt_change.jpg,,GE00774
E00041,1923.6,00:32:03.600,00h32m03s600ms,abrupt_change,48090,623,"38,5,278,114",0.569554,66.6273,0.569554,66.6273,event_frames_full/E00041_00h32m03s600ms_abrupt_change.jpg,event_crops/E00041_00h32m03s600ms_abrupt_change_DETAIL.jpg,"178,0,1718,715",chunk_03,event_chunks_5fps/chunk_03/event_frames_full/E00041_00h32m03s600ms_abrupt_change.jpg,event_chunks_5fps/chunk_03/event_crops/E00041_00h32m03s600ms_abrupt_change_DETAIL.jpg,GE00775
E00042,1928.4,00:32:08.400,00h32m08s400ms,motion_progress,48210,647,"45,59,98,120",0.018616,1.5576,0.019085,1.3244,event_frames_full/E00042_00h32m08s400ms_motion_progress.jpg,event_crops/E00042_00h32m08s400ms_motion_progress_DETAIL.jpg,"220,324,638,751",chunk_03,event_chunks_5fps/chunk_03/event_frames_full/E00042_00h32m08s400ms_motion_progress.jpg,event_chunks_5fps/chunk_03/event_crops/E00042_00h32m08s400ms_motion_progress_DETAIL.jpg,GE00776
E00043,1936.4,00:32:16.400,00h32m16s400ms,abrupt_change,48410,687,"45,59,213,120",0.040357,2.9165,0.040402,2.9148,event_frames_full/E00043_00h32m16s400ms_abrupt_change.jpg,event_crops/E00043_00h32m16s400ms_abrupt_change_DETAIL.jpg,"220,324,1328,751",chunk_03,event_chunks_5fps/chunk_03/event_frames_full/E00043_00h32m16s400ms_abrupt_change.jpg,event_chunks_5fps/chunk_03/event_crops/E00043_00h32m16s400ms_abrupt_change_DETAIL.jpg,GE00777
E00044,1945.0,00:32:25.000,00h32m25s000ms,motion_progress,48625,730,"160,59,213,120",0.021205,1.6448,0.021629,1.622,event_frames_full/E00044_00h32m25s000ms_motion_progress.jpg,event_crops/E00044_00h32m25s000ms_motion_progress_DETAIL.jpg,"910,324,1328,751",chunk_03,event_chunks_5fps/chunk_03/event_frames_full/E00044_00h32m25s000ms_motion_progress.jpg,event_chunks_5fps/chunk_03/event_crops/E00044_00h32m25s000ms_motion_progress_DETAIL.jpg,GE00778
E00045,1948.6,00:32:28.600,00h32m28s600ms,settled,48715,748,"160,72,214,94",0.01317,1.0611,0.0,0.0052,event_frames_full/E00045_00h32m28s600ms_settled.jpg,event_crops/E00045_00h32m28s600ms_settled_DETAIL.jpg,"910,403,1334,595",chunk_03,event_chunks_5fps/chunk_03/event_frames_full/E00045_00h32m28s600ms_settled.jpg,event_chunks_5fps/chunk_03/event_crops/E00045_00h32m28s600ms_settled_DETAIL.jpg,GE00779
E00046,1949.2,00:32:29.200,00h32m29s200ms,stable_change,48730,751,"160,72,214,97",0.020692,1.3563,0.000268,0.0088,event_frames_full/E00046_00h32m29s200ms_stable_change.jpg,event_crops/E00046_00h32m29s200ms_stable_change_DETAIL.jpg,"910,403,1334,613",chunk_03,event_chunks_5fps/chunk_03/event_frames_full/E00046_00h32m29s200ms_stable_change.jpg,event_chunks_5fps/chunk_03/event_crops/E00046_00h32m29s200ms_stable_change_DETAIL.jpg,GE00780
E00047,1949.8,00:32:29.800,00h32m29s800ms,stable_change,48745,754,"160,68,214,98",0.020268,1.308,0.0,0.0123,event_frames_full/E00047_00h32m29s800ms_stable_change.jpg,event_crops/E00047_00h32m29s800ms_stable_change_DETAIL.jpg,"910,378,1334,619",chunk_03,event_chunks_5fps/chunk_03/event_frames_full/E00047_00h32m29s800ms_stable_change.jpg,event_chunks_5fps/chunk_03/event_crops/E00047_00h32m29s800ms_stable_change_DETAIL.jpg,GE00781
E00048,1951.8,00:32:31.800,00h32m31s800ms,abrupt_change,48795,764,"218,71,272,124",0.033728,2.7345,0.03346,2.7194,event_frames_full/E00048_00h32m31s800ms_abrupt_change.jpg,event_crops/E00048_00h32m31s800ms_abrupt_change_DETAIL.jpg,"1258,397,1682,775",chunk_03,event_chunks_5fps/chunk_03/event_frames_full/E00048_00h32m31s800ms_abrupt_change.jpg,event_chunks_5fps/chunk_03/event_crops/E00048_00h32m31s800ms_abrupt_change_DETAIL.jpg,GE00782
E00049,1954.0,00:32:34.000,00h32m34s000ms,settled,48850,775,"218,71,269,97",0.019129,1.1156,0.0,0.0,event_frames_full/E00049_00h32m34s000ms_settled.jpg,event_crops/E00049_00h32m34s000ms_settled_DETAIL.jpg,"1258,397,1664,613",chunk_03,event_chunks_5fps/chunk_03/event_frames_full/E00049_00h32m34s000ms_settled.jpg,event_chunks_5fps/chunk_03/event_crops/E00049_00h32m34s000ms_settled_DETAIL.jpg,GE00783
E00050,1955.0,00:32:35.000,00h32m35s000ms,motion_progress,48875,780,"218,80,271,120",0.023527,1.41,0.023527,1.4126,event_frames_full/E00050_00h32m35s000ms_motion_progress.jpg,event_crops/E00050_00h32m35s000ms_motion_progress_DETAIL.jpg,"1258,451,1676,751",chunk_03,event_chunks_5fps/chunk_03/event_frames_full/E00050_00h32m35s000ms_motion_progress.jpg,event_chunks_5fps/chunk_03/event_crops/E00050_00h32m35s000ms_motion_progress_DETAIL.jpg,GE00784
E00051,1955.6,00:32:35.600,00h32m35s600ms,stable_change,48890,783,"218,80,270,121",0.021786,1.417,0.0,0.0603,event_frames_full/E00051_00h32m35s600ms_stable_change.jpg,event_crops/E00051_00h32m35s600ms_stable_change_DETAIL.jpg,"1258,451,1670,757",chunk_03,event_chunks_5fps/chunk_03/event_frames_full/E00051_00h32m35s600ms_stable_change.jpg,event_chunks_5fps/chunk_03/event_crops/E00051_00h32m35s600ms_stable_change_DETAIL.jpg,GE00785
E00052,1956.6,00:32:36.600,00h32m36s600ms,motion_progress,48915,788,"218,81,269,99",0.020179,1.3113,0.020179,1.3148,event_frames_full/E00052_00h32m36s600ms_motion_progress.jpg,event_crops/E00052_00h32m36s600ms_motion_progress_DETAIL.jpg,"1258,457,1664,625",chunk_03,event_chunks_5fps/chunk_03/event_frames_full/E00052_00h32m36s600ms_motion_progress.jpg,event_chunks_5fps/chunk_03/event_crops/E00052_00h32m36s600ms_motion_progress_DETAIL.jpg,GE00786
E00053,1957.6,00:32:37.600,00h32m37s600ms,motion_progress,48940,793,"218,81,269,99",0.020179,1.3108,0.020179,1.3156,event_frames_full/E00053_00h32m37s600ms_motion_progress.jpg,event_crops/E00053_00h32m37s600ms_motion_progress_DETAIL.jpg,"1258,457,1664,625",chunk_03,event_chunks_5fps/chunk_03/event_frames_full/E00053_00h32m37s600ms_motion_progress.jpg,event_chunks_5fps/chunk_03/event_crops/E00053_00h32m37s600ms_motion_progress_DETAIL.jpg,GE00787
E00054,1958.6,00:32:38.600,00h32m38s600ms,stable_change,48965,798,"218,89,269,114",0.022344,1.5233,0.0,0.0,event_frames_full/E00054_00h32m38s600ms_stable_change.jpg,event_crops/E00054_00h32m38s600ms_stable_change_DETAIL.jpg,"1258,505,1664,715",chunk_03,event_chunks_5fps/chunk_03/event_frames_full/E00054_00h32m38s600ms_stable_change.jpg,event_chunks_5fps/chunk_03/event_crops/E00054_00h32m38s600ms_stable_change_DETAIL.jpg,GE00788
E00055,1959.4,00:32:39.400,00h32m39s400ms,stable_change,48985,802,"218,84,271,118",0.021875,1.4909,0.0,0.0,event_frames_full/E00055_00h32m39s400ms_stable_change.jpg,event_crops/E00055_00h32m39s400ms_stable_change_DETAIL.jpg,"1258,475,1676,739",chunk_03,event_chunks_5fps/chunk_03/event_frames_full/E00055_00h32m39s400ms_stable_change.jpg,event_chunks_5fps/chunk_03/event_crops/E00055_00h32m39s400ms_stable_change_DETAIL.jpg,GE00789
E00056,1960.4,00:32:40.400,00h32m40s400ms,stable_change,49010,807,"218,84,271,120",0.0225,1.3238,0.0,0.0,event_frames_full/E00056_00h32m40s400ms_stable_change.jpg,event_crops/E00056_00h32m40s400ms_stable_change_DETAIL.jpg,"1258,475,1676,751",chunk_03,event_chunks_5fps/chunk_03/event_frames_full/E00056_00h32m40s400ms_stable_change.jpg,event_chunks_5fps/chunk_03/event_crops/E00056_00h32m40s400ms_stable_change_DETAIL.jpg,GE00790
E00057,1961.2,00:32:41.200,00h32m41s200ms,stable_change,49030,811,"218,91,269,108",0.019174,1.4042,0.0,0.0,event_frames_full/E00057_00h32m41s200ms_stable_change.jpg,event_crops/E00057_00h32m41s200ms_stable_change_DETAIL.jpg,"1258,517,1664,679",chunk_03,event_chunks_5fps/chunk_03/event_frames_full/E00057_00h32m41s200ms_stable_change.jpg,event_chunks_5fps/chunk_03/event_crops/E00057_00h32m41s200ms_stable_change_DETAIL.jpg,GE00791
E00058,1963.2,00:32:43.200,00h32m43s200ms,motion_progress,49080,821,"218,83,271,120",0.022254,1.5205,0.021897,1.4246,event_frames_full/E00058_00h32m43s200ms_motion_progress.jpg,event_crops/E00058_00h32m43s200ms_motion_progress_DETAIL.jpg,"1258,469,1676,751",chunk_03,event_chunks_5fps/chunk_03/event_frames_full/E00058_00h32m43s200ms_motion_progress.jpg,event_chunks_5fps/chunk_03/event_crops/E00058_00h32m43s200ms_motion_progress_DETAIL.jpg,GE00792
E00059,1964.2,00:32:44.200,00h32m44s200ms,stable_change,49105,826,"218,91,269,109",0.020223,1.3853,0.0,0.0771,event_frames_full/E00059_00h32m44s200ms_stable_change.jpg,event_crops/E00059_00h32m44s200ms_stable_change_DETAIL.jpg,"1258,517,1664,685",chunk_03,event_chunks_5fps/chunk_03/event_frames_full/E00059_00h32m44s200ms_stable_change.jpg,event_chunks_5fps/chunk_03/event_crops/E00059_00h32m44s200ms_stable_change_DETAIL.jpg,GE00793
E00060,1965.4,00:32:45.400,00h32m45s400ms,motion_progress,49135,832,"218,82,271,119",0.024955,1.5198,0.024442,1.5178,event_frames_full/E00060_00h32m45s400ms_motion_progress.jpg,event_crops/E00060_00h32m45s400ms_motion_progress_DETAIL.jpg,"1258,463,1676,745",chunk_03,event_chunks_5fps/chunk_03/event_frames_full/E00060_00h32m45s400ms_motion_progress.jpg,event_chunks_5fps/chunk_03/event_crops/E00060_00h32m45s400ms_motion_progress_DETAIL.jpg,GE00794
E00061,1966.2,00:32:46.200,00h32m46s200ms,abrupt_change,49155,836,"218,81,272,124",0.029754,1.9676,0.0325,2.7262,event_frames_full/E00061_00h32m46s200ms_abrupt_change.jpg,event_crops/E00061_00h32m46s200ms_abrupt_change_DETAIL.jpg,"1258,457,1682,775",chunk_03,event_chunks_5fps/chunk_03/event_frames_full/E00061_00h32m46s200ms_abrupt_change.jpg,event_chunks_5fps/chunk_03/event_crops/E00061_00h32m46s200ms_abrupt_change_DETAIL.jpg,GE00795
E00062,1968.4,00:32:48.400,00h32m48s400ms,abrupt_change,49210,847,"0,0,320,140",0.954821,59.4722,0.95567,59.5025,event_frames_full/E00062_00h32m48s400ms_abrupt_change.jpg,,,chunk_03,event_chunks_5fps/chunk_03/event_frames_full/E00062_00h32m48s400ms_abrupt_change.jpg,,GE00796
E00063,1969.0,00:32:49.000,00h32m49s000ms,abrupt_change,49225,850,"0,0,320,140",0.915045,56.1048,0.350045,20.4799,event_frames_full/E00063_00h32m49s000ms_abrupt_change.jpg,,,chunk_03,event_chunks_5fps/chunk_03/event_frames_full/E00063_00h32m49s000ms_abrupt_change.jpg,,GE00797
E00064,1969.4,00:32:49.400,00h32m49s400ms,abrupt_change,49235,852,"18,12,320,140",0.219777,12.781,0.225179,13.8441,event_frames_full/E00064_00h32m49s400ms_abrupt_change.jpg,,,chunk_03,event_chunks_5fps/chunk_03/event_frames_full/E00064_00h32m49s400ms_abrupt_change.jpg,,GE00798
E00065,1969.8,00:32:49.800,00h32m49s800ms,abrupt_change,49245,854,"18,12,320,140",0.384688,21.7666,0.195804,10.0573,event_frames_full/E00065_00h32m49s800ms_abrupt_change.jpg,,,chunk_03,event_chunks_5fps/chunk_03/event_frames_full/E00065_00h32m49s800ms_abrupt_change.jpg,,GE00799
E00066,1970.4,00:32:50.400,00h32m50s400ms,abrupt_change,49260,857,"77,81,240,140",0.063705,4.597,0.061741,4.5203,event_frames_full/E00066_00h32m50s400ms_abrupt_change.jpg,event_crops/E00066_00h32m50s400ms_abrupt_change_DETAIL.jpg,"412,457,1490,842",chunk_03,event_chunks_5fps/chunk_03/event_frames_full/E00066_00h32m50s400ms_abrupt_change.jpg,event_chunks_5fps/chunk_03/event_crops/E00066_00h32m50s400ms_abrupt_change_DETAIL.jpg,GE00800
E00067,1971.0,00:32:51.000,00h32m51s000ms,abrupt_change,49275,860,"0,0,281,137",0.059308,4.3377,0.041964,3.5875,event_frames_full/E00067_00h32m51s000ms_abrupt_change.jpg,,,chunk_03,event_chunks_5fps/chunk_03/event_frames_full/E00067_00h32m51s000ms_abrupt_change.jpg,,GE00801
E00068,1971.4,00:32:51.400,00h32m51s400ms,abrupt_change,49285,862,"0,0,318,140",0.939174,106.4318,0.939174,106.4318,event_frames_full/E00068_00h32m51s400ms_abrupt_change.jpg,,,chunk_03,event_chunks_5fps/chunk_03/event_frames_full/E00068_00h32m51s400ms_abrupt_change.jpg,,GE00802
E00069,1971.8,00:32:51.800,00h32m51s800ms,abrupt_change,49295,864,"0,0,320,140",0.740246,77.9623,0.740357,78.5171,event_frames_full/E00069_00h32m51s800ms_abrupt_change.jpg,,,chunk_03,event_chunks_5fps/chunk_03/event_frames_full/E00069_00h32m51s800ms_abrupt_change.jpg,,GE00803
E00070,1972.4,00:32:52.400,00h32m52s400ms,abrupt_change,49310,867,"37,0,320,140",0.55471,20.0949,0.255781,16.2234,event_frames_full/E00070_00h32m52s400ms_abrupt_change.jpg,,,chunk_03,event_chunks_5fps/chunk_03/event_frames_full/E00070_00h32m52s400ms_abrupt_change.jpg,,GE00804
E00071,1973.0,00:32:53.000,00h32m53s000ms,stable_change,49325,870,"44,0,320,140",0.199286,6.8129,0.0,0.0057,event_frames_full/E00071_00h32m53s000ms_stable_change.jpg,,,chunk_03,event_chunks_5fps/chunk_03/event_frames_full/E00071_00h32m53s000ms_stable_change.jpg,,GE00805
E00072,1979.4,00:32:59.400,00h32m59s400ms,abrupt_change,49485,902,"44,0,320,136",0.082121,4.3258,0.0725,3.991,event_frames_full/E00072_00h32m59s400ms_abrupt_change.jpg,,,chunk_03,event_chunks_5fps/chunk_03/event_frames_full/E00072_00h32m59s400ms_abrupt_change.jpg,,GE00806
E00073,1980.2,00:33:00.200,00h33m00s200ms,abrupt_change,49505,906,"44,0,320,132",0.137924,6.3527,0.219375,9.0805,event_frames_full/E00073_00h33m00s200ms_abrupt_change.jpg,,,chunk_03,event_chunks_5fps/chunk_03/event_frames_full/E00073_00h33m00s200ms_abrupt_change.jpg,,GE00807
E00074,1980.6,00:33:00.600,00h33m00s600ms,abrupt_change,49515,908,"44,3,320,140",0.188304,8.8555,0.181585,8.8673,event_frames_full/E00074_00h33m00s600ms_abrupt_change.jpg,,,chunk_03,event_chunks_5fps/chunk_03/event_frames_full/E00074_00h33m00s600ms_abrupt_change.jpg,,GE00808
E00075,1981.2,00:33:01.200,00h33m01s200ms,stable_change,49530,911,"37,0,320,140",0.247656,13.0169,0.0,0.0,event_frames_full/E00075_00h33m01s200ms_stable_change.jpg,,,chunk_03,event_chunks_5fps/chunk_03/event_frames_full/E00075_00h33m01s200ms_stable_change.jpg,,GE00809
E00076,1982.2,00:33:02.200,00h33m02s200ms,abrupt_change,49555,916,"37,0,320,140",0.209397,12.0991,0.185915,11.6161,event_frames_full/E00076_00h33m02s200ms_abrupt_change.jpg,,,chunk_03,event_chunks_5fps/chunk_03/event_frames_full/E00076_00h33m02s200ms_abrupt_change.jpg,,GE00810
E00077,1982.8,00:33:02.800,00h33m02s800ms,stable_change,49570,919,"45,0,269,138",0.044754,3.2904,0.0,0.0237,event_frames_full/E00077_00h33m02s800ms_stable_change.jpg,event_crops/E00077_00h33m02s800ms_stable_change_DETAIL.jpg,"220,0,1664,842",chunk_03,event_chunks_5fps/chunk_03/event_frames_full/E00077_00h33m02s800ms_stable_change.jpg,event_chunks_5fps/chunk_03/event_crops/E00077_00h33m02s800ms_stable_change_DETAIL.jpg,GE00811
E00078,1990.2,00:33:10.200,00h33m10s200ms,abrupt_change,49755,956,"44,0,320,138",0.209464,8.7339,0.209777,8.7347,event_frames_full/E00078_00h33m10s200ms_abrupt_change.jpg,,,chunk_03,event_chunks_5fps/chunk_03/event_frames_full/E00078_00h33m10s200ms_abrupt_change.jpg,,GE00812
E00079,1990.6,00:33:10.600,00h33m10s600ms,abrupt_change,49765,958,"44,0,320,131",0.204174,9.4411,0.204598,9.6542,event_frames_full/E00079_00h33m10s600ms_abrupt_change.jpg,,,chunk_03,event_chunks_5fps/chunk_03/event_frames_full/E00079_00h33m10s600ms_abrupt_change.jpg,,GE00813
E00080,1991.2,00:33:11.200,00h33m11s200ms,stable_change,49780,961,"37,0,320,140",0.24058,13.5076,0.0,0.0048,event_frames_full/E00080_00h33m11s200ms_stable_change.jpg,,,chunk_03,event_chunks_5fps/chunk_03/event_frames_full/E00080_00h33m11s200ms_stable_change.jpg,,GE00814
E00081,1994.6,00:33:14.600,00h33m14s600ms,abrupt_change,49865,978,"38,0,320,140",0.68471,21.5557,0.682054,21.5443,event_frames_full/E00081_00h33m14s600ms_abrupt_change.jpg,,,chunk_03,event_chunks_5fps/chunk_03/event_frames_full/E00081_00h33m14s600ms_abrupt_change.jpg,,GE00815
E00082,1995.0,00:33:15.000,00h33m15s000ms,abrupt_change,49875,980,"0,0,320,140",0.887143,50.7988,0.887143,50.7988,event_frames_full/E00082_00h33m15s000ms_abrupt_change.jpg,,,chunk_03,event_chunks_5fps/chunk_03/event_frames_full/E00082_00h33m15s000ms_abrupt_change.jpg,,GE00816
E00083,1995.8,00:33:15.800,00h33m15s800ms,settled,49895,984,"78,128,239,140",0.042924,1.0398,0.0,0.0,event_frames_full/E00083_00h33m15s800ms_settled.jpg,event_crops/E00083_00h33m15s800ms_settled_DETAIL.jpg,"418,739,1484,842",chunk_03,event_chunks_5fps/chunk_03/event_frames_full/E00083_00h33m15s800ms_settled.jpg,event_chunks_5fps/chunk_03/event_crops/E00083_00h33m15s800ms_settled_DETAIL.jpg,GE00817
E00084,1996.8,00:33:16.800,00h33m16s800ms,abrupt_change,49920,989,"77,90,240,140",0.048929,3.3516,0.048728,3.3493,event_frames_full/E00084_00h33m16s800ms_abrupt_change.jpg,event_crops/E00084_00h33m16s800ms_abrupt_change_DETAIL.jpg,"412,511,1490,842",chunk_03,event_chunks_5fps/chunk_03/event_frames_full/E00084_00h33m16s800ms_abrupt_change.jpg,event_chunks_5fps/chunk_03/event_crops/E00084_00h33m16s800ms_abrupt_change_DETAIL.jpg,GE00818
E00085,1997.4,00:33:17.400,00h33m17s400ms,settled,49935,992,"80,90,237,138",0.028415,0.8683,0.0,0.0106,event_frames_full/E00085_00h33m17s400ms_settled.jpg,event_crops/E00085_00h33m17s400ms_settled_DETAIL.jpg,"430,511,1472,842",chunk_03,event_chunks_5fps/chunk_03/event_frames_full/E00085_00h33m17s400ms_settled.jpg,event_chunks_5fps/chunk_03/event_crops/E00085_00h33m17s400ms_settled_DETAIL.jpg,GE00819
E00086,1998.6,00:33:18.600,00h33m18s600ms,settled,49965,998,"10,57,53,88",0.012054,0.5215,0.0,0.0104,event_frames_full/E00086_00h33m18s600ms_settled.jpg,event_crops/E00086_00h33m18s600ms_settled_DETAIL.jpg,"10,312,368,559",chunk_03,event_chunks_5fps/chunk_03/event_frames_full/E00086_00h33m18s600ms_settled.jpg,event_chunks_5fps/chunk_03/event_crops/E00086_00h33m18s600ms_settled_DETAIL.jpg,GE00820
E00087,1999.6,00:33:19.600,00h33m19s600ms,settled,49990,1003,"0,45,53,88",0.009554,0.6858,0.0,0.0,event_frames_full/E00087_00h33m19s600ms_settled.jpg,event_crops/E00087_00h33m19s600ms_settled_DETAIL.jpg,"0,240,368,559",chunk_03,event_chunks_5fps/chunk_03/event_frames_full/E00087_00h33m19s600ms_settled.jpg,event_chunks_5fps/chunk_03/event_crops/E00087_00h33m19s600ms_settled_DETAIL.jpg,GE00821
E00088,2004.8,00:33:24.800,00h33m24s800ms,settled,50120,1029,"0,45,53,88",0.009353,0.7285,0.0,0.0,event_frames_full/E00088_00h33m24s800ms_settled.jpg,event_crops/E00088_00h33m24s800ms_settled_DETAIL.jpg,"0,240,368,559",chunk_03,event_chunks_5fps/chunk_03/event_frames_full/E00088_00h33m24s800ms_settled.jpg,event_chunks_5fps/chunk_03/event_crops/E00088_00h33m24s800ms_settled_DETAIL.jpg,GE00822
E00089,2006.4,00:33:26.400,00h33m26s400ms,settled,50160,1037,"0,57,53,123",0.014085,0.8977,0.0,0.0,event_frames_full/E00089_00h33m26s400ms_settled.jpg,event_crops/E00089_00h33m26s400ms_settled_DETAIL.jpg,"0,312,368,769",chunk_03,event_chunks_5fps/chunk_03/event_frames_full/E00089_00h33m26s400ms_settled.jpg,event_chunks_5fps/chunk_03/event_crops/E00089_00h33m26s400ms_settled_DETAIL.jpg,GE00823
E00090,2007.4,00:33:27.400,00h33m27s400ms,settled,50185,1042,"0,67,47,123",0.011607,0.7669,0.0,0.0045,event_frames_full/E00090_00h33m27s400ms_settled.jpg,event_crops/E00090_00h33m27s400ms_settled_DETAIL.jpg,"0,372,332,769",chunk_03,event_chunks_5fps/chunk_03/event_frames_full/E00090_00h33m27s400ms_settled.jpg,event_chunks_5fps/chunk_03/event_crops/E00090_00h33m27s400ms_settled_DETAIL.jpg,GE00824
E00091,2009.4,00:33:29.400,00h33m29s400ms,abrupt_change,50235,1052,"0,2,320,137",0.256629,14.7267,0.255759,14.7326,event_frames_full/E00091_00h33m29s400ms_abrupt_change.jpg,,,chunk_03,event_chunks_5fps/chunk_03/event_frames_full/E00091_00h33m29s400ms_abrupt_change.jpg,,GE00825
E00092,2009.8,00:33:29.800,00h33m29s800ms,abrupt_change,50245,1054,"3,3,320,140",0.099263,5.4348,0.099263,5.4348,event_frames_full/E00092_00h33m29s800ms_abrupt_change.jpg,,,chunk_03,event_chunks_5fps/chunk_03/event_frames_full/E00092_00h33m29s800ms_abrupt_change.jpg,,GE00826
E00093,2010.2,00:33:30.200,00h33m30s200ms,abrupt_change,50255,1056,"0,2,320,140",0.090156,5.5573,0.089888,5.3411,event_frames_full/E00093_00h33m30s200ms_abrupt_change.jpg,,,chunk_03,event_chunks_5fps/chunk_03/event_frames_full/E00093_00h33m30s200ms_abrupt_change.jpg,,GE00827
E00094,2010.6,00:33:30.600,00h33m30s600ms,abrupt_change,50265,1058,"0,61,320,140",0.101116,6.529,0.038817,2.5358,event_frames_full/E00094_00h33m30s600ms_abrupt_change.jpg,event_crops/E00094_00h33m30s600ms_abrupt_change_DETAIL.jpg,"0,336,1920,842",chunk_03,event_chunks_5fps/chunk_03/event_frames_full/E00094_00h33m30s600ms_abrupt_change.jpg,event_chunks_5fps/chunk_03/event_crops/E00094_00h33m30s600ms_abrupt_change_DETAIL.jpg,GE00828
E00095,2013.6,00:33:33.600,00h33m33s600ms,abrupt_change,50340,1073,"28,41,302,138",0.049688,5.5652,0.049397,5.5038,event_frames_full/E00095_00h33m33s600ms_abrupt_change.jpg,event_crops/E00095_00h33m33s600ms_abrupt_change_DETAIL.jpg,"118,216,1862,842",chunk_03,event_chunks_5fps/chunk_03/event_frames_full/E00095_00h33m33s600ms_abrupt_change.jpg,event_chunks_5fps/chunk_03/event_crops/E00095_00h33m33s600ms_abrupt_change_DETAIL.jpg,GE00829
E00096,2014.0,00:33:34.000,00h33m34s000ms,abrupt_change,50350,1075,"28,61,320,140",0.069933,5.0679,0.069933,5.0679,event_frames_full/E00096_00h33m34s000ms_abrupt_change.jpg,event_crops/E00096_00h33m34s000ms_abrupt_change_DETAIL.jpg,"118,336,1920,842",chunk_03,event_chunks_5fps/chunk_03/event_frames_full/E00096_00h33m34s000ms_abrupt_change.jpg,event_chunks_5fps/chunk_03/event_crops/E00096_00h33m34s000ms_abrupt_change_DETAIL.jpg,GE00830
E00097,2033.6,00:33:53.600,00h33m53s600ms,motion_progress,50840,1173,"22,6,277,66",0.021429,1.7516,0.018393,1.493,event_frames_full/E00097_00h33m53s600ms_motion_progress.jpg,event_crops/E00097_00h33m53s600ms_motion_progress_DETAIL.jpg,"82,6,1712,426",chunk_03,event_chunks_5fps/chunk_03/event_frames_full/E00097_00h33m53s600ms_motion_progress.jpg,event_chunks_5fps/chunk_03/event_crops/E00097_00h33m53s600ms_motion_progress_DETAIL.jpg,GE00831
E00098,2034.4,00:33:54.400,00h33m54s400ms,settled,50860,1177,"27,61,303,78",0.009397,0.8032,0.0,0.0122,event_frames_full/E00098_00h33m54s400ms_settled.jpg,event_crops/E00098_00h33m54s400ms_settled_DETAIL.jpg,"112,336,1868,499",chunk_03,event_chunks_5fps/chunk_03/event_frames_full/E00098_00h33m54s400ms_settled.jpg,event_chunks_5fps/chunk_03/event_crops/E00098_00h33m54s400ms_settled_DETAIL.jpg,GE00832
E00099,2036.0,00:33:56.000,00h33m56s000ms,motion_progress,50900,1185,"30,51,127,103",0.025937,1.4753,0.025937,1.4601,event_frames_full/E00099_00h33m56s000ms_motion_progress.jpg,event_crops/E00099_00h33m56s000ms_motion_progress_DETAIL.jpg,"130,276,812,649",chunk_03,event_chunks_5fps/chunk_03/event_frames_full/E00099_00h33m56s000ms_motion_progress.jpg,event_chunks_5fps/chunk_03/event_crops/E00099_00h33m56s000ms_motion_progress_DETAIL.jpg,GE00833
E00100,2042.2,00:34:02.200,00h34m02s200ms,settled,51055,1216,"29,69,124,82",0.008594,0.7138,0.000268,0.0171,event_frames_full/E00100_00h34m02s200ms_settled.jpg,event_crops/E00100_00h34m02s200ms_settled_DETAIL.jpg,"124,384,794,523",chunk_03,event_chunks_5fps/chunk_03/event_frames_full/E00100_00h34m02s200ms_settled.jpg,event_chunks_5fps/chunk_03/event_crops/E00100_00h34m02s200ms_settled_DETAIL.jpg,GE00834
E00101,2046.2,00:34:06.200,00h34m06s200ms,settled,51155,1236,"77,69,125,102",0.010848,0.4587,0.0,0.0138,event_frames_full/E00101_00h34m06s200ms_settled.jpg,event_crops/E00101_00h34m06s200ms_settled_DETAIL.jpg,"412,384,800,643",chunk_03,event_chunks_5fps/chunk_03/event_frames_full/E00101_00h34m06s200ms_settled.jpg,event_chunks_5fps/chunk_03/event_crops/E00101_00h34m06s200ms_settled_DETAIL.jpg,GE00835
E00102,2053.0,00:34:13.000,00h34m13s000ms,abrupt_change,51325,1270,"28,51,127,107",0.027656,1.7989,0.033438,2.039,event_frames_full/E00102_00h34m13s000ms_abrupt_change.jpg,event_crops/E00102_00h34m13s000ms_abrupt_change_DETAIL.jpg,"118,276,812,673",chunk_03,event_chunks_5fps/chunk_03/event_frames_full/E00102_00h34m13s000ms_abrupt_change.jpg,event_chunks_5fps/chunk_03/event_crops/E00102_00h34m13s000ms_abrupt_change_DETAIL.jpg,GE00836
E00103,2054.8,00:34:14.800,00h34m14s800ms,settled,51370,1279,"30,53,200,107",0.011295,1.1065,0.0,0.006,event_frames_full/E00103_00h34m14s800ms_settled.jpg,event_crops/E00103_00h34m14s800ms_settled_DETAIL.jpg,"130,288,1250,673",chunk_03,event_chunks_5fps/chunk_03/event_frames_full/E00103_00h34m14s800ms_settled.jpg,event_chunks_5fps/chunk_03/event_crops/E00103_00h34m14s800ms_settled_DETAIL.jpg,GE00837
E00104,2055.8,00:34:15.800,00h34m15s800ms,motion_progress,51395,1284,"28,53,303,78",0.020469,1.3897,0.019732,1.39,event_frames_full/E00104_00h34m15s800ms_motion_progress.jpg,event_crops/E00104_00h34m15s800ms_motion_progress_DETAIL.jpg,"118,288,1868,499",chunk_03,event_chunks_5fps/chunk_03/event_frames_full/E00104_00h34m15s800ms_motion_progress.jpg,event_chunks_5fps/chunk_03/event_crops/E00104_00h34m15s800ms_motion_progress_DETAIL.jpg,GE00838
E00105,2056.4,00:34:16.400,00h34m16s400ms,stable_change,51410,1287,"22,18,277,60",0.018884,1.7967,0.0,0.0,event_frames_full/E00105_00h34m16s400ms_stable_change.jpg,event_crops/E00105_00h34m16s400ms_stable_change_DETAIL.jpg,"82,78,1712,390",chunk_03,event_chunks_5fps/chunk_03/event_frames_full/E00105_00h34m16s400ms_stable_change.jpg,event_chunks_5fps/chunk_03/event_crops/E00105_00h34m16s400ms_stable_change_DETAIL.jpg,GE00839
E00106,2057.0,00:34:17.000,00h34m17s000ms,abrupt_change,51425,1290,"29,62,280,140",0.065513,3.2336,0.065312,3.2256,event_frames_full/E00106_00h34m17s000ms_abrupt_change.jpg,event_crops/E00106_00h34m17s000ms_abrupt_change_DETAIL.jpg,"124,342,1730,842",chunk_03,event_chunks_5fps/chunk_03/event_frames_full/E00106_00h34m17s000ms_abrupt_change.jpg,event_chunks_5fps/chunk_03/event_crops/E00106_00h34m17s000ms_abrupt_change_DETAIL.jpg,GE00840
E00107,2060.2,00:34:20.200,00h34m20s200ms,abrupt_change,51505,1306,"25,19,320,137",0.124353,6.4833,0.124732,6.4704,event_frames_full/E00107_00h34m20s200ms_abrupt_change.jpg,,,chunk_03,event_chunks_5fps/chunk_03/event_frames_full/E00107_00h34m20s200ms_abrupt_change.jpg,,GE00841
E00108,2061.0,00:34:21.000,00h34m21s000ms,abrupt_change,51525,1310,"28,21,320,140",0.136696,7.1806,0.146384,7.7537,event_frames_full/E00108_00h34m21s000ms_abrupt_change.jpg,,,chunk_03,event_chunks_5fps/chunk_03/event_frames_full/E00108_00h34m21s000ms_abrupt_change.jpg,,GE00842
E00109,2061.8,00:34:21.800,00h34m21s800ms,settled,51545,1314,"29,32,279,140",0.009576,3.1948,0.0,0.0,event_frames_full/E00109_00h34m21s800ms_settled.jpg,event_crops/E00109_00h34m21s800ms_settled_DETAIL.jpg,"124,162,1724,842",chunk_03,event_chunks_5fps/chunk_03/event_frames_full/E00109_00h34m21s800ms_settled.jpg,event_chunks_5fps/chunk_03/event_crops/E00109_00h34m21s800ms_settled_DETAIL.jpg,GE00843
E00110,2063.0,00:34:23.000,00h34m23s000ms,settled,51575,1320,"29,59,202,75",0.006094,1.241,0.0,0.0,event_frames_full/E00110_00h34m23s000ms_settled.jpg,event_crops/E00110_00h34m23s000ms_settled_DETAIL.jpg,"124,324,1262,481",chunk_03,event_chunks_5fps/chunk_03/event_frames_full/E00110_00h34m23s000ms_settled.jpg,event_chunks_5fps/chunk_03/event_crops/E00110_00h34m23s000ms_settled_DETAIL.jpg,GE00844
E00111,2082.2,00:34:42.200,00h34m42s200ms,abrupt_change,52055,1416,"0,0,320,140",0.957254,104.3999,0.956853,104.3099,event_frames_full/E00111_00h34m42s200ms_abrupt_change.jpg,,,chunk_03,event_chunks_5fps/chunk_03/event_frames_full/E00111_00h34m42s200ms_abrupt_change.jpg,,GE00845
E00112,2082.8,00:34:42.800,00h34m42s800ms,stable_change,52070,1419,"72,6,320,140",0.515156,48.2016,0.0,0.0,event_frames_full/E00112_00h34m42s800ms_stable_change.jpg,event_crops/E00112_00h34m42s800ms_stable_change_DETAIL.jpg,"382,6,1920,842",chunk_03,event_chunks_5fps/chunk_03/event_frames_full/E00112_00h34m42s800ms_stable_change.jpg,event_chunks_5fps/chunk_03/event_crops/E00112_00h34m42s800ms_stable_change_DETAIL.jpg,GE00846
E00113,2084.0,00:34:44.000,00h34m44s000ms,abrupt_change,52100,1425,"62,0,320,140",0.105424,8.1333,0.10529,8.1172,event_frames_full/E00113_00h34m44s000ms_abrupt_change.jpg,,,chunk_03,event_chunks_5fps/chunk_03/event_frames_full/E00113_00h34m44s000ms_abrupt_change.jpg,,GE00847
E00114,2084.6,00:34:44.600,00h34m44s600ms,stable_change,52115,1428,"72,0,320,140",0.073772,5.3889,0.0,0.0133,event_frames_full/E00114_00h34m44s600ms_stable_change.jpg,event_crops/E00114_00h34m44s600ms_stable_change_DETAIL.jpg,"382,0,1920,842",chunk_03,event_chunks_5fps/chunk_03/event_frames_full/E00114_00h34m44s600ms_stable_change.jpg,event_chunks_5fps/chunk_03/event_crops/E00114_00h34m44s600ms_stable_change_DETAIL.jpg,GE00848
E00115,2087.6,00:34:47.600,00h34m47s600ms,abrupt_change,52190,1443,"0,0,318,140",0.555491,33.4982,0.557679,30.9753,event_frames_full/E00115_00h34m47s600ms_abrupt_change.jpg,,,chunk_03,event_chunks_5fps/chunk_03/event_frames_full/E00115_00h34m47s600ms_abrupt_change.jpg,,GE00849
E00116,2088.6,00:34:48.600,00h34m48s600ms,stable_change,52215,1448,"82,62,159,92",0.020737,1.7892,0.0,0.0,event_frames_full/E00116_00h34m48s600ms_stable_change.jpg,event_crops/E00116_00h34m48s600ms_stable_change_DETAIL.jpg,"442,342,1004,583",chunk_03,event_chunks_5fps/chunk_03/event_frames_full/E00116_00h34m48s600ms_stable_change.jpg,event_chunks_5fps/chunk_03/event_crops/E00116_00h34m48s600ms_stable_change_DETAIL.jpg,GE00850
E00117,2089.8,00:34:49.800,00h34m49s800ms,motion_progress,52245,1454,"82,71,159,88",0.029107,1.9307,0.029107,1.9082,event_frames_full/E00117_00h34m49s800ms_motion_progress.jpg,event_crops/E00117_00h34m49s800ms_motion_progress_DETAIL.jpg,"442,397,1004,559",chunk_03,event_chunks_5fps/chunk_03/event_frames_full/E00117_00h34m49s800ms_motion_progress.jpg,event_chunks_5fps/chunk_03/event_crops/E00117_00h34m49s800ms_motion_progress_DETAIL.jpg,GE00851
E00118,2094.8,00:34:54.800,00h34m54s800ms,abrupt_change,52370,1479,"82,59,178,92",0.030893,1.9345,0.030893,1.9157,event_frames_full/E00118_00h34m54s800ms_abrupt_change.jpg,event_crops/E00118_00h34m54s800ms_abrupt_change_DETAIL.jpg,"442,324,1118,583",chunk_03,event_chunks_5fps/chunk_03/event_frames_full/E00118_00h34m54s800ms_abrupt_change.jpg,event_chunks_5fps/chunk_03/event_crops/E00118_00h34m54s800ms_abrupt_change_DETAIL.jpg,GE00852
E00119,2095.8,00:34:55.800,00h34m55s800ms,motion_progress,52395,1484,"159,67,235,114",0.028192,1.7812,0.028192,1.7752,event_frames_full/E00119_00h34m55s800ms_motion_progress.jpg,event_crops/E00119_00h34m55s800ms_motion_progress_DETAIL.jpg,"904,372,1460,715",chunk_03,event_chunks_5fps/chunk_03/event_frames_full/E00119_00h34m55s800ms_motion_progress.jpg,event_chunks_5fps/chunk_03/event_crops/E00119_00h34m55s800ms_motion_progress_DETAIL.jpg,GE00853
E00120,2096.8,00:34:56.800,00h34m56s800ms,stable_change,52420,1489,"159,71,233,88",0.027902,1.8262,0.0,0.0019,event_frames_full/E00120_00h34m56s800ms_stable_change.jpg,event_crops/E00120_00h34m56s800ms_stable_change_DETAIL.jpg,"904,397,1448,559",chunk_03,event_chunks_5fps/chunk_03/event_frames_full/E00120_00h34m56s800ms_stable_change.jpg,event_chunks_5fps/chunk_03/event_crops/E00120_00h34m56s800ms_stable_change_DETAIL.jpg,GE00854
E00121,2097.2,00:34:57.200,00h34m57s200ms,abrupt_change,52430,1491,"159,59,235,114",0.03625,2.1454,0.03625,2.1454,event_frames_full/E00121_00h34m57s200ms_abrupt_change.jpg,event_crops/E00121_00h34m57s200ms_abrupt_change_DETAIL.jpg,"904,324,1460,715",chunk_03,event_chunks_5fps/chunk_03/event_frames_full/E00121_00h34m57s200ms_abrupt_change.jpg,event_chunks_5fps/chunk_03/event_crops/E00121_00h34m57s200ms_abrupt_change_DETAIL.jpg,GE00855
E00122,2100.0,00:35:00.000,00h35m00s000ms,motion_progress,52500,1505,"82,61,159,92",0.02067,1.4775,0.020469,1.4732,event_frames_full/E00122_00h35m00s000ms_motion_progress.jpg,event_crops/E00122_00h35m00s000ms_motion_progress_DETAIL.jpg,"442,336,1004,583",chunk_03,event_chunks_5fps/chunk_03/event_frames_full/E00122_00h35m00s000ms_motion_progress.jpg,event_chunks_5fps/chunk_03/event_crops/E00122_00h35m00s000ms_motion_progress_DETAIL.jpg,GE00856
E00123,2101.4,00:35:01.400,00h35m01s400ms,abrupt_change,52535,1512,"82,78,159,97",0.030714,1.9354,0.030647,1.9235,event_frames_full/E00123_00h35m01s400ms_abrupt_change.jpg,event_crops/E00123_00h35m01s400ms_abrupt_change_DETAIL.jpg,"442,439,1004,613",chunk_03,event_chunks_5fps/chunk_03/event_frames_full/E00123_00h35m01s400ms_abrupt_change.jpg,event_chunks_5fps/chunk_03/event_crops/E00123_00h35m01s400ms_abrupt_change_DETAIL.jpg,GE00857
E00124,2102.0,00:35:02.000,00h35m02s000ms,abrupt_change,52550,1515,"82,59,181,97",0.031629,1.8886,0.031629,1.8874,event_frames_full/E00124_00h35m02s000ms_abrupt_change.jpg,event_crops/E00124_00h35m02s000ms_abrupt_change_DETAIL.jpg,"442,324,1136,613",chunk_03,event_chunks_5fps/chunk_03/event_frames_full/E00124_00h35m02s000ms_abrupt_change.jpg,event_chunks_5fps/chunk_03/event_crops/E00124_00h35m02s000ms_abrupt_change_DETAIL.jpg,GE00858
E00125,2102.8,00:35:02.800,00h35m02s800ms,stable_change,52570,1519,"159,62,235,114",0.027835,1.7586,0.0,0.0087,event_frames_full/E00125_00h35m02s800ms_stable_change.jpg,event_crops/E00125_00h35m02s800ms_stable_change_DETAIL.jpg,"904,342,1460,715",chunk_03,event_chunks_5fps/chunk_03/event_frames_full/E00125_00h35m02s800ms_stable_change.jpg,event_chunks_5fps/chunk_03/event_crops/E00125_00h35m02s800ms_stable_change_DETAIL.jpg,GE00859
E00126,2103.8,00:35:03.800,00h35m03s800ms,stable_change,52595,1524,"159,71,233,88",0.027879,1.861,0.0,0.0,event_frames_full/E00126_00h35m03s800ms_stable_change.jpg,event_crops/E00126_00h35m03s800ms_stable_change_DETAIL.jpg,"904,397,1448,559",chunk_03,event_chunks_5fps/chunk_03/event_frames_full/E00126_00h35m03s800ms_stable_change.jpg,event_chunks_5fps/chunk_03/event_crops/E00126_00h35m03s800ms_stable_change_DETAIL.jpg,GE00860
E00127,2104.8,00:35:04.800,00h35m04s800ms,motion_progress,52620,1529,"159,72,235,111",0.035982,1.9518,0.027187,1.794,event_frames_full/E00127_00h35m04s800ms_motion_progress.jpg,event_crops/E00127_00h35m04s800ms_motion_progress_DETAIL.jpg,"904,403,1460,697",chunk_03,event_chunks_5fps/chunk_03/event_frames_full/E00127_00h35m04s800ms_motion_progress.jpg,event_chunks_5fps/chunk_03/event_crops/E00127_00h35m04s800ms_motion_progress_DETAIL.jpg,GE00861
E00128,2105.4,00:35:05.400,00h35m05s400ms,stable_change,52635,1532,"159,74,233,84",0.016362,1.1798,0.0,0.0,event_frames_full/E00128_00h35m05s400ms_stable_change.jpg,event_crops/E00128_00h35m05s400ms_stable_change_DETAIL.jpg,"904,415,1448,535",chunk_03,event_chunks_5fps/chunk_03/event_frames_full/E00128_00h35m05s400ms_stable_change.jpg,event_chunks_5fps/chunk_03/event_crops/E00128_00h35m05s400ms_stable_change_DETAIL.jpg,GE00862
E00129,2107.0,00:35:07.000,00h35m07s000ms,motion_progress,52675,1540,"159,74,233,91",0.027969,2.0301,0.027969,2.0289,event_frames_full/E00129_00h35m07s000ms_motion_progress.jpg,event_crops/E00129_00h35m07s000ms_motion_progress_DETAIL.jpg,"904,415,1448,577",chunk_03,event_chunks_5fps/chunk_03/event_frames_full/E00129_00h35m07s000ms_motion_progress.jpg,event_chunks_5fps/chunk_03/event_crops/E00129_00h35m07s000ms_motion_progress_DETAIL.jpg,GE00863
E00130,2107.6,00:35:07.600,00h35m07s600ms,stable_change,52690,1543,"159,74,233,91",0.027969,2.0392,0.0,0.0081,event_frames_full/E00130_00h35m07s600ms_stable_change.jpg,event_crops/E00130_00h35m07s600ms_stable_change_DETAIL.jpg,"904,415,1448,577",chunk_03,event_chunks_5fps/chunk_03/event_frames_full/E00130_00h35m07s600ms_stable_change.jpg,event_chunks_5fps/chunk_03/event_crops/E00130_00h35m07s600ms_stable_change_DETAIL.jpg,GE00864
E00131,2108.4,00:35:08.400,00h35m08s400ms,stable_change,52710,1547,"159,74,235,114",0.028013,1.853,0.0,0.0159,event_frames_full/E00131_00h35m08s400ms_stable_change.jpg,event_crops/E00131_00h35m08s400ms_stable_change_DETAIL.jpg,"904,415,1460,715",chunk_03,event_chunks_5fps/chunk_03/event_frames_full/E00131_00h35m08s400ms_stable_change.jpg,event_chunks_5fps/chunk_03/event_crops/E00131_00h35m08s400ms_stable_change_DETAIL.jpg,GE00865
E00132,2109.8,00:35:09.800,00h35m09s800ms,abrupt_change,52745,1554,"76,11,245,124",0.119509,6.4771,0.122924,6.7238,event_frames_full/E00132_00h35m09s800ms_abrupt_change.jpg,event_crops/E00132_00h35m09s800ms_abrupt_change_DETAIL.jpg,"406,36,1520,775",chunk_03,event_chunks_5fps/chunk_03/event_frames_full/E00132_00h35m09s800ms_abrupt_change.jpg,event_chunks_5fps/chunk_03/event_crops/E00132_00h35m09s800ms_abrupt_change_DETAIL.jpg,GE00866
E00133,2110.2,00:35:10.200,00h35m10s200ms,abrupt_change,52755,1556,"0,0,318,140",0.508393,28.6942,0.508393,28.6942,event_frames_full/E00133_00h35m10s200ms_abrupt_change.jpg,,,chunk_03,event_chunks_5fps/chunk_03/event_frames_full/E00133_00h35m10s200ms_abrupt_change.jpg,,GE00867
E00134,2111.4,00:35:11.400,00h35m11s400ms,abrupt_change,52785,1562,"72,0,320,140",0.515022,43.972,0.512589,43.6133,event_frames_full/E00134_00h35m11s400ms_abrupt_change.jpg,event_crops/E00134_00h35m11s400ms_abrupt_change_DETAIL.jpg,"382,0,1920,842",chunk_03,event_chunks_5fps/chunk_03/event_frames_full/E00134_00h35m11s400ms_abrupt_change.jpg,event_chunks_5fps/chunk_03/event_crops/E00134_00h35m11s400ms_abrupt_change_DETAIL.jpg,GE00868
E00135,2111.8,00:35:11.800,00h35m11s800ms,abrupt_change,52795,1564,"0,0,320,140",0.959286,95.8471,0.959286,95.8471,event_frames_full/E00135_00h35m11s800ms_abrupt_change.jpg,,,chunk_03,event_chunks_5fps/chunk_03/event_frames_full/E00135_00h35m11s800ms_abrupt_change.jpg,,GE00869
E00136,2112.6,00:35:12.600,00h35m12s600ms,abrupt_change,52815,1568,"28,16,320,140",0.196384,9.0398,0.186406,8.7191,event_frames_full/E00136_00h35m12s600ms_abrupt_change.jpg,,,chunk_03,event_chunks_5fps/chunk_03/event_frames_full/E00136_00h35m12s600ms_abrupt_change.jpg,,GE00870
E00137,2113.0,00:35:13.000,00h35m13s000ms,abrupt_change,52825,1570,"28,12,320,140",0.137634,8.2718,0.145491,7.1513,event_frames_full/E00137_00h35m13s000ms_abrupt_change.jpg,,,chunk_03,event_chunks_5fps/chunk_03/event_frames_full/E00137_00h35m13s000ms_abrupt_change.jpg,,GE00871
E00138,2115.4,00:35:15.400,00h35m15s400ms,abrupt_change,52885,1582,"28,12,320,140",0.220268,9.0078,0.221875,9.0187,event_frames_full/E00138_00h35m15s400ms_abrupt_change.jpg,,,chunk_03,event_chunks_5fps/chunk_03/event_frames_full/E00138_00h35m15s400ms_abrupt_change.jpg,,GE00872
E00139,2115.8,00:35:15.800,00h35m15s800ms,abrupt_change,52895,1584,"27,12,320,140",0.188906,8.3285,0.188906,8.3285,event_frames_full/E00139_00h35m15s800ms_abrupt_change.jpg,,,chunk_03,event_chunks_5fps/chunk_03/event_frames_full/E00139_00h35m15s800ms_abrupt_change.jpg,,GE00873
E00140,2116.2,00:35:16.200,00h35m16s200ms,abrupt_change,52905,1586,"25,17,320,137",0.15654,7.7637,0.123527,6.3988,event_frames_full/E00140_00h35m16s200ms_abrupt_change.jpg,,,chunk_03,event_chunks_5fps/chunk_03/event_frames_full/E00140_00h35m16s200ms_abrupt_change.jpg,,GE00874
E00141,2199.8,00:36:39.800,00h36m39s800ms,settled,54995,2004,"0,67,215,127",0.015134,0.9192,0.0,0.0009,event_frames_full/E00141_00h36m39s800ms_settled.jpg,event_crops/E00141_00h36m39s800ms_settled_DETAIL.jpg,"0,372,1340,793",chunk_03,event_chunks_5fps/chunk_03/event_frames_full/E00141_00h36m39s800ms_settled.jpg,event_chunks_5fps/chunk_03/event_crops/E00141_00h36m39s800ms_settled_DETAIL.jpg,GE00875
E00142,2205.0,00:36:45.000,00h36m45s000ms,abrupt_change,55125,2030,"0,2,320,140",0.15433,8.5885,0.152835,8.3824,event_frames_full/E00142_00h36m45s000ms_abrupt_change.jpg,,,chunk_03,event_chunks_5fps/chunk_03/event_frames_full/E00142_00h36m45s000ms_abrupt_change.jpg,,GE00876
E00143,2205.4,00:36:45.400,00h36m45s400ms,abrupt_change,55135,2032,"2,2,304,128",0.081719,4.6473,0.081719,4.6462,event_frames_full/E00143_00h36m45s400ms_abrupt_change.jpg,,,chunk_03,event_chunks_5fps/chunk_03/event_frames_full/E00143_00h36m45s400ms_abrupt_change.jpg,,GE00877
E00144,2205.8,00:36:45.800,00h36m45s800ms,abrupt_change,55145,2034,"0,2,320,140",0.110759,6.8689,0.055781,4.3819,event_frames_full/E00144_00h36m45s800ms_abrupt_change.jpg,,,chunk_03,event_chunks_5fps/chunk_03/event_frames_full/E00144_00h36m45s800ms_abrupt_change.jpg,,GE00878
E00145,2206.4,00:36:46.400,00h36m46s400ms,abrupt_change,55160,2037,"28,47,320,140",0.127656,7.0893,0.127656,7.0893,event_frames_full/E00145_00h36m46s400ms_abrupt_change.jpg,event_crops/E00145_00h36m46s400ms_abrupt_change_DETAIL.jpg,"118,252,1920,842",chunk_03,event_chunks_5fps/chunk_03/event_frames_full/E00145_00h36m46s400ms_abrupt_change.jpg,event_chunks_5fps/chunk_03/event_crops/E00145_00h36m46s400ms_abrupt_change_DETAIL.jpg,GE00879
E00146,2210.0,00:36:50.000,00h36m50s000ms,abrupt_change,55250,2055,"0,0,320,140",0.959219,89.9935,0.959219,90.7132,event_frames_full/E00146_00h36m50s000ms_abrupt_change.jpg,,,chunk_03,event_chunks_5fps/chunk_03/event_frames_full/E00146_00h36m50s000ms_abrupt_change.jpg,,GE00880
E00147,2210.4,00:36:50.400,00h36m50s400ms,abrupt_change,55260,2057,"0,0,320,140",0.916451,33.4894,0.052857,2.7633,event_frames_full/E00147_00h36m50s400ms_abrupt_change.jpg,,,chunk_03,event_chunks_5fps/chunk_03/event_frames_full/E00147_00h36m50s400ms_abrupt_change.jpg,,GE00881
E00148,2214.4,00:36:54.400,00h36m54s400ms,abrupt_change,55360,2077,"0,0,320,140",0.869821,105.1483,0.871518,105.6098,event_frames_full/E00148_00h36m54s400ms_abrupt_change.jpg,,,chunk_03,event_chunks_5fps/chunk_03/event_frames_full/E00148_00h36m54s400ms_abrupt_change.jpg,,GE00882
E00149,2214.8,00:36:54.800,00h36m54s800ms,abrupt_change,55370,2079,"2,2,320,140",0.09683,5.4407,0.09683,5.4407,event_frames_full/E00149_00h36m54s800ms_abrupt_change.jpg,,,chunk_03,event_chunks_5fps/chunk_03/event_frames_full/E00149_00h36m54s800ms_abrupt_change.jpg,,GE00883
E00150,2219.2,00:36:59.200,00h36m59s200ms,abrupt_change,55480,2101,"27,41,162,91",0.053638,3.6768,0.051473,3.2612,event_frames_full/E00150_00h36m59s200ms_abrupt_change.jpg,event_crops/E00150_00h36m59s200ms_abrupt_change_DETAIL.jpg,"112,216,1022,577",chunk_03,event_chunks_5fps/chunk_03/event_frames_full/E00150_00h36m59s200ms_abrupt_change.jpg,event_chunks_5fps/chunk_03/event_crops/E00150_00h36m59s200ms_abrupt_change_DETAIL.jpg,GE00884
E00151,2219.6,00:36:59.600,00h36m59s600ms,abrupt_change,55490,2103,"27,42,160,91",0.044375,2.7425,0.044487,2.7418,event_frames_full/E00151_00h36m59s600ms_abrupt_change.jpg,event_crops/E00151_00h36m59s600ms_abrupt_change_DETAIL.jpg,"112,222,1010,577",chunk_03,event_chunks_5fps/chunk_03/event_frames_full/E00151_00h36m59s600ms_abrupt_change.jpg,event_chunks_5fps/chunk_03/event_crops/E00151_00h36m59s600ms_abrupt_change_DETAIL.jpg,GE00885
E00152,2221.4,00:37:01.400,00h37m01s400ms,abrupt_change,55535,2112,"27,70,160,88",0.041339,2.702,0.041183,2.6946,event_frames_full/E00152_00h37m01s400ms_abrupt_change.jpg,event_crops/E00152_00h37m01s400ms_abrupt_change_DETAIL.jpg,"112,391,1010,559",chunk_03,event_chunks_5fps/chunk_03/event_frames_full/E00152_00h37m01s400ms_abrupt_change.jpg,event_chunks_5fps/chunk_03/event_crops/E00152_00h37m01s400ms_abrupt_change_DETAIL.jpg,GE00886
E00153,2222.0,00:37:02.000,00h37m02s000ms,stable_change,55550,2115,"27,41,160,81",0.056295,3.6485,0.0,0.0066,event_frames_full/E00153_00h37m02s000ms_stable_change.jpg,event_crops/E00153_00h37m02s000ms_stable_change_DETAIL.jpg,"112,216,1010,517",chunk_03,event_chunks_5fps/chunk_03/event_frames_full/E00153_00h37m02s000ms_stable_change.jpg,event_chunks_5fps/chunk_03/event_crops/E00153_00h37m02s000ms_stable_change_DETAIL.jpg,GE00887
E00154,2223.0,00:37:03.000,00h37m03s000ms,abrupt_change,55575,2120,"27,41,162,85",0.05154,3.2667,0.05154,3.2672,event_frames_full/E00154_00h37m03s000ms_abrupt_change.jpg,event_crops/E00154_00h37m03s000ms_abrupt_change_DETAIL.jpg,"112,216,1022,541",chunk_03,event_chunks_5fps/chunk_03/event_frames_full/E00154_00h37m03s000ms_abrupt_change.jpg,event_chunks_5fps/chunk_03/event_crops/E00154_00h37m03s000ms_abrupt_change_DETAIL.jpg,GE00888
E00155,2227.2,00:37:07.200,00h37m07s200ms,abrupt_change,55680,2141,"27,41,176,91",0.051987,3.3009,0.051518,3.2763,event_frames_full/E00155_00h37m07s200ms_abrupt_change.jpg,event_crops/E00155_00h37m07s200ms_abrupt_change_DETAIL.jpg,"112,216,1106,577",chunk_03,event_chunks_5fps/chunk_03/event_frames_full/E00155_00h37m07s200ms_abrupt_change.jpg,event_chunks_5fps/chunk_03/event_crops/E00155_00h37m07s200ms_abrupt_change_DETAIL.jpg,GE00889
E00156,2228.8,00:37:08.800,00h37m08s800ms,abrupt_change,55720,2149,"27,41,160,91",0.056406,3.7233,0.056205,3.6955,event_frames_full/E00156_00h37m08s800ms_abrupt_change.jpg,event_crops/E00156_00h37m08s800ms_abrupt_change_DETAIL.jpg,"112,216,1010,577",chunk_03,event_chunks_5fps/chunk_03/event_frames_full/E00156_00h37m08s800ms_abrupt_change.jpg,event_chunks_5fps/chunk_03/event_crops/E00156_00h37m08s800ms_abrupt_change_DETAIL.jpg,GE00890
E00157,2229.4,00:37:09.400,00h37m09s400ms,abrupt_change,55735,2152,"27,41,160,66",0.056205,3.6954,0.056205,3.7021,event_frames_full/E00157_00h37m09s400ms_abrupt_change.jpg,event_crops/E00157_00h37m09s400ms_abrupt_change_DETAIL.jpg,"112,216,1010,426",chunk_03,event_chunks_5fps/chunk_03/event_frames_full/E00157_00h37m09s400ms_abrupt_change.jpg,event_chunks_5fps/chunk_03/event_crops/E00157_00h37m09s400ms_abrupt_change_DETAIL.jpg,GE00891
E00158,2230.0,00:37:10.000,00h37m10s000ms,stable_change,55750,2155,"27,41,160,59",0.050379,3.2326,0.0,0.0061,event_frames_full/E00158_00h37m10s000ms_stable_change.jpg,event_crops/E00158_00h37m10s000ms_stable_change_DETAIL.jpg,"112,216,1010,384",chunk_03,event_chunks_5fps/chunk_03/event_frames_full/E00158_00h37m10s000ms_stable_change.jpg,event_chunks_5fps/chunk_03/event_crops/E00158_00h37m10s000ms_stable_change_DETAIL.jpg,GE00892
E00159,2230.6,00:37:10.600,00h37m10s600ms,abrupt_change,55765,2158,"27,42,162,89",0.071049,3.8196,0.071384,3.8192,event_frames_full/E00159_00h37m10s600ms_abrupt_change.jpg,event_crops/E00159_00h37m10s600ms_abrupt_change_DETAIL.jpg,"112,222,1022,565",chunk_03,event_chunks_5fps/chunk_03/event_frames_full/E00159_00h37m10s600ms_abrupt_change.jpg,event_chunks_5fps/chunk_03/event_crops/E00159_00h37m10s600ms_abrupt_change_DETAIL.jpg,GE00893
E00160,2231.8,00:37:11.800,00h37m11s800ms,abrupt_change,55795,2164,"167,36,303,93",0.044754,2.9704,0.043125,2.9141,event_frames_full/E00160_00h37m11s800ms_abrupt_change.jpg,event_crops/E00160_00h37m11s800ms_abrupt_change_DETAIL.jpg,"952,186,1868,589",chunk_03,event_chunks_5fps/chunk_03/event_frames_full/E00160_00h37m11s800ms_abrupt_change.jpg,event_chunks_5fps/chunk_03/event_crops/E00160_00h37m11s800ms_abrupt_change_DETAIL.jpg,GE00894
E00161,2232.2,00:37:12.200,00h37m12s200ms,abrupt_change,55805,2166,"167,36,300,93",0.056004,3.8385,0.056004,3.8352,event_frames_full/E00161_00h37m12s200ms_abrupt_change.jpg,event_crops/E00161_00h37m12s200ms_abrupt_change_DETAIL.jpg,"952,186,1850,589",chunk_03,event_chunks_5fps/chunk_03/event_frames_full/E00161_00h37m12s200ms_abrupt_change.jpg,event_chunks_5fps/chunk_03/event_crops/E00161_00h37m12s200ms_abrupt_change_DETAIL.jpg,GE00895
E00162,2232.8,00:37:12.800,00h37m12s800ms,abrupt_change,55820,2169,"167,36,300,74",0.059464,4.3752,0.050647,3.679,event_frames_full/E00162_00h37m12s800ms_abrupt_change.jpg,event_crops/E00162_00h37m12s800ms_abrupt_change_DETAIL.jpg,"952,186,1850,475",chunk_03,event_chunks_5fps/chunk_03/event_frames_full/E00162_00h37m12s800ms_abrupt_change.jpg,event_chunks_5fps/chunk_03/event_crops/E00162_00h37m12s800ms_abrupt_change_DETAIL.jpg,GE00896
E00163,2233.4,00:37:13.400,00h37m13s400ms,abrupt_change,55835,2172,"142,36,303,120",0.07029,3.8143,0.07,3.7984,event_frames_full/E00163_00h37m13s400ms_abrupt_change.jpg,event_crops/E00163_00h37m13s400ms_abrupt_change_DETAIL.jpg,"802,186,1868,751",chunk_03,event_chunks_5fps/chunk_03/event_frames_full/E00163_00h37m13s400ms_abrupt_change.jpg,event_chunks_5fps/chunk_03/event_crops/E00163_00h37m13s400ms_abrupt_change_DETAIL.jpg,GE00897
E00164,2234.4,00:37:14.400,00h37m14s400ms,settled,55860,2177,"98,0,281,106",0.00875,0.526,0.0,0.0002,event_frames_full/E00164_00h37m14s400ms_settled.jpg,event_crops/E00164_00h37m14s400ms_settled_DETAIL.jpg,"538,0,1736,667",chunk_03,event_chunks_5fps/chunk_03/event_frames_full/E00164_00h37m14s400ms_settled.jpg,event_chunks_5fps/chunk_03/event_crops/E00164_00h37m14s400ms_settled_DETAIL.jpg,GE00898
E00165,2235.0,00:37:15.000,00h37m15s000ms,stable_change,55875,2180,"27,106,116,128",0.022054,1.7119,0.0,0.0168,event_frames_full/E00165_00h37m15s000ms_stable_change.jpg,event_crops/E00165_00h37m15s000ms_stable_change_DETAIL.jpg,"112,607,746,799",chunk_03,event_chunks_5fps/chunk_03/event_frames_full/E00165_00h37m15s000ms_stable_change.jpg,event_chunks_5fps/chunk_03/event_crops/E00165_00h37m15s000ms_stable_change_DETAIL.jpg,GE00899
E00166,2237.2,00:37:17.200,00h37m17s200ms,motion_progress,55930,2191,"27,101,130,128",0.024933,1.7833,0.024598,1.7667,event_frames_full/E00166_00h37m17s200ms_motion_progress.jpg,event_crops/E00166_00h37m17s200ms_motion_progress_DETAIL.jpg,"112,577,830,799",chunk_03,event_chunks_5fps/chunk_03/event_frames_full/E00166_00h37m17s200ms_motion_progress.jpg,event_chunks_5fps/chunk_03/event_crops/E00166_00h37m17s200ms_motion_progress_DETAIL.jpg,GE00900
E00167,2239.4,00:37:19.400,00h37m19s400ms,settled,55985,2202,"65,0,281,122",0.009219,0.5523,0.0,0.0,event_frames_full/E00167_00h37m19s400ms_settled.jpg,event_crops/E00167_00h37m19s400ms_settled_DETAIL.jpg,"340,0,1736,763",chunk_03,event_chunks_5fps/chunk_03/event_frames_full/E00167_00h37m19s400ms_settled.jpg,event_chunks_5fps/chunk_03/event_crops/E00167_00h37m19s400ms_settled_DETAIL.jpg,GE00901
E00168,2243.0,00:37:23.000,00h37m23s000ms,motion_progress,56075,2220,"28,99,320,140",0.027254,1.2972,0.023281,1.197,event_frames_full/E00168_00h37m23s000ms_motion_progress.jpg,event_crops/E00168_00h37m23s000ms_motion_progress_DETAIL.jpg,"118,565,1920,842",chunk_03,event_chunks_5fps/chunk_03/event_frames_full/E00168_00h37m23s000ms_motion_progress.jpg,event_chunks_5fps/chunk_03/event_crops/E00168_00h37m23s000ms_motion_progress_DETAIL.jpg,GE00902
E00169,2243.4,00:37:23.400,00h37m23s400ms,abrupt_change,56085,2222,"27,18,320,140",0.152188,6.914,0.152143,6.9124,event_frames_full/E00169_00h37m23s400ms_abrupt_change.jpg,,,chunk_03,event_chunks_5fps/chunk_03/event_frames_full/E00169_00h37m23s400ms_abrupt_change.jpg,,GE00903
E00170,2244.0,00:37:24.000,00h37m24s000ms,stable_change,56100,2225,"28,18,320,140",0.162679,8.4888,0.0,0.0134,event_frames_full/E00170_00h37m24s000ms_stable_change.jpg,,,chunk_03,event_chunks_5fps/chunk_03/event_frames_full/E00170_00h37m24s000ms_stable_change.jpg,,GE00904
E00171,2254.8,00:37:34.800,00h37m34s800ms,abrupt_change,56370,2279,"2,2,320,140",0.146071,8.8325,0.147813,8.9423,event_frames_full/E00171_00h37m34s800ms_abrupt_change.jpg,,,chunk_03,event_chunks_5fps/chunk_03/event_frames_full/E00171_00h37m34s800ms_abrupt_change.jpg,,GE00905
E00172,2255.2,00:37:35.200,00h37m35s200ms,abrupt_change,56380,2281,"2,2,306,121",0.092567,5.7075,0.092567,5.7075,event_frames_full/E00172_00h37m35s200ms_abrupt_change.jpg,,,chunk_03,event_chunks_5fps/chunk_03/event_frames_full/E00172_00h37m35s200ms_abrupt_change.jpg,,GE00906
E00173,2255.6,00:37:35.600,00h37m35s600ms,abrupt_change,56390,2283,"0,2,320,140",0.055313,4.4292,0.055313,4.4292,event_frames_full/E00173_00h37m35s600ms_abrupt_change.jpg,,,chunk_03,event_chunks_5fps/chunk_03/event_frames_full/E00173_00h37m35s600ms_abrupt_change.jpg,,GE00907
E00174,2256.2,00:37:36.200,00h37m36s200ms,stable_change,56405,2286,"0,45,320,140",0.120268,6.5395,0.00221,0.1861,event_frames_full/E00174_00h37m36s200ms_stable_change.jpg,event_crops/E00174_00h37m36s200ms_stable_change_DETAIL.jpg,"0,240,1920,842",chunk_03,event_chunks_5fps/chunk_03/event_frames_full/E00174_00h37m36s200ms_stable_change.jpg,event_chunks_5fps/chunk_03/event_crops/E00174_00h37m36s200ms_stable_change_DETAIL.jpg,GE00908
E00175,2257.4,00:37:37.400,00h37m37s400ms,abrupt_change,56435,2292,"0,0,320,140",0.953862,25.4011,0.953839,25.3753,event_frames_full/E00175_00h37m37s400ms_abrupt_change.jpg,,,chunk_03,event_chunks_5fps/chunk_03/event_frames_full/E00175_00h37m37s400ms_abrupt_change.jpg,,GE00909
E00176,2257.8,00:37:37.800,00h37m37s800ms,abrupt_change,56445,2294,"0,0,320,140",0.949665,81.9905,0.15183,13.3392,event_frames_full/E00176_00h37m37s800ms_abrupt_change.jpg,,,chunk_03,event_chunks_5fps/chunk_03/event_frames_full/E00176_00h37m37s800ms_abrupt_change.jpg,,GE00910
E00177,2259.2,00:37:39.200,00h37m39s200ms,settled,56480,2301,"108,69,209,108",0.02,0.8275,0.0,0.0011,event_frames_full/E00177_00h37m39s200ms_settled.jpg,event_crops/E00177_00h37m39s200ms_settled_DETAIL.jpg,"598,384,1304,679",chunk_03,event_chunks_5fps/chunk_03/event_frames_full/E00177_00h37m39s200ms_settled.jpg,event_chunks_5fps/chunk_03/event_crops/E00177_00h37m39s200ms_settled_DETAIL.jpg,GE00911
E00178,2260.0,00:37:40.000,00h37m40s000ms,abrupt_change,56500,2305,"0,0,320,140",0.873661,105.1756,0.874062,105.3386,event_frames_full/E00178_00h37m40s000ms_abrupt_change.jpg,,,chunk_03,event_chunks_5fps/chunk_03/event_frames_full/E00178_00h37m40s000ms_abrupt_change.jpg,,GE00912
E00179,2260.4,00:37:40.400,00h37m40s400ms,abrupt_change,56510,2307,"2,2,320,140",0.107723,5.6941,0.107723,5.6941,event_frames_full/E00179_00h37m40s400ms_abrupt_change.jpg,,,chunk_03,event_chunks_5fps/chunk_03/event_frames_full/E00179_00h37m40s400ms_abrupt_change.jpg,,GE00913
E00180,2265.2,00:37:45.200,00h37m45s200ms,abrupt_change,56630,2331,"73,50,162,103",0.03846,2.4966,0.038259,2.2505,event_frames_full/E00180_00h37m45s200ms_abrupt_change.jpg,event_crops/E00180_00h37m45s200ms_abrupt_change_DETAIL.jpg,"388,270,1022,649",chunk_03,event_chunks_5fps/chunk_03/event_frames_full/E00180_00h37m45s200ms_abrupt_change.jpg,event_chunks_5fps/chunk_03/event_crops/E00180_00h37m45s200ms_abrupt_change_DETAIL.jpg,GE00914
E00181,2268.4,00:37:48.400,00h37m48s400ms,abrupt_change,56710,2347,"74,59,160,91",0.038058,2.3269,0.038036,2.3026,event_frames_full/E00181_00h37m48s400ms_abrupt_change.jpg,event_crops/E00181_00h37m48s400ms_abrupt_change_DETAIL.jpg,"394,324,1010,577",chunk_03,event_chunks_5fps/chunk_03/event_frames_full/E00181_00h37m48s400ms_abrupt_change.jpg,event_chunks_5fps/chunk_03/event_crops/E00181_00h37m48s400ms_abrupt_change_DETAIL.jpg,GE00915
E00182,2269.0,00:37:49.000,00h37m49s000ms,abrupt_change,56725,2350,"73,46,162,103",0.055848,2.4981,0.056161,2.554,event_frames_full/E00182_00h37m49s000ms_abrupt_change.jpg,event_crops/E00182_00h37m49s000ms_abrupt_change_DETAIL.jpg,"388,246,1022,649",chunk_03,event_chunks_5fps/chunk_03/event_frames_full/E00182_00h37m49s000ms_abrupt_change.jpg,event_chunks_5fps/chunk_03/event_crops/E00182_00h37m49s000ms_abrupt_change_DETAIL.jpg,GE00916
E00183,2286.6,00:38:06.600,00h38m06s600ms,settled,57165,2438,"30,0,281,91",0.010402,0.6217,0.0,0.0054,event_frames_full/E00183_00h38m06s600ms_settled.jpg,event_crops/E00183_00h38m06s600ms_settled_DETAIL.jpg,"130,0,1736,577",chunk_03,event_chunks_5fps/chunk_03/event_frames_full/E00183_00h38m06s600ms_settled.jpg,event_chunks_5fps/chunk_03/event_crops/E00183_00h38m06s600ms_settled_DETAIL.jpg,GE00917
E00184,2291.8,00:38:11.800,00h38m11s800ms,abrupt_change,57295,2464,"29,0,290,140",0.058594,3.2077,0.050089,2.6728,event_frames_full/E00184_00h38m11s800ms_abrupt_change.jpg,,,chunk_03,event_chunks_5fps/chunk_03/event_frames_full/E00184_00h38m11s800ms_abrupt_change.jpg,,GE00918
E00185,2294.4,00:38:14.400,00h38m14s400ms,abrupt_change,57360,2477,"27,47,116,101",0.047388,2.5225,0.046987,2.5202,event_frames_full/E00185_00h38m14s400ms_abrupt_change.jpg,event_crops/E00185_00h38m14s400ms_abrupt_change_DETAIL.jpg,"112,252,746,637",chunk_03,event_chunks_5fps/chunk_03/event_frames_full/E00185_00h38m14s400ms_abrupt_change.jpg,event_chunks_5fps/chunk_03/event_crops/E00185_00h38m14s400ms_abrupt_change_DETAIL.jpg,GE00919
E00186,2295.0,00:38:15.000,00h38m15s000ms,abrupt_change,57375,2480,"27,52,113,93",0.043817,2.9504,0.044018,2.9033,event_frames_full/E00186_00h38m15s000ms_abrupt_change.jpg,event_crops/E00186_00h38m15s000ms_abrupt_change_DETAIL.jpg,"112,282,728,589",chunk_03,event_chunks_5fps/chunk_03/event_frames_full/E00186_00h38m15s000ms_abrupt_change.jpg,event_chunks_5fps/chunk_03/event_crops/E00186_00h38m15s000ms_abrupt_change_DETAIL.jpg,GE00920
E00187,2295.6,00:38:15.600,00h38m15s600ms,stable_change,57390,2483,"27,72,113,93",0.040223,2.7981,0.0,0.0,event_frames_full/E00187_00h38m15s600ms_stable_change.jpg,event_crops/E00187_00h38m15s600ms_stable_change_DETAIL.jpg,"112,403,728,589",chunk_03,event_chunks_5fps/chunk_03/event_frames_full/E00187_00h38m15s600ms_stable_change.jpg,event_chunks_5fps/chunk_03/event_crops/E00187_00h38m15s600ms_stable_change_DETAIL.jpg,GE00921
E00188,2296.0,00:38:16.000,00h38m16s000ms,abrupt_change,57400,2485,,0.0,0.0242,0.042143,3.119,event_frames_full/E00188_00h38m16s000ms_abrupt_change.jpg,,,chunk_03,event_chunks_5fps/chunk_03/event_frames_full/E00188_00h38m16s000ms_abrupt_change.jpg,,GE00922
E00189,2297.6,00:38:17.600,00h38m17s600ms,abrupt_change,57440,2493,"27,47,113,91",0.040313,2.1786,0.051004,3.0137,event_frames_full/E00189_00h38m17s600ms_abrupt_change.jpg,event_crops/E00189_00h38m17s600ms_abrupt_change_DETAIL.jpg,"112,252,728,577",chunk_03,event_chunks_5fps/chunk_03/event_frames_full/E00189_00h38m17s600ms_abrupt_change.jpg,event_chunks_5fps/chunk_03/event_crops/E00189_00h38m17s600ms_abrupt_change_DETAIL.jpg,GE00923
E00190,2299.0,00:38:19.000,00h38m19s000ms,settled,57475,2500,"32,48,86,96",0.005179,0.2429,0.0,0.0,event_frames_full/E00190_00h38m19s000ms_settled.jpg,event_crops/E00190_00h38m19s000ms_settled_DETAIL.jpg,"142,258,566,607",chunk_03,event_chunks_5fps/chunk_03/event_frames_full/E00190_00h38m19s000ms_settled.jpg,event_chunks_5fps/chunk_03/event_crops/E00190_00h38m19s000ms_settled_DETAIL.jpg,GE00924
E00191,2299.6,00:38:19.600,00h38m19s600ms,abrupt_change,57490,2503,"27,67,113,90",0.043795,3.2308,0.043795,3.2276,event_frames_full/E00191_00h38m19s600ms_abrupt_change.jpg,event_crops/E00191_00h38m19s600ms_abrupt_change_DETAIL.jpg,"112,372,728,571",chunk_03,event_chunks_5fps/chunk_03/event_frames_full/E00191_00h38m19s600ms_abrupt_change.jpg,event_chunks_5fps/chunk_03/event_crops/E00191_00h38m19s600ms_abrupt_change_DETAIL.jpg,GE00925
E00192,2300.2,00:38:20.200,00h38m20s200ms,abrupt_change,57505,2506,"27,47,116,100",0.049308,2.3169,0.048951,2.3062,event_frames_full/E00192_00h38m20s200ms_abrupt_change.jpg,event_crops/E00192_00h38m20s200ms_abrupt_change_DETAIL.jpg,"112,252,746,631",chunk_03,event_chunks_5fps/chunk_03/event_frames_full/E00192_00h38m20s200ms_abrupt_change.jpg,event_chunks_5fps/chunk_03/event_crops/E00192_00h38m20s200ms_abrupt_change_DETAIL.jpg,GE00926
E00193,2302.4,00:38:22.400,00h38m22s400ms,settled,57560,2517,"120,62,171,120",0.021429,1.0666,0.0,0.0026,event_frames_full/E00193_00h38m22s400ms_settled.jpg,event_crops/E00193_00h38m22s400ms_settled_DETAIL.jpg,"670,342,1076,751",chunk_03,event_chunks_5fps/chunk_03/event_frames_full/E00193_00h38m22s400ms_settled.jpg,event_chunks_5fps/chunk_03/event_crops/E00193_00h38m22s400ms_settled_DETAIL.jpg,GE00927
E00194,2303.4,00:38:23.400,00h38m23s400ms,motion_progress,57585,2522,"120,79,163,100",0.016429,1.1506,0.016116,1.1203,event_frames_full/E00194_00h38m23s400ms_motion_progress.jpg,event_crops/E00194_00h38m23s400ms_motion_progress_DETAIL.jpg,"670,445,1028,631",chunk_03,event_chunks_5fps/chunk_03/event_frames_full/E00194_00h38m23s400ms_motion_progress.jpg,event_chunks_5fps/chunk_03/event_crops/E00194_00h38m23s400ms_motion_progress_DETAIL.jpg,GE00928
E00195,2304.2,00:38:24.200,00h38m24s200ms,stable_change,57605,2526,"120,59,163,89",0.018817,1.291,0.0,0.0044,event_frames_full/E00195_00h38m24s200ms_stable_change.jpg,event_crops/E00195_00h38m24s200ms_stable_change_DETAIL.jpg,"670,324,1028,565",chunk_03,event_chunks_5fps/chunk_03/event_frames_full/E00195_00h38m24s200ms_stable_change.jpg,event_chunks_5fps/chunk_03/event_crops/E00195_00h38m24s200ms_stable_change_DETAIL.jpg,GE00929
E00196,2305.2,00:38:25.200,00h38m25s200ms,settled,57630,2531,"120,58,176,100",0.016652,0.982,0.0,0.0126,event_frames_full/E00196_00h38m25s200ms_settled.jpg,event_crops/E00196_00h38m25s200ms_settled_DETAIL.jpg,"670,318,1106,631",chunk_03,event_chunks_5fps/chunk_03/event_frames_full/E00196_00h38m25s200ms_settled.jpg,event_chunks_5fps/chunk_03/event_crops/E00196_00h38m25s200ms_settled_DETAIL.jpg,GE00930
E00197,2314.2,00:38:34.200,00h38m34s200ms,abrupt_change,57855,2576,"28,23,320,140",0.101451,5.2108,0.101429,5.2057,event_frames_full/E00197_00h38m34s200ms_abrupt_change.jpg,event_crops/E00197_00h38m34s200ms_abrupt_change_DETAIL.jpg,"118,108,1920,842",chunk_03,event_chunks_5fps/chunk_03/event_frames_full/E00197_00h38m34s200ms_abrupt_change.jpg,event_chunks_5fps/chunk_03/event_crops/E00197_00h38m34s200ms_abrupt_change_DETAIL.jpg,GE00931
E00198,2314.8,00:38:34.800,00h38m34s800ms,stable_change,57870,2579,"28,19,320,140",0.074107,3.3211,0.0,0.0121,event_frames_full/E00198_00h38m34s800ms_stable_change.jpg,,,chunk_03,event_chunks_5fps/chunk_03/event_frames_full/E00198_00h38m34s800ms_stable_change.jpg,,GE00932
E00199,2318.6,00:38:38.600,00h38m38s600ms,abrupt_change,57965,2598,"28,26,320,140",0.064687,3.4201,0.060424,3.3215,event_frames_full/E00199_00h38m38s600ms_abrupt_change.jpg,event_crops/E00199_00h38m38s600ms_abrupt_change_DETAIL.jpg,"118,126,1920,842",chunk_03,event_chunks_5fps/chunk_03/event_frames_full/E00199_00h38m38s600ms_abrupt_change.jpg,event_chunks_5fps/chunk_03/event_crops/E00199_00h38m38s600ms_abrupt_change_DETAIL.jpg,GE00933
E00200,2319.2,00:38:39.200,00h38m39s200ms,abrupt_change,57980,2601,"0,13,320,140",0.169777,8.7419,0.176362,8.713,event_frames_full/E00200_00h38m39s200ms_abrupt_change.jpg,,,chunk_03,event_chunks_5fps/chunk_03/event_frames_full/E00200_00h38m39s200ms_abrupt_change.jpg,,GE00934
E00201,2328.0,00:38:48.000,00h38m48s000ms,abrupt_change,58200,2645,"0,14,320,140",0.154754,8.6588,0.138415,8.584,event_frames_full/E00201_00h38m48s000ms_abrupt_change.jpg,,,chunk_03,event_chunks_5fps/chunk_03/event_frames_full/E00201_00h38m48s000ms_abrupt_change.jpg,,GE00935
E00202,2328.6,00:38:48.600,00h38m48s600ms,stable_change,58215,2648,"28,20,320,140",0.140357,7.8644,0.0,0.0113,event_frames_full/E00202_00h38m48s600ms_stable_change.jpg,,,chunk_03,event_chunks_5fps/chunk_03/event_frames_full/E00202_00h38m48s600ms_stable_change.jpg,,GE00936
E00203,2329.0,00:38:49.000,00h38m49s000ms,abrupt_change,58225,2650,"28,16,320,140",0.143728,7.8055,0.144933,7.7955,event_frames_full/E00203_00h38m49s000ms_abrupt_change.jpg,,,chunk_03,event_chunks_5fps/chunk_03/event_frames_full/E00203_00h38m49s000ms_abrupt_change.jpg,,GE00937
E00204,2331.0,00:38:51.000,00h38m51s000ms,motion_progress,58275,2660,"30,54,320,140",0.025335,2.5054,0.024263,2.5241,event_frames_full/E00204_00h38m51s000ms_motion_progress.jpg,event_crops/E00204_00h38m51s000ms_motion_progress_DETAIL.jpg,"130,294,1920,842",chunk_03,event_chunks_5fps/chunk_03/event_frames_full/E00204_00h38m51s000ms_motion_progress.jpg,event_chunks_5fps/chunk_03/event_crops/E00204_00h38m51s000ms_motion_progress_DETAIL.jpg,GE00938
E00205,2331.4,00:38:51.400,00h38m51s400ms,abrupt_change,58285,2662,"0,13,320,140",0.20154,8.8915,0.059754,3.9957,event_frames_full/E00205_00h38m51s400ms_abrupt_change.jpg,,,chunk_03,event_chunks_5fps/chunk_03/event_frames_full/E00205_00h38m51s400ms_abrupt_change.jpg,,GE00939
E00206,2332.4,00:38:52.400,00h38m52s400ms,abrupt_change,58310,2667,"0,13,320,140",0.122857,7.8056,0.122478,7.7389,event_frames_full/E00206_00h38m52s400ms_abrupt_change.jpg,,,chunk_03,event_chunks_5fps/chunk_03/event_frames_full/E00206_00h38m52s400ms_abrupt_change.jpg,,GE00940
E00207,2333.0,00:38:53.000,00h38m53s000ms,stable_change,58325,2670,"28,18,320,140",0.12779,7.3702,0.0,0.0034,event_frames_full/E00207_00h38m53s000ms_stable_change.jpg,,,chunk_03,event_chunks_5fps/chunk_03/event_frames_full/E00207_00h38m53s000ms_stable_change.jpg,,GE00941
E00208,2334.4,00:38:54.400,00h38m54s400ms,settled,58360,2677,"247,90,268,101",0.005112,0.3515,0.0,0.006,event_frames_full/E00208_00h38m54s400ms_settled.jpg,event_crops/E00208_00h38m54s400ms_settled_DETAIL.jpg,"1432,511,1658,637",chunk_03,event_chunks_5fps/chunk_03/event_frames_full/E00208_00h38m54s400ms_settled.jpg,event_chunks_5fps/chunk_03/event_crops/E00208_00h38m54s400ms_settled_DETAIL.jpg,GE00942
E00209,2338.0,00:38:58.000,00h38m58s000ms,abrupt_change,58450,2695,"0,16,320,140",0.136563,8.2265,0.136362,8.2215,event_frames_full/E00209_00h38m58s000ms_abrupt_change.jpg,,,chunk_03,event_chunks_5fps/chunk_03/event_frames_full/E00209_00h38m58s000ms_abrupt_change.jpg,,GE00943
E00210,2338.6,00:38:58.600,00h38m58s600ms,stable_change,58465,2698,"0,14,320,140",0.091719,5.3931,0.0,0.0112,event_frames_full/E00210_00h38m58s600ms_stable_change.jpg,,,chunk_03,event_chunks_5fps/chunk_03/event_frames_full/E00210_00h38m58s600ms_stable_change.jpg,,GE00944
E00211,2352.6,00:39:12.600,00h39m12s600ms,abrupt_change,58815,2768,"0,13,320,140",0.137746,8.5228,0.136049,8.4811,event_frames_full/E00211_00h39m12s600ms_abrupt_change.jpg,,,chunk_03,event_chunks_5fps/chunk_03/event_frames_full/E00211_00h39m12s600ms_abrupt_change.jpg,,GE00945
E00212,2353.2,00:39:13.200,00h39m13s200ms,stable_change,58830,2771,"28,16,320,140",0.133214,7.6378,0.0,0.0,event_frames_full/E00212_00h39m13s200ms_stable_change.jpg,,,chunk_03,event_chunks_5fps/chunk_03/event_frames_full/E00212_00h39m13s200ms_stable_change.jpg,,GE00946
E00213,2355.2,00:39:15.200,00h39m15s200ms,abrupt_change,58880,2781,"28,13,320,140",0.17433,8.5224,0.194442,8.5975,event_frames_full/E00213_00h39m15s200ms_abrupt_change.jpg,,,chunk_03,event_chunks_5fps/chunk_03/event_frames_full/E00213_00h39m15s200ms_abrupt_change.jpg,,GE00947
E00214,2355.8,00:39:15.800,00h39m15s800ms,stable_change,58895,2784,"0,13,320,140",0.129107,6.6533,0.0,0.0097,event_frames_full/E00214_00h39m15s800ms_stable_change.jpg,,,chunk_03,event_chunks_5fps/chunk_03/event_frames_full/E00214_00h39m15s800ms_stable_change.jpg,,GE00948
E00215,2362.4,00:39:22.400,00h39m22s400ms,abrupt_change,59060,2817,"0,14,320,140",0.137187,8.4712,0.137232,8.5493,event_frames_full/E00215_00h39m22s400ms_abrupt_change.jpg,,,chunk_03,event_chunks_5fps/chunk_03/event_frames_full/E00215_00h39m22s400ms_abrupt_change.jpg,,GE00949
E00216,2363.0,00:39:23.000,00h39m23s000ms,stable_change,59075,2820,"28,20,320,140",0.14279,8.1366,0.0,0.0508,event_frames_full/E00216_00h39m23s000ms_stable_change.jpg,,,chunk_03,event_chunks_5fps/chunk_03/event_frames_full/E00216_00h39m23s000ms_stable_change.jpg,,GE00950
E00217,2363.6,00:39:23.600,00h39m23s600ms,abrupt_change,59090,2823,"28,14,320,140",0.146094,7.8595,0.146674,7.9125,event_frames_full/E00217_00h39m23s600ms_abrupt_change.jpg,,,chunk_03,event_chunks_5fps/chunk_03/event_frames_full/E00217_00h39m23s600ms_abrupt_change.jpg,,GE00951
E00218,2364.2,00:39:24.200,00h39m24s200ms,stable_change,59105,2826,"0,14,320,140",0.13779,8.6541,0.0,0.014,event_frames_full/E00218_00h39m24s200ms_stable_change.jpg,,,chunk_03,event_chunks_5fps/chunk_03/event_frames_full/E00218_00h39m24s200ms_stable_change.jpg,,GE00952
E00219,2365.8,00:39:25.800,00h39m25s800ms,abrupt_change,59145,2834,"0,2,320,140",0.134531,9.1365,0.137723,9.3129,event_frames_full/E00219_00h39m25s800ms_abrupt_change.jpg,,,chunk_03,event_chunks_5fps/chunk_03/event_frames_full/E00219_00h39m25s800ms_abrupt_change.jpg,,GE00953
E00220,2366.4,00:39:26.400,00h39m26s400ms,abrupt_change,59160,2837,"0,2,320,140",0.104085,6.3642,0.078013,4.6796,event_frames_full/E00220_00h39m26s400ms_abrupt_change.jpg,,,chunk_03,event_chunks_5fps/chunk_03/event_frames_full/E00220_00h39m26s400ms_abrupt_change.jpg,,GE00954
E00221,2366.8,00:39:26.800,00h39m26s800ms,abrupt_change,59170,2839,"0,47,320,140",0.131384,7.2804,0.12933,7.1386,event_frames_full/E00221_00h39m26s800ms_abrupt_change.jpg,event_crops/E00221_00h39m26s800ms_abrupt_change_DETAIL.jpg,"0,252,1920,842",chunk_03,event_chunks_5fps/chunk_03/event_frames_full/E00221_00h39m26s800ms_abrupt_change.jpg,event_chunks_5fps/chunk_03/event_crops/E00221_00h39m26s800ms_abrupt_change_DETAIL.jpg,GE00955
E00222,2368.4,00:39:28.400,00h39m28s400ms,abrupt_change,59210,2847,"27,12,320,140",0.117746,7.901,0.130871,8.3822,event_frames_full/E00222_00h39m28s400ms_abrupt_change.jpg,,,chunk_03,event_chunks_5fps/chunk_03/event_frames_full/E00222_00h39m28s400ms_abrupt_change.jpg,,GE00956
E00223,2372.6,00:39:32.600,00h39m32s600ms,abrupt_change,59315,2868,"0,0,320,140",0.959286,102.3307,0.959286,102.1986,event_frames_full/E00223_00h39m32s600ms_abrupt_change.jpg,,,chunk_03,event_chunks_5fps/chunk_03/event_frames_full/E00223_00h39m32s600ms_abrupt_change.jpg,,GE00957
E00224,2373.0,00:39:33.000,00h39m33s000ms,abrupt_change,59325,2870,"0,0,320,140",0.895737,79.8294,0.081741,4.1314,event_frames_full/E00224_00h39m33s000ms_abrupt_change.jpg,,,chunk_03,event_chunks_5fps/chunk_03/event_frames_full/E00224_00h39m33s000ms_abrupt_change.jpg,,GE00958
E00225,2373.4,00:39:33.400,00h39m33s400ms,abrupt_change,59335,2872,"37,0,320,135",0.199196,14.6114,0.156205,9.5188,event_frames_full/E00225_00h39m33s400ms_abrupt_change.jpg,,,chunk_03,event_chunks_5fps/chunk_03/event_frames_full/E00225_00h39m33s400ms_abrupt_change.jpg,,GE00959
E00226,2374.0,00:39:34.000,00h39m34s000ms,stable_change,59350,2875,"37,0,320,140",0.143281,8.9722,0.0,0.0,event_frames_full/E00226_00h39m34s000ms_stable_change.jpg,,,chunk_03,event_chunks_5fps/chunk_03/event_frames_full/E00226_00h39m34s000ms_stable_change.jpg,,GE00960
E00227,2375.8,00:39:35.800,00h39m35s800ms,abrupt_change,59395,2884,"37,0,320,140",0.145558,9.511,0.145937,9.2628,event_frames_full/E00227_00h39m35s800ms_abrupt_change.jpg,,,chunk_03,event_chunks_5fps/chunk_03/event_frames_full/E00227_00h39m35s800ms_abrupt_change.jpg,,GE00961
E00228,2376.2,00:39:36.200,00h39m36s200ms,abrupt_change,59405,2886,"46,0,320,140",0.114174,5.5287,0.103862,5.1951,event_frames_full/E00228_00h39m36s200ms_abrupt_change.jpg,,,chunk_03,event_chunks_5fps/chunk_03/event_frames_full/E00228_00h39m36s200ms_abrupt_change.jpg,,GE00962
E00229,2376.6,00:39:36.600,00h39m36s600ms,abrupt_change,59415,2888,"37,0,320,140",0.158393,8.7246,0.153192,8.867,event_frames_full/E00229_00h39m36s600ms_abrupt_change.jpg,,,chunk_03,event_chunks_5fps/chunk_03/event_frames_full/E00229_00h39m36s600ms_abrupt_change.jpg,,GE00963
E00230,2377.2,00:39:37.200,00h39m37s200ms,stable_change,59430,2891,"37,0,320,140",0.182232,9.5461,0.0,0.0304,event_frames_full/E00230_00h39m37s200ms_stable_change.jpg,,,chunk_03,event_chunks_5fps/chunk_03/event_frames_full/E00230_00h39m37s200ms_stable_change.jpg,,GE00964
E00231,2378.8,00:39:38.800,00h39m38s800ms,abrupt_change,59470,2899,"0,0,320,140",0.478817,42.9241,0.478549,42.9228,event_frames_full/E00231_00h39m38s800ms_abrupt_change.jpg,,,chunk_03,event_chunks_5fps/chunk_03/event_frames_full/E00231_00h39m38s800ms_abrupt_change.jpg,,GE00965
E00232,2380.8,00:39:40.800,00h39m40s800ms,settled,59520,2909,"34,60,69,122",0.006585,1.0952,0.004397,0.5765,event_frames_full/E00232_00h39m40s800ms_settled.jpg,event_crops/E00232_00h39m40s800ms_settled_DETAIL.jpg,"154,330,464,763",chunk_03,event_chunks_5fps/chunk_03/event_frames_full/E00232_00h39m40s800ms_settled.jpg,event_chunks_5fps/chunk_03/event_crops/E00232_00h39m40s800ms_settled_DETAIL.jpg,GE00966
E00233,2383.0,00:39:43.000,00h39m43s000ms,settled,59575,2920,"34,60,69,122",0.006674,0.8537,0.0,0.0,event_frames_full/E00233_00h39m43s000ms_settled.jpg,event_crops/E00233_00h39m43s000ms_settled_DETAIL.jpg,"154,330,464,763",chunk_03,event_chunks_5fps/chunk_03/event_frames_full/E00233_00h39m43s000ms_settled.jpg,event_chunks_5fps/chunk_03/event_crops/E00233_00h39m43s000ms_settled_DETAIL.jpg,GE00967
E00234,2395.6,00:39:55.600,00h39m55s600ms,settled,59890,2983,"10,68,47,123",0.004777,0.5706,0.0,0.0074,event_frames_full/E00234_00h39m55s600ms_settled.jpg,event_crops/E00234_00h39m55s600ms_settled_DETAIL.jpg,"10,378,332,769",chunk_03,event_chunks_5fps/chunk_03/event_frames_full/E00234_00h39m55s600ms_settled.jpg,event_chunks_5fps/chunk_03/event_crops/E00234_00h39m55s600ms_settled_DETAIL.jpg,GE00968
E00235,2397.0,00:39:57.000,00h39m57s000ms,abrupt_change,59925,2990,"0,2,320,140",0.234286,12.7617,0.232857,12.7406,event_frames_full/E00235_00h39m57s000ms_abrupt_change.jpg,,,chunk_03,event_chunks_5fps/chunk_03/event_frames_full/E00235_00h39m57s000ms_abrupt_change.jpg,,GE00969
E00236,2397.4,00:39:57.400,00h39m57s400ms,abrupt_change,59935,2992,"2,2,281,119",0.071652,4.2354,0.060513,3.186,event_frames_full/E00236_00h39m57s400ms_abrupt_change.jpg,event_crops/E00236_00h39m57s400ms_abrupt_change_DETAIL.jpg,"0,0,1736,745",chunk_03,event_chunks_5fps/chunk_03/event_frames_full/E00236_00h39m57s400ms_abrupt_change.jpg,event_chunks_5fps/chunk_03/event_crops/E00236_00h39m57s400ms_abrupt_change_DETAIL.jpg,GE00970
E00237,2398.2,00:39:58.200,00h39m58s200ms,stable_change,59955,2996,"0,0,320,140",0.961004,120.8846,0.003371,0.1042,event_frames_full/E00237_00h39m58s200ms_stable_change.jpg,,,chunk_03,event_chunks_5fps/chunk_03/event_frames_full/E00237_00h39m58s200ms_stable_change.jpg,,GE00971
E00238,2399.2,00:39:59.200,00h39m59s200ms,abrupt_change,59980,3001,"0,0,320,140",0.960915,116.939,0.960915,116.9652,event_frames_full/E00238_00h39m59s200ms_abrupt_change.jpg,,,chunk_03,event_chunks_5fps/chunk_03/event_frames_full/E00238_00h39m59s200ms_abrupt_change.jpg,,GE00972
E00239,2405.4,00:40:05.400,00h40m05s400ms,settled,60135,3032,"111,63,289,140",0.01346,0.9421,0.0,0.0,event_frames_full/E00239_00h40m05s400ms_settled.jpg,event_crops/E00239_00h40m05s400ms_settled_DETAIL.jpg,"616,348,1784,842",chunk_03,event_chunks_5fps/chunk_03/event_frames_full/E00239_00h40m05s400ms_settled.jpg,event_chunks_5fps/chunk_03/event_crops/E00239_00h40m05s400ms_settled_DETAIL.jpg,GE00973
E00240,2409.0,00:40:09.000,00h40m09s000ms,motion_progress,60225,3050,"33,25,296,140",0.029777,2.7186,0.027277,2.6697,event_frames_full/E00240_00h40m09s000ms_motion_progress.jpg,event_crops/E00240_00h40m09s000ms_motion_progress_DETAIL.jpg,"148,120,1826,842",chunk_03,event_chunks_5fps/chunk_03/event_frames_full/E00240_00h40m09s000ms_motion_progress.jpg,event_chunks_5fps/chunk_03/event_crops/E00240_00h40m09s000ms_motion_progress_DETAIL.jpg,GE00974
E00241,2409.4,00:40:09.400,00h40m09s400ms,abrupt_change,60235,3052,"31,12,296,140",0.122455,7.2888,0.122455,7.2888,event_frames_full/E00241_00h40m09s400ms_abrupt_change.jpg,,,chunk_03,event_chunks_5fps/chunk_03/event_frames_full/E00241_00h40m09s400ms_abrupt_change.jpg,,GE00975
E00242,2410.0,00:40:10.000,00h40m10s000ms,stable_change,60250,3055,"36,12,285,140",0.202254,6.7966,0.0,0.0095,event_frames_full/E00242_00h40m10s000ms_stable_change.jpg,event_crops/E00242_00h40m10s000ms_stable_change_DETAIL.jpg,"166,42,1760,842",chunk_03,event_chunks_5fps/chunk_03/event_frames_full/E00242_00h40m10s000ms_stable_change.jpg,event_chunks_5fps/chunk_03/event_crops/E00242_00h40m10s000ms_stable_change_DETAIL.jpg,GE00976
E00243,2410.4,00:40:10.400,00h40m10s400ms,abrupt_change,60260,3057,"34,17,279,140",0.070312,4.6371,0.070312,4.6371,event_frames_full/E00243_00h40m10s400ms_abrupt_change.jpg,event_crops/E00243_00h40m10s400ms_abrupt_change_DETAIL.jpg,"154,72,1724,842",chunk_03,event_chunks_5fps/chunk_03/event_frames_full/E00243_00h40m10s400ms_abrupt_change.jpg,event_chunks_5fps/chunk_03/event_crops/E00243_00h40m10s400ms_abrupt_change_DETAIL.jpg,GE00977
E00244,2411.0,00:40:11.000,00h40m11s000ms,stable_change,60275,3060,"30,21,297,140",0.142656,7.2925,0.0,0.0156,event_frames_full/E00244_00h40m11s000ms_stable_change.jpg,event_crops/E00244_00h40m11s000ms_stable_change_DETAIL.jpg,"130,96,1832,842",chunk_03,event_chunks_5fps/chunk_03/event_frames_full/E00244_00h40m11s000ms_stable_change.jpg,event_chunks_5fps/chunk_03/event_crops/E00244_00h40m11s000ms_stable_change_DETAIL.jpg,GE00978
E00245,2413.0,00:40:13.000,00h40m13s000ms,settled,60325,3070,"111,63,289,140",0.013594,0.7913,0.0,0.0,event_frames_full/E00245_00h40m13s000ms_settled.jpg,event_crops/E00245_00h40m13s000ms_settled_DETAIL.jpg,"616,348,1784,842",chunk_03,event_chunks_5fps/chunk_03/event_frames_full/E00245_00h40m13s000ms_settled.jpg,event_chunks_5fps/chunk_03/event_crops/E00245_00h40m13s000ms_settled_DETAIL.jpg,GE00979
E00246,2413.6,00:40:13.600,00h40m13s600ms,abrupt_change,60340,3073,"34,44,320,140",0.040915,2.5364,0.040915,2.5374,event_frames_full/E00246_00h40m13s600ms_abrupt_change.jpg,event_crops/E00246_00h40m13s600ms_abrupt_change_DETAIL.jpg,"154,234,1920,842",chunk_03,event_chunks_5fps/chunk_03/event_frames_full/E00246_00h40m13s600ms_abrupt_change.jpg,event_chunks_5fps/chunk_03/event_crops/E00246_00h40m13s600ms_abrupt_change_DETAIL.jpg,GE00980
E00247,2434.8,00:40:34.800,00h40m34s800ms,settled,60870,3179,"35,73,79,98",0.006741,0.7369,0.0,0.0,event_frames_full/E00247_00h40m34s800ms_settled.jpg,event_crops/E00247_00h40m34s800ms_settled_DETAIL.jpg,"160,409,524,619",chunk_03,event_chunks_5fps/chunk_03/event_frames_full/E00247_00h40m34s800ms_settled.jpg,event_chunks_5fps/chunk_03/event_crops/E00247_00h40m34s800ms_settled_DETAIL.jpg,GE00981
E00248,2437.2,00:40:37.200,00h40m37s200ms,abrupt_change,60930,3191,"0,0,320,140",0.959286,118.3131,0.959286,118.3935,event_frames_full/E00248_00h40m37s200ms_abrupt_change.jpg,,,chunk_03,event_chunks_5fps/chunk_03/event_frames_full/E00248_00h40m37s200ms_abrupt_change.jpg,,GE00982
E00249,2437.8,00:40:37.800,00h40m37s800ms,stable_change,60945,3194,"37,5,320,140",0.724754,82.4101,0.0,0.0,event_frames_full/E00249_00h40m37s800ms_stable_change.jpg,,,chunk_03,event_chunks_5fps/chunk_03/event_frames_full/E00249_00h40m37s800ms_stable_change.jpg,,GE00983
E00250,2438.6,00:40:38.600,00h40m38s600ms,abrupt_change,60965,3198,"37,0,277,140",0.257812,18.5662,0.143013,8.9064,event_frames_full/E00250_00h40m38s600ms_abrupt_change.jpg,event_crops/E00250_00h40m38s600ms_abrupt_change_DETAIL.jpg,"172,0,1712,842",chunk_03,event_chunks_5fps/chunk_03/event_frames_full/E00250_00h40m38s600ms_abrupt_change.jpg,event_chunks_5fps/chunk_03/event_crops/E00250_00h40m38s600ms_abrupt_change_DETAIL.jpg,GE00984
E00251,2439.0,00:40:39.000,00h40m39s000ms,abrupt_change,60975,3200,"52,2,320,140",0.193147,10.3823,0.186518,9.7065,event_frames_full/E00251_00h40m39s000ms_abrupt_change.jpg,,,chunk_03,event_chunks_5fps/chunk_03/event_frames_full/E00251_00h40m39s000ms_abrupt_change.jpg,,GE00985
E00252,2439.6,00:40:39.600,00h40m39s600ms,stable_change,60990,3203,"48,4,320,140",0.205045,10.2899,0.0,0.0,event_frames_full/E00252_00h40m39s600ms_stable_change.jpg,,,chunk_03,event_chunks_5fps/chunk_03/event_frames_full/E00252_00h40m39s600ms_stable_change.jpg,,GE00986
E00253,2440.8,00:40:40.800,00h40m40s800ms,abrupt_change,61020,3209,"48,0,320,140",0.168973,9.496,0.166272,9.5955,event_frames_full/E00253_00h40m40s800ms_abrupt_change.jpg,,,chunk_03,event_chunks_5fps/chunk_03/event_frames_full/E00253_00h40m40s800ms_abrupt_change.jpg,,GE00987
E00254,2441.2,00:40:41.200,00h40m41s200ms,abrupt_change,61030,3211,"51,0,266,140",0.184107,9.6474,0.161987,8.3542,event_frames_full/E00254_00h40m41s200ms_abrupt_change.jpg,event_crops/E00254_00h40m41s200ms_abrupt_change_DETAIL.jpg,"256,0,1646,842",chunk_03,event_chunks_5fps/chunk_03/event_frames_full/E00254_00h40m41s200ms_abrupt_change.jpg,event_chunks_5fps/chunk_03/event_crops/E00254_00h40m41s200ms_abrupt_change_DETAIL.jpg,GE00988
E00255,2441.8,00:40:41.800,00h40m41s800ms,abrupt_change,61045,3214,"48,0,266,140",0.183103,9.9751,0.162031,8.6935,event_frames_full/E00255_00h40m41s800ms_abrupt_change.jpg,event_crops/E00255_00h40m41s800ms_abrupt_change_DETAIL.jpg,"238,0,1646,842",chunk_03,event_chunks_5fps/chunk_03/event_frames_full/E00255_00h40m41s800ms_abrupt_change.jpg,event_chunks_5fps/chunk_03/event_crops/E00255_00h40m41s800ms_abrupt_change_DETAIL.jpg,GE00989
E00256,2442.4,00:40:42.400,00h40m42s400ms,stable_change,61060,3217,"37,0,277,138",0.23596,17.6867,0.0,0.0035,event_frames_full/E00256_00h40m42s400ms_stable_change.jpg,event_crops/E00256_00h40m42s400ms_stable_change_DETAIL.jpg,"172,0,1712,842",chunk_03,event_chunks_5fps/chunk_03/event_frames_full/E00256_00h40m42s400ms_stable_change.jpg,event_chunks_5fps/chunk_03/event_crops/E00256_00h40m42s400ms_stable_change_DETAIL.jpg,GE00990
E00257,2443.0,00:40:43.000,00h40m43s000ms,stable_change,61075,3220,"132,75,179,95",0.014219,1.2483,0.0,0.0081,event_frames_full/E00257_00h40m43s000ms_stable_change.jpg,event_crops/E00257_00h40m43s000ms_stable_change_DETAIL.jpg,"742,421,1124,601",chunk_03,event_chunks_5fps/chunk_03/event_frames_full/E00257_00h40m43s000ms_stable_change.jpg,event_chunks_5fps/chunk_03/event_crops/E00257_00h40m43s000ms_stable_change_DETAIL.jpg,GE00991
E00258,2443.8,00:40:43.800,00h40m43s800ms,abrupt_change,61095,3224,"37,2,320,140",0.691652,46.4111,0.691719,46.4207,event_frames_full/E00258_00h40m43s800ms_abrupt_change.jpg,,,chunk_03,event_chunks_5fps/chunk_03/event_frames_full/E00258_00h40m43s800ms_abrupt_change.jpg,,GE00992
E00259,2444.2,00:40:44.200,00h40m44s200ms,abrupt_change,61105,3226,"0,0,320,140",0.95529,80.612,0.95529,80.612,event_frames_full/E00259_00h40m44s200ms_abrupt_change.jpg,,,chunk_03,event_chunks_5fps/chunk_03/event_frames_full/E00259_00h40m44s200ms_abrupt_change.jpg,,GE00993
E00260,2447.4,00:40:47.400,00h40m47s400ms,settled,61185,3242,"8,68,52,123",0.005915,0.5775,0.0,0.0038,event_frames_full/E00260_00h40m47s400ms_settled.jpg,event_crops/E00260_00h40m47s400ms_settled_DETAIL.jpg,"0,378,362,769",chunk_03,event_chunks_5fps/chunk_03/event_frames_full/E00260_00h40m47s400ms_settled.jpg,event_chunks_5fps/chunk_03/event_crops/E00260_00h40m47s400ms_settled_DETAIL.jpg,GE00994
E00261,2451.2,00:40:51.200,00h40m51s200ms,abrupt_change,61280,3261,"0,2,320,140",0.120603,8.0486,0.120737,8.06,event_frames_full/E00261_00h40m51s200ms_abrupt_change.jpg,,,chunk_03,event_chunks_5fps/chunk_03/event_frames_full/E00261_00h40m51s200ms_abrupt_change.jpg,,GE00995
E00262,2451.6,00:40:51.600,00h40m51s600ms,abrupt_change,61290,3263,"3,2,281,127",0.039085,2.0769,0.039085,2.0769,event_frames_full/E00262_00h40m51s600ms_abrupt_change.jpg,,,chunk_03,event_chunks_5fps/chunk_03/event_frames_full/E00262_00h40m51s600ms_abrupt_change.jpg,,GE00996
E00263,2452.4,00:40:52.400,00h40m52s400ms,abrupt_change,61310,3267,"0,0,320,140",0.961272,120.2147,0.958214,120.5955,event_frames_full/E00263_00h40m52s400ms_abrupt_change.jpg,,,chunk_03,event_chunks_5fps/chunk_03/event_frames_full/E00263_00h40m52s400ms_abrupt_change.jpg,,GE00997
E00264,2452.8,00:40:52.800,00h40m52s800ms,abrupt_change,61320,3269,"29,33,320,134",0.044018,2.0773,0.043616,2.0288,event_frames_full/E00264_00h40m52s800ms_abrupt_change.jpg,event_crops/E00264_00h40m52s800ms_abrupt_change_DETAIL.jpg,"124,168,1920,835",chunk_03,event_chunks_5fps/chunk_03/event_frames_full/E00264_00h40m52s800ms_abrupt_change.jpg,event_chunks_5fps/chunk_03/event_crops/E00264_00h40m52s800ms_abrupt_change_DETAIL.jpg,GE00998
E00265,2453.2,00:40:53.200,00h40m53s200ms,abrupt_change,61330,3271,"0,0,318,140",0.958214,117.2664,0.958214,117.2664,event_frames_full/E00265_00h40m53s200ms_abrupt_change.jpg,,,chunk_03,event_chunks_5fps/chunk_03/event_frames_full/E00265_00h40m53s200ms_abrupt_change.jpg,,GE00999
E00266,2458.2,00:40:58.200,00h40m58s200ms,abrupt_change,61455,3296,"28,22,320,135",0.108594,5.602,0.09192,5.1408,event_frames_full/E00266_00h40m58s200ms_abrupt_change.jpg,,,chunk_03,event_chunks_5fps/chunk_03/event_frames_full/E00266_00h40m58s200ms_abrupt_change.jpg,,GE01000
E00267,2458.6,00:40:58.600,00h40m58s600ms,abrupt_change,61465,3298,"28,12,320,138",0.172143,7.9083,0.082679,7.1533,event_frames_full/E00267_00h40m58s600ms_abrupt_change.jpg,,,chunk_03,event_chunks_5fps/chunk_03/event_frames_full/E00267_00h40m58s600ms_abrupt_change.jpg,,GE01001
E00268,2460.8,00:41:00.800,00h41m00s800ms,settled,61520,3309,"33,62,80,100",0.010201,1.0203,0.0,0.0336,event_frames_full/E00268_00h41m00s800ms_settled.jpg,event_crops/E00268_00h41m00s800ms_settled_DETAIL.jpg,"148,342,530,631",chunk_03,event_chunks_5fps/chunk_03/event_frames_full/E00268_00h41m00s800ms_settled.jpg,event_chunks_5fps/chunk_03/event_crops/E00268_00h41m00s800ms_settled_DETAIL.jpg,GE01002
E00269,2462.6,00:41:02.600,00h41m02s600ms,abrupt_change,61565,3318,"0,0,320,140",0.959286,103.8526,0.959286,103.8022,event_frames_full/E00269_00h41m02s600ms_abrupt_change.jpg,,,chunk_03,event_chunks_5fps/chunk_03/event_frames_full/E00269_00h41m02s600ms_abrupt_change.jpg,,GE01003
E00270,2463.0,00:41:03.000,00h41m03s000ms,abrupt_change,61575,3320,"0,0,320,140",0.915491,75.6233,0.187254,7.7917,event_frames_full/E00270_00h41m03s000ms_abrupt_change.jpg,,,chunk_03,event_chunks_5fps/chunk_03/event_frames_full/E00270_00h41m03s000ms_abrupt_change.jpg,,GE01004
E00271,2465.8,00:41:05.800,00h41m05s800ms,settled,61645,3334,"49,79,97,126",0.011071,0.7608,0.00067,0.1127,event_frames_full/E00271_00h41m05s800ms_settled.jpg,event_crops/E00271_00h41m05s800ms_settled_DETAIL.jpg,"244,445,632,787",chunk_03,event_chunks_5fps/chunk_03/event_frames_full/E00271_00h41m05s800ms_settled.jpg,event_chunks_5fps/chunk_03/event_crops/E00271_00h41m05s800ms_settled_DETAIL.jpg,GE01005
E00272,2468.0,00:41:08.000,00h41m08s000ms,settled,61700,3345,"50,79,97,126",0.01058,0.7204,0.0,0.0,event_frames_full/E00272_00h41m08s000ms_settled.jpg,event_crops/E00272_00h41m08s000ms_settled_DETAIL.jpg,"250,445,632,787",chunk_03,event_chunks_5fps/chunk_03/event_frames_full/E00272_00h41m08s000ms_settled.jpg,event_chunks_5fps/chunk_03/event_crops/E00272_00h41m08s000ms_settled_DETAIL.jpg,GE01006
E00273,2498.0,00:41:38.000,00h41m38s000ms,abrupt_change,62450,3495,"0,0,320,140",0.952143,58.1939,0.951629,58.2054,event_frames_full/E00273_00h41m38s000ms_abrupt_change.jpg,,,chunk_03,event_chunks_5fps/chunk_03/event_frames_full/E00273_00h41m38s000ms_abrupt_change.jpg,,GE01007
E00274,2498.6,00:41:38.600,00h41m38s600ms,stable_change,62465,3498,"0,0,320,140",0.955067,65.0474,0.000201,0.0154,event_frames_full/E00274_00h41m38s600ms_stable_change.jpg,,,chunk_03,event_chunks_5fps/chunk_03/event_frames_full/E00274_00h41m38s600ms_stable_change.jpg,,GE01008
E00275,2503.0,00:41:43.000,00h41m43s000ms,abrupt_change,62575,3520,"0,2,320,140",0.142924,8.7591,0.146652,8.8584,event_frames_full/E00275_00h41m43s000ms_abrupt_change.jpg,,,chunk_03,event_chunks_5fps/chunk_03/event_frames_full/E00275_00h41m43s000ms_abrupt_change.jpg,,GE01009
E00276,2503.6,00:41:43.600,00h41m43s600ms,abrupt_change,62590,3523,"0,2,320,140",0.106138,6.5958,0.092009,5.8655,event_frames_full/E00276_00h41m43s600ms_abrupt_change.jpg,,,chunk_03,event_chunks_5fps/chunk_03/event_frames_full/E00276_00h41m43s600ms_abrupt_change.jpg,,GE01010
E00277,2504.2,00:41:44.200,00h41m44s200ms,stable_change,62605,3526,"0,20,299,133",0.083683,5.5635,0.003728,0.3927,event_frames_full/E00277_00h41m44s200ms_stable_change.jpg,,,chunk_03,event_chunks_5fps/chunk_03/event_frames_full/E00277_00h41m44s200ms_stable_change.jpg,,GE01011
E00278,2506.4,00:41:46.400,00h41m46s400ms,abrupt_change,62660,3537,"0,54,297,140",0.084286,4.073,0.081585,3.8785,event_frames_full/E00278_00h41m46s400ms_abrupt_change.jpg,event_crops/E00278_00h41m46s400ms_abrupt_change_DETAIL.jpg,"0,294,1832,842",chunk_03,event_chunks_5fps/chunk_03/event_frames_full/E00278_00h41m46s400ms_abrupt_change.jpg,event_chunks_5fps/chunk_03/event_crops/E00278_00h41m46s400ms_abrupt_change_DETAIL.jpg,GE01012
E00279,2507.4,00:41:47.400,00h41m47s400ms,abrupt_change,62685,3542,"28,54,299,140",0.048504,2.965,0.048237,2.9616,event_frames_full/E00279_00h41m47s400ms_abrupt_change.jpg,event_crops/E00279_00h41m47s400ms_abrupt_change_DETAIL.jpg,"118,294,1844,842",chunk_03,event_chunks_5fps/chunk_03/event_frames_full/E00279_00h41m47s400ms_abrupt_change.jpg,event_chunks_5fps/chunk_03/event_crops/E00279_00h41m47s400ms_abrupt_change_DETAIL.jpg,GE01013
E00280,2517.8,00:41:57.800,00h41m57s800ms,settled,62945,3594,"30,53,297,82",0.011161,0.7949,0.0,0.0,event_frames_full/E00280_00h41m57s800ms_settled.jpg,event_crops/E00280_00h41m57s800ms_settled_DETAIL.jpg,"130,288,1832,523",chunk_03,event_chunks_5fps/chunk_03/event_frames_full/E00280_00h41m57s800ms_settled.jpg,event_chunks_5fps/chunk_03/event_crops/E00280_00h41m57s800ms_settled_DETAIL.jpg,GE01014
E00281,2534.2,00:42:14.200,00h42m14s200ms,abrupt_change,63355,3676,"0,0,318,140",0.796205,52.1618,0.796205,51.8617,event_frames_full/E00281_00h42m14s200ms_abrupt_change.jpg,,,chunk_03,event_chunks_5fps/chunk_03/event_frames_full/E00281_00h42m14s200ms_abrupt_change.jpg,,GE01015
E00282,2534.8,00:42:14.800,00h42m14s800ms,stable_change,63370,3679,"0,0,317,140",0.787165,27.3115,0.0,0.003,event_frames_full/E00282_00h42m14s800ms_stable_change.jpg,,,chunk_03,event_chunks_5fps/chunk_03/event_frames_full/E00282_00h42m14s800ms_stable_change.jpg,,GE01016
E00283,2536.4,00:42:16.400,00h42m16s400ms,settled,63410,3687,"155,100,181,111",0.006094,0.4185,0.0,0.0,event_frames_full/E00283_00h42m16s400ms_settled.jpg,event_crops/E00283_00h42m16s400ms_settled_DETAIL.jpg,"880,571,1136,697",chunk_03,event_chunks_5fps/chunk_03/event_frames_full/E00283_00h42m16s400ms_settled.jpg,event_chunks_5fps/chunk_03/event_crops/E00283_00h42m16s400ms_settled_DETAIL.jpg,GE01017
E00284,2539.6,00:42:19.600,00h42m19s600ms,abrupt_change,63490,3703,"0,0,318,140",0.914397,63.8387,0.91808,64.1846,event_frames_full/E00284_00h42m19s600ms_abrupt_change.jpg,,,chunk_03,event_chunks_5fps/chunk_03/event_frames_full/E00284_00h42m19s600ms_abrupt_change.jpg,,GE01018
E00285,2540.2,00:42:20.200,00h42m20s200ms,stable_change,63505,3706,"0,0,316,140",0.94317,17.9956,0.0,0.2751,event_frames_full/E00285_00h42m20s200ms_stable_change.jpg,,,chunk_03,event_chunks_5fps/chunk_03/event_frames_full/E00285_00h42m20s200ms_stable_change.jpg,,GE01019
E00286,2542.2,00:42:22.200,00h42m22s200ms,abrupt_change,63555,3716,"28,24,282,98",0.047009,2.6984,0.045692,2.6317,event_frames_full/E00286_00h42m22s200ms_abrupt_change.jpg,event_crops/E00286_00h42m22s200ms_abrupt_change_DETAIL.jpg,"118,114,1742,619",chunk_03,event_chunks_5fps/chunk_03/event_frames_full/E00286_00h42m22s200ms_abrupt_change.jpg,event_chunks_5fps/chunk_03/event_crops/E00286_00h42m22s200ms_abrupt_change_DETAIL.jpg,GE01020
E00287,2548.6,00:42:28.600,00h42m28s600ms,settled,63715,3748,"30,24,67,82",0.004821,0.5854,0.000402,0.0515,event_frames_full/E00287_00h42m28s600ms_settled.jpg,event_crops/E00287_00h42m28s600ms_settled_DETAIL.jpg,"130,114,452,523",chunk_03,event_chunks_5fps/chunk_03/event_frames_full/E00287_00h42m28s600ms_settled.jpg,event_chunks_5fps/chunk_03/event_crops/E00287_00h42m28s600ms_settled_DETAIL.jpg,GE01021
E00288,2552.4,00:42:32.400,00h42m32s400ms,settled,63810,3767,"30,54,50,82",0.004063,0.3411,0.0,0.2718,event_frames_full/E00288_00h42m32s400ms_settled.jpg,event_crops/E00288_00h42m32s400ms_settled_DETAIL.jpg,"130,294,350,523",chunk_03,event_chunks_5fps/chunk_03/event_frames_full/E00288_00h42m32s400ms_settled.jpg,event_chunks_5fps/chunk_03/event_crops/E00288_00h42m32s400ms_settled_DETAIL.jpg,GE01022
E00289,2556.0,00:42:36.000,00h42m36s000ms,settled,63900,3785,"0,34,52,58",0.009888,0.7882,0.0,0.0,event_frames_full/E00289_00h42m36s000ms_settled.jpg,event_crops/E00289_00h42m36s000ms_settled_DETAIL.jpg,"0,174,362,378",chunk_03,event_chunks_5fps/chunk_03/event_frames_full/E00289_00h42m36s000ms_settled.jpg,event_chunks_5fps/chunk_03/event_crops/E00289_00h42m36s000ms_settled_DETAIL.jpg,GE01023
E00290,2557.8,00:42:37.800,00h42m37s800ms,settled,63945,3794,"0,34,52,58",0.01,0.54,0.0,0.0,event_frames_full/E00290_00h42m37s800ms_settled.jpg,event_crops/E00290_00h42m37s800ms_settled_DETAIL.jpg,"0,174,362,378",chunk_03,event_chunks_5fps/chunk_03/event_frames_full/E00290_00h42m37s800ms_settled.jpg,event_chunks_5fps/chunk_03/event_crops/E00290_00h42m37s800ms_settled_DETAIL.jpg,GE01024
E00291,2599.8,00:43:19.800,00h43m19s800ms,settled,64995,4004,"0,34,52,58",0.010045,0.5899,0.0,0.0,event_frames_full/E00291_00h43m19s800ms_settled.jpg,event_crops/E00291_00h43m19s800ms_settled_DETAIL.jpg,"0,174,362,378",chunk_03,event_chunks_5fps/chunk_03/event_frames_full/E00291_00h43m19s800ms_settled.jpg,event_chunks_5fps/chunk_03/event_crops/E00291_00h43m19s800ms_settled_DETAIL.jpg,GE01025
E00292,2601.2,00:43:21.200,00h43m21s200ms,settled,65030,4011,"0,34,52,105",0.016362,1.0692,0.000201,0.0193,event_frames_full/E00292_00h43m21s200ms_settled.jpg,event_crops/E00292_00h43m21s200ms_settled_DETAIL.jpg,"0,174,362,661",chunk_03,event_chunks_5fps/chunk_03/event_frames_full/E00292_00h43m21s200ms_settled.jpg,event_chunks_5fps/chunk_03/event_crops/E00292_00h43m21s200ms_settled_DETAIL.jpg,GE01026
E00293,2604.0,00:43:24.000,00h43m24s000ms,abrupt_change,65100,4025,"0,2,320,140",0.124665,8.4774,0.12529,8.4859,event_frames_full/E00293_00h43m24s000ms_abrupt_change.jpg,,,chunk_03,event_chunks_5fps/chunk_03/event_frames_full/E00293_00h43m24s000ms_abrupt_change.jpg,,GE01027
E00294,2604.4,00:43:24.400,00h43m24s400ms,abrupt_change,65110,4027,"0,2,306,138",0.119018,6.9119,0.097009,5.6002,event_frames_full/E00294_00h43m24s400ms_abrupt_change.jpg,,,chunk_03,event_chunks_5fps/chunk_03/event_frames_full/E00294_00h43m24s400ms_abrupt_change.jpg,,GE01028
E00295,2605.0,00:43:25.000,00h43m25s000ms,stable_change,65125,4030,"0,2,320,140",0.115714,7.0947,0.0,0.0,event_frames_full/E00295_00h43m25s000ms_stable_change.jpg,,,chunk_03,event_chunks_5fps/chunk_03/event_frames_full/E00295_00h43m25s000ms_stable_change.jpg,,GE01029
E00296,2605.8,00:43:25.800,00h43m25s800ms,abrupt_change,65145,4034,"4,12,320,137",0.161161,8.7133,0.129643,8.3427,event_frames_full/E00296_00h43m25s800ms_abrupt_change.jpg,,,chunk_03,event_chunks_5fps/chunk_03/event_frames_full/E00296_00h43m25s800ms_abrupt_change.jpg,,GE01030
E00297,2606.2,00:43:26.200,00h43m26s200ms,abrupt_change,65155,4036,"28,12,300,140",0.152054,8.9051,0.152054,8.9051,event_frames_full/E00297_00h43m26s200ms_abrupt_change.jpg,,,chunk_03,event_chunks_5fps/chunk_03/event_frames_full/E00297_00h43m26s200ms_abrupt_change.jpg,,GE01031
E00298,2606.8,00:43:26.800,00h43m26s800ms,abrupt_change,65170,4039,"42,12,300,140",0.166607,8.2033,0.14683,8.9721,event_frames_full/E00298_00h43m26s800ms_abrupt_change.jpg,event_crops/E00298_00h43m26s800ms_abrupt_change_DETAIL.jpg,"202,42,1850,842",chunk_03,event_chunks_5fps/chunk_03/event_frames_full/E00298_00h43m26s800ms_abrupt_change.jpg,event_chunks_5fps/chunk_03/event_crops/E00298_00h43m26s800ms_abrupt_change_DETAIL.jpg,GE01032
E00299,2607.2,00:43:27.200,00h43m27s200ms,abrupt_change,65180,4041,"44,14,298,140",0.085871,7.8475,0.139353,8.8873,event_frames_full/E00299_00h43m27s200ms_abrupt_change.jpg,event_crops/E00299_00h43m27s200ms_abrupt_change_DETAIL.jpg,"214,54,1838,842",chunk_03,event_chunks_5fps/chunk_03/event_frames_full/E00299_00h43m27s200ms_abrupt_change.jpg,event_chunks_5fps/chunk_03/event_crops/E00299_00h43m27s200ms_abrupt_change_DETAIL.jpg,GE01033
E00300,2607.8,00:43:27.800,00h43m27s800ms,stable_change,65195,4044,"33,13,300,140",0.184621,8.0818,0.0,0.0125,event_frames_full/E00300_00h43m27s800ms_stable_change.jpg,,,chunk_03,event_chunks_5fps/chunk_03/event_frames_full/E00300_00h43m27s800ms_stable_change.jpg,,GE01034
E00301,2608.6,00:43:28.600,00h43m28s600ms,settled,65215,4048,"10,14,52,128",0.015982,0.8432,0.0,0.0011,event_frames_full/E00301_00h43m28s600ms_settled.jpg,event_crops/E00301_00h43m28s600ms_settled_DETAIL.jpg,"10,54,362,799",chunk_03,event_chunks_5fps/chunk_03/event_frames_full/E00301_00h43m28s600ms_settled.jpg,event_chunks_5fps/chunk_03/event_crops/E00301_00h43m28s600ms_settled_DETAIL.jpg,GE01035
E00302,2611.8,00:43:31.800,00h43m31s800ms,abrupt_change,65295,4064,"0,2,320,140",0.219196,10.3677,0.218237,10.3742,event_frames_full/E00302_00h43m31s800ms_abrupt_change.jpg,,,chunk_03,event_chunks_5fps/chunk_03/event_frames_full/E00302_00h43m31s800ms_abrupt_change.jpg,,GE01036
E00303,2612.4,00:43:32.400,00h43m32s400ms,abrupt_change,65310,4067,"0,2,320,140",0.12471,7.6446,0.092121,4.8783,event_frames_full/E00303_00h43m32s400ms_abrupt_change.jpg,,,chunk_03,event_chunks_5fps/chunk_03/event_frames_full/E00303_00h43m32s400ms_abrupt_change.jpg,,GE01037
E00304,2613.4,00:43:33.400,00h43m33s400ms,settled,65335,4072,"0,14,52,140",0.016496,0.9963,0.0,0.0,event_frames_full/E00304_00h43m33s400ms_settled.jpg,event_crops/E00304_00h43m33s400ms_settled_DETAIL.jpg,"0,54,362,842",chunk_03,event_chunks_5fps/chunk_03/event_frames_full/E00304_00h43m33s400ms_settled.jpg,event_chunks_5fps/chunk_03/event_crops/E00304_00h43m33s400ms_settled_DETAIL.jpg,GE01038
E00305,2615.6,00:43:35.600,00h43m35s600ms,abrupt_change,65390,4083,"28,12,320,140",0.102143,6.3288,0.110625,6.4956,event_frames_full/E00305_00h43m35s600ms_abrupt_change.jpg,,,chunk_03,event_chunks_5fps/chunk_03/event_frames_full/E00305_00h43m35s600ms_abrupt_change.jpg,,GE01039
E00306,2616.0,00:43:36.000,00h43m36s000ms,abrupt_change,65400,4085,"28,12,320,137",0.117656,7.7465,0.161384,8.4896,event_frames_full/E00306_00h43m36s000ms_abrupt_change.jpg,,,chunk_03,event_chunks_5fps/chunk_03/event_frames_full/E00306_00h43m36s000ms_abrupt_change.jpg,,GE01040
E00307,2616.6,00:43:36.600,00h43m36s600ms,abrupt_change,65415,4088,"27,12,320,140",0.181406,9.8859,0.189509,9.8971,event_frames_full/E00307_00h43m36s600ms_abrupt_change.jpg,,,chunk_03,event_chunks_5fps/chunk_03/event_frames_full/E00307_00h43m36s600ms_abrupt_change.jpg,,GE01041
E00308,2617.2,00:43:37.200,00h43m37s200ms,stable_change,65430,4091,"27,12,320,140",0.078705,5.5128,0.0,0.0002,event_frames_full/E00308_00h43m37s200ms_stable_change.jpg,,,chunk_03,event_chunks_5fps/chunk_03/event_frames_full/E00308_00h43m37s200ms_stable_change.jpg,,GE01042
E00309,2643.0,00:44:03.000,00h44m03s000ms,abrupt_change,66075,4220,"28,12,320,140",0.126964,6.9017,0.128013,6.9313,event_frames_full/E00309_00h44m03s000ms_abrupt_change.jpg,,,chunk_03,event_chunks_5fps/chunk_03/event_frames_full/E00309_00h44m03s000ms_abrupt_change.jpg,,GE01043
E00310,2643.6,00:44:03.600,00h44m03s600ms,stable_change,66090,4223,"32,27,280,140",0.013996,2.366,0.0,0.0114,event_frames_full/E00310_00h44m03s600ms_stable_change.jpg,event_crops/E00310_00h44m03s600ms_stable_change_DETAIL.jpg,"142,132,1730,842",chunk_03,event_chunks_5fps/chunk_03/event_frames_full/E00310_00h44m03s600ms_stable_change.jpg,event_chunks_5fps/chunk_03/event_crops/E00310_00h44m03s600ms_stable_change_DETAIL.jpg,GE01044
E00311,2644.6,00:44:04.600,00h44m04s600ms,settled,66115,4228,"10,14,53,123",0.008906,0.6534,0.000335,0.0335,event_frames_full/E00311_00h44m04s600ms_settled.jpg,event_crops/E00311_00h44m04s600ms_settled_DETAIL.jpg,"10,54,368,769",chunk_03,event_chunks_5fps/chunk_03/event_frames_full/E00311_00h44m04s600ms_settled.jpg,event_chunks_5fps/chunk_03/event_crops/E00311_00h44m04s600ms_settled_DETAIL.jpg,GE01045
E00312,2645.4,00:44:05.400,00h44m05s400ms,settled,66135,4232,"10,14,53,123",0.008728,0.6391,0.0,0.0057,event_frames_full/E00312_00h44m05s400ms_settled.jpg,event_crops/E00312_00h44m05s400ms_settled_DETAIL.jpg,"10,54,368,769",chunk_03,event_chunks_5fps/chunk_03/event_frames_full/E00312_00h44m05s400ms_settled.jpg,event_chunks_5fps/chunk_03/event_crops/E00312_00h44m05s400ms_settled_DETAIL.jpg,GE01046
E00313,2649.8,00:44:09.800,00h44m09s800ms,abrupt_change,66245,4254,"0,2,320,140",0.133326,8.2164,0.130112,8.304,event_frames_full/E00313_00h44m09s800ms_abrupt_change.jpg,,,chunk_03,event_chunks_5fps/chunk_03/event_frames_full/E00313_00h44m09s800ms_abrupt_change.jpg,,GE01047
E00314,2650.4,00:44:10.400,00h44m10s400ms,abrupt_change,66260,4257,"0,2,320,140",0.128058,7.6685,0.099107,5.8061,event_frames_full/E00314_00h44m10s400ms_abrupt_change.jpg,,,chunk_03,event_chunks_5fps/chunk_03/event_frames_full/E00314_00h44m10s400ms_abrupt_change.jpg,,GE01048
E00315,2651.4,00:44:11.400,00h44m11s400ms,abrupt_change,66285,4262,"0,64,320,140",0.102344,5.4244,0.099955,5.3556,event_frames_full/E00315_00h44m11s400ms_abrupt_change.jpg,event_crops/E00315_00h44m11s400ms_abrupt_change_DETAIL.jpg,"0,354,1920,842",chunk_03,event_chunks_5fps/chunk_03/event_frames_full/E00315_00h44m11s400ms_abrupt_change.jpg,event_chunks_5fps/chunk_03/event_crops/E00315_00h44m11s400ms_abrupt_change_DETAIL.jpg,GE01049
E00316,2653.0,00:44:13.000,00h44m13s000ms,abrupt_change,66325,4270,"30,26,320,140",0.144129,7.6244,0.143683,7.632,event_frames_full/E00316_00h44m13s000ms_abrupt_change.jpg,event_crops/E00316_00h44m13s000ms_abrupt_change_DETAIL.jpg,"130,126,1920,842",chunk_03,event_chunks_5fps/chunk_03/event_frames_full/E00316_00h44m13s000ms_abrupt_change.jpg,event_chunks_5fps/chunk_03/event_crops/E00316_00h44m13s000ms_abrupt_change_DETAIL.jpg,GE01050
E00317,2653.6,00:44:13.600,00h44m13s600ms,stable_change,66340,4273,"34,23,320,138",0.131138,6.1538,0.0,0.0,event_frames_full/E00317_00h44m13s600ms_stable_change.jpg,event_crops/E00317_00h44m13s600ms_stable_change_DETAIL.jpg,"154,108,1920,842",chunk_03,event_chunks_5fps/chunk_03/event_frames_full/E00317_00h44m13s600ms_stable_change.jpg,event_chunks_5fps/chunk_03/event_crops/E00317_00h44m13s600ms_stable_change_DETAIL.jpg,GE01051
E00318,2658.2,00:44:18.200,00h44m18s200ms,abrupt_change,66455,4296,"34,20,320,140",0.12808,5.9782,0.115937,5.5268,event_frames_full/E00318_00h44m18s200ms_abrupt_change.jpg,,,chunk_03,event_chunks_5fps/chunk_03/event_frames_full/E00318_00h44m18s200ms_abrupt_change.jpg,,GE01052
E00319,2658.6,00:44:18.600,00h44m18s600ms,abrupt_change,66465,4298,"34,12,320,140",0.18317,8.8237,0.227254,9.0658,event_frames_full/E00319_00h44m18s600ms_abrupt_change.jpg,,,chunk_03,event_chunks_5fps/chunk_03/event_frames_full/E00319_00h44m18s600ms_abrupt_change.jpg,,GE01053
E00320,2659.4,00:44:19.400,00h44m19s400ms,stable_change,66485,4302,"38,12,320,140",0.161362,7.3978,0.0,0.0,event_frames_full/E00320_00h44m19s400ms_stable_change.jpg,,,chunk_03,event_chunks_5fps/chunk_03/event_frames_full/E00320_00h44m19s400ms_stable_change.jpg,,GE01054
E00321,2660.0,00:44:20.000,00h44m20s000ms,stable_change,66500,4305,"38,12,320,140",0.252768,10.2491,0.0,0.0,event_frames_full/E00321_00h44m20s000ms_stable_change.jpg,,,chunk_03,event_chunks_5fps/chunk_03/event_frames_full/E00321_00h44m20s000ms_stable_change.jpg,,GE01055
E00322,2663.0,00:44:23.000,00h44m23s000ms,abrupt_change,66575,4320,"61,12,320,140",0.202433,8.2559,0.176652,7.7539,event_frames_full/E00322_00h44m23s000ms_abrupt_change.jpg,event_crops/E00322_00h44m23s000ms_abrupt_change_DETAIL.jpg,"316,42,1920,842",chunk_03,event_chunks_5fps/chunk_03/event_frames_full/E00322_00h44m23s000ms_abrupt_change.jpg,event_chunks_5fps/chunk_03/event_crops/E00322_00h44m23s000ms_abrupt_change_DETAIL.jpg,GE01056
E00323,2663.4,00:44:23.400,00h44m23s400ms,abrupt_change,66585,4322,"38,12,320,140",0.23279,10.3336,0.126004,8.2375,event_frames_full/E00323_00h44m23s400ms_abrupt_change.jpg,,,chunk_03,event_chunks_5fps/chunk_03/event_frames_full/E00323_00h44m23s400ms_abrupt_change.jpg,,GE01057
E00324,2663.8,00:44:23.800,00h44m23s800ms,abrupt_change,66595,4324,"35,20,320,140",0.237076,9.9518,0.245156,9.9924,event_frames_full/E00324_00h44m23s800ms_abrupt_change.jpg,event_crops/E00324_00h44m23s800ms_abrupt_change_DETAIL.jpg,"160,90,1920,842",chunk_03,event_chunks_5fps/chunk_03/event_frames_full/E00324_00h44m23s800ms_abrupt_change.jpg,event_chunks_5fps/chunk_03/event_crops/E00324_00h44m23s800ms_abrupt_change_DETAIL.jpg,GE01058
E00325,2664.4,00:44:24.400,00h44m24s400ms,abrupt_change,66610,4327,"34,12,320,140",0.239732,8.5594,0.237165,8.5123,event_frames_full/E00325_00h44m24s400ms_abrupt_change.jpg,,,chunk_03,event_chunks_5fps/chunk_03/event_frames_full/E00325_00h44m24s400ms_abrupt_change.jpg,,GE01059
E00326,2665.2,00:44:25.200,00h44m25s200ms,stable_change,66630,4331,"10,12,320,140",0.149129,8.5243,0.0,0.0104,event_frames_full/E00326_00h44m25s200ms_stable_change.jpg,,,chunk_03,event_chunks_5fps/chunk_03/event_frames_full/E00326_00h44m25s200ms_stable_change.jpg,,GE01060
E00327,2669.0,00:44:29.000,00h44m29s000ms,abrupt_change,66725,4350,"0,2,320,140",0.146585,8.585,0.147679,8.6129,event_frames_full/E00327_00h44m29s000ms_abrupt_change.jpg,,,chunk_03,event_chunks_5fps/chunk_03/event_frames_full/E00327_00h44m29s000ms_abrupt_change.jpg,,GE01061
E00328,2669.4,00:44:29.400,00h44m29s400ms,abrupt_change,66735,4352,"0,2,320,140",0.081094,5.645,0.075982,5.479,event_frames_full/E00328_00h44m29s400ms_abrupt_change.jpg,,,chunk_03,event_chunks_5fps/chunk_03/event_frames_full/E00328_00h44m29s400ms_abrupt_change.jpg,,GE01062
E00329,2669.8,00:44:29.800,00h44m29s800ms,abrupt_change,66745,4354,"0,5,320,140",0.101875,4.4841,0.101875,4.4841,event_frames_full/E00329_00h44m29s800ms_abrupt_change.jpg,,,chunk_03,event_chunks_5fps/chunk_03/event_frames_full/E00329_00h44m29s800ms_abrupt_change.jpg,,GE01063
E00330,2670.8,00:44:30.800,00h44m30s800ms,abrupt_change,66770,4359,"36,12,320,140",0.119152,6.2248,0.108482,6.0397,event_frames_full/E00330_00h44m30s800ms_abrupt_change.jpg,,,chunk_03,event_chunks_5fps/chunk_03/event_frames_full/E00330_00h44m30s800ms_abrupt_change.jpg,,GE01064
E00331,2671.4,00:44:31.400,00h44m31s400ms,abrupt_change,66785,4362,"36,12,320,140",0.11567,6.402,0.11308,6.2848,event_frames_full/E00331_00h44m31s400ms_abrupt_change.jpg,,,chunk_03,event_chunks_5fps/chunk_03/event_frames_full/E00331_00h44m31s400ms_abrupt_change.jpg,,GE01065
E00332,2671.8,00:44:31.800,00h44m31s800ms,abrupt_change,66795,4364,"61,85,163,110",0.029911,1.6207,0.03,1.6179,event_frames_full/E00332_00h44m31s800ms_abrupt_change.jpg,event_crops/E00332_00h44m31s800ms_abrupt_change_DETAIL.jpg,"316,481,1028,691",chunk_03,event_chunks_5fps/chunk_03/event_frames_full/E00332_00h44m31s800ms_abrupt_change.jpg,event_chunks_5fps/chunk_03/event_crops/E00332_00h44m31s800ms_abrupt_change_DETAIL.jpg,GE01066
E00333,2672.4,00:44:32.400,00h44m32s400ms,abrupt_change,66810,4367,"61,85,163,111",0.028728,1.6605,0.030022,1.6016,event_frames_full/E00333_00h44m32s400ms_abrupt_change.jpg,event_crops/E00333_00h44m32s400ms_abrupt_change_DETAIL.jpg,"316,481,1028,697",chunk_03,event_chunks_5fps/chunk_03/event_frames_full/E00333_00h44m32s400ms_abrupt_change.jpg,event_chunks_5fps/chunk_03/event_crops/E00333_00h44m32s400ms_abrupt_change_DETAIL.jpg,GE01067
E00334,2673.0,00:44:33.000,00h44m33s000ms,stable_change,66825,4370,"60,72,163,111",0.029308,1.5934,0.0,0.0125,event_frames_full/E00334_00h44m33s000ms_stable_change.jpg,event_crops/E00334_00h44m33s000ms_stable_change_DETAIL.jpg,"310,403,1028,697",chunk_03,event_chunks_5fps/chunk_03/event_frames_full/E00334_00h44m33s000ms_stable_change.jpg,event_chunks_5fps/chunk_03/event_crops/E00334_00h44m33s000ms_stable_change_DETAIL.jpg,GE01068
E00335,2673.6,00:44:33.600,00h44m33s600ms,stable_change,66840,4373,"51,57,163,70",0.021049,1.3765,0.0,0.0023,event_frames_full/E00335_00h44m33s600ms_stable_change.jpg,event_crops/E00335_00h44m33s600ms_stable_change_DETAIL.jpg,"256,312,1028,451",chunk_03,event_chunks_5fps/chunk_03/event_frames_full/E00335_00h44m33s600ms_stable_change.jpg,event_chunks_5fps/chunk_03/event_crops/E00335_00h44m33s600ms_stable_change_DETAIL.jpg,GE01069
E00336,2674.6,00:44:34.600,00h44m34s600ms,motion_progress,66865,4378,"45,52,163,70",0.019554,1.245,0.019397,1.2271,event_frames_full/E00336_00h44m34s600ms_motion_progress.jpg,event_crops/E00336_00h44m34s600ms_motion_progress_DETAIL.jpg,"220,282,1028,451",chunk_03,event_chunks_5fps/chunk_03/event_frames_full/E00336_00h44m34s600ms_motion_progress.jpg,event_chunks_5fps/chunk_03/event_crops/E00336_00h44m34s600ms_motion_progress_DETAIL.jpg,GE01070
E00337,2675.2,00:44:35.200,00h44m35s200ms,settled,66880,4381,"38,43,72,80",0.005692,0.3927,0.003214,0.2564,event_frames_full/E00337_00h44m35s200ms_settled.jpg,event_crops/E00337_00h44m35s200ms_settled_DETAIL.jpg,"178,228,482,511",chunk_03,event_chunks_5fps/chunk_03/event_frames_full/E00337_00h44m35s200ms_settled.jpg,event_chunks_5fps/chunk_03/event_crops/E00337_00h44m35s200ms_settled_DETAIL.jpg,GE01071
E00338,2679.2,00:44:39.200,00h44m39s200ms,abrupt_change,66980,4401,"0,0,320,140",0.955045,63.8312,0.955871,63.9073,event_frames_full/E00338_00h44m39s200ms_abrupt_change.jpg,,,chunk_03,event_chunks_5fps/chunk_03/event_frames_full/E00338_00h44m39s200ms_abrupt_change.jpg,,GE01072
E00339,2679.6,00:44:39.600,00h44m39s600ms,abrupt_change,66990,4403,"0,0,320,140",0.956272,58.8847,0.521049,33.7776,event_frames_full/E00339_00h44m39s600ms_abrupt_change.jpg,,,chunk_03,event_chunks_5fps/chunk_03/event_frames_full/E00339_00h44m39s600ms_abrupt_change.jpg,,GE01073
E00340,2680.2,00:44:40.200,00h44m40s200ms,abrupt_change,67005,4406,"72,0,241,140",0.140022,10.6492,0.145134,11.0682,event_frames_full/E00340_00h44m40s200ms_abrupt_change.jpg,event_crops/E00340_00h44m40s200ms_abrupt_change_DETAIL.jpg,"382,0,1496,842",chunk_03,event_chunks_5fps/chunk_03/event_frames_full/E00340_00h44m40s200ms_abrupt_change.jpg,event_chunks_5fps/chunk_03/event_crops/E00340_00h44m40s200ms_abrupt_change_DETAIL.jpg,GE01074
E00341,2681.0,00:44:41.000,00h44m41s000ms,abrupt_change,67025,4410,"83,0,231,140",0.059196,3.8998,0.059799,3.5658,event_frames_full/E00341_00h44m41s000ms_abrupt_change.jpg,event_crops/E00341_00h44m41s000ms_abrupt_change_DETAIL.jpg,"448,0,1436,842",chunk_03,event_chunks_5fps/chunk_03/event_frames_full/E00341_00h44m41s000ms_abrupt_change.jpg,event_chunks_5fps/chunk_03/event_crops/E00341_00h44m41s000ms_abrupt_change_DETAIL.jpg,GE01075
E00342,2681.4,00:44:41.400,00h44m41s400ms,abrupt_change,67035,4412,"84,3,231,140",0.0675,3.9514,0.068996,4.1725,event_frames_full/E00342_00h44m41s400ms_abrupt_change.jpg,event_crops/E00342_00h44m41s400ms_abrupt_change_DETAIL.jpg,"454,0,1436,842",chunk_03,event_chunks_5fps/chunk_03/event_frames_full/E00342_00h44m41s400ms_abrupt_change.jpg,event_chunks_5fps/chunk_03/event_crops/E00342_00h44m41s400ms_abrupt_change_DETAIL.jpg,GE01076
E00343,2681.8,00:44:41.800,00h44m41s800ms,abrupt_change,67045,4414,"84,0,226,140",0.056161,3.7575,0.056161,3.7575,event_frames_full/E00343_00h44m41s800ms_abrupt_change.jpg,event_crops/E00343_00h44m41s800ms_abrupt_change_DETAIL.jpg,"454,0,1406,842",chunk_03,event_chunks_5fps/chunk_03/event_frames_full/E00343_00h44m41s800ms_abrupt_change.jpg,event_chunks_5fps/chunk_03/event_crops/E00343_00h44m41s800ms_abrupt_change_DETAIL.jpg,GE01077
E00344,2682.2,00:44:42.200,00h44m42s200ms,abrupt_change,67055,4416,"84,0,214,140",0.142857,6.6322,0.144955,6.0492,event_frames_full/E00344_00h44m42s200ms_abrupt_change.jpg,event_crops/E00344_00h44m42s200ms_abrupt_change_DETAIL.jpg,"454,0,1334,842",chunk_03,event_chunks_5fps/chunk_03/event_frames_full/E00344_00h44m42s200ms_abrupt_change.jpg,event_chunks_5fps/chunk_03/event_crops/E00344_00h44m42s200ms_abrupt_change_DETAIL.jpg,GE01078
E00345,2682.6,00:44:42.600,00h44m42s600ms,abrupt_change,67065,4418,"84,0,320,140",0.145313,5.8689,0.058884,4.1615,event_frames_full/E00345_00h44m42s600ms_abrupt_change.jpg,event_crops/E00345_00h44m42s600ms_abrupt_change_DETAIL.jpg,"454,0,1920,842",chunk_03,event_chunks_5fps/chunk_03/event_frames_full/E00345_00h44m42s600ms_abrupt_change.jpg,event_chunks_5fps/chunk_03/event_crops/E00345_00h44m42s600ms_abrupt_change_DETAIL.jpg,GE01079
E00346,2683.0,00:44:43.000,00h44m43s000ms,abrupt_change,67075,4420,"84,0,320,140",0.145647,6.606,0.136652,6.1859,event_frames_full/E00346_00h44m43s000ms_abrupt_change.jpg,event_crops/E00346_00h44m43s000ms_abrupt_change_DETAIL.jpg,"454,0,1920,842",chunk_03,event_chunks_5fps/chunk_03/event_frames_full/E00346_00h44m43s000ms_abrupt_change.jpg,event_chunks_5fps/chunk_03/event_crops/E00346_00h44m43s000ms_abrupt_change_DETAIL.jpg,GE01080
E00347,2683.4,00:44:43.400,00h44m43s400ms,abrupt_change,67085,4422,"84,0,320,140",0.147232,6.4761,0.164129,6.2933,event_frames_full/E00347_00h44m43s400ms_abrupt_change.jpg,event_crops/E00347_00h44m43s400ms_abrupt_change_DETAIL.jpg,"454,0,1920,842",chunk_03,event_chunks_5fps/chunk_03/event_frames_full/E00347_00h44m43s400ms_abrupt_change.jpg,event_chunks_5fps/chunk_03/event_crops/E00347_00h44m43s400ms_abrupt_change_DETAIL.jpg,GE01081
E00348,2684.0,00:44:44.000,00h44m44s000ms,stable_change,67100,4425,"84,0,320,140",0.144754,6.6165,0.000201,0.3644,event_frames_full/E00348_00h44m44s000ms_stable_change.jpg,event_crops/E00348_00h44m44s000ms_stable_change_DETAIL.jpg,"454,0,1920,842",chunk_03,event_chunks_5fps/chunk_03/event_frames_full/E00348_00h44m44s000ms_stable_change.jpg,event_chunks_5fps/chunk_03/event_crops/E00348_00h44m44s000ms_stable_change_DETAIL.jpg,GE01082
E00349,2684.4,00:44:44.400,00h44m44s400ms,abrupt_change,67110,4427,"84,0,320,140",0.067455,3.7937,0.087679,4.5343,event_frames_full/E00349_00h44m44s400ms_abrupt_change.jpg,event_crops/E00349_00h44m44s400ms_abrupt_change_DETAIL.jpg,"454,0,1920,842",chunk_03,event_chunks_5fps/chunk_03/event_frames_full/E00349_00h44m44s400ms_abrupt_change.jpg,event_chunks_5fps/chunk_03/event_crops/E00349_00h44m44s400ms_abrupt_change_DETAIL.jpg,GE01083
E00350,2684.8,00:44:44.800,00h44m44s800ms,abrupt_change,67120,4429,"84,0,320,140",0.069241,3.7271,0.13808,6.3164,event_frames_full/E00350_00h44m44s800ms_abrupt_change.jpg,event_crops/E00350_00h44m44s800ms_abrupt_change_DETAIL.jpg,"454,0,1920,842",chunk_03,event_chunks_5fps/chunk_03/event_frames_full/E00350_00h44m44s800ms_abrupt_change.jpg,event_chunks_5fps/chunk_03/event_crops/E00350_00h44m44s800ms_abrupt_change_DETAIL.jpg,GE01084
E00351,2685.4,00:44:45.400,00h44m45s400ms,abrupt_change,67135,4432,"84,0,231,140",0.098616,5.3666,0.13808,6.1796,event_frames_full/E00351_00h44m45s400ms_abrupt_change.jpg,event_crops/E00351_00h44m45s400ms_abrupt_change_DETAIL.jpg,"454,0,1436,842",chunk_03,event_chunks_5fps/chunk_03/event_frames_full/E00351_00h44m45s400ms_abrupt_change.jpg,event_chunks_5fps/chunk_03/event_crops/E00351_00h44m45s400ms_abrupt_change_DETAIL.jpg,GE01085
E00352,2685.8,00:44:45.800,00h44m45s800ms,abrupt_change,67145,4434,"72,0,241,140",0.142098,10.9703,0.177455,11.8789,event_frames_full/E00352_00h44m45s800ms_abrupt_change.jpg,event_crops/E00352_00h44m45s800ms_abrupt_change_DETAIL.jpg,"382,0,1496,842",chunk_03,event_chunks_5fps/chunk_03/event_frames_full/E00352_00h44m45s800ms_abrupt_change.jpg,event_chunks_5fps/chunk_03/event_crops/E00352_00h44m45s800ms_abrupt_change_DETAIL.jpg,GE01086
E00353,2686.6,00:44:46.600,00h44m46s600ms,settled,67165,4438,"85,16,235,140",0.002589,1.1338,0.0,0.0047,event_frames_full/E00353_00h44m46s600ms_settled.jpg,event_crops/E00353_00h44m46s600ms_settled_DETAIL.jpg,"460,66,1460,842",chunk_03,event_chunks_5fps/chunk_03/event_frames_full/E00353_00h44m46s600ms_settled.jpg,event_chunks_5fps/chunk_03/event_crops/E00353_00h44m46s600ms_settled_DETAIL.jpg,GE01087
E00354,2687.6,00:44:47.600,00h44m47s600ms,abrupt_change,67190,4443,"72,5,320,140",0.513951,59.7419,0.514018,59.7673,event_frames_full/E00354_00h44m47s600ms_abrupt_change.jpg,event_crops/E00354_00h44m47s600ms_abrupt_change_DETAIL.jpg,"382,0,1920,842",chunk_03,event_chunks_5fps/chunk_03/event_frames_full/E00354_00h44m47s600ms_abrupt_change.jpg,event_chunks_5fps/chunk_03/event_crops/E00354_00h44m47s600ms_abrupt_change_DETAIL.jpg,GE01088
E00355,2688.2,00:44:48.200,00h44m48s200ms,stable_change,67205,4446,"0,0,320,140",0.959286,116.9871,0.0,0.0114,event_frames_full/E00355_00h44m48s200ms_stable_change.jpg,,,chunk_03,event_chunks_5fps/chunk_03/event_frames_full/E00355_00h44m48s200ms_stable_change.jpg,,GE01089
E00356,2690.2,00:44:50.200,00h44m50s200ms,settled,67255,4456,"94,50,98,53",0.000268,0.871,0.0,0.0139,event_frames_full/E00356_00h44m50s200ms_settled.jpg,event_crops/E00356_00h44m50s200ms_settled_DETAIL.jpg,"514,270,638,348",chunk_03,event_chunks_5fps/chunk_03/event_frames_full/E00356_00h44m50s200ms_settled.jpg,event_chunks_5fps/chunk_03/event_crops/E00356_00h44m50s200ms_settled_DETAIL.jpg,GE01090
E00357,2691.2,00:44:51.200,00h44m51s200ms,motion_progress,67280,4461,"61,50,163,70",0.021719,1.2592,0.021406,1.267,event_frames_full/E00357_00h44m51s200ms_motion_progress.jpg,event_crops/E00357_00h44m51s200ms_motion_progress_DETAIL.jpg,"316,270,1028,451",chunk_03,event_chunks_5fps/chunk_03/event_frames_full/E00357_00h44m51s200ms_motion_progress.jpg,event_chunks_5fps/chunk_03/event_crops/E00357_00h44m51s200ms_motion_progress_DETAIL.jpg,GE01091
E00358,2692.4,00:44:52.400,00h44m52s400ms,motion_progress,67310,4467,"61,57,163,70",0.021228,1.25,0.021942,1.2704,event_frames_full/E00358_00h44m52s400ms_motion_progress.jpg,event_crops/E00358_00h44m52s400ms_motion_progress_DETAIL.jpg,"316,312,1028,451",chunk_03,event_chunks_5fps/chunk_03/event_frames_full/E00358_00h44m52s400ms_motion_progress.jpg,event_chunks_5fps/chunk_03/event_crops/E00358_00h44m52s400ms_motion_progress_DETAIL.jpg,GE01092
E00359,2697.6,00:44:57.600,00h44m57s600ms,motion_progress,67440,4493,"61,57,162,72",0.020781,1.2087,0.021629,1.1985,event_frames_full/E00359_00h44m57s600ms_motion_progress.jpg,event_crops/E00359_00h44m57s600ms_motion_progress_DETAIL.jpg,"316,312,1022,463",chunk_03,event_chunks_5fps/chunk_03/event_frames_full/E00359_00h44m57s600ms_motion_progress.jpg,event_chunks_5fps/chunk_03/event_crops/E00359_00h44m57s600ms_motion_progress_DETAIL.jpg,GE01093
E00360,2698.0,00:44:58.000,00h44m58s000ms,abrupt_change,67450,4495,"37,15,320,140",0.154085,7.156,0.143147,6.5062,event_frames_full/E00360_00h44m58s000ms_abrupt_change.jpg,,,chunk_03,event_chunks_5fps/chunk_03/event_frames_full/E00360_00h44m58s000ms_abrupt_change.jpg,,GE01094
E00361,2698.4,00:44:58.400,00h44m58s400ms,abrupt_change,67460,4497,"40,14,320,140",0.143839,7.1402,0.118571,5.6269,event_frames_full/E00361_00h44m58s400ms_abrupt_change.jpg,,,chunk_03,event_chunks_5fps/chunk_03/event_frames_full/E00361_00h44m58s400ms_abrupt_change.jpg,,GE01095
E00362,2698.8,00:44:58.800,00h44m58s800ms,abrupt_change,67470,4499,"37,12,320,140",0.157768,6.4652,0.1,4.708,event_frames_full/E00362_00h44m58s800ms_abrupt_change.jpg,,,chunk_03,event_chunks_5fps/chunk_03/event_frames_full/E00362_00h44m58s800ms_abrupt_change.jpg,,GE01096
E00363,2699.4,00:44:59.400,00h44m59s400ms,stable_change,67485,4502,"37,12,320,137",0.138772,6.2945,0.0,0.0102,event_frames_full/E00363_00h44m59s400ms_stable_change.jpg,,,chunk_03,event_chunks_5fps/chunk_03/event_frames_full/E00363_00h44m59s400ms_stable_change.jpg,,GE01097
E00002,2700.0,00:45:00.000,00h45m00s000ms,motion_progress,67500,5,"61,86,163,106",0.019509,1.3124,0.021786,1.2532,event_frames_full/E00002_00h45m00s000ms_motion_progress.jpg,event_crops/E00002_00h45m00s000ms_motion_progress_DETAIL.jpg,"316,487,1028,667",chunk_04,event_chunks_5fps/chunk_04/event_frames_full/E00002_00h45m00s000ms_motion_progress.jpg,event_chunks_5fps/chunk_04/event_crops/E00002_00h45m00s000ms_motion_progress_DETAIL.jpg,GE01098
E00003,2702.2,00:45:02.200,00h45m02s200ms,abrupt_change,67555,16,"0,0,320,140",0.955,64.0439,0.955,64.0678,event_frames_full/E00003_00h45m02s200ms_abrupt_change.jpg,,,chunk_04,event_chunks_5fps/chunk_04/event_frames_full/E00003_00h45m02s200ms_abrupt_change.jpg,,GE01099
E00004,2702.6,00:45:02.600,00h45m02s600ms,abrupt_change,67565,18,"0,0,320,140",0.791987,33.104,0.791987,33.104,event_frames_full/E00004_00h45m02s600ms_abrupt_change.jpg,,,chunk_04,event_chunks_5fps/chunk_04/event_frames_full/E00004_00h45m02s600ms_abrupt_change.jpg,,GE01100
E00005,2703.0,00:45:03.000,00h45m03s000ms,abrupt_change,67575,20,"72,0,320,140",0.531719,30.3292,0.188371,12.0675,event_frames_full/E00005_00h45m03s000ms_abrupt_change.jpg,event_crops/E00005_00h45m03s000ms_abrupt_change_DETAIL.jpg,"382,0,1920,842",chunk_04,event_chunks_5fps/chunk_04/event_frames_full/E00005_00h45m03s000ms_abrupt_change.jpg,event_chunks_5fps/chunk_04/event_crops/E00005_00h45m03s000ms_abrupt_change_DETAIL.jpg,GE01101
E00006,2703.4,00:45:03.400,00h45m03s400ms,abrupt_change,67585,22,"84,0,320,140",0.140647,6.3484,0.124621,6.3663,event_frames_full/E00006_00h45m03s400ms_abrupt_change.jpg,event_crops/E00006_00h45m03s400ms_abrupt_change_DETAIL.jpg,"454,0,1920,842",chunk_04,event_chunks_5fps/chunk_04/event_frames_full/E00006_00h45m03s400ms_abrupt_change.jpg,event_chunks_5fps/chunk_04/event_crops/E00006_00h45m03s400ms_abrupt_change_DETAIL.jpg,GE01102
E00007,2704.0,00:45:04.000,00h45m04s000ms,abrupt_change,67600,25,"84,0,320,140",0.136518,6.0756,0.131406,6.0608,event_frames_full/E00007_00h45m04s000ms_abrupt_change.jpg,event_crops/E00007_00h45m04s000ms_abrupt_change_DETAIL.jpg,"454,0,1920,842",chunk_04,event_chunks_5fps/chunk_04/event_frames_full/E00007_00h45m04s000ms_abrupt_change.jpg,event_chunks_5fps/chunk_04/event_crops/E00007_00h45m04s000ms_abrupt_change_DETAIL.jpg,GE01103
E00008,2704.4,00:45:04.400,00h45m04s400ms,abrupt_change,67610,27,"72,0,320,140",0.183058,11.1354,0.165446,10.6392,event_frames_full/E00008_00h45m04s400ms_abrupt_change.jpg,event_crops/E00008_00h45m04s400ms_abrupt_change_DETAIL.jpg,"382,0,1920,842",chunk_04,event_chunks_5fps/chunk_04/event_frames_full/E00008_00h45m04s400ms_abrupt_change.jpg,event_chunks_5fps/chunk_04/event_crops/E00008_00h45m04s400ms_abrupt_change_DETAIL.jpg,GE01104
E00009,2705.0,00:45:05.000,00h45m05s000ms,stable_change,67625,30,"73,3,320,140",0.076719,3.8609,0.0,0.0127,event_frames_full/E00009_00h45m05s000ms_stable_change.jpg,event_crops/E00009_00h45m05s000ms_stable_change_DETAIL.jpg,"388,0,1920,842",chunk_04,event_chunks_5fps/chunk_04/event_frames_full/E00009_00h45m05s000ms_stable_change.jpg,event_chunks_5fps/chunk_04/event_crops/E00009_00h45m05s000ms_stable_change_DETAIL.jpg,GE01105
E00010,2706.0,00:45:06.000,00h45m06s000ms,abrupt_change,67650,35,"0,0,320,140",0.642768,65.2407,0.642232,65.2293,event_frames_full/E00010_00h45m06s000ms_abrupt_change.jpg,,,chunk_04,event_chunks_5fps/chunk_04/event_frames_full/E00010_00h45m06s000ms_abrupt_change.jpg,,GE01106
E00011,2706.6,00:45:06.600,00h45m06s600ms,abrupt_change,67665,38,"37,2,320,140",0.061518,6.0551,0.052656,5.5986,event_frames_full/E00011_00h45m06s600ms_abrupt_change.jpg,,,chunk_04,event_chunks_5fps/chunk_04/event_frames_full/E00011_00h45m06s600ms_abrupt_change.jpg,,GE01107
E00012,2707.2,00:45:07.200,00h45m07s200ms,stable_change,67680,41,"37,17,320,138",0.111295,4.9344,0.0,0.011,event_frames_full/E00012_00h45m07s200ms_stable_change.jpg,,,chunk_04,event_chunks_5fps/chunk_04/event_frames_full/E00012_00h45m07s200ms_stable_change.jpg,,GE01108
E00013,2708.6,00:45:08.600,00h45m08s600ms,settled,67715,48,"10,68,45,123",0.00596,0.5046,0.0,0.0271,event_frames_full/E00013_00h45m08s600ms_settled.jpg,event_crops/E00013_00h45m08s600ms_settled_DETAIL.jpg,"10,378,320,769",chunk_04,event_chunks_5fps/chunk_04/event_frames_full/E00013_00h45m08s600ms_settled.jpg,event_chunks_5fps/chunk_04/event_crops/E00013_00h45m08s600ms_settled_DETAIL.jpg,GE01109
E00014,2711.2,00:45:11.200,00h45m11s200ms,abrupt_change,67780,61,"0,2,320,140",0.175647,8.376,0.175045,8.374,event_frames_full/E00014_00h45m11s200ms_abrupt_change.jpg,,,chunk_04,event_chunks_5fps/chunk_04/event_frames_full/E00014_00h45m11s200ms_abrupt_change.jpg,,GE01110
E00015,2711.6,00:45:11.600,00h45m11s600ms,abrupt_change,67790,63,"0,2,305,122",0.082679,5.1911,0.106875,5.7347,event_frames_full/E00015_00h45m11s600ms_abrupt_change.jpg,,,chunk_04,event_chunks_5fps/chunk_04/event_frames_full/E00015_00h45m11s600ms_abrupt_change.jpg,,GE01111
E00016,2712.2,00:45:12.200,00h45m12s200ms,abrupt_change,67805,66,"0,0,320,140",0.960826,121.2071,0.95875,119.8666,event_frames_full/E00016_00h45m12s200ms_abrupt_change.jpg,,,chunk_04,event_chunks_5fps/chunk_04/event_frames_full/E00016_00h45m12s200ms_abrupt_change.jpg,,GE01112
E00017,2712.6,00:45:12.600,00h45m12s600ms,abrupt_change,67815,68,"0,0,318,140",0.958214,117.3306,0.958214,117.3419,event_frames_full/E00017_00h45m12s600ms_abrupt_change.jpg,,,chunk_04,event_chunks_5fps/chunk_04/event_frames_full/E00017_00h45m12s600ms_abrupt_change.jpg,,GE01113
E00018,2719.8,00:45:19.800,00h45m19s800ms,abrupt_change,67995,104,"28,18,320,138",0.118103,7.2636,0.11808,7.2725,event_frames_full/E00018_00h45m19s800ms_abrupt_change.jpg,,,chunk_04,event_chunks_5fps/chunk_04/event_frames_full/E00018_00h45m19s800ms_abrupt_change.jpg,,GE01114
E00019,2720.4,00:45:20.400,00h45m20s400ms,stable_change,68010,107,"28,12,320,138",0.081987,7.1449,0.0,0.0055,event_frames_full/E00019_00h45m20s400ms_stable_change.jpg,,,chunk_04,event_chunks_5fps/chunk_04/event_frames_full/E00019_00h45m20s400ms_stable_change.jpg,,GE01115
E00020,2723.8,00:45:23.800,00h45m23s800ms,settled,68095,124,"37,85,80,114",0.008504,0.6174,0.0,0.0,event_frames_full/E00020_00h45m23s800ms_settled.jpg,event_crops/E00020_00h45m23s800ms_settled_DETAIL.jpg,"172,481,530,715",chunk_04,event_chunks_5fps/chunk_04/event_frames_full/E00020_00h45m23s800ms_settled.jpg,event_chunks_5fps/chunk_04/event_crops/E00020_00h45m23s800ms_settled_DETAIL.jpg,GE01116
E00021,2726.6,00:45:26.600,00h45m26s600ms,abrupt_change,68165,138,"0,2,320,138",0.155112,9.1145,0.159353,9.1874,event_frames_full/E00021_00h45m26s600ms_abrupt_change.jpg,,,chunk_04,event_chunks_5fps/chunk_04/event_frames_full/E00021_00h45m26s600ms_abrupt_change.jpg,,GE01117
E00022,2727.0,00:45:27.000,00h45m27s000ms,abrupt_change,68175,140,"2,2,320,136",0.095335,5.0473,0.095335,5.0473,event_frames_full/E00022_00h45m27s000ms_abrupt_change.jpg,,,chunk_04,event_chunks_5fps/chunk_04/event_frames_full/E00022_00h45m27s000ms_abrupt_change.jpg,,GE01118
E00023,2727.4,00:45:27.400,00h45m27s400ms,abrupt_change,68185,142,"0,0,320,140",0.955513,39.9483,0.955513,39.9483,event_frames_full/E00023_00h45m27s400ms_abrupt_change.jpg,,,chunk_04,event_chunks_5fps/chunk_04/event_frames_full/E00023_00h45m27s400ms_abrupt_change.jpg,,GE01119
E00024,2728.0,00:45:28.000,00h45m28s000ms,abrupt_change,68200,145,"0,0,320,140",0.918817,45.5669,0.743304,45.211,event_frames_full/E00024_00h45m28s000ms_abrupt_change.jpg,,,chunk_04,event_chunks_5fps/chunk_04/event_frames_full/E00024_00h45m28s000ms_abrupt_change.jpg,,GE01120
E00025,2729.0,00:45:29.000,00h45m29s000ms,abrupt_change,68225,150,"37,0,320,140",0.212746,16.4077,0.212165,16.4429,event_frames_full/E00025_00h45m29s000ms_abrupt_change.jpg,,,chunk_04,event_chunks_5fps/chunk_04/event_frames_full/E00025_00h45m29s000ms_abrupt_change.jpg,,GE01121
E00026,2729.4,00:45:29.400,00h45m29s400ms,abrupt_change,68235,152,"45,0,320,140",0.151071,7.646,0.105112,7.6729,event_frames_full/E00026_00h45m29s400ms_abrupt_change.jpg,,,chunk_04,event_chunks_5fps/chunk_04/event_frames_full/E00026_00h45m29s400ms_abrupt_change.jpg,,GE01122
E00027,2729.8,00:45:29.800,00h45m29s800ms,abrupt_change,68245,154,"37,0,320,140",0.136763,8.3471,0.136763,8.3471,event_frames_full/E00027_00h45m29s800ms_abrupt_change.jpg,,,chunk_04,event_chunks_5fps/chunk_04/event_frames_full/E00027_00h45m29s800ms_abrupt_change.jpg,,GE01123
E00028,2730.4,00:45:30.400,00h45m30s400ms,stable_change,68260,157,"37,0,320,138",0.117679,6.957,0.0,0.0471,event_frames_full/E00028_00h45m30s400ms_stable_change.jpg,,,chunk_04,event_chunks_5fps/chunk_04/event_frames_full/E00028_00h45m30s400ms_stable_change.jpg,,GE01124
E00029,2730.8,00:45:30.800,00h45m30s800ms,abrupt_change,68270,159,"37,0,320,140",0.156473,11.3618,0.113996,9.0045,event_frames_full/E00029_00h45m30s800ms_abrupt_change.jpg,,,chunk_04,event_chunks_5fps/chunk_04/event_frames_full/E00029_00h45m30s800ms_abrupt_change.jpg,,GE01125
E00030,2731.2,00:45:31.200,00h45m31s200ms,abrupt_change,68280,161,"44,0,320,140",0.096272,7.3023,0.094621,7.4225,event_frames_full/E00030_00h45m31s200ms_abrupt_change.jpg,,,chunk_04,event_chunks_5fps/chunk_04/event_frames_full/E00030_00h45m31s200ms_abrupt_change.jpg,,GE01126
E00031,2731.6,00:45:31.600,00h45m31s600ms,abrupt_change,68290,163,"44,0,320,140",0.16567,7.5348,0.16567,7.5348,event_frames_full/E00031_00h45m31s600ms_abrupt_change.jpg,,,chunk_04,event_chunks_5fps/chunk_04/event_frames_full/E00031_00h45m31s600ms_abrupt_change.jpg,,GE01127
E00032,2732.2,00:45:32.200,00h45m32s200ms,stable_change,68305,166,"37,0,320,137",0.158929,8.7383,0.0,0.0117,event_frames_full/E00032_00h45m32s200ms_stable_change.jpg,,,chunk_04,event_chunks_5fps/chunk_04/event_frames_full/E00032_00h45m32s200ms_stable_change.jpg,,GE01128
E00033,2733.0,00:45:33.000,00h45m33s000ms,abrupt_change,68325,170,"37,0,320,136",0.228348,13.5787,0.225781,13.569,event_frames_full/E00033_00h45m33s000ms_abrupt_change.jpg,,,chunk_04,event_chunks_5fps/chunk_04/event_frames_full/E00033_00h45m33s000ms_abrupt_change.jpg,,GE01129
E00034,2733.6,00:45:33.600,00h45m33s600ms,stable_change,68340,173,"38,2,320,132",0.097344,5.7402,0.0,0.0,event_frames_full/E00034_00h45m33s600ms_stable_change.jpg,,,chunk_04,event_chunks_5fps/chunk_04/event_frames_full/E00034_00h45m33s600ms_stable_change.jpg,,GE01130
E00035,2734.6,00:45:34.600,00h45m34s600ms,abrupt_change,68365,178,"37,5,320,140",0.704018,62.3431,0.703884,62.3904,event_frames_full/E00035_00h45m34s600ms_abrupt_change.jpg,,,chunk_04,event_chunks_5fps/chunk_04/event_frames_full/E00035_00h45m34s600ms_abrupt_change.jpg,,GE01131
E00036,2735.2,00:45:35.200,00h45m35s200ms,abrupt_change,68380,181,"38,3,320,140",0.638571,51.3429,0.520246,42.6084,event_frames_full/E00036_00h45m35s200ms_abrupt_change.jpg,,,chunk_04,event_chunks_5fps/chunk_04/event_frames_full/E00036_00h45m35s200ms_abrupt_change.jpg,,GE01132
E00037,2736.2,00:45:36.200,00h45m36s200ms,abrupt_change,68405,186,"48,46,266,100",0.088728,6.0717,0.088393,6.0638,event_frames_full/E00037_00h45m36s200ms_abrupt_change.jpg,event_crops/E00037_00h45m36s200ms_abrupt_change_DETAIL.jpg,"238,246,1646,631",chunk_04,event_chunks_5fps/chunk_04/event_frames_full/E00037_00h45m36s200ms_abrupt_change.jpg,event_chunks_5fps/chunk_04/event_crops/E00037_00h45m36s200ms_abrupt_change_DETAIL.jpg,GE01133
E00038,2737.2,00:45:37.200,00h45m37s200ms,abrupt_change,68430,191,"48,46,263,81",0.095893,6.5375,0.096406,6.5465,event_frames_full/E00038_00h45m37s200ms_abrupt_change.jpg,event_crops/E00038_00h45m37s200ms_abrupt_change_DETAIL.jpg,"238,246,1628,517",chunk_04,event_chunks_5fps/chunk_04/event_frames_full/E00038_00h45m37s200ms_abrupt_change.jpg,event_chunks_5fps/chunk_04/event_crops/E00038_00h45m37s200ms_abrupt_change_DETAIL.jpg,GE01134
E00039,2737.6,00:45:37.600,00h45m37s600ms,abrupt_change,68440,193,"48,71,263,96",0.095804,7.5701,0.081518,6.4838,event_frames_full/E00039_00h45m37s600ms_abrupt_change.jpg,event_crops/E00039_00h45m37s600ms_abrupt_change_DETAIL.jpg,"238,397,1628,607",chunk_04,event_chunks_5fps/chunk_04/event_frames_full/E00039_00h45m37s600ms_abrupt_change.jpg,event_chunks_5fps/chunk_04/event_crops/E00039_00h45m37s600ms_abrupt_change_DETAIL.jpg,GE01135
E00040,2738.2,00:45:38.200,00h45m38s200ms,stable_change,68455,196,"48,51,263,96",0.096027,7.457,0.0,0.0,event_frames_full/E00040_00h45m38s200ms_stable_change.jpg,event_crops/E00040_00h45m38s200ms_stable_change_DETAIL.jpg,"238,276,1628,607",chunk_04,event_chunks_5fps/chunk_04/event_frames_full/E00040_00h45m38s200ms_stable_change.jpg,event_chunks_5fps/chunk_04/event_crops/E00040_00h45m38s200ms_stable_change_DETAIL.jpg,GE01136
E00041,2738.8,00:45:38.800,00h45m38s800ms,abrupt_change,68470,199,"39,18,278,123",0.305603,21.4658,0.305603,21.4706,event_frames_full/E00041_00h45m38s800ms_abrupt_change.jpg,event_crops/E00041_00h45m38s800ms_abrupt_change_DETAIL.jpg,"184,78,1718,769",chunk_04,event_chunks_5fps/chunk_04/event_frames_full/E00041_00h45m38s800ms_abrupt_change.jpg,event_chunks_5fps/chunk_04/event_crops/E00041_00h45m38s800ms_abrupt_change_DETAIL.jpg,GE01137
E00042,2744.6,00:45:44.600,00h45m44s600ms,abrupt_change,68615,228,"39,25,278,111",0.401987,32.7079,0.401942,32.7069,event_frames_full/E00042_00h45m44s600ms_abrupt_change.jpg,event_crops/E00042_00h45m44s600ms_abrupt_change_DETAIL.jpg,"184,120,1718,697",chunk_04,event_chunks_5fps/chunk_04/event_frames_full/E00042_00h45m44s600ms_abrupt_change.jpg,event_chunks_5fps/chunk_04/event_crops/E00042_00h45m44s600ms_abrupt_change_DETAIL.jpg,GE01138
E00043,2745.0,00:45:45.000,00h45m45s000ms,abrupt_change,68625,230,"0,0,320,140",0.959286,103.9868,0.959286,103.9868,event_frames_full/E00043_00h45m45s000ms_abrupt_change.jpg,,,chunk_04,event_chunks_5fps/chunk_04/event_frames_full/E00043_00h45m45s000ms_abrupt_change.jpg,,GE01139
E00044,2746.8,00:45:46.800,00h45m46s800ms,abrupt_change,68670,239,"0,0,320,140",0.953527,24.4262,0.953594,24.422,event_frames_full/E00044_00h45m46s800ms_abrupt_change.jpg,,,chunk_04,event_chunks_5fps/chunk_04/event_frames_full/E00044_00h45m46s800ms_abrupt_change.jpg,,GE01140
E00045,2747.2,00:45:47.200,00h45m47s200ms,abrupt_change,68680,241,"0,0,320,140",0.920513,67.1385,0.374688,30.3035,event_frames_full/E00045_00h45m47s200ms_abrupt_change.jpg,,,chunk_04,event_chunks_5fps/chunk_04/event_frames_full/E00045_00h45m47s200ms_abrupt_change.jpg,,GE01141
E00046,2748.4,00:45:48.400,00h45m48s400ms,motion_progress,68710,247,"83,44,158,79",0.022299,1.9045,0.021741,1.5317,event_frames_full/E00046_00h45m48s400ms_motion_progress.jpg,event_crops/E00046_00h45m48s400ms_motion_progress_DETAIL.jpg,"448,234,998,505",chunk_04,event_chunks_5fps/chunk_04/event_frames_full/E00046_00h45m48s400ms_motion_progress.jpg,event_chunks_5fps/chunk_04/event_crops/E00046_00h45m48s400ms_motion_progress_DETAIL.jpg,GE01142
E00047,2749.4,00:45:49.400,00h45m49s400ms,stable_change,68735,252,"84,45,157,75",0.028058,1.8933,0.000201,0.016,event_frames_full/E00047_00h45m49s400ms_stable_change.jpg,event_crops/E00047_00h45m49s400ms_stable_change_DETAIL.jpg,"454,240,992,481",chunk_04,event_chunks_5fps/chunk_04/event_frames_full/E00047_00h45m49s400ms_stable_change.jpg,event_chunks_5fps/chunk_04/event_crops/E00047_00h45m49s400ms_stable_change_DETAIL.jpg,GE01143
E00048,2750.2,00:45:50.200,00h45m50s200ms,stable_change,68755,256,"83,52,158,79",0.032388,1.9143,0.0,0.0,event_frames_full/E00048_00h45m50s200ms_stable_change.jpg,event_crops/E00048_00h45m50s200ms_stable_change_DETAIL.jpg,"448,282,998,505",chunk_04,event_chunks_5fps/chunk_04/event_frames_full/E00048_00h45m50s200ms_stable_change.jpg,event_chunks_5fps/chunk_04/event_crops/E00048_00h45m50s200ms_stable_change_DETAIL.jpg,GE01144
E00049,2751.6,00:45:51.600,00h45m51s600ms,abrupt_change,68790,263,"86,46,231,99",0.032098,2.1554,0.030826,1.9986,event_frames_full/E00049_00h45m51s600ms_abrupt_change.jpg,event_crops/E00049_00h45m51s600ms_abrupt_change_DETAIL.jpg,"466,246,1436,625",chunk_04,event_chunks_5fps/chunk_04/event_frames_full/E00049_00h45m51s600ms_abrupt_change.jpg,event_chunks_5fps/chunk_04/event_crops/E00049_00h45m51s600ms_abrupt_change_DETAIL.jpg,GE01145
E00050,2752.6,00:45:52.600,00h45m52s600ms,stable_change,68815,268,"157,55,228,73",0.027991,1.7237,0.0,0.0015,event_frames_full/E00050_00h45m52s600ms_stable_change.jpg,event_crops/E00050_00h45m52s600ms_stable_change_DETAIL.jpg,"892,300,1418,469",chunk_04,event_chunks_5fps/chunk_04/event_frames_full/E00050_00h45m52s600ms_stable_change.jpg,event_chunks_5fps/chunk_04/event_crops/E00050_00h45m52s600ms_stable_change_DETAIL.jpg,GE01146
E00051,2753.0,00:45:53.000,00h45m53s000ms,abrupt_change,68825,270,"157,43,231,99",0.040335,2.3547,0.040335,2.3547,event_frames_full/E00051_00h45m53s000ms_abrupt_change.jpg,event_crops/E00051_00h45m53s000ms_abrupt_change_DETAIL.jpg,"892,228,1436,625",chunk_04,event_chunks_5fps/chunk_04/event_frames_full/E00051_00h45m53s000ms_abrupt_change.jpg,event_chunks_5fps/chunk_04/event_crops/E00051_00h45m53s000ms_abrupt_change_DETAIL.jpg,GE01147
E00052,2754.4,00:45:54.400,00h45m54s400ms,abrupt_change,68860,277,"83,61,231,115",0.055446,3.2211,0.054777,3.2052,event_frames_full/E00052_00h45m54s400ms_abrupt_change.jpg,event_crops/E00052_00h45m54s400ms_abrupt_change_DETAIL.jpg,"448,336,1436,721",chunk_04,event_chunks_5fps/chunk_04/event_frames_full/E00052_00h45m54s400ms_abrupt_change.jpg,event_chunks_5fps/chunk_04/event_crops/E00052_00h45m54s400ms_abrupt_change_DETAIL.jpg,GE01148
E00053,2755.6,00:45:55.600,00h45m55s600ms,abrupt_change,68890,283,"84,61,228,89",0.054821,3.6431,0.054554,3.6308,event_frames_full/E00053_00h45m55s600ms_abrupt_change.jpg,event_crops/E00053_00h45m55s600ms_abrupt_change_DETAIL.jpg,"454,336,1418,565",chunk_04,event_chunks_5fps/chunk_04/event_frames_full/E00053_00h45m55s600ms_abrupt_change.jpg,event_chunks_5fps/chunk_04/event_crops/E00053_00h45m55s600ms_abrupt_change_DETAIL.jpg,GE01149
E00054,2757.0,00:45:57.000,00h45m57s000ms,abrupt_change,68925,290,"84,59,231,115",0.069442,3.8483,0.069464,3.8019,event_frames_full/E00054_00h45m57s000ms_abrupt_change.jpg,event_crops/E00054_00h45m57s000ms_abrupt_change_DETAIL.jpg,"454,324,1436,721",chunk_04,event_chunks_5fps/chunk_04/event_frames_full/E00054_00h45m57s000ms_abrupt_change.jpg,event_chunks_5fps/chunk_04/event_crops/E00054_00h45m57s000ms_abrupt_change_DETAIL.jpg,GE01150
E00055,2757.4,00:45:57.400,00h45m57s400ms,abrupt_change,68935,292,"72,5,320,140",0.286607,18.7396,0.286607,18.7396,event_frames_full/E00055_00h45m57s400ms_abrupt_change.jpg,event_crops/E00055_00h45m57s400ms_abrupt_change_DETAIL.jpg,"382,0,1920,842",chunk_04,event_chunks_5fps/chunk_04/event_frames_full/E00055_00h45m57s400ms_abrupt_change.jpg,event_chunks_5fps/chunk_04/event_crops/E00055_00h45m57s400ms_abrupt_change_DETAIL.jpg,GE01151
E00056,2760.2,00:46:00.200,00h46m00s200ms,abrupt_change,69005,306,"73,0,320,136",0.175179,7.4691,0.175134,7.4721,event_frames_full/E00056_00h46m00s200ms_abrupt_change.jpg,event_crops/E00056_00h46m00s200ms_abrupt_change_DETAIL.jpg,"388,0,1920,842",chunk_04,event_chunks_5fps/chunk_04/event_frames_full/E00056_00h46m00s200ms_abrupt_change.jpg,event_chunks_5fps/chunk_04/event_crops/E00056_00h46m00s200ms_abrupt_change_DETAIL.jpg,GE01152
E00057,2760.6,00:46:00.600,00h46m00s600ms,abrupt_change,69015,308,"72,0,320,140",0.169821,11.7918,0.133661,7.7359,event_frames_full/E00057_00h46m00s600ms_abrupt_change.jpg,event_crops/E00057_00h46m00s600ms_abrupt_change_DETAIL.jpg,"382,0,1920,842",chunk_04,event_chunks_5fps/chunk_04/event_frames_full/E00057_00h46m00s600ms_abrupt_change.jpg,event_chunks_5fps/chunk_04/event_crops/E00057_00h46m00s600ms_abrupt_change_DETAIL.jpg,GE01153
E00058,2765.8,00:46:05.800,00h46m05s800ms,abrupt_change,69145,334,"72,0,320,140",0.517701,59.7987,0.515402,59.4322,event_frames_full/E00058_00h46m05s800ms_abrupt_change.jpg,event_crops/E00058_00h46m05s800ms_abrupt_change_DETAIL.jpg,"382,0,1920,842",chunk_04,event_chunks_5fps/chunk_04/event_frames_full/E00058_00h46m05s800ms_abrupt_change.jpg,event_chunks_5fps/chunk_04/event_crops/E00058_00h46m05s800ms_abrupt_change_DETAIL.jpg,GE01154
E00059,2766.2,00:46:06.200,00h46m06s200ms,abrupt_change,69155,336,"0,0,320,140",0.959286,119.451,0.959286,119.451,event_frames_full/E00059_00h46m06s200ms_abrupt_change.jpg,,,chunk_04,event_chunks_5fps/chunk_04/event_frames_full/E00059_00h46m06s200ms_abrupt_change.jpg,,GE01155
E00060,2767.8,00:46:07.800,00h46m07s800ms,abrupt_change,69195,344,"27,17,320,136",0.069554,3.9784,0.070446,3.9645,event_frames_full/E00060_00h46m07s800ms_abrupt_change.jpg,,,chunk_04,event_chunks_5fps/chunk_04/event_frames_full/E00060_00h46m07s800ms_abrupt_change.jpg,,GE01156
E00061,2768.2,00:46:08.200,00h46m08s200ms,abrupt_change,69205,346,"27,16,320,136",0.051942,3.3551,0.047165,2.995,event_frames_full/E00061_00h46m08s200ms_abrupt_change.jpg,,,chunk_04,event_chunks_5fps/chunk_04/event_frames_full/E00061_00h46m08s200ms_abrupt_change.jpg,,GE01157
E00062,2768.8,00:46:08.800,00h46m08s800ms,abrupt_change,69220,349,"27,21,320,138",0.047299,3.0142,0.04433,2.7866,event_frames_full/E00062_00h46m08s800ms_abrupt_change.jpg,,,chunk_04,event_chunks_5fps/chunk_04/event_frames_full/E00062_00h46m08s800ms_abrupt_change.jpg,,GE01158
E00063,2771.8,00:46:11.800,00h46m11s800ms,settled,69295,364,"0,67,52,124",0.009844,0.7419,0.0,0.0,event_frames_full/E00063_00h46m11s800ms_settled.jpg,event_crops/E00063_00h46m11s800ms_settled_DETAIL.jpg,"0,372,362,775",chunk_04,event_chunks_5fps/chunk_04/event_frames_full/E00063_00h46m11s800ms_settled.jpg,event_chunks_5fps/chunk_04/event_crops/E00063_00h46m11s800ms_settled_DETAIL.jpg,GE01159
E00064,2773.2,00:46:13.200,00h46m13s200ms,settled,69330,371,"0,67,52,124",0.013192,0.8632,0.0,0.0,event_frames_full/E00064_00h46m13s200ms_settled.jpg,event_crops/E00064_00h46m13s200ms_settled_DETAIL.jpg,"0,372,362,775",chunk_04,event_chunks_5fps/chunk_04/event_frames_full/E00064_00h46m13s200ms_settled.jpg,event_chunks_5fps/chunk_04/event_crops/E00064_00h46m13s200ms_settled_DETAIL.jpg,GE01160
E00065,2779.0,00:46:19.000,00h46m19s000ms,settled,69475,400,"0,78,52,124",0.013504,0.865,0.0,0.0,event_frames_full/E00065_00h46m19s000ms_settled.jpg,event_crops/E00065_00h46m19s000ms_settled_DETAIL.jpg,"0,439,362,775",chunk_04,event_chunks_5fps/chunk_04/event_frames_full/E00065_00h46m19s000ms_settled.jpg,event_chunks_5fps/chunk_04/event_crops/E00065_00h46m19s000ms_settled_DETAIL.jpg,GE01161
E00066,2783.0,00:46:23.000,00h46m23s000ms,abrupt_change,69575,420,"0,2,320,140",0.094911,5.9952,0.094129,5.9671,event_frames_full/E00066_00h46m23s000ms_abrupt_change.jpg,,,chunk_04,event_chunks_5fps/chunk_04/event_frames_full/E00066_00h46m23s000ms_abrupt_change.jpg,,GE01162
E00067,2783.4,00:46:23.400,00h46m23s400ms,abrupt_change,69585,422,"2,3,306,126",0.106674,6.6147,0.082612,4.9091,event_frames_full/E00067_00h46m23s400ms_abrupt_change.jpg,,,chunk_04,event_chunks_5fps/chunk_04/event_frames_full/E00067_00h46m23s400ms_abrupt_change.jpg,,GE01163
E00068,2784.0,00:46:24.000,00h46m24s000ms,stable_change,69600,425,"0,2,320,140",0.020603,1.8429,0.0,0.0136,event_frames_full/E00068_00h46m24s000ms_stable_change.jpg,,,chunk_04,event_chunks_5fps/chunk_04/event_frames_full/E00068_00h46m24s000ms_stable_change.jpg,,GE01164
E00069,2784.6,00:46:24.600,00h46m24s600ms,abrupt_change,69615,428,"28,44,320,132",0.104844,5.3419,0.104844,5.3425,event_frames_full/E00069_00h46m24s600ms_abrupt_change.jpg,event_crops/E00069_00h46m24s600ms_abrupt_change_DETAIL.jpg,"118,234,1920,823",chunk_04,event_chunks_5fps/chunk_04/event_frames_full/E00069_00h46m24s600ms_abrupt_change.jpg,event_chunks_5fps/chunk_04/event_crops/E00069_00h46m24s600ms_abrupt_change_DETAIL.jpg,GE01165
E00070,2788.4,00:46:28.400,00h46m28s400ms,abrupt_change,69710,447,"0,2,320,136",0.175223,9.1571,0.17567,9.1729,event_frames_full/E00070_00h46m28s400ms_abrupt_change.jpg,,,chunk_04,event_chunks_5fps/chunk_04/event_frames_full/E00070_00h46m28s400ms_abrupt_change.jpg,,GE01166
E00071,2789.0,00:46:29.000,00h46m29s000ms,abrupt_change,69725,450,"2,2,294,136",0.111116,5.8934,0.033951,2.2666,event_frames_full/E00071_00h46m29s000ms_abrupt_change.jpg,,,chunk_04,event_chunks_5fps/chunk_04/event_frames_full/E00071_00h46m29s000ms_abrupt_change.jpg,,GE01167
E00072,2791.4,00:46:31.400,00h46m31s400ms,abrupt_change,69785,462,"27,21,320,132",0.08596,4.3133,0.085804,4.2998,event_frames_full/E00072_00h46m31s400ms_abrupt_change.jpg,event_crops/E00072_00h46m31s400ms_abrupt_change_DETAIL.jpg,"112,96,1920,823",chunk_04,event_chunks_5fps/chunk_04/event_frames_full/E00072_00h46m31s400ms_abrupt_change.jpg,event_chunks_5fps/chunk_04/event_crops/E00072_00h46m31s400ms_abrupt_change_DETAIL.jpg,GE01168
E00073,2791.8,00:46:31.800,00h46m31s800ms,abrupt_change,69795,464,"30,14,320,132",0.068973,4.0854,0.068973,4.0854,event_frames_full/E00073_00h46m31s800ms_abrupt_change.jpg,,,chunk_04,event_chunks_5fps/chunk_04/event_frames_full/E00073_00h46m31s800ms_abrupt_change.jpg,,GE01169
E00074,2792.2,00:46:32.200,00h46m32s200ms,abrupt_change,69805,466,"31,14,320,137",0.069219,4.2774,0.069219,4.2774,event_frames_full/E00074_00h46m32s200ms_abrupt_change.jpg,,,chunk_04,event_chunks_5fps/chunk_04/event_frames_full/E00074_00h46m32s200ms_abrupt_change.jpg,,GE01170
E00075,2795.8,00:46:35.800,00h46m35s800ms,abrupt_change,69895,484,"0,0,318,140",0.909665,39.6135,0.914978,39.4829,event_frames_full/E00075_00h46m35s800ms_abrupt_change.jpg,,,chunk_04,event_chunks_5fps/chunk_04/event_frames_full/E00075_00h46m35s800ms_abrupt_change.jpg,,GE01171
E00076,2796.4,00:46:36.400,00h46m36s400ms,stable_change,69910,487,"0,0,318,140",0.920335,44.5861,0.000268,0.0413,event_frames_full/E00076_00h46m36s400ms_stable_change.jpg,,,chunk_04,event_chunks_5fps/chunk_04/event_frames_full/E00076_00h46m36s400ms_stable_change.jpg,,GE01172
E00077,2797.2,00:46:37.200,00h46m37s200ms,abrupt_change,69930,491,"0,0,318,140",0.940915,63.4166,0.940246,63.3832,event_frames_full/E00077_00h46m37s200ms_abrupt_change.jpg,,,chunk_04,event_chunks_5fps/chunk_04/event_frames_full/E00077_00h46m37s200ms_abrupt_change.jpg,,GE01173
E00078,2797.8,00:46:37.800,00h46m37s800ms,stable_change,69945,494,"0,0,317,140",0.953281,23.5106,0.0,0.0435,event_frames_full/E00078_00h46m37s800ms_stable_change.jpg,,,chunk_04,event_chunks_5fps/chunk_04/event_frames_full/E00078_00h46m37s800ms_stable_change.jpg,,GE01174
E00079,2799.0,00:46:39.000,00h46m39s000ms,abrupt_change,69975,500,"0,0,318,140",0.845491,75.2058,0.847031,75.2056,event_frames_full/E00079_00h46m39s000ms_abrupt_change.jpg,,,chunk_04,event_chunks_5fps/chunk_04/event_frames_full/E00079_00h46m39s000ms_abrupt_change.jpg,,GE01175
E00080,2799.6,00:46:39.600,00h46m39s600ms,stable_change,69990,503,"108,33,209,108",0.03192,7.7767,0.0,0.0235,event_frames_full/E00080_00h46m39s600ms_stable_change.jpg,event_crops/E00080_00h46m39s600ms_stable_change_DETAIL.jpg,"598,168,1304,679",chunk_04,event_chunks_5fps/chunk_04/event_frames_full/E00080_00h46m39s600ms_stable_change.jpg,event_chunks_5fps/chunk_04/event_crops/E00080_00h46m39s600ms_stable_change_DETAIL.jpg,GE01176
E00081,2801.0,00:46:41.000,00h46m41s000ms,abrupt_change,70025,510,"0,0,318,140",0.941094,63.3557,0.941295,63.352,event_frames_full/E00081_00h46m41s000ms_abrupt_change.jpg,,,chunk_04,event_chunks_5fps/chunk_04/event_frames_full/E00081_00h46m41s000ms_abrupt_change.jpg,,GE01177
E00082,2801.6,00:46:41.600,00h46m41s600ms,abrupt_change,70040,513,"0,0,320,140",0.908661,25.166,0.691875,16.3115,event_frames_full/E00082_00h46m41s600ms_abrupt_change.jpg,,,chunk_04,event_chunks_5fps/chunk_04/event_frames_full/E00082_00h46m41s600ms_abrupt_change.jpg,,GE01178
E00083,2802.0,00:46:42.000,00h46m42s000ms,abrupt_change,70050,515,"2,2,320,140",0.117009,7.1913,0.090536,5.3958,event_frames_full/E00083_00h46m42s000ms_abrupt_change.jpg,,,chunk_04,event_chunks_5fps/chunk_04/event_frames_full/E00083_00h46m42s000ms_abrupt_change.jpg,,GE01179
E00084,2802.8,00:46:42.800,00h46m42s800ms,settled,70070,519,"0,89,15,103",0.004509,0.8904,0.0,0.0124,event_frames_full/E00084_00h46m42s800ms_settled.jpg,event_crops/E00084_00h46m42s800ms_settled_DETAIL.jpg,"0,505,140,649",chunk_04,event_chunks_5fps/chunk_04/event_frames_full/E00084_00h46m42s800ms_settled.jpg,event_chunks_5fps/chunk_04/event_crops/E00084_00h46m42s800ms_settled_DETAIL.jpg,GE01180
E00085,2803.2,00:46:43.200,00h46m43s200ms,abrupt_change,70080,521,"28,44,320,132",0.105759,5.3939,0.105759,5.3939,event_frames_full/E00085_00h46m43s200ms_abrupt_change.jpg,event_crops/E00085_00h46m43s200ms_abrupt_change_DETAIL.jpg,"118,234,1920,823",chunk_04,event_chunks_5fps/chunk_04/event_frames_full/E00085_00h46m43s200ms_abrupt_change.jpg,event_chunks_5fps/chunk_04/event_crops/E00085_00h46m43s200ms_abrupt_change_DETAIL.jpg,GE01181
E00086,2804.4,00:46:44.400,00h46m44s400ms,settled,70110,527,"10,90,52,131",0.006116,0.4577,0.000268,0.0219,event_frames_full/E00086_00h46m44s400ms_settled.jpg,event_crops/E00086_00h46m44s400ms_settled_DETAIL.jpg,"10,511,362,817",chunk_04,event_chunks_5fps/chunk_04/event_frames_full/E00086_00h46m44s400ms_settled.jpg,event_chunks_5fps/chunk_04/event_crops/E00086_00h46m44s400ms_settled_DETAIL.jpg,GE01182
E00087,2806.8,00:46:46.800,00h46m46s800ms,abrupt_change,70170,539,"0,2,320,140",0.134844,7.8927,0.134598,7.8846,event_frames_full/E00087_00h46m46s800ms_abrupt_change.jpg,,,chunk_04,event_chunks_5fps/chunk_04/event_frames_full/E00087_00h46m46s800ms_abrupt_change.jpg,,GE01183
E00088,2807.2,00:46:47.200,00h46m47s200ms,abrupt_change,70180,541,"0,2,306,122",0.098616,6.2275,0.058951,4.2272,event_frames_full/E00088_00h46m47s200ms_abrupt_change.jpg,,,chunk_04,event_chunks_5fps/chunk_04/event_frames_full/E00088_00h46m47s200ms_abrupt_change.jpg,,GE01184
E00089,2807.8,00:46:47.800,00h46m47s800ms,stable_change,70195,544,"0,2,320,140",0.101786,7.2285,0.0,0.0,event_frames_full/E00089_00h46m47s800ms_stable_change.jpg,,,chunk_04,event_chunks_5fps/chunk_04/event_frames_full/E00089_00h46m47s800ms_stable_change.jpg,,GE01185
E00090,2808.4,00:46:48.400,00h46m48s400ms,stable_change,70210,547,"28,44,320,140",0.111272,5.4916,0.0,0.0,event_frames_full/E00090_00h46m48s400ms_stable_change.jpg,event_crops/E00090_00h46m48s400ms_stable_change_DETAIL.jpg,"118,234,1920,842",chunk_04,event_chunks_5fps/chunk_04/event_frames_full/E00090_00h46m48s400ms_stable_change.jpg,event_chunks_5fps/chunk_04/event_crops/E00090_00h46m48s400ms_stable_change_DETAIL.jpg,GE01186
E00091,2811.6,00:46:51.600,00h46m51s600ms,abrupt_change,70290,563,"0,2,320,140",0.154263,9.0659,0.153906,9.084,event_frames_full/E00091_00h46m51s600ms_abrupt_change.jpg,,,chunk_04,event_chunks_5fps/chunk_04/event_frames_full/E00091_00h46m51s600ms_abrupt_change.jpg,,GE01187
E00092,2812.0,00:46:52.000,00h46m52s000ms,abrupt_change,70300,565,"3,2,286,117",0.07404,4.8142,0.07404,4.8142,event_frames_full/E00092_00h46m52s000ms_abrupt_change.jpg,event_crops/E00092_00h46m52s000ms_abrupt_change_DETAIL.jpg,"0,0,1766,733",chunk_04,event_chunks_5fps/chunk_04/event_frames_full/E00092_00h46m52s000ms_abrupt_change.jpg,event_chunks_5fps/chunk_04/event_crops/E00092_00h46m52s000ms_abrupt_change_DETAIL.jpg,GE01188
E00093,2812.6,00:46:52.600,00h46m52s600ms,stable_change,70315,568,"2,2,320,140",0.052879,4.6758,0.0,0.0124,event_frames_full/E00093_00h46m52s600ms_stable_change.jpg,,,chunk_04,event_chunks_5fps/chunk_04/event_frames_full/E00093_00h46m52s600ms_stable_change.jpg,,GE01189
E00094,2829.6,00:47:09.600,00h47m09s600ms,abrupt_change,70740,653,"0,0,317,140",0.942433,29.973,0.939286,29.7359,event_frames_full/E00094_00h47m09s600ms_abrupt_change.jpg,,,chunk_04,event_chunks_5fps/chunk_04/event_frames_full/E00094_00h47m09s600ms_abrupt_change.jpg,,GE01190
E00095,2830.2,00:47:10.200,00h47m10s200ms,stable_change,70755,656,"0,0,318,140",0.930759,54.4555,0.0,0.4094,event_frames_full/E00095_00h47m10s200ms_stable_change.jpg,,,chunk_04,event_chunks_5fps/chunk_04/event_frames_full/E00095_00h47m10s200ms_stable_change.jpg,,GE01191
E00096,2832.6,00:47:12.600,00h47m12s600ms,abrupt_change,70815,668,"0,0,318,140",0.922857,69.5263,0.92317,69.6307,event_frames_full/E00096_00h47m12s600ms_abrupt_change.jpg,,,chunk_04,event_chunks_5fps/chunk_04/event_frames_full/E00096_00h47m12s600ms_abrupt_change.jpg,,GE01192
E00097,2833.2,00:47:13.200,00h47m13s200ms,stable_change,70830,671,"0,0,316,140",0.893036,13.8686,0.003371,0.1508,event_frames_full/E00097_00h47m13s200ms_stable_change.jpg,,,chunk_04,event_chunks_5fps/chunk_04/event_frames_full/E00097_00h47m13s200ms_stable_change.jpg,,GE01193
E00098,2833.6,00:47:13.600,00h47m13s600ms,abrupt_change,70840,673,"0,0,318,140",0.849174,80.3806,0.895558,64.1068,event_frames_full/E00098_00h47m13s600ms_abrupt_change.jpg,,,chunk_04,event_chunks_5fps/chunk_04/event_frames_full/E00098_00h47m13s600ms_abrupt_change.jpg,,GE01194
E00099,2834.2,00:47:14.200,00h47m14s200ms,abrupt_change,70855,676,"0,0,318,140",0.841696,74.9433,0.828058,74.9533,event_frames_full/E00099_00h47m14s200ms_abrupt_change.jpg,,,chunk_04,event_chunks_5fps/chunk_04/event_frames_full/E00099_00h47m14s200ms_abrupt_change.jpg,,GE01195
E00100,2834.6,00:47:14.600,00h47m14s600ms,abrupt_change,70865,678,"0,0,320,140",0.141183,10.3939,0.141183,10.3939,event_frames_full/E00100_00h47m14s600ms_abrupt_change.jpg,,,chunk_04,event_chunks_5fps/chunk_04/event_frames_full/E00100_00h47m14s600ms_abrupt_change.jpg,,GE01196
E00101,2835.0,00:47:15.000,00h47m15s000ms,abrupt_change,70875,680,"0,2,305,129",0.077031,4.9411,0.090112,5.0008,event_frames_full/E00101_00h47m15s000ms_abrupt_change.jpg,,,chunk_04,event_chunks_5fps/chunk_04/event_frames_full/E00101_00h47m15s000ms_abrupt_change.jpg,,GE01197
E00102,2835.4,00:47:15.400,00h47m15s400ms,abrupt_change,70885,682,"0,2,320,140",0.092143,6.8943,0.092143,6.8943,event_frames_full/E00102_00h47m15s400ms_abrupt_change.jpg,,,chunk_04,event_chunks_5fps/chunk_04/event_frames_full/E00102_00h47m15s400ms_abrupt_change.jpg,,GE01198
E00103,2836.0,00:47:16.000,00h47m16s000ms,abrupt_change,70900,685,"17,44,320,137",0.103817,5.2853,0.103951,5.2805,event_frames_full/E00103_00h47m16s000ms_abrupt_change.jpg,event_crops/E00103_00h47m16s000ms_abrupt_change_DETAIL.jpg,"52,234,1920,842",chunk_04,event_chunks_5fps/chunk_04/event_frames_full/E00103_00h47m16s000ms_abrupt_change.jpg,event_chunks_5fps/chunk_04/event_crops/E00103_00h47m16s000ms_abrupt_change_DETAIL.jpg,GE01199
E00104,2839.2,00:47:19.200,00h47m19s200ms,abrupt_change,70980,701,"0,2,320,140",0.156339,8.6011,0.156629,8.6011,event_frames_full/E00104_00h47m19s200ms_abrupt_change.jpg,,,chunk_04,event_chunks_5fps/chunk_04/event_frames_full/E00104_00h47m19s200ms_abrupt_change.jpg,,GE01200
E00105,2839.6,00:47:19.600,00h47m19s600ms,abrupt_change,70990,703,"2,2,293,128",0.056004,3.3737,0.056004,3.3737,event_frames_full/E00105_00h47m19s600ms_abrupt_change.jpg,,,chunk_04,event_chunks_5fps/chunk_04/event_frames_full/E00105_00h47m19s600ms_abrupt_change.jpg,,GE01201
E00106,2840.2,00:47:20.200,00h47m20s200ms,abrupt_change,71005,706,"0,2,320,140",0.128683,7.759,0.129196,7.7642,event_frames_full/E00106_00h47m20s200ms_abrupt_change.jpg,,,chunk_04,event_chunks_5fps/chunk_04/event_frames_full/E00106_00h47m20s200ms_abrupt_change.jpg,,GE01202
E00107,2840.6,00:47:20.600,00h47m20s600ms,abrupt_change,71015,708,"28,44,320,140",0.117188,5.5351,0.117188,5.5351,event_frames_full/E00107_00h47m20s600ms_abrupt_change.jpg,event_crops/E00107_00h47m20s600ms_abrupt_change_DETAIL.jpg,"118,234,1920,842",chunk_04,event_chunks_5fps/chunk_04/event_frames_full/E00107_00h47m20s600ms_abrupt_change.jpg,event_chunks_5fps/chunk_04/event_crops/E00107_00h47m20s600ms_abrupt_change_DETAIL.jpg,GE01203
E00108,2844.8,00:47:24.800,00h47m24s800ms,abrupt_change,71120,729,"28,25,303,140",0.125045,6.0574,0.125,6.0476,event_frames_full/E00108_00h47m24s800ms_abrupt_change.jpg,event_crops/E00108_00h47m24s800ms_abrupt_change_DETAIL.jpg,"118,120,1868,842",chunk_04,event_chunks_5fps/chunk_04/event_frames_full/E00108_00h47m24s800ms_abrupt_change.jpg,event_chunks_5fps/chunk_04/event_crops/E00108_00h47m24s800ms_abrupt_change_DETAIL.jpg,GE01204
E00109,2845.4,00:47:25.400,00h47m25s400ms,abrupt_change,71135,732,"28,12,302,140",0.206362,9.203,0.177411,9.1819,event_frames_full/E00109_00h47m25s400ms_abrupt_change.jpg,,,chunk_04,event_chunks_5fps/chunk_04/event_frames_full/E00109_00h47m25s400ms_abrupt_change.jpg,,GE01205
E00110,2845.8,00:47:25.800,00h47m25s800ms,abrupt_change,71145,734,"33,12,320,140",0.218214,8.6311,0.080759,7.3853,event_frames_full/E00110_00h47m25s800ms_abrupt_change.jpg,,,chunk_04,event_chunks_5fps/chunk_04/event_frames_full/E00110_00h47m25s800ms_abrupt_change.jpg,,GE01206
E00111,2846.6,00:47:26.600,00h47m26s600ms,abrupt_change,71165,738,"33,13,320,140",0.234286,8.6015,0.191138,7.6581,event_frames_full/E00111_00h47m26s600ms_abrupt_change.jpg,,,chunk_04,event_chunks_5fps/chunk_04/event_frames_full/E00111_00h47m26s600ms_abrupt_change.jpg,,GE01207
E00112,2847.2,00:47:27.200,00h47m27s200ms,abrupt_change,71180,741,"43,21,320,134",0.08317,7.3304,0.175246,8.3381,event_frames_full/E00112_00h47m27s200ms_abrupt_change.jpg,event_crops/E00112_00h47m27s200ms_abrupt_change_DETAIL.jpg,"208,96,1920,835",chunk_04,event_chunks_5fps/chunk_04/event_frames_full/E00112_00h47m27s200ms_abrupt_change.jpg,event_chunks_5fps/chunk_04/event_crops/E00112_00h47m27s200ms_abrupt_change_DETAIL.jpg,GE01208
E00113,2847.8,00:47:27.800,00h47m27s800ms,stable_change,71195,744,"66,12,320,134",0.036473,3.7236,0.0,0.0156,event_frames_full/E00113_00h47m27s800ms_stable_change.jpg,event_crops/E00113_00h47m27s800ms_stable_change_DETAIL.jpg,"346,42,1920,835",chunk_04,event_chunks_5fps/chunk_04/event_frames_full/E00113_00h47m27s800ms_stable_change.jpg,event_chunks_5fps/chunk_04/event_crops/E00113_00h47m27s800ms_stable_change_DETAIL.jpg,GE01209
E00114,2849.0,00:47:29.000,00h47m29s000ms,settled,71225,750,"8,90,52,122",0.005871,0.4769,0.0,0.0295,event_frames_full/E00114_00h47m29s000ms_settled.jpg,event_crops/E00114_00h47m29s000ms_settled_DETAIL.jpg,"0,511,362,763",chunk_04,event_chunks_5fps/chunk_04/event_frames_full/E00114_00h47m29s000ms_settled.jpg,event_chunks_5fps/chunk_04/event_crops/E00114_00h47m29s000ms_settled_DETAIL.jpg,GE01210
E00115,2850.8,00:47:30.800,00h47m30s800ms,abrupt_change,71270,759,"0,2,320,140",0.14529,8.7024,0.144888,8.7063,event_frames_full/E00115_00h47m30s800ms_abrupt_change.jpg,,,chunk_04,event_chunks_5fps/chunk_04/event_frames_full/E00115_00h47m30s800ms_abrupt_change.jpg,,GE01211
E00116,2851.2,00:47:31.200,00h47m31s200ms,abrupt_change,71280,761,"0,2,320,140",0.119911,7.0091,0.089554,5.3317,event_frames_full/E00116_00h47m31s200ms_abrupt_change.jpg,,,chunk_04,event_chunks_5fps/chunk_04/event_frames_full/E00116_00h47m31s200ms_abrupt_change.jpg,,GE01212
E00117,2851.6,00:47:31.600,00h47m31s600ms,abrupt_change,71290,763,"0,44,320,135",0.101339,5.2431,0.101339,5.2431,event_frames_full/E00117_00h47m31s600ms_abrupt_change.jpg,event_crops/E00117_00h47m31s600ms_abrupt_change_DETAIL.jpg,"0,234,1920,841",chunk_04,event_chunks_5fps/chunk_04/event_frames_full/E00117_00h47m31s600ms_abrupt_change.jpg,event_chunks_5fps/chunk_04/event_crops/E00117_00h47m31s600ms_abrupt_change_DETAIL.jpg,GE01213
E00118,2852.4,00:47:32.400,00h47m32s400ms,settled,71310,767,"0,90,36,125",0.008571,0.7969,0.0,0.0066,event_frames_full/E00118_00h47m32s400ms_settled.jpg,event_crops/E00118_00h47m32s400ms_settled_DETAIL.jpg,"0,511,266,781",chunk_04,event_chunks_5fps/chunk_04/event_frames_full/E00118_00h47m32s400ms_settled.jpg,event_chunks_5fps/chunk_04/event_crops/E00118_00h47m32s400ms_settled_DETAIL.jpg,GE01214
E00119,2861.0,00:47:41.000,00h47m41s000ms,abrupt_change,71525,810,"0,2,320,140",0.13346,8.4604,0.133304,8.5064,event_frames_full/E00119_00h47m41s000ms_abrupt_change.jpg,,,chunk_04,event_chunks_5fps/chunk_04/event_frames_full/E00119_00h47m41s000ms_abrupt_change.jpg,,GE01215
E00120,2862.0,00:47:42.000,00h47m42s000ms,stable_change,71550,815,"2,2,320,140",0.081027,6.9557,0.0,0.0335,event_frames_full/E00120_00h47m42s000ms_stable_change.jpg,,,chunk_04,event_chunks_5fps/chunk_04/event_frames_full/E00120_00h47m42s000ms_stable_change.jpg,,GE01216
E00121,2883.6,00:48:03.600,00h48m03s600ms,motion_progress,72090,923,"78,47,253,93",0.02154,1.6967,0.018929,1.5727,event_frames_full/E00121_00h48m03s600ms_motion_progress.jpg,event_crops/E00121_00h48m03s600ms_motion_progress_DETAIL.jpg,"418,252,1568,589",chunk_04,event_chunks_5fps/chunk_04/event_frames_full/E00121_00h48m03s600ms_motion_progress.jpg,event_chunks_5fps/chunk_04/event_crops/E00121_00h48m03s600ms_motion_progress_DETAIL.jpg,GE01217
E00122,2885.6,00:48:05.600,00h48m05s600ms,motion_progress,72140,933,"186,49,253,93",0.019263,1.559,0.019397,1.544,event_frames_full/E00122_00h48m05s600ms_motion_progress.jpg,event_crops/E00122_00h48m05s600ms_motion_progress_DETAIL.jpg,"1066,264,1568,589",chunk_04,event_chunks_5fps/chunk_04/event_frames_full/E00122_00h48m05s600ms_motion_progress.jpg,event_chunks_5fps/chunk_04/event_crops/E00122_00h48m05s600ms_motion_progress_DETAIL.jpg,GE01218
E00123,2890.4,00:48:10.400,00h48m10s400ms,abrupt_change,72260,957,"0,0,318,140",0.957567,118.5251,0.956808,118.435,event_frames_full/E00123_00h48m10s400ms_abrupt_change.jpg,,,chunk_04,event_chunks_5fps/chunk_04/event_frames_full/E00123_00h48m10s400ms_abrupt_change.jpg,,GE01219
E00124,2891.0,00:48:11.000,00h48m11s000ms,abrupt_change,72275,960,"0,0,317,140",0.952946,38.5868,0.842009,79.4119,event_frames_full/E00124_00h48m11s000ms_abrupt_change.jpg,,,chunk_04,event_chunks_5fps/chunk_04/event_frames_full/E00124_00h48m11s000ms_abrupt_change.jpg,,GE01220
E00125,2893.0,00:48:13.000,00h48m13s000ms,abrupt_change,72325,970,"0,0,318,140",0.85067,76.3293,0.840759,72.1652,event_frames_full/E00125_00h48m13s000ms_abrupt_change.jpg,,,chunk_04,event_chunks_5fps/chunk_04/event_frames_full/E00125_00h48m13s000ms_abrupt_change.jpg,,GE01221
E00126,2893.4,00:48:13.400,00h48m13s400ms,abrupt_change,72335,972,"0,0,320,140",0.11654,11.7988,0.11654,11.7988,event_frames_full/E00126_00h48m13s400ms_abrupt_change.jpg,,,chunk_04,event_chunks_5fps/chunk_04/event_frames_full/E00126_00h48m13s400ms_abrupt_change.jpg,,GE01222
E00127,2893.8,00:48:13.800,00h48m13s800ms,abrupt_change,72345,974,"3,2,286,119",0.056429,3.528,0.07933,4.4039,event_frames_full/E00127_00h48m13s800ms_abrupt_change.jpg,event_crops/E00127_00h48m13s800ms_abrupt_change_DETAIL.jpg,"0,0,1766,745",chunk_04,event_chunks_5fps/chunk_04/event_frames_full/E00127_00h48m13s800ms_abrupt_change.jpg,event_chunks_5fps/chunk_04/event_crops/E00127_00h48m13s800ms_abrupt_change_DETAIL.jpg,GE01223
E00128,2894.4,00:48:14.400,00h48m14s400ms,abrupt_change,72360,977,"0,2,320,140",0.091853,5.863,0.101719,5.2533,event_frames_full/E00128_00h48m14s400ms_abrupt_change.jpg,,,chunk_04,event_chunks_5fps/chunk_04/event_frames_full/E00128_00h48m14s400ms_abrupt_change.jpg,,GE01224
E00129,2896.8,00:48:16.800,00h48m16s800ms,settled,72420,989,"100,44,320,135",0.008103,0.6026,0.0,0.0,event_frames_full/E00129_00h48m16s800ms_settled.jpg,event_crops/E00129_00h48m16s800ms_settled_DETAIL.jpg,"550,234,1920,841",chunk_04,event_chunks_5fps/chunk_04/event_frames_full/E00129_00h48m16s800ms_settled.jpg,event_chunks_5fps/chunk_04/event_crops/E00129_00h48m16s800ms_settled_DETAIL.jpg,GE01225
E00130,2900.4,00:48:20.400,00h48m20s400ms,abrupt_change,72510,1007,"28,18,320,133",0.097411,7.8102,0.09779,7.8012,event_frames_full/E00130_00h48m20s400ms_abrupt_change.jpg,,,chunk_04,event_chunks_5fps/chunk_04/event_frames_full/E00130_00h48m20s400ms_abrupt_change.jpg,,GE01226
E00131,2901.0,00:48:21.000,00h48m21s000ms,stable_change,72525,1010,"28,12,320,137",0.195,9.894,0.0,0.015,event_frames_full/E00131_00h48m21s000ms_stable_change.jpg,,,chunk_04,event_chunks_5fps/chunk_04/event_frames_full/E00131_00h48m21s000ms_stable_change.jpg,,GE01227
E00132,2903.0,00:48:23.000,00h48m23s000ms,settled,72575,1020,"33,53,79,101",0.00875,0.626,0.002545,0.1952,event_frames_full/E00132_00h48m23s000ms_settled.jpg,event_crops/E00132_00h48m23s000ms_settled_DETAIL.jpg,"148,288,524,637",chunk_04,event_chunks_5fps/chunk_04/event_frames_full/E00132_00h48m23s000ms_settled.jpg,event_chunks_5fps/chunk_04/event_crops/E00132_00h48m23s000ms_settled_DETAIL.jpg,GE01228
E00133,2907.8,00:48:27.800,00h48m27s800ms,abrupt_change,72695,1044,"0,2,320,140",0.185089,10.7965,0.181429,10.7579,event_frames_full/E00133_00h48m27s800ms_abrupt_change.jpg,,,chunk_04,event_chunks_5fps/chunk_04/event_frames_full/E00133_00h48m27s800ms_abrupt_change.jpg,,GE01229
E00134,2908.2,00:48:28.200,00h48m28s200ms,abrupt_change,72705,1046,"0,2,320,140",0.085871,5.9374,0.035714,3.3063,event_frames_full/E00134_00h48m28s200ms_abrupt_change.jpg,,,chunk_04,event_chunks_5fps/chunk_04/event_frames_full/E00134_00h48m28s200ms_abrupt_change.jpg,,GE01230
E00135,2909.0,00:48:29.000,00h48m29s000ms,settled,72725,1050,"0,47,220,94",0.009576,2.2556,0.0,0.012,event_frames_full/E00135_00h48m29s000ms_settled.jpg,event_crops/E00135_00h48m29s000ms_settled_DETAIL.jpg,"0,252,1370,595",chunk_04,event_chunks_5fps/chunk_04/event_frames_full/E00135_00h48m29s000ms_settled.jpg,event_chunks_5fps/chunk_04/event_crops/E00135_00h48m29s000ms_settled_DETAIL.jpg,GE01231
E00136,2936.6,00:48:56.600,00h48m56s600ms,abrupt_change,73415,1188,"0,0,318,140",0.841339,75.4963,0.846049,75.8448,event_frames_full/E00136_00h48m56s600ms_abrupt_change.jpg,,,chunk_04,event_chunks_5fps/chunk_04/event_frames_full/E00136_00h48m56s600ms_abrupt_change.jpg,,GE01232
E00137,2937.2,00:48:57.200,00h48m57s200ms,stable_change,73430,1191,"108,33,209,107",0.031629,7.4235,0.0,0.0063,event_frames_full/E00137_00h48m57s200ms_stable_change.jpg,event_crops/E00137_00h48m57s200ms_stable_change_DETAIL.jpg,"598,168,1304,673",chunk_04,event_chunks_5fps/chunk_04/event_frames_full/E00137_00h48m57s200ms_stable_change.jpg,event_chunks_5fps/chunk_04/event_crops/E00137_00h48m57s200ms_stable_change_DETAIL.jpg,GE01233
E00138,2938.0,00:48:58.000,00h48m58s000ms,abrupt_change,73450,1195,"0,0,318,140",0.936384,67.162,0.937656,67.1679,event_frames_full/E00138_00h48m58s000ms_abrupt_change.jpg,,,chunk_04,event_chunks_5fps/chunk_04/event_frames_full/E00138_00h48m58s000ms_abrupt_change.jpg,,GE01234
E00139,2938.4,00:48:58.400,00h48m58s400ms,abrupt_change,73460,1197,"0,0,320,140",0.890112,21.8948,0.04558,3.054,event_frames_full/E00139_00h48m58s400ms_abrupt_change.jpg,,,chunk_04,event_chunks_5fps/chunk_04/event_frames_full/E00139_00h48m58s400ms_abrupt_change.jpg,,GE01235
E00140,2938.8,00:48:58.800,00h48m58s800ms,abrupt_change,73470,1199,"2,3,306,120",0.077522,5.8838,0.061272,3.7536,event_frames_full/E00140_00h48m58s800ms_abrupt_change.jpg,,,chunk_04,event_chunks_5fps/chunk_04/event_frames_full/E00140_00h48m58s800ms_abrupt_change.jpg,,GE01236
E00141,2939.4,00:48:59.400,00h48m59s400ms,abrupt_change,73485,1202,"0,2,320,140",0.104866,5.7825,0.10279,5.4344,event_frames_full/E00141_00h48m59s400ms_abrupt_change.jpg,,,chunk_04,event_chunks_5fps/chunk_04/event_frames_full/E00141_00h48m59s400ms_abrupt_change.jpg,,GE01237
E00142,2942.6,00:49:02.600,00h49m02s600ms,settled,73565,1218,"0,100,36,134",0.006429,0.5809,0.000201,0.0314,event_frames_full/E00142_00h49m02s600ms_settled.jpg,event_crops/E00142_00h49m02s600ms_settled_DETAIL.jpg,"0,571,266,835",chunk_04,event_chunks_5fps/chunk_04/event_frames_full/E00142_00h49m02s600ms_settled.jpg,event_chunks_5fps/chunk_04/event_crops/E00142_00h49m02s600ms_settled_DETAIL.jpg,GE01238
E00143,2944.8,00:49:04.800,00h49m04s800ms,abrupt_change,73620,1229,"0,2,320,140",0.139732,8.0672,0.136004,7.8558,event_frames_full/E00143_00h49m04s800ms_abrupt_change.jpg,,,chunk_04,event_chunks_5fps/chunk_04/event_frames_full/E00143_00h49m04s800ms_abrupt_change.jpg,,GE01239
E00144,2945.2,00:49:05.200,00h49m05s200ms,abrupt_change,73630,1231,"2,2,306,125",0.110312,6.5501,0.088214,5.0644,event_frames_full/E00144_00h49m05s200ms_abrupt_change.jpg,,,chunk_04,event_chunks_5fps/chunk_04/event_frames_full/E00144_00h49m05s200ms_abrupt_change.jpg,,GE01240
E00145,2945.8,00:49:05.800,00h49m05s800ms,abrupt_change,73645,1234,"0,2,320,140",0.125201,6.2188,0.121741,5.8107,event_frames_full/E00145_00h49m05s800ms_abrupt_change.jpg,,,chunk_04,event_chunks_5fps/chunk_04/event_frames_full/E00145_00h49m05s800ms_abrupt_change.jpg,,GE01241
E00146,2946.6,00:49:06.600,00h49m06s600ms,abrupt_change,73665,1238,"28,12,302,140",0.186161,9.0399,0.185558,8.9969,event_frames_full/E00146_00h49m06s600ms_abrupt_change.jpg,,,chunk_04,event_chunks_5fps/chunk_04/event_frames_full/E00146_00h49m06s600ms_abrupt_change.jpg,,GE01242
E00147,2947.2,00:49:07.200,00h49m07s200ms,stable_change,73680,1241,"28,12,299,138",0.143147,7.2004,0.0,0.0,event_frames_full/E00147_00h49m07s200ms_stable_change.jpg,,,chunk_04,event_chunks_5fps/chunk_04/event_frames_full/E00147_00h49m07s200ms_stable_change.jpg,,GE01243
E00148,2947.6,00:49:07.600,00h49m07s600ms,abrupt_change,73690,1243,"28,12,295,136",0.15125,7.5069,0.15125,7.5069,event_frames_full/E00148_00h49m07s600ms_abrupt_change.jpg,,,chunk_04,event_chunks_5fps/chunk_04/event_frames_full/E00148_00h49m07s600ms_abrupt_change.jpg,,GE01244
E00149,2948.0,00:49:08.000,00h49m08s000ms,abrupt_change,73700,1245,"42,12,296,138",0.255379,9.836,0.255379,9.836,event_frames_full/E00149_00h49m08s000ms_abrupt_change.jpg,event_crops/E00149_00h49m08s000ms_abrupt_change_DETAIL.jpg,"202,42,1826,842",chunk_04,event_chunks_5fps/chunk_04/event_frames_full/E00149_00h49m08s000ms_abrupt_change.jpg,event_chunks_5fps/chunk_04/event_crops/E00149_00h49m08s000ms_abrupt_change_DETAIL.jpg,GE01245
E00150,2948.6,00:49:08.600,00h49m08s600ms,abrupt_change,73715,1248,"42,13,295,138",0.199554,8.1167,0.216741,8.3974,event_frames_full/E00150_00h49m08s600ms_abrupt_change.jpg,event_crops/E00150_00h49m08s600ms_abrupt_change_DETAIL.jpg,"202,48,1820,842",chunk_04,event_chunks_5fps/chunk_04/event_frames_full/E00150_00h49m08s600ms_abrupt_change.jpg,event_chunks_5fps/chunk_04/event_crops/E00150_00h49m08s600ms_abrupt_change_DETAIL.jpg,GE01246
E00151,2949.0,00:49:09.000,00h49m09s000ms,abrupt_change,73725,1250,"43,12,295,138",0.230982,8.5782,0.230982,8.5782,event_frames_full/E00151_00h49m09s000ms_abrupt_change.jpg,event_crops/E00151_00h49m09s000ms_abrupt_change_DETAIL.jpg,"208,42,1820,842",chunk_04,event_chunks_5fps/chunk_04/event_frames_full/E00151_00h49m09s000ms_abrupt_change.jpg,event_chunks_5fps/chunk_04/event_crops/E00151_00h49m09s000ms_abrupt_change_DETAIL.jpg,GE01247
E00152,2950.4,00:49:10.400,00h49m10s400ms,abrupt_change,73760,1257,"43,12,295,140",0.280134,9.1015,0.245603,8.8118,event_frames_full/E00152_00h49m10s400ms_abrupt_change.jpg,event_crops/E00152_00h49m10s400ms_abrupt_change_DETAIL.jpg,"208,42,1820,842",chunk_04,event_chunks_5fps/chunk_04/event_frames_full/E00152_00h49m10s400ms_abrupt_change.jpg,event_chunks_5fps/chunk_04/event_crops/E00152_00h49m10s400ms_abrupt_change_DETAIL.jpg,GE01248
E00153,2950.8,00:49:10.800,00h49m10s800ms,abrupt_change,73770,1259,"42,12,320,140",0.133393,8.4853,0.133393,8.4853,event_frames_full/E00153_00h49m10s800ms_abrupt_change.jpg,,,chunk_04,event_chunks_5fps/chunk_04/event_frames_full/E00153_00h49m10s800ms_abrupt_change.jpg,,GE01249
E00154,2951.6,00:49:11.600,00h49m11s600ms,stable_change,73790,1263,"42,12,320,140",0.166339,7.5973,0.0,0.0,event_frames_full/E00154_00h49m11s600ms_stable_change.jpg,,,chunk_04,event_chunks_5fps/chunk_04/event_frames_full/E00154_00h49m11s600ms_stable_change.jpg,,GE01250
E00155,2952.4,00:49:12.400,00h49m12s400ms,abrupt_change,73810,1267,"42,15,320,140",0.192768,8.7944,0.185603,9.2488,event_frames_full/E00155_00h49m12s400ms_abrupt_change.jpg,,,chunk_04,event_chunks_5fps/chunk_04/event_frames_full/E00155_00h49m12s400ms_abrupt_change.jpg,,GE01251
E00156,2953.2,00:49:13.200,00h49m13s200ms,abrupt_change,73830,1271,"42,14,320,138",0.222991,9.3944,0.222254,9.4134,event_frames_full/E00156_00h49m13s200ms_abrupt_change.jpg,,,chunk_04,event_chunks_5fps/chunk_04/event_frames_full/E00156_00h49m13s200ms_abrupt_change.jpg,,GE01252
E00157,2953.6,00:49:13.600,00h49m13s600ms,abrupt_change,73840,1273,"42,14,320,140",0.202835,9.4446,0.202835,9.4446,event_frames_full/E00157_00h49m13s600ms_abrupt_change.jpg,,,chunk_04,event_chunks_5fps/chunk_04/event_frames_full/E00157_00h49m13s600ms_abrupt_change.jpg,,GE01253
E00158,2954.0,00:49:14.000,00h49m14s000ms,abrupt_change,73850,1275,"42,13,320,140",0.194799,7.849,0.133103,8.4995,event_frames_full/E00158_00h49m14s000ms_abrupt_change.jpg,,,chunk_04,event_chunks_5fps/chunk_04/event_frames_full/E00158_00h49m14s000ms_abrupt_change.jpg,,GE01254
E00159,2954.8,00:49:14.800,00h49m14s800ms,abrupt_change,73870,1279,"43,14,320,140",0.157969,6.8455,0.23779,9.7403,event_frames_full/E00159_00h49m14s800ms_abrupt_change.jpg,,,chunk_04,event_chunks_5fps/chunk_04/event_frames_full/E00159_00h49m14s800ms_abrupt_change.jpg,,GE01255
E00160,2955.2,00:49:15.200,00h49m15s200ms,abrupt_change,73880,1281,"42,12,320,140",0.177857,9.0778,0.177857,9.0778,event_frames_full/E00160_00h49m15s200ms_abrupt_change.jpg,,,chunk_04,event_chunks_5fps/chunk_04/event_frames_full/E00160_00h49m15s200ms_abrupt_change.jpg,,GE01256
E00161,2955.8,00:49:15.800,00h49m15s800ms,stable_change,73895,1284,"42,12,320,140",0.199665,9.028,0.0,0.0405,event_frames_full/E00161_00h49m15s800ms_stable_change.jpg,,,chunk_04,event_chunks_5fps/chunk_04/event_frames_full/E00161_00h49m15s800ms_stable_change.jpg,,GE01257
E00162,2957.6,00:49:17.600,00h49m17s600ms,settled,73940,1293,"0,100,52,134",0.007902,0.5329,0.0,0.0013,event_frames_full/E00162_00h49m17s600ms_settled.jpg,event_crops/E00162_00h49m17s600ms_settled_DETAIL.jpg,"0,571,362,835",chunk_04,event_chunks_5fps/chunk_04/event_frames_full/E00162_00h49m17s600ms_settled.jpg,event_chunks_5fps/chunk_04/event_crops/E00162_00h49m17s600ms_settled_DETAIL.jpg,GE01258
E00163,2963.2,00:49:23.200,00h49m23s200ms,settled,74080,1321,"0,100,52,134",0.010357,0.5789,0.0,0.0023,event_frames_full/E00163_00h49m23s200ms_settled.jpg,event_crops/E00163_00h49m23s200ms_settled_DETAIL.jpg,"0,571,362,835",chunk_04,event_chunks_5fps/chunk_04/event_frames_full/E00163_00h49m23s200ms_settled.jpg,event_chunks_5fps/chunk_04/event_crops/E00163_00h49m23s200ms_settled_DETAIL.jpg,GE01259
E00164,2966.0,00:49:26.000,00h49m26s000ms,settled,74150,1335,"0,89,52,134",0.013772,0.8196,0.004018,0.243,event_frames_full/E00164_00h49m26s000ms_settled.jpg,event_crops/E00164_00h49m26s000ms_settled_DETAIL.jpg,"0,505,362,835",chunk_04,event_chunks_5fps/chunk_04/event_frames_full/E00164_00h49m26s000ms_settled.jpg,event_chunks_5fps/chunk_04/event_crops/E00164_00h49m26s000ms_settled_DETAIL.jpg,GE01260
E00165,2972.0,00:49:32.000,00h49m32s000ms,abrupt_change,74300,1365,"0,2,320,140",0.264353,11.1202,0.263326,11.1057,event_frames_full/E00165_00h49m32s000ms_abrupt_change.jpg,,,chunk_04,event_chunks_5fps/chunk_04/event_frames_full/E00165_00h49m32s000ms_abrupt_change.jpg,,GE01261
E00166,2972.6,00:49:32.600,00h49m32s600ms,abrupt_change,74315,1368,"0,2,320,140",0.107321,6.7409,0.094955,5.9744,event_frames_full/E00166_00h49m32s600ms_abrupt_change.jpg,,,chunk_04,event_chunks_5fps/chunk_04/event_frames_full/E00166_00h49m32s600ms_abrupt_change.jpg,,GE01262
E00167,2973.2,00:49:33.200,00h49m33s200ms,abrupt_change,74330,1371,"0,39,320,140",0.090134,5.6694,0.090134,5.6694,event_frames_full/E00167_00h49m33s200ms_abrupt_change.jpg,event_crops/E00167_00h49m33s200ms_abrupt_change_DETAIL.jpg,"0,204,1920,842",chunk_04,event_chunks_5fps/chunk_04/event_frames_full/E00167_00h49m33s200ms_abrupt_change.jpg,event_chunks_5fps/chunk_04/event_crops/E00167_00h49m33s200ms_abrupt_change_DETAIL.jpg,GE01263
E00168,2974.0,00:49:34.000,00h49m34s000ms,settled,74350,1375,"39,106,52,117",0.003147,0.926,0.0,0.0123,event_frames_full/E00168_00h49m34s000ms_settled.jpg,event_crops/E00168_00h49m34s000ms_settled_DETAIL.jpg,"184,607,362,733",chunk_04,event_chunks_5fps/chunk_04/event_frames_full/E00168_00h49m34s000ms_settled.jpg,event_chunks_5fps/chunk_04/event_crops/E00168_00h49m34s000ms_settled_DETAIL.jpg,GE01264
E00169,2977.4,00:49:37.400,00h49m37s400ms,abrupt_change,74435,1392,"28,13,320,140",0.110781,6.888,0.108996,6.7166,event_frames_full/E00169_00h49m37s400ms_abrupt_change.jpg,,,chunk_04,event_chunks_5fps/chunk_04/event_frames_full/E00169_00h49m37s400ms_abrupt_change.jpg,,GE01265
E00170,2978.2,00:49:38.200,00h49m38s200ms,stable_change,74455,1396,"28,13,320,137",0.082857,6.6769,0.0,0.0478,event_frames_full/E00170_00h49m38s200ms_stable_change.jpg,,,chunk_04,event_chunks_5fps/chunk_04/event_frames_full/E00170_00h49m38s200ms_stable_change.jpg,,GE01266
E00171,2981.4,00:49:41.400,00h49m41s400ms,settled,74535,1412,"29,53,203,69",0.005982,1.1752,0.0,0.0,event_frames_full/E00171_00h49m41s400ms_settled.jpg,event_crops/E00171_00h49m41s400ms_settled_DETAIL.jpg,"124,288,1268,444",chunk_04,event_chunks_5fps/chunk_04/event_frames_full/E00171_00h49m41s400ms_settled.jpg,event_chunks_5fps/chunk_04/event_crops/E00171_00h49m41s400ms_settled_DETAIL.jpg,GE01267
E00172,2985.0,00:49:45.000,00h49m45s000ms,settled,74625,1430,"39,86,138,97",0.003415,0.9614,0.0,0.0,event_frames_full/E00172_00h49m45s000ms_settled.jpg,event_crops/E00172_00h49m45s000ms_settled_DETAIL.jpg,"184,487,878,613",chunk_04,event_chunks_5fps/chunk_04/event_frames_full/E00172_00h49m45s000ms_settled.jpg,event_chunks_5fps/chunk_04/event_crops/E00172_00h49m45s000ms_settled_DETAIL.jpg,GE01268
E00173,2986.2,00:49:46.200,00h49m46s200ms,settled,74655,1436,"39,86,138,97",0.003415,0.9198,0.0,0.0,event_frames_full/E00173_00h49m46s200ms_settled.jpg,event_crops/E00173_00h49m46s200ms_settled_DETAIL.jpg,"184,487,878,613",chunk_04,event_chunks_5fps/chunk_04/event_frames_full/E00173_00h49m46s200ms_settled.jpg,event_chunks_5fps/chunk_04/event_crops/E00173_00h49m46s200ms_settled_DETAIL.jpg,GE01269
E00174,2998.0,00:49:58.000,00h49m58s000ms,settled,74950,1495,"39,85,62,98",0.003527,0.9617,0.0,0.0034,event_frames_full/E00174_00h49m58s000ms_settled.jpg,event_crops/E00174_00h49m58s000ms_settled_DETAIL.jpg,"184,481,422,619",chunk_04,event_chunks_5fps/chunk_04/event_frames_full/E00174_00h49m58s000ms_settled.jpg,event_chunks_5fps/chunk_04/event_crops/E00174_00h49m58s000ms_settled_DETAIL.jpg,GE01270
E00175,3000.0,00:50:00.000,00h50m00s000ms,abrupt_change,75000,1505,"28,12,320,140",0.136942,7.7379,0.138103,7.7382,event_frames_full/E00175_00h50m00s000ms_abrupt_change.jpg,,,chunk_04,event_chunks_5fps/chunk_04/event_frames_full/E00175_00h50m00s000ms_abrupt_change.jpg,,GE01271
E00176,3000.4,00:50:00.400,00h50m00s400ms,abrupt_change,75010,1507,"31,12,320,140",0.115268,6.7917,0.10654,5.8422,event_frames_full/E00176_00h50m00s400ms_abrupt_change.jpg,,,chunk_04,event_chunks_5fps/chunk_04/event_frames_full/E00176_00h50m00s400ms_abrupt_change.jpg,,GE01272
E00177,3001.2,00:50:01.200,00h50m01s200ms,settled,75030,1511,"39,44,51,55",0.002835,1.0389,0.0,0.092,event_frames_full/E00177_00h50m01s200ms_settled.jpg,event_crops/E00177_00h50m01s200ms_settled_DETAIL.jpg,"184,234,356,360",chunk_04,event_chunks_5fps/chunk_04/event_frames_full/E00177_00h50m01s200ms_settled.jpg,event_chunks_5fps/chunk_04/event_crops/E00177_00h50m01s200ms_settled_DETAIL.jpg,GE01273
E00178,3002.4,00:50:02.400,00h50m02s400ms,settled,75060,1517,"39,71,52,82",0.003036,0.9758,0.0,0.0184,event_frames_full/E00178_00h50m02s400ms_settled.jpg,event_crops/E00178_00h50m02s400ms_settled_DETAIL.jpg,"184,397,362,523",chunk_04,event_chunks_5fps/chunk_04/event_frames_full/E00178_00h50m02s400ms_settled.jpg,event_chunks_5fps/chunk_04/event_crops/E00178_00h50m02s400ms_settled_DETAIL.jpg,GE01274
E00179,3004.4,00:50:04.400,00h50m04s400ms,settled,75110,1527,"39,71,52,82",0.003103,0.9494,0.0,0.0016,event_frames_full/E00179_00h50m04s400ms_settled.jpg,event_crops/E00179_00h50m04s400ms_settled_DETAIL.jpg,"184,397,362,523",chunk_04,event_chunks_5fps/chunk_04/event_frames_full/E00179_00h50m04s400ms_settled.jpg,event_chunks_5fps/chunk_04/event_crops/E00179_00h50m04s400ms_settled_DETAIL.jpg,GE01275
E00180,3010.4,00:50:10.400,00h50m10s400ms,abrupt_change,75260,1557,"54,13,320,140",0.072165,4.4833,0.06971,4.4336,event_frames_full/E00180_00h50m10s400ms_abrupt_change.jpg,event_crops/E00180_00h50m10s400ms_abrupt_change_DETAIL.jpg,"274,48,1920,842",chunk_04,event_chunks_5fps/chunk_04/event_frames_full/E00180_00h50m10s400ms_abrupt_change.jpg,event_chunks_5fps/chunk_04/event_crops/E00180_00h50m10s400ms_abrupt_change_DETAIL.jpg,GE01276
E00181,3011.4,00:50:11.400,00h50m11s400ms,motion_progress,75285,1562,"28,16,320,140",0.089018,6.5077,0.005313,1.1454,event_frames_full/E00181_00h50m11s400ms_motion_progress.jpg,,,chunk_04,event_chunks_5fps/chunk_04/event_frames_full/E00181_00h50m11s400ms_motion_progress.jpg,,GE01277
E00182,3012.0,00:50:12.000,00h50m12s000ms,abrupt_change,75300,1565,"28,15,320,137",0.083951,5.9096,0.084866,5.2715,event_frames_full/E00182_00h50m12s000ms_abrupt_change.jpg,,,chunk_04,event_chunks_5fps/chunk_04/event_frames_full/E00182_00h50m12s000ms_abrupt_change.jpg,,GE01278
E00183,3012.6,00:50:12.600,00h50m12s600ms,abrupt_change,75315,1568,"28,13,320,140",0.113393,6.3237,0.100089,6.4178,event_frames_full/E00183_00h50m12s600ms_abrupt_change.jpg,,,chunk_04,event_chunks_5fps/chunk_04/event_frames_full/E00183_00h50m12s600ms_abrupt_change.jpg,,GE01279
E00184,3013.8,00:50:13.800,00h50m13s800ms,settled,75345,1574,"39,78,52,89",0.00308,1.0064,0.0,0.0131,event_frames_full/E00184_00h50m13s800ms_settled.jpg,event_crops/E00184_00h50m13s800ms_settled_DETAIL.jpg,"184,439,362,565",chunk_04,event_chunks_5fps/chunk_04/event_frames_full/E00184_00h50m13s800ms_settled.jpg,event_chunks_5fps/chunk_04/event_crops/E00184_00h50m13s800ms_settled_DETAIL.jpg,GE01280
E00185,3015.6,00:50:15.600,00h50m15s600ms,abrupt_change,75390,1583,"28,13,320,138",0.101964,5.5948,0.101451,5.377,event_frames_full/E00185_00h50m15s600ms_abrupt_change.jpg,,,chunk_04,event_chunks_5fps/chunk_04/event_frames_full/E00185_00h50m15s600ms_abrupt_change.jpg,,GE01281
E00186,3016.4,00:50:16.400,00h50m16s400ms,abrupt_change,75410,1587,"37,12,320,140",0.084978,5.4856,0.074174,6.181,event_frames_full/E00186_00h50m16s400ms_abrupt_change.jpg,,,chunk_04,event_chunks_5fps/chunk_04/event_frames_full/E00186_00h50m16s400ms_abrupt_change.jpg,,GE01282
E00187,3017.0,00:50:17.000,00h50m17s000ms,abrupt_change,75425,1590,"29,12,320,140",0.078281,6.1871,0.054844,5.7638,event_frames_full/E00187_00h50m17s000ms_abrupt_change.jpg,,,chunk_04,event_chunks_5fps/chunk_04/event_frames_full/E00187_00h50m17s000ms_abrupt_change.jpg,,GE01283
E00188,3017.6,00:50:17.600,00h50m17s600ms,stable_change,75440,1593,"29,83,270,118",0.011049,1.5117,0.002634,0.1637,event_frames_full/E00188_00h50m17s600ms_stable_change.jpg,event_crops/E00188_00h50m17s600ms_stable_change_DETAIL.jpg,"124,469,1670,739",chunk_04,event_chunks_5fps/chunk_04/event_frames_full/E00188_00h50m17s600ms_stable_change.jpg,event_chunks_5fps/chunk_04/event_crops/E00188_00h50m17s600ms_stable_change_DETAIL.jpg,GE01284
E00189,3018.2,00:50:18.200,00h50m18s200ms,abrupt_change,75455,1596,"28,12,320,140",0.069576,4.8716,0.06942,4.8649,event_frames_full/E00189_00h50m18s200ms_abrupt_change.jpg,,,chunk_04,event_chunks_5fps/chunk_04/event_frames_full/E00189_00h50m18s200ms_abrupt_change.jpg,,GE01285
E00190,3020.2,00:50:20.200,00h50m20s200ms,abrupt_change,75505,1606,"27,14,320,140",0.091429,5.0607,0.091473,5.0442,event_frames_full/E00190_00h50m20s200ms_abrupt_change.jpg,,,chunk_04,event_chunks_5fps/chunk_04/event_frames_full/E00190_00h50m20s200ms_abrupt_change.jpg,,GE01286
E00191,3020.8,00:50:20.800,00h50m20s800ms,stable_change,75520,1609,"29,17,320,140",0.084866,6.0266,0.0,0.0029,event_frames_full/E00191_00h50m20s800ms_stable_change.jpg,,,chunk_04,event_chunks_5fps/chunk_04/event_frames_full/E00191_00h50m20s800ms_stable_change.jpg,,GE01287
E00192,3021.2,00:50:21.200,00h50m21s200ms,abrupt_change,75530,1611,"28,13,320,137",0.068036,5.7908,0.068036,5.7908,event_frames_full/E00192_00h50m21s200ms_abrupt_change.jpg,,,chunk_04,event_chunks_5fps/chunk_04/event_frames_full/E00192_00h50m21s200ms_abrupt_change.jpg,,GE01288
E00193,3021.6,00:50:21.600,00h50m21s600ms,abrupt_change,75540,1613,"30,13,320,135",0.088281,5.1926,0.062612,5.6062,event_frames_full/E00193_00h50m21s600ms_abrupt_change.jpg,,,chunk_04,event_chunks_5fps/chunk_04/event_frames_full/E00193_00h50m21s600ms_abrupt_change.jpg,,GE01289
E00194,3022.0,00:50:22.000,00h50m22s000ms,abrupt_change,75550,1615,"54,17,320,133",0.063348,5.4173,0.059196,5.4878,event_frames_full/E00194_00h50m22s000ms_abrupt_change.jpg,event_crops/E00194_00h50m22s000ms_abrupt_change_DETAIL.jpg,"274,72,1920,829",chunk_04,event_chunks_5fps/chunk_04/event_frames_full/E00194_00h50m22s000ms_abrupt_change.jpg,event_chunks_5fps/chunk_04/event_crops/E00194_00h50m22s000ms_abrupt_change_DETAIL.jpg,GE01290
E00195,3025.8,00:50:25.800,00h50m25s800ms,abrupt_change,75645,1634,"39,14,320,135",0.077701,5.9147,0.07279,5.7084,event_frames_full/E00195_00h50m25s800ms_abrupt_change.jpg,,,chunk_04,event_chunks_5fps/chunk_04/event_frames_full/E00195_00h50m25s800ms_abrupt_change.jpg,,GE01291
E00196,3026.4,00:50:26.400,00h50m26s400ms,stable_change,75660,1637,"29,36,51,62",0.010446,2.2309,0.0,0.5865,event_frames_full/E00196_00h50m26s400ms_stable_change.jpg,event_crops/E00196_00h50m26s400ms_stable_change_DETAIL.jpg,"124,186,356,402",chunk_04,event_chunks_5fps/chunk_04/event_frames_full/E00196_00h50m26s400ms_stable_change.jpg,event_chunks_5fps/chunk_04/event_crops/E00196_00h50m26s400ms_stable_change_DETAIL.jpg,GE01292
E00197,3027.2,00:50:27.200,00h50m27s200ms,stable_change,75680,1641,"28,12,320,140",0.103259,6.4189,0.0,0.0237,event_frames_full/E00197_00h50m27s200ms_stable_change.jpg,,,chunk_04,event_chunks_5fps/chunk_04/event_frames_full/E00197_00h50m27s200ms_stable_change.jpg,,GE01293
E00198,3035.6,00:50:35.600,00h50m35s600ms,motion_progress,75890,1683,"29,57,248,83",0.011228,2.0201,0.011138,2.0119,event_frames_full/E00198_00h50m35s600ms_motion_progress.jpg,event_crops/E00198_00h50m35s600ms_motion_progress_DETAIL.jpg,"124,312,1538,529",chunk_04,event_chunks_5fps/chunk_04/event_frames_full/E00198_00h50m35s600ms_motion_progress.jpg,event_chunks_5fps/chunk_04/event_crops/E00198_00h50m35s600ms_motion_progress_DETAIL.jpg,GE01294
E00199,3036.8,00:50:36.800,00h50m36s800ms,abrupt_change,75920,1689,"28,12,320,140",0.1025,6.2667,0.096071,6.2585,event_frames_full/E00199_00h50m36s800ms_abrupt_change.jpg,,,chunk_04,event_chunks_5fps/chunk_04/event_frames_full/E00199_00h50m36s800ms_abrupt_change.jpg,,GE01295
E00200,3037.6,00:50:37.600,00h50m37s600ms,stable_change,75940,1693,"29,14,320,138",0.082545,6.1141,0.0,0.0,event_frames_full/E00200_00h50m37s600ms_stable_change.jpg,,,chunk_04,event_chunks_5fps/chunk_04/event_frames_full/E00200_00h50m37s600ms_stable_change.jpg,,GE01296
E00201,3038.0,00:50:38.000,00h50m38s000ms,abrupt_change,75950,1695,"29,17,320,140",0.113036,6.693,0.114152,6.2052,event_frames_full/E00201_00h50m38s000ms_abrupt_change.jpg,,,chunk_04,event_chunks_5fps/chunk_04/event_frames_full/E00201_00h50m38s000ms_abrupt_change.jpg,,GE01297
E00202,3038.6,00:50:38.600,00h50m38s600ms,stable_change,75965,1698,"29,86,52,111",0.010112,1.6165,0.0,0.0063,event_frames_full/E00202_00h50m38s600ms_stable_change.jpg,event_crops/E00202_00h50m38s600ms_stable_change_DETAIL.jpg,"124,487,362,697",chunk_04,event_chunks_5fps/chunk_04/event_frames_full/E00202_00h50m38s600ms_stable_change.jpg,event_chunks_5fps/chunk_04/event_crops/E00202_00h50m38s600ms_stable_change_DETAIL.jpg,GE01298
E00203,3039.2,00:50:39.200,00h50m39s200ms,stable_change,75980,1701,"0,89,52,126",0.018951,2.0805,0.003036,0.0812,event_frames_full/E00203_00h50m39s200ms_stable_change.jpg,event_crops/E00203_00h50m39s200ms_stable_change_DETAIL.jpg,"0,505,362,787",chunk_04,event_chunks_5fps/chunk_04/event_frames_full/E00203_00h50m39s200ms_stable_change.jpg,event_chunks_5fps/chunk_04/event_crops/E00203_00h50m39s200ms_stable_change_DETAIL.jpg,GE01299
E00204,3040.8,00:50:40.800,00h50m40s800ms,settled,76020,1709,"0,89,50,126",0.008438,0.573,0.0,0.0012,event_frames_full/E00204_00h50m40s800ms_settled.jpg,event_crops/E00204_00h50m40s800ms_settled_DETAIL.jpg,"0,505,350,787",chunk_04,event_chunks_5fps/chunk_04/event_frames_full/E00204_00h50m40s800ms_settled.jpg,event_chunks_5fps/chunk_04/event_crops/E00204_00h50m40s800ms_settled_DETAIL.jpg,GE01300
E00205,3041.8,00:50:41.800,00h50m41s800ms,abrupt_change,76045,1714,"0,2,320,140",0.14154,8.8105,0.14154,8.8102,event_frames_full/E00205_00h50m41s800ms_abrupt_change.jpg,,,chunk_04,event_chunks_5fps/chunk_04/event_frames_full/E00205_00h50m41s800ms_abrupt_change.jpg,,GE01301
E00206,3042.4,00:50:42.400,00h50m42s400ms,stable_change,76060,1717,"2,2,320,140",0.089129,7.1084,0.0,0.1677,event_frames_full/E00206_00h50m42s400ms_stable_change.jpg,,,chunk_04,event_chunks_5fps/chunk_04/event_frames_full/E00206_00h50m42s400ms_stable_change.jpg,,GE01302
E00207,3048.0,00:50:48.000,00h50m48s000ms,abrupt_change,76200,1745,"2,2,320,140",0.096406,7.6047,0.102879,7.9019,event_frames_full/E00207_00h50m48s000ms_abrupt_change.jpg,,,chunk_04,event_chunks_5fps/chunk_04/event_frames_full/E00207_00h50m48s000ms_abrupt_change.jpg,,GE01303
E00208,3048.4,00:50:48.400,00h50m48s400ms,abrupt_change,76210,1747,"2,2,306,129",0.08808,4.7792,0.08808,4.7786,event_frames_full/E00208_00h50m48s400ms_abrupt_change.jpg,,,chunk_04,event_chunks_5fps/chunk_04/event_frames_full/E00208_00h50m48s400ms_abrupt_change.jpg,,GE01304
E00209,3048.8,00:50:48.800,00h50m48s800ms,abrupt_change,76220,1749,"0,2,320,140",0.110781,7.5038,0.090536,6.8375,event_frames_full/E00209_00h50m48s800ms_abrupt_change.jpg,,,chunk_04,event_chunks_5fps/chunk_04/event_frames_full/E00209_00h50m48s800ms_abrupt_change.jpg,,GE01305
E00210,3049.4,00:50:49.400,00h50m49s400ms,stable_change,76235,1752,"0,39,320,140",0.084933,4.8456,0.0,0.0,event_frames_full/E00210_00h50m49s400ms_stable_change.jpg,event_crops/E00210_00h50m49s400ms_stable_change_DETAIL.jpg,"0,204,1920,842",chunk_04,event_chunks_5fps/chunk_04/event_frames_full/E00210_00h50m49s400ms_stable_change.jpg,event_chunks_5fps/chunk_04/event_crops/E00210_00h50m49s400ms_stable_change_DETAIL.jpg,GE01306
E00211,3052.2,00:50:52.200,00h50m52s200ms,settled,76305,1766,"39,106,130,117",0.003281,0.8772,0.0,0.0,event_frames_full/E00211_00h50m52s200ms_settled.jpg,event_crops/E00211_00h50m52s200ms_settled_DETAIL.jpg,"184,607,830,733",chunk_04,event_chunks_5fps/chunk_04/event_frames_full/E00211_00h50m52s200ms_settled.jpg,event_chunks_5fps/chunk_04/event_crops/E00211_00h50m52s200ms_settled_DETAIL.jpg,GE01307
E00212,3054.0,00:50:54.000,00h50m54s000ms,settled,76350,1775,"0,45,51,77",0.010089,0.6654,0.0,0.0098,event_frames_full/E00212_00h50m54s000ms_settled.jpg,event_crops/E00212_00h50m54s000ms_settled_DETAIL.jpg,"0,240,356,493",chunk_04,event_chunks_5fps/chunk_04/event_frames_full/E00212_00h50m54s000ms_settled.jpg,event_chunks_5fps/chunk_04/event_crops/E00212_00h50m54s000ms_settled_DETAIL.jpg,GE01308
E00213,3066.0,00:51:06.000,00h51m06s000ms,abrupt_change,76650,1835,"0,2,320,140",0.137411,8.7101,0.139442,8.6871,event_frames_full/E00213_00h51m06s000ms_abrupt_change.jpg,,,chunk_04,event_chunks_5fps/chunk_04/event_frames_full/E00213_00h51m06s000ms_abrupt_change.jpg,,GE01309
E00214,3066.6,00:51:06.600,00h51m06s600ms,abrupt_change,76665,1838,"0,2,281,120",0.078192,4.1928,0.057098,2.875,event_frames_full/E00214_00h51m06s600ms_abrupt_change.jpg,event_crops/E00214_00h51m06s600ms_abrupt_change_DETAIL.jpg,"0,0,1736,751",chunk_04,event_chunks_5fps/chunk_04/event_frames_full/E00214_00h51m06s600ms_abrupt_change.jpg,event_chunks_5fps/chunk_04/event_crops/E00214_00h51m06s600ms_abrupt_change_DETAIL.jpg,GE01310
E00215,3067.2,00:51:07.200,00h51m07s200ms,abrupt_change,76680,1841,"0,2,320,140",0.207746,10.8492,0.157344,8.3331,event_frames_full/E00215_00h51m07s200ms_abrupt_change.jpg,,,chunk_04,event_chunks_5fps/chunk_04/event_frames_full/E00215_00h51m07s200ms_abrupt_change.jpg,,GE01311
E00216,3070.0,00:51:10.000,00h51m10s000ms,settled,76750,1855,"0,56,53,92",0.009464,1.2113,0.0,0.0002,event_frames_full/E00216_00h51m10s000ms_settled.jpg,event_crops/E00216_00h51m10s000ms_settled_DETAIL.jpg,"0,306,368,583",chunk_04,event_chunks_5fps/chunk_04/event_frames_full/E00216_00h51m10s000ms_settled.jpg,event_chunks_5fps/chunk_04/event_crops/E00216_00h51m10s000ms_settled_DETAIL.jpg,GE01312
E00217,3072.0,00:51:12.000,00h51m12s000ms,abrupt_change,76800,1865,"28,14,320,140",0.286384,12.8794,0.286629,12.8786,event_frames_full/E00217_00h51m12s000ms_abrupt_change.jpg,,,chunk_04,event_chunks_5fps/chunk_04/event_frames_full/E00217_00h51m12s000ms_abrupt_change.jpg,,GE01313
E00218,3072.4,00:51:12.400,00h51m12s400ms,abrupt_change,76810,1867,"28,14,320,140",0.191719,10.5321,0.191719,10.5321,event_frames_full/E00218_00h51m12s400ms_abrupt_change.jpg,,,chunk_04,event_chunks_5fps/chunk_04/event_frames_full/E00218_00h51m12s400ms_abrupt_change.jpg,,GE01314
E00219,3073.0,00:51:13.000,00h51m13s000ms,stable_change,76825,1870,"27,14,320,137",0.271674,12.221,0.0,0.0176,event_frames_full/E00219_00h51m13s000ms_stable_change.jpg,,,chunk_04,event_chunks_5fps/chunk_04/event_frames_full/E00219_00h51m13s000ms_stable_change.jpg,,GE01315
E00220,3074.2,00:51:14.200,00h51m14s200ms,settled,76855,1876,"37,21,64,79",0.008147,0.653,0.002478,0.1795,event_frames_full/E00220_00h51m14s200ms_settled.jpg,event_crops/E00220_00h51m14s200ms_settled_DETAIL.jpg,"172,96,434,505",chunk_04,event_chunks_5fps/chunk_04/event_frames_full/E00220_00h51m14s200ms_settled.jpg,event_chunks_5fps/chunk_04/event_crops/E00220_00h51m14s200ms_settled_DETAIL.jpg,GE01316
E00221,3075.2,00:51:15.200,00h51m15s200ms,motion_progress,76880,1881,"28,21,70,93",0.013036,1.7668,0.012478,1.7593,event_frames_full/E00221_00h51m15s200ms_motion_progress.jpg,event_crops/E00221_00h51m15s200ms_motion_progress_DETAIL.jpg,"118,96,470,589",chunk_04,event_chunks_5fps/chunk_04/event_frames_full/E00221_00h51m15s200ms_motion_progress.jpg,event_chunks_5fps/chunk_04/event_crops/E00221_00h51m15s200ms_motion_progress_DETAIL.jpg,GE01317
E00222,3076.0,00:51:16.000,00h51m16s000ms,abrupt_change,76900,1885,"0,2,320,140",0.245915,13.0437,0.245915,13.0437,event_frames_full/E00222_00h51m16s000ms_abrupt_change.jpg,,,chunk_04,event_chunks_5fps/chunk_04/event_frames_full/E00222_00h51m16s000ms_abrupt_change.jpg,,GE01318
E00223,3076.6,00:51:16.600,00h51m16s600ms,abrupt_change,76915,1888,"2,2,320,140",0.153772,7.4455,0.123571,5.7144,event_frames_full/E00223_00h51m16s600ms_abrupt_change.jpg,,,chunk_04,event_chunks_5fps/chunk_04/event_frames_full/E00223_00h51m16s600ms_abrupt_change.jpg,,GE01319
E00224,3077.0,00:51:17.000,00h51m17s000ms,abrupt_change,76925,1890,"0,0,320,140",0.959152,92.7466,0.959219,92.2766,event_frames_full/E00224_00h51m17s000ms_abrupt_change.jpg,,,chunk_04,event_chunks_5fps/chunk_04/event_frames_full/E00224_00h51m17s000ms_abrupt_change.jpg,,GE01320
E00225,3077.4,00:51:17.400,00h51m17s400ms,abrupt_change,76935,1892,"0,0,320,140",0.932634,29.0894,0.932634,29.0894,event_frames_full/E00225_00h51m17s400ms_abrupt_change.jpg,,,chunk_04,event_chunks_5fps/chunk_04/event_frames_full/E00225_00h51m17s400ms_abrupt_change.jpg,,GE01321
E00226,3078.0,00:51:18.000,00h51m18s000ms,stable_change,76950,1895,"32,25,212,100",0.13942,6.6056,0.0,0.013,event_frames_full/E00226_00h51m18s000ms_stable_change.jpg,event_crops/E00226_00h51m18s000ms_stable_change_DETAIL.jpg,"142,120,1322,631",chunk_04,event_chunks_5fps/chunk_04/event_frames_full/E00226_00h51m18s000ms_stable_change.jpg,event_chunks_5fps/chunk_04/event_crops/E00226_00h51m18s000ms_stable_change_DETAIL.jpg,GE01322
E00227,3078.8,00:51:18.800,00h51m18s800ms,abrupt_change,76970,1899,"106,76,209,130",0.090625,8.3761,0.090625,8.3654,event_frames_full/E00227_00h51m18s800ms_abrupt_change.jpg,event_crops/E00227_00h51m18s800ms_abrupt_change_DETAIL.jpg,"586,427,1304,811",chunk_04,event_chunks_5fps/chunk_04/event_frames_full/E00227_00h51m18s800ms_abrupt_change.jpg,event_chunks_5fps/chunk_04/event_crops/E00227_00h51m18s800ms_abrupt_change_DETAIL.jpg,GE01323
E00228,3082.4,00:51:22.400,00h51m22s400ms,settled,77060,1917,"110,76,206,116",0.018772,0.6658,0.0,0.0,event_frames_full/E00228_00h51m22s400ms_settled.jpg,event_crops/E00228_00h51m22s400ms_settled_DETAIL.jpg,"610,427,1286,727",chunk_04,event_chunks_5fps/chunk_04/event_frames_full/E00228_00h51m22s400ms_settled.jpg,event_chunks_5fps/chunk_04/event_crops/E00228_00h51m22s400ms_settled_DETAIL.jpg,GE01324
E00229,3083.4,00:51:23.400,00h51m23s400ms,settled,77085,1922,"137,76,206,111",0.01221,0.4428,0.000558,0.0263,event_frames_full/E00229_00h51m23s400ms_settled.jpg,event_crops/E00229_00h51m23s400ms_settled_DETAIL.jpg,"772,427,1286,697",chunk_04,event_chunks_5fps/chunk_04/event_frames_full/E00229_00h51m23s400ms_settled.jpg,event_chunks_5fps/chunk_04/event_crops/E00229_00h51m23s400ms_settled_DETAIL.jpg,GE01325
E00230,3088.0,00:51:28.000,00h51m28s000ms,settled,77200,1945,"110,87,206,127",0.020022,0.6578,0.0,0.0,event_frames_full/E00230_00h51m28s000ms_settled.jpg,event_crops/E00230_00h51m28s000ms_settled_DETAIL.jpg,"610,493,1286,793",chunk_04,event_chunks_5fps/chunk_04/event_frames_full/E00230_00h51m28s000ms_settled.jpg,event_chunks_5fps/chunk_04/event_crops/E00230_00h51m28s000ms_settled_DETAIL.jpg,GE01326
E00231,3090.2,00:51:30.200,00h51m30s200ms,abrupt_change,77255,1956,"106,76,209,130",0.089174,8.7169,0.08904,8.4649,event_frames_full/E00231_00h51m30s200ms_abrupt_change.jpg,event_crops/E00231_00h51m30s200ms_abrupt_change_DETAIL.jpg,"586,427,1304,811",chunk_04,event_chunks_5fps/chunk_04/event_frames_full/E00231_00h51m30s200ms_abrupt_change.jpg,event_chunks_5fps/chunk_04/event_crops/E00231_00h51m30s200ms_abrupt_change_DETAIL.jpg,GE01327
E00232,3092.0,00:51:32.000,00h51m32s000ms,abrupt_change,77300,1965,"0,0,320,140",0.961719,66.6136,0.961719,66.5827,event_frames_full/E00232_00h51m32s000ms_abrupt_change.jpg,,,chunk_04,event_chunks_5fps/chunk_04/event_frames_full/E00232_00h51m32s000ms_abrupt_change.jpg,,GE01328
E00233,3092.6,00:51:32.600,00h51m32s600ms,abrupt_change,77315,1968,"0,0,320,140",0.961719,66.5158,0.961719,66.5158,event_frames_full/E00233_00h51m32s600ms_abrupt_change.jpg,,,chunk_04,event_chunks_5fps/chunk_04/event_frames_full/E00233_00h51m32s600ms_abrupt_change.jpg,,GE01329
E00234,3093.0,00:51:33.000,00h51m33s000ms,abrupt_change,77325,1970,"0,0,320,140",0.888616,106.0173,0.888616,106.0173,event_frames_full/E00234_00h51m33s000ms_abrupt_change.jpg,,,chunk_04,event_chunks_5fps/chunk_04/event_frames_full/E00234_00h51m33s000ms_abrupt_change.jpg,,GE01330
E00235,3093.8,00:51:33.800,00h51m33s800ms,abrupt_change,77345,1974,"27,12,320,140",0.165424,8.2926,0.165156,8.2762,event_frames_full/E00235_00h51m33s800ms_abrupt_change.jpg,,,chunk_04,event_chunks_5fps/chunk_04/event_frames_full/E00235_00h51m33s800ms_abrupt_change.jpg,,GE01331
E00236,3094.4,00:51:34.400,00h51m34s400ms,abrupt_change,77360,1977,"28,12,320,137",0.155089,7.7327,0.154353,7.771,event_frames_full/E00236_00h51m34s400ms_abrupt_change.jpg,,,chunk_04,event_chunks_5fps/chunk_04/event_frames_full/E00236_00h51m34s400ms_abrupt_change.jpg,,GE01332
E00237,3095.0,00:51:35.000,00h51m35s000ms,abrupt_change,77375,1980,"29,12,320,136",0.155357,7.7612,0.154397,7.6283,event_frames_full/E00237_00h51m35s000ms_abrupt_change.jpg,,,chunk_04,event_chunks_5fps/chunk_04/event_frames_full/E00237_00h51m35s000ms_abrupt_change.jpg,,GE01333
E00238,3095.6,00:51:35.600,00h51m35s600ms,stable_change,77390,1983,"28,12,320,140",0.148013,7.5889,0.0,0.0062,event_frames_full/E00238_00h51m35s600ms_stable_change.jpg,,,chunk_04,event_chunks_5fps/chunk_04/event_frames_full/E00238_00h51m35s600ms_stable_change.jpg,,GE01334
E00239,3097.2,00:51:37.200,00h51m37s200ms,abrupt_change,77430,1991,"28,50,320,140",0.075737,4.0213,0.075759,3.9737,event_frames_full/E00239_00h51m37s200ms_abrupt_change.jpg,event_crops/E00239_00h51m37s200ms_abrupt_change_DETAIL.jpg,"118,270,1920,842",chunk_04,event_chunks_5fps/chunk_04/event_frames_full/E00239_00h51m37s200ms_abrupt_change.jpg,event_chunks_5fps/chunk_04/event_crops/E00239_00h51m37s200ms_abrupt_change_DETAIL.jpg,GE01335
E00240,3103.0,00:51:43.000,00h51m43s000ms,abrupt_change,77575,2020,"28,21,320,133",0.111161,5.771,0.099821,5.2957,event_frames_full/E00240_00h51m43s000ms_abrupt_change.jpg,event_crops/E00240_00h51m43s000ms_abrupt_change_DETAIL.jpg,"118,96,1920,829",chunk_04,event_chunks_5fps/chunk_04/event_frames_full/E00240_00h51m43s000ms_abrupt_change.jpg,event_chunks_5fps/chunk_04/event_crops/E00240_00h51m43s000ms_abrupt_change_DETAIL.jpg,GE01336
E00241,3103.4,00:51:43.400,00h51m43s400ms,abrupt_change,77585,2022,"28,12,320,140",0.145022,7.6069,0.145647,7.4032,event_frames_full/E00241_00h51m43s400ms_abrupt_change.jpg,,,chunk_04,event_chunks_5fps/chunk_04/event_frames_full/E00241_00h51m43s400ms_abrupt_change.jpg,,GE01337
E00242,3104.2,00:51:44.200,00h51m44s200ms,abrupt_change,77605,2026,"29,12,320,140",0.085982,5.499,0.114308,6.4282,event_frames_full/E00242_00h51m44s200ms_abrupt_change.jpg,,,chunk_04,event_chunks_5fps/chunk_04/event_frames_full/E00242_00h51m44s200ms_abrupt_change.jpg,,GE01338
E00243,3108.2,00:51:48.200,00h51m48s200ms,motion_progress,77705,2046,"40,44,320,137",0.026875,1.7657,0.026897,1.7248,event_frames_full/E00243_00h51m48s200ms_motion_progress.jpg,event_crops/E00243_00h51m48s200ms_motion_progress_DETAIL.jpg,"190,234,1920,842",chunk_04,event_chunks_5fps/chunk_04/event_frames_full/E00243_00h51m48s200ms_motion_progress.jpg,event_chunks_5fps/chunk_04/event_crops/E00243_00h51m48s200ms_motion_progress_DETAIL.jpg,GE01339
E00244,3108.6,00:51:48.600,00h51m48s600ms,abrupt_change,77715,2048,"33,24,320,136",0.079062,5.4325,0.064844,2.9462,event_frames_full/E00244_00h51m48s600ms_abrupt_change.jpg,event_crops/E00244_00h51m48s600ms_abrupt_change_DETAIL.jpg,"148,114,1920,842",chunk_04,event_chunks_5fps/chunk_04/event_frames_full/E00244_00h51m48s600ms_abrupt_change.jpg,event_chunks_5fps/chunk_04/event_crops/E00244_00h51m48s600ms_abrupt_change_DETAIL.jpg,GE01340
E00245,3110.6,00:51:50.600,00h51m50s600ms,abrupt_change,77765,2058,"44,65,125,117",0.034487,2.555,0.034152,2.3112,event_frames_full/E00245_00h51m50s600ms_abrupt_change.jpg,event_crops/E00245_00h51m50s600ms_abrupt_change_DETAIL.jpg,"214,360,800,733",chunk_04,event_chunks_5fps/chunk_04/event_frames_full/E00245_00h51m50s600ms_abrupt_change.jpg,event_chunks_5fps/chunk_04/event_crops/E00245_00h51m50s600ms_abrupt_change_DETAIL.jpg,GE01341
E00246,3111.2,00:51:51.200,00h51m51s200ms,abrupt_change,77780,2061,"44,73,125,117",0.034152,2.3042,0.034152,2.3043,event_frames_full/E00246_00h51m51s200ms_abrupt_change.jpg,event_crops/E00246_00h51m51s200ms_abrupt_change_DETAIL.jpg,"214,409,800,733",chunk_04,event_chunks_5fps/chunk_04/event_frames_full/E00246_00h51m51s200ms_abrupt_change.jpg,event_chunks_5fps/chunk_04/event_crops/E00246_00h51m51s200ms_abrupt_change_DETAIL.jpg,GE01342
E00247,3113.8,00:51:53.800,00h51m53s800ms,abrupt_change,77845,2074,"33,12,320,134",0.108772,6.9044,0.111451,6.9413,event_frames_full/E00247_00h51m53s800ms_abrupt_change.jpg,,,chunk_04,event_chunks_5fps/chunk_04/event_frames_full/E00247_00h51m53s800ms_abrupt_change.jpg,,GE01343
E00248,3115.2,00:51:55.200,00h51m55s200ms,abrupt_change,77880,2081,"34,12,320,136",0.074241,4.9522,0.07654,4.9698,event_frames_full/E00248_00h51m55s200ms_abrupt_change.jpg,,,chunk_04,event_chunks_5fps/chunk_04/event_frames_full/E00248_00h51m55s200ms_abrupt_change.jpg,,GE01344
E00249,3115.8,00:51:55.800,00h51m55s800ms,stable_change,77895,2084,"39,14,320,137",0.036339,2.8163,0.0,0.0,event_frames_full/E00249_00h51m55s800ms_stable_change.jpg,,,chunk_04,event_chunks_5fps/chunk_04/event_frames_full/E00249_00h51m55s800ms_stable_change.jpg,,GE01345
E00250,3116.2,00:51:56.200,00h51m56s200ms,abrupt_change,77905,2086,"33,12,320,137",0.085022,5.851,0.089754,5.6168,event_frames_full/E00250_00h51m56s200ms_abrupt_change.jpg,,,chunk_04,event_chunks_5fps/chunk_04/event_frames_full/E00250_00h51m56s200ms_abrupt_change.jpg,,GE01346
E00251,3116.8,00:51:56.800,00h51m56s800ms,abrupt_change,77920,2089,"29,12,320,134",0.156384,8.9592,0.165826,9.6797,event_frames_full/E00251_00h51m56s800ms_abrupt_change.jpg,,,chunk_04,event_chunks_5fps/chunk_04/event_frames_full/E00251_00h51m56s800ms_abrupt_change.jpg,,GE01347
E00252,3117.4,00:51:57.400,00h51m57s400ms,stable_change,77935,2092,"28,12,320,130",0.185848,10.9151,0.0,0.0104,event_frames_full/E00252_00h51m57s400ms_stable_change.jpg,,,chunk_04,event_chunks_5fps/chunk_04/event_frames_full/E00252_00h51m57s400ms_stable_change.jpg,,GE01348
E00253,3120.6,00:52:00.600,00h52m00s600ms,abrupt_change,78015,2108,"33,47,320,127",0.073393,5.6535,0.071719,5.594,event_frames_full/E00253_00h52m00s600ms_abrupt_change.jpg,event_crops/E00253_00h52m00s600ms_abrupt_change_DETAIL.jpg,"148,252,1920,793",chunk_04,event_chunks_5fps/chunk_04/event_frames_full/E00253_00h52m00s600ms_abrupt_change.jpg,event_chunks_5fps/chunk_04/event_crops/E00253_00h52m00s600ms_abrupt_change_DETAIL.jpg,GE01349
E00254,3122.0,00:52:02.000,00h52m02s000ms,abrupt_change,78050,2115,"27,12,320,123",0.116339,6.3501,0.115737,6.3298,event_frames_full/E00254_00h52m02s000ms_abrupt_change.jpg,event_crops/E00254_00h52m02s000ms_abrupt_change_DETAIL.jpg,"112,42,1920,769",chunk_04,event_chunks_5fps/chunk_04/event_frames_full/E00254_00h52m02s000ms_abrupt_change.jpg,event_chunks_5fps/chunk_04/event_crops/E00254_00h52m02s000ms_abrupt_change_DETAIL.jpg,GE01350
E00255,3122.6,00:52:02.600,00h52m02s600ms,stable_change,78065,2118,"31,12,320,137",0.094152,5.0126,0.0,0.0,event_frames_full/E00255_00h52m02s600ms_stable_change.jpg,,,chunk_04,event_chunks_5fps/chunk_04/event_frames_full/E00255_00h52m02s600ms_stable_change.jpg,,GE01351
E00256,3123.4,00:52:03.400,00h52m03s400ms,abrupt_change,78085,2122,"31,12,320,137",0.09875,4.9221,0.098281,5.0937,event_frames_full/E00256_00h52m03s400ms_abrupt_change.jpg,,,chunk_04,event_chunks_5fps/chunk_04/event_frames_full/E00256_00h52m03s400ms_abrupt_change.jpg,,GE01352
E00257,3123.8,00:52:03.800,00h52m03s800ms,abrupt_change,78095,2124,"27,12,320,122",0.125045,6.6273,0.151362,6.3675,event_frames_full/E00257_00h52m03s800ms_abrupt_change.jpg,event_crops/E00257_00h52m03s800ms_abrupt_change_DETAIL.jpg,"112,42,1920,763",chunk_04,event_chunks_5fps/chunk_04/event_frames_full/E00257_00h52m03s800ms_abrupt_change.jpg,event_chunks_5fps/chunk_04/event_crops/E00257_00h52m03s800ms_abrupt_change_DETAIL.jpg,GE01353
E00258,3128.4,00:52:08.400,00h52m08s400ms,abrupt_change,78210,2147,"34,44,320,140",0.10067,4.0519,0.099799,4.0327,event_frames_full/E00258_00h52m08s400ms_abrupt_change.jpg,event_crops/E00258_00h52m08s400ms_abrupt_change_DETAIL.jpg,"154,234,1920,842",chunk_04,event_chunks_5fps/chunk_04/event_frames_full/E00258_00h52m08s400ms_abrupt_change.jpg,event_chunks_5fps/chunk_04/event_crops/E00258_00h52m08s400ms_abrupt_change_DETAIL.jpg,GE01354
E00259,3129.0,00:52:09.000,00h52m09s000ms,abrupt_change,78225,2150,"27,13,297,140",0.23942,10.2792,0.238839,10.2604,event_frames_full/E00259_00h52m09s000ms_abrupt_change.jpg,,,chunk_04,event_chunks_5fps/chunk_04/event_frames_full/E00259_00h52m09s000ms_abrupt_change.jpg,,GE01355
E00260,3129.4,00:52:09.400,00h52m09s400ms,abrupt_change,78235,2152,"28,13,297,140",0.246629,9.738,0.246629,9.738,event_frames_full/E00260_00h52m09s400ms_abrupt_change.jpg,,,chunk_04,event_chunks_5fps/chunk_04/event_frames_full/E00260_00h52m09s400ms_abrupt_change.jpg,,GE01356
E00261,3129.8,00:52:09.800,00h52m09s800ms,abrupt_change,78245,2154,"34,12,296,140",0.16183,6.5548,0.159576,6.225,event_frames_full/E00261_00h52m09s800ms_abrupt_change.jpg,,,chunk_04,event_chunks_5fps/chunk_04/event_frames_full/E00261_00h52m09s800ms_abrupt_change.jpg,,GE01357
E00262,3132.4,00:52:12.400,00h52m12s400ms,abrupt_change,78310,2167,"34,12,291,140",0.100424,5.2568,0.099531,5.0516,event_frames_full/E00262_00h52m12s400ms_abrupt_change.jpg,event_crops/E00262_00h52m12s400ms_abrupt_change_DETAIL.jpg,"154,42,1796,842",chunk_04,event_chunks_5fps/chunk_04/event_frames_full/E00262_00h52m12s400ms_abrupt_change.jpg,event_chunks_5fps/chunk_04/event_crops/E00262_00h52m12s400ms_abrupt_change_DETAIL.jpg,GE01358
E00263,3134.8,00:52:14.800,00h52m14s800ms,abrupt_change,78370,2179,"35,18,291,140",0.092746,6.9273,0.093058,6.8276,event_frames_full/E00263_00h52m14s800ms_abrupt_change.jpg,event_crops/E00263_00h52m14s800ms_abrupt_change_DETAIL.jpg,"160,78,1796,842",chunk_04,event_chunks_5fps/chunk_04/event_frames_full/E00263_00h52m14s800ms_abrupt_change.jpg,event_chunks_5fps/chunk_04/event_crops/E00263_00h52m14s800ms_abrupt_change_DETAIL.jpg,GE01359
