chapter_event_id,timestamp,frame_path,detail_crop_path,screen_or_module,visible_change,controls_or_data,possible_functionality,classification,confidence,current_platform_status,platform_evidence,notes
CH14-E0001,00:39:55.600,references/video-audit/chapters/CH14_inventario_movimientos_acuses_cierres_bodegas_y_kits/event_frames/CH14-E0001_00h39m55s600ms_settled.jpg,references/video-audit/chapters/CH14_inventario_movimientos_acuses_cierres_bodegas_y_kits/detail_crops/CH14-E0001_00h39m55s600ms_DETAIL.jpg,Compras,"CH14-E0001 @ 00:39:55.600: La tabla de Compras sigue visible y el submenú de inventario muestra Gestión de inventario, Conteos, Acuses, Cierres, Kit de insumos, Proveedores, Bodegas y Lotes / Series.",Compras; Gestión de inventario; Conteos; Acuses; Cierres; Kit de insumos; Proveedores; Bodegas; Lotes / Series,"La tabla de Compras sigue visible y el submenú de inventario muestra Gestión de inventario, Conteos, Acuses, Cierres, Kit de insumos, Proveedores, Bodegas y Lotes / Series.",VISIBLE,HIGH,NOT_TESTABLE,Auditoría de evidencia fuente; la comparación funcional de la plataforma corresponde al hilo principal.,Evento localizado una sola vez en las hojas de contacto y contrastado con references/video-audit/chapters/CH14_inventario_movimientos_acuses_cierres_bodegas_y_kits/event_frames/CH14-E0001_00h39m55s600ms_settled.jpg; el recorte asociado references/video-audit/chapters/CH14_inventario_movimientos_acuses_cierres_bodegas_y_kits/detail_crops/CH14-E0001_00h39m55s600ms_DETAIL.jpg se abrió para comprobar el detalle.
CH14-E0002,00:39:57.000,references/video-audit/chapters/CH14_inventario_movimientos_acuses_cierres_bodegas_y_kits/event_frames/CH14-E0002_00h39m57s000ms_abrupt_change.jpg,,Gestión de inventario / Items,"CH14-E0002 @ 00:39:57.000: Se abre Gestión de inventario con pestañas Items, Movimientos, Comprometido y Lotes; la tabla pasa por estado vacío y Procesando antes de cargar.",Items; Movimientos; Comprometido; Lotes; Bodega; Excel; Traslados; Procesando,"Se abre Gestión de inventario con pestañas Items, Movimientos, Comprometido y Lotes; la tabla pasa por estado vacío y Procesando antes de cargar.",VISIBLE,HIGH,NOT_TESTABLE,Auditoría de evidencia fuente; la comparación funcional de la plataforma corresponde al hilo principal.,Evento localizado una sola vez en las hojas de contacto y contrastado con references/video-audit/chapters/CH14_inventario_movimientos_acuses_cierres_bodegas_y_kits/event_frames/CH14-E0002_00h39m57s000ms_abrupt_change.jpg.
CH14-E0003,00:39:57.400,references/video-audit/chapters/CH14_inventario_movimientos_acuses_cierres_bodegas_y_kits/event_frames/CH14-E0003_00h39m57s400ms_abrupt_change.jpg,references/video-audit/chapters/CH14_inventario_movimientos_acuses_cierres_bodegas_y_kits/detail_crops/CH14-E0003_00h39m57s400ms_DETAIL.jpg,Gestión de inventario / Items,"CH14-E0003 @ 00:39:57.400: Se abre Gestión de inventario con pestañas Items, Movimientos, Comprometido y Lotes; la tabla pasa por estado vacío y Procesando antes de cargar.",Items; Movimientos; Comprometido; Lotes; Bodega; Excel; Traslados; Procesando,"Se abre Gestión de inventario con pestañas Items, Movimientos, Comprometido y Lotes; la tabla pasa por estado vacío y Procesando antes de cargar.",VISIBLE,HIGH,NOT_TESTABLE,Auditoría de evidencia fuente; la comparación funcional de la plataforma corresponde al hilo principal.,Evento localizado una sola vez en las hojas de contacto y contrastado con references/video-audit/chapters/CH14_inventario_movimientos_acuses_cierres_bodegas_y_kits/event_frames/CH14-E0003_00h39m57s400ms_abrupt_change.jpg; el recorte asociado references/video-audit/chapters/CH14_inventario_movimientos_acuses_cierres_bodegas_y_kits/detail_crops/CH14-E0003_00h39m57s400ms_DETAIL.jpg se abrió para comprobar el detalle.
CH14-E0004,00:39:58.200,references/video-audit/chapters/CH14_inventario_movimientos_acuses_cierres_bodegas_y_kits/event_frames/CH14-E0004_00h39m58s200ms_stable_change.jpg,,Gestión de inventario / Items,"CH14-E0004 @ 00:39:58.200: Se abre Gestión de inventario con pestañas Items, Movimientos, Comprometido y Lotes; la tabla pasa por estado vacío y Procesando antes de cargar.",Items; Movimientos; Comprometido; Lotes; Bodega; Excel; Traslados; Procesando,"Se abre Gestión de inventario con pestañas Items, Movimientos, Comprometido y Lotes; la tabla pasa por estado vacío y Procesando antes de cargar.",VISIBLE,HIGH,NOT_TESTABLE,Auditoría de evidencia fuente; la comparación funcional de la plataforma corresponde al hilo principal.,Evento localizado una sola vez en las hojas de contacto y contrastado con references/video-audit/chapters/CH14_inventario_movimientos_acuses_cierres_bodegas_y_kits/event_frames/CH14-E0004_00h39m58s200ms_stable_change.jpg.
CH14-E0005,00:39:59.200,references/video-audit/chapters/CH14_inventario_movimientos_acuses_cierres_bodegas_y_kits/event_frames/CH14-E0005_00h39m59s200ms_abrupt_change.jpg,,Gestión de inventario / Items,"CH14-E0005 @ 00:39:59.200: La tabla de items muestra Tipo, Código, Nombre, Disponible, Comprometido y Total; el filtro de texto reduce la lista a insumos y equipos relacionados con oxígeno.",Bodega: Todos; búsqueda; Tipo; Código; Nombre; Disponible; Comprometido; Total; paginación,"La tabla de items muestra Tipo, Código, Nombre, Disponible, Comprometido y Total; el filtro de texto reduce la lista a insumos y equipos relacionados con oxígeno.",VISIBLE,HIGH,NOT_TESTABLE,Auditoría de evidencia fuente; la comparación funcional de la plataforma corresponde al hilo principal.,Evento localizado una sola vez en las hojas de contacto y contrastado con references/video-audit/chapters/CH14_inventario_movimientos_acuses_cierres_bodegas_y_kits/event_frames/CH14-E0005_00h39m59s200ms_abrupt_change.jpg.
CH14-E0006,00:40:05.400,references/video-audit/chapters/CH14_inventario_movimientos_acuses_cierres_bodegas_y_kits/event_frames/CH14-E0006_00h40m05s400ms_settled.jpg,references/video-audit/chapters/CH14_inventario_movimientos_acuses_cierres_bodegas_y_kits/detail_crops/CH14-E0006_00h40m05s400ms_DETAIL.jpg,Gestión de inventario / Items,"CH14-E0006 @ 00:40:05.400: La tabla de items muestra Tipo, Código, Nombre, Disponible, Comprometido y Total; el filtro de texto reduce la lista a insumos y equipos relacionados con oxígeno.",Bodega: Todos; búsqueda; Tipo; Código; Nombre; Disponible; Comprometido; Total; paginación,"La tabla de items muestra Tipo, Código, Nombre, Disponible, Comprometido y Total; el filtro de texto reduce la lista a insumos y equipos relacionados con oxígeno.",VISIBLE,HIGH,NOT_TESTABLE,Auditoría de evidencia fuente; la comparación funcional de la plataforma corresponde al hilo principal.,Evento localizado una sola vez en las hojas de contacto y contrastado con references/video-audit/chapters/CH14_inventario_movimientos_acuses_cierres_bodegas_y_kits/event_frames/CH14-E0006_00h40m05s400ms_settled.jpg; el recorte asociado references/video-audit/chapters/CH14_inventario_movimientos_acuses_cierres_bodegas_y_kits/detail_crops/CH14-E0006_00h40m05s400ms_DETAIL.jpg se abrió para comprobar el detalle.
CH14-E0007,00:40:09.000,references/video-audit/chapters/CH14_inventario_movimientos_acuses_cierres_bodegas_y_kits/event_frames/CH14-E0007_00h40m09s000ms_motion_progress.jpg,references/video-audit/chapters/CH14_inventario_movimientos_acuses_cierres_bodegas_y_kits/detail_crops/CH14-E0007_00h40m09s000ms_DETAIL.jpg,Gestión de inventario / Items,"CH14-E0007 @ 00:40:09.000: La tabla de items muestra Tipo, Código, Nombre, Disponible, Comprometido y Total; el filtro de texto reduce la lista a insumos y equipos relacionados con oxígeno.",Bodega: Todos; búsqueda; Tipo; Código; Nombre; Disponible; Comprometido; Total; paginación,"La tabla de items muestra Tipo, Código, Nombre, Disponible, Comprometido y Total; el filtro de texto reduce la lista a insumos y equipos relacionados con oxígeno.",VISIBLE,HIGH,NOT_TESTABLE,Auditoría de evidencia fuente; la comparación funcional de la plataforma corresponde al hilo principal.,Evento localizado una sola vez en las hojas de contacto y contrastado con references/video-audit/chapters/CH14_inventario_movimientos_acuses_cierres_bodegas_y_kits/event_frames/CH14-E0007_00h40m09s000ms_motion_progress.jpg; el recorte asociado references/video-audit/chapters/CH14_inventario_movimientos_acuses_cierres_bodegas_y_kits/detail_crops/CH14-E0007_00h40m09s000ms_DETAIL.jpg se abrió para comprobar el detalle.
CH14-E0008,00:40:09.400,references/video-audit/chapters/CH14_inventario_movimientos_acuses_cierres_bodegas_y_kits/event_frames/CH14-E0008_00h40m09s400ms_abrupt_change.jpg,,Gestión de inventario / Items,"CH14-E0008 @ 00:40:09.400: La tabla de items muestra Tipo, Código, Nombre, Disponible, Comprometido y Total; el filtro de texto reduce la lista a insumos y equipos relacionados con oxígeno.",Bodega: Todos; búsqueda; Tipo; Código; Nombre; Disponible; Comprometido; Total; paginación,"La tabla de items muestra Tipo, Código, Nombre, Disponible, Comprometido y Total; el filtro de texto reduce la lista a insumos y equipos relacionados con oxígeno.",VISIBLE,HIGH,NOT_TESTABLE,Auditoría de evidencia fuente; la comparación funcional de la plataforma corresponde al hilo principal.,Evento localizado una sola vez en las hojas de contacto y contrastado con references/video-audit/chapters/CH14_inventario_movimientos_acuses_cierres_bodegas_y_kits/event_frames/CH14-E0008_00h40m09s400ms_abrupt_change.jpg.
CH14-E0009,00:40:10.000,references/video-audit/chapters/CH14_inventario_movimientos_acuses_cierres_bodegas_y_kits/event_frames/CH14-E0009_00h40m10s000ms_stable_change.jpg,references/video-audit/chapters/CH14_inventario_movimientos_acuses_cierres_bodegas_y_kits/detail_crops/CH14-E0009_00h40m10s000ms_DETAIL.jpg,Gestión de inventario / Items,"CH14-E0009 @ 00:40:10.000: La tabla de items muestra Tipo, Código, Nombre, Disponible, Comprometido y Total; el filtro de texto reduce la lista a insumos y equipos relacionados con oxígeno.",Bodega: Todos; búsqueda; Tipo; Código; Nombre; Disponible; Comprometido; Total; paginación,"La tabla de items muestra Tipo, Código, Nombre, Disponible, Comprometido y Total; el filtro de texto reduce la lista a insumos y equipos relacionados con oxígeno.",VISIBLE,HIGH,NOT_TESTABLE,Auditoría de evidencia fuente; la comparación funcional de la plataforma corresponde al hilo principal.,Evento localizado una sola vez en las hojas de contacto y contrastado con references/video-audit/chapters/CH14_inventario_movimientos_acuses_cierres_bodegas_y_kits/event_frames/CH14-E0009_00h40m10s000ms_stable_change.jpg; el recorte asociado references/video-audit/chapters/CH14_inventario_movimientos_acuses_cierres_bodegas_y_kits/detail_crops/CH14-E0009_00h40m10s000ms_DETAIL.jpg se abrió para comprobar el detalle.
CH14-E0010,00:40:10.400,references/video-audit/chapters/CH14_inventario_movimientos_acuses_cierres_bodegas_y_kits/event_frames/CH14-E0010_00h40m10s400ms_abrupt_change.jpg,references/video-audit/chapters/CH14_inventario_movimientos_acuses_cierres_bodegas_y_kits/detail_crops/CH14-E0010_00h40m10s400ms_DETAIL.jpg,Gestión de inventario / Items,"CH14-E0010 @ 00:40:10.400: La tabla de items muestra Tipo, Código, Nombre, Disponible, Comprometido y Total; el filtro de texto reduce la lista a insumos y equipos relacionados con oxígeno.",Bodega: Todos; búsqueda; Tipo; Código; Nombre; Disponible; Comprometido; Total; paginación,"La tabla de items muestra Tipo, Código, Nombre, Disponible, Comprometido y Total; el filtro de texto reduce la lista a insumos y equipos relacionados con oxígeno.",VISIBLE,HIGH,NOT_TESTABLE,Auditoría de evidencia fuente; la comparación funcional de la plataforma corresponde al hilo principal.,Evento localizado una sola vez en las hojas de contacto y contrastado con references/video-audit/chapters/CH14_inventario_movimientos_acuses_cierres_bodegas_y_kits/event_frames/CH14-E0010_00h40m10s400ms_abrupt_change.jpg; el recorte asociado references/video-audit/chapters/CH14_inventario_movimientos_acuses_cierres_bodegas_y_kits/detail_crops/CH14-E0010_00h40m10s400ms_DETAIL.jpg se abrió para comprobar el detalle.
CH14-E0011,00:40:11.000,references/video-audit/chapters/CH14_inventario_movimientos_acuses_cierres_bodegas_y_kits/event_frames/CH14-E0011_00h40m11s000ms_stable_change.jpg,references/video-audit/chapters/CH14_inventario_movimientos_acuses_cierres_bodegas_y_kits/detail_crops/CH14-E0011_00h40m11s000ms_DETAIL.jpg,Gestión de inventario / Items,"CH14-E0011 @ 00:40:11.000: La tabla de items muestra Tipo, Código, Nombre, Disponible, Comprometido y Total; el filtro de texto reduce la lista a insumos y equipos relacionados con oxígeno.",Bodega: Todos; búsqueda; Tipo; Código; Nombre; Disponible; Comprometido; Total; paginación,"La tabla de items muestra Tipo, Código, Nombre, Disponible, Comprometido y Total; el filtro de texto reduce la lista a insumos y equipos relacionados con oxígeno.",VISIBLE,HIGH,NOT_TESTABLE,Auditoría de evidencia fuente; la comparación funcional de la plataforma corresponde al hilo principal.,Evento localizado una sola vez en las hojas de contacto y contrastado con references/video-audit/chapters/CH14_inventario_movimientos_acuses_cierres_bodegas_y_kits/event_frames/CH14-E0011_00h40m11s000ms_stable_change.jpg; el recorte asociado references/video-audit/chapters/CH14_inventario_movimientos_acuses_cierres_bodegas_y_kits/detail_crops/CH14-E0011_00h40m11s000ms_DETAIL.jpg se abrió para comprobar el detalle.
CH14-E0012,00:40:13.000,references/video-audit/chapters/CH14_inventario_movimientos_acuses_cierres_bodegas_y_kits/event_frames/CH14-E0012_00h40m13s000ms_settled.jpg,references/video-audit/chapters/CH14_inventario_movimientos_acuses_cierres_bodegas_y_kits/detail_crops/CH14-E0012_00h40m13s000ms_DETAIL.jpg,Gestión de inventario / Items,"CH14-E0012 @ 00:40:13.000: El texto de búsqueda cambia hasta filtrar una única fila del medicamento Invanz, con cantidades disponible, comprometida y total visibles.",búsqueda; Invanz; Disponible; Comprometido; Total,"El texto de búsqueda cambia hasta filtrar una única fila del medicamento Invanz, con cantidades disponible, comprometida y total visibles.",VISIBLE,HIGH,NOT_TESTABLE,Auditoría de evidencia fuente; la comparación funcional de la plataforma corresponde al hilo principal.,Evento localizado una sola vez en las hojas de contacto y contrastado con references/video-audit/chapters/CH14_inventario_movimientos_acuses_cierres_bodegas_y_kits/event_frames/CH14-E0012_00h40m13s000ms_settled.jpg; el recorte asociado references/video-audit/chapters/CH14_inventario_movimientos_acuses_cierres_bodegas_y_kits/detail_crops/CH14-E0012_00h40m13s000ms_DETAIL.jpg se abrió para comprobar el detalle.
CH14-E0013,00:40:13.600,references/video-audit/chapters/CH14_inventario_movimientos_acuses_cierres_bodegas_y_kits/event_frames/CH14-E0013_00h40m13s600ms_abrupt_change.jpg,references/video-audit/chapters/CH14_inventario_movimientos_acuses_cierres_bodegas_y_kits/detail_crops/CH14-E0013_00h40m13s600ms_DETAIL.jpg,Gestión de inventario / Items,"CH14-E0013 @ 00:40:13.600: El texto de búsqueda cambia hasta filtrar una única fila del medicamento Invanz, con cantidades disponible, comprometida y total visibles.",búsqueda; Invanz; Disponible; Comprometido; Total,"El texto de búsqueda cambia hasta filtrar una única fila del medicamento Invanz, con cantidades disponible, comprometida y total visibles.",VISIBLE,HIGH,NOT_TESTABLE,Auditoría de evidencia fuente; la comparación funcional de la plataforma corresponde al hilo principal.,Evento localizado una sola vez en las hojas de contacto y contrastado con references/video-audit/chapters/CH14_inventario_movimientos_acuses_cierres_bodegas_y_kits/event_frames/CH14-E0013_00h40m13s600ms_abrupt_change.jpg; el recorte asociado references/video-audit/chapters/CH14_inventario_movimientos_acuses_cierres_bodegas_y_kits/detail_crops/CH14-E0013_00h40m13s600ms_DETAIL.jpg se abrió para comprobar el detalle.
CH14-E0014,00:40:34.800,references/video-audit/chapters/CH14_inventario_movimientos_acuses_cierres_bodegas_y_kits/event_frames/CH14-E0014_00h40m34s800ms_settled.jpg,references/video-audit/chapters/CH14_inventario_movimientos_acuses_cierres_bodegas_y_kits/detail_crops/CH14-E0014_00h40m34s800ms_DETAIL.jpg,Gestión de inventario / Items,CH14-E0014 @ 00:40:34.800: El menú de acciones del item filtrado ofrece Ver movimientos y Ver comprometido.,Ver movimientos; Ver comprometido,El menú de acciones del item filtrado ofrece Ver movimientos y Ver comprometido.,VISIBLE,HIGH,NOT_TESTABLE,Auditoría de evidencia fuente; la comparación funcional de la plataforma corresponde al hilo principal.,Evento localizado una sola vez en las hojas de contacto y contrastado con references/video-audit/chapters/CH14_inventario_movimientos_acuses_cierres_bodegas_y_kits/event_frames/CH14-E0014_00h40m34s800ms_settled.jpg; el recorte asociado references/video-audit/chapters/CH14_inventario_movimientos_acuses_cierres_bodegas_y_kits/detail_crops/CH14-E0014_00h40m34s800ms_DETAIL.jpg se abrió para comprobar el detalle.
CH14-E0015,00:40:37.200,references/video-audit/chapters/CH14_inventario_movimientos_acuses_cierres_bodegas_y_kits/event_frames/CH14-E0015_00h40m37s200ms_abrupt_change.jpg,,Gestión de inventario / Items,CH14-E0015 @ 00:40:37.200: Una superposición Procesando aparece después de seleccionar la acción del item.,Procesando,Una superposición Procesando aparece después de seleccionar la acción del item.,VISIBLE,HIGH,NOT_TESTABLE,Auditoría de evidencia fuente; la comparación funcional de la plataforma corresponde al hilo principal.,Evento localizado una sola vez en las hojas de contacto y contrastado con references/video-audit/chapters/CH14_inventario_movimientos_acuses_cierres_bodegas_y_kits/event_frames/CH14-E0015_00h40m37s200ms_abrupt_change.jpg.
CH14-E0016,00:40:37.800,references/video-audit/chapters/CH14_inventario_movimientos_acuses_cierres_bodegas_y_kits/event_frames/CH14-E0016_00h40m37s800ms_stable_change.jpg,,Gestión de inventario / Movimientos de item,"CH14-E0016 @ 00:40:37.800: El modal Movimientos de item identifica tipo, código, nombre y rango de fechas; su tabla muestra Tipo, Fecha, Lote / Serie, Origen, Destino, Cantidad, Movimiento y Estado, con entradas y salidas en estados Disponible o Gastado.",Tipo; Código; Nombre; Rango de fechas; Lote / Serie; Origen; Destino; Cantidad; Entrada; Salida; Disponible; Gastado,"El modal Movimientos de item identifica tipo, código, nombre y rango de fechas; su tabla muestra Tipo, Fecha, Lote / Serie, Origen, Destino, Cantidad, Movimiento y Estado, con entradas y salidas en estados Disponible o Gastado.",VISIBLE,HIGH,NOT_TESTABLE,Auditoría de evidencia fuente; la comparación funcional de la plataforma corresponde al hilo principal.,Evento localizado una sola vez en las hojas de contacto y contrastado con references/video-audit/chapters/CH14_inventario_movimientos_acuses_cierres_bodegas_y_kits/event_frames/CH14-E0016_00h40m37s800ms_stable_change.jpg.
CH14-E0017,00:40:38.600,references/video-audit/chapters/CH14_inventario_movimientos_acuses_cierres_bodegas_y_kits/event_frames/CH14-E0017_00h40m38s600ms_abrupt_change.jpg,references/video-audit/chapters/CH14_inventario_movimientos_acuses_cierres_bodegas_y_kits/detail_crops/CH14-E0017_00h40m38s600ms_DETAIL.jpg,Gestión de inventario / Movimientos de item,"CH14-E0017 @ 00:40:38.600: El modal Movimientos de item identifica tipo, código, nombre y rango de fechas; su tabla muestra Tipo, Fecha, Lote / Serie, Origen, Destino, Cantidad, Movimiento y Estado, con entradas y salidas en estados Disponible o Gastado.",Tipo; Código; Nombre; Rango de fechas; Lote / Serie; Origen; Destino; Cantidad; Entrada; Salida; Disponible; Gastado,"El modal Movimientos de item identifica tipo, código, nombre y rango de fechas; su tabla muestra Tipo, Fecha, Lote / Serie, Origen, Destino, Cantidad, Movimiento y Estado, con entradas y salidas en estados Disponible o Gastado.",VISIBLE,HIGH,NOT_TESTABLE,Auditoría de evidencia fuente; la comparación funcional de la plataforma corresponde al hilo principal.,Evento localizado una sola vez en las hojas de contacto y contrastado con references/video-audit/chapters/CH14_inventario_movimientos_acuses_cierres_bodegas_y_kits/event_frames/CH14-E0017_00h40m38s600ms_abrupt_change.jpg; el recorte asociado references/video-audit/chapters/CH14_inventario_movimientos_acuses_cierres_bodegas_y_kits/detail_crops/CH14-E0017_00h40m38s600ms_DETAIL.jpg se abrió para comprobar el detalle.
CH14-E0018,00:40:39.000,references/video-audit/chapters/CH14_inventario_movimientos_acuses_cierres_bodegas_y_kits/event_frames/CH14-E0018_00h40m39s000ms_abrupt_change.jpg,,Gestión de inventario / Movimientos de item,"CH14-E0018 @ 00:40:39.000: El modal Movimientos de item identifica tipo, código, nombre y rango de fechas; su tabla muestra Tipo, Fecha, Lote / Serie, Origen, Destino, Cantidad, Movimiento y Estado, con entradas y salidas en estados Disponible o Gastado.",Tipo; Código; Nombre; Rango de fechas; Lote / Serie; Origen; Destino; Cantidad; Entrada; Salida; Disponible; Gastado,"El modal Movimientos de item identifica tipo, código, nombre y rango de fechas; su tabla muestra Tipo, Fecha, Lote / Serie, Origen, Destino, Cantidad, Movimiento y Estado, con entradas y salidas en estados Disponible o Gastado.",VISIBLE,HIGH,NOT_TESTABLE,Auditoría de evidencia fuente; la comparación funcional de la plataforma corresponde al hilo principal.,Evento localizado una sola vez en las hojas de contacto y contrastado con references/video-audit/chapters/CH14_inventario_movimientos_acuses_cierres_bodegas_y_kits/event_frames/CH14-E0018_00h40m39s000ms_abrupt_change.jpg.
CH14-E0019,00:40:39.600,references/video-audit/chapters/CH14_inventario_movimientos_acuses_cierres_bodegas_y_kits/event_frames/CH14-E0019_00h40m39s600ms_stable_change.jpg,,Gestión de inventario / Movimientos de item,"CH14-E0019 @ 00:40:39.600: El modal Movimientos de item identifica tipo, código, nombre y rango de fechas; su tabla muestra Tipo, Fecha, Lote / Serie, Origen, Destino, Cantidad, Movimiento y Estado, con entradas y salidas en estados Disponible o Gastado.",Tipo; Código; Nombre; Rango de fechas; Lote / Serie; Origen; Destino; Cantidad; Entrada; Salida; Disponible; Gastado,"El modal Movimientos de item identifica tipo, código, nombre y rango de fechas; su tabla muestra Tipo, Fecha, Lote / Serie, Origen, Destino, Cantidad, Movimiento y Estado, con entradas y salidas en estados Disponible o Gastado.",VISIBLE,HIGH,NOT_TESTABLE,Auditoría de evidencia fuente; la comparación funcional de la plataforma corresponde al hilo principal.,Evento localizado una sola vez en las hojas de contacto y contrastado con references/video-audit/chapters/CH14_inventario_movimientos_acuses_cierres_bodegas_y_kits/event_frames/CH14-E0019_00h40m39s600ms_stable_change.jpg.
CH14-E0020,00:40:40.800,references/video-audit/chapters/CH14_inventario_movimientos_acuses_cierres_bodegas_y_kits/event_frames/CH14-E0020_00h40m40s800ms_abrupt_change.jpg,,Gestión de inventario / Movimientos de item,"CH14-E0020 @ 00:40:40.800: El modal Movimientos de item identifica tipo, código, nombre y rango de fechas; su tabla muestra Tipo, Fecha, Lote / Serie, Origen, Destino, Cantidad, Movimiento y Estado, con entradas y salidas en estados Disponible o Gastado.",Tipo; Código; Nombre; Rango de fechas; Lote / Serie; Origen; Destino; Cantidad; Entrada; Salida; Disponible; Gastado,"El modal Movimientos de item identifica tipo, código, nombre y rango de fechas; su tabla muestra Tipo, Fecha, Lote / Serie, Origen, Destino, Cantidad, Movimiento y Estado, con entradas y salidas en estados Disponible o Gastado.",VISIBLE,HIGH,NOT_TESTABLE,Auditoría de evidencia fuente; la comparación funcional de la plataforma corresponde al hilo principal.,Evento localizado una sola vez en las hojas de contacto y contrastado con references/video-audit/chapters/CH14_inventario_movimientos_acuses_cierres_bodegas_y_kits/event_frames/CH14-E0020_00h40m40s800ms_abrupt_change.jpg.
CH14-E0021,00:40:41.200,references/video-audit/chapters/CH14_inventario_movimientos_acuses_cierres_bodegas_y_kits/event_frames/CH14-E0021_00h40m41s200ms_abrupt_change.jpg,references/video-audit/chapters/CH14_inventario_movimientos_acuses_cierres_bodegas_y_kits/detail_crops/CH14-E0021_00h40m41s200ms_DETAIL.jpg,Gestión de inventario / Movimientos de item,"CH14-E0021 @ 00:40:41.200: El modal Movimientos de item identifica tipo, código, nombre y rango de fechas; su tabla muestra Tipo, Fecha, Lote / Serie, Origen, Destino, Cantidad, Movimiento y Estado, con entradas y salidas en estados Disponible o Gastado.",Tipo; Código; Nombre; Rango de fechas; Lote / Serie; Origen; Destino; Cantidad; Entrada; Salida; Disponible; Gastado,"El modal Movimientos de item identifica tipo, código, nombre y rango de fechas; su tabla muestra Tipo, Fecha, Lote / Serie, Origen, Destino, Cantidad, Movimiento y Estado, con entradas y salidas en estados Disponible o Gastado.",VISIBLE,HIGH,NOT_TESTABLE,Auditoría de evidencia fuente; la comparación funcional de la plataforma corresponde al hilo principal.,Evento localizado una sola vez en las hojas de contacto y contrastado con references/video-audit/chapters/CH14_inventario_movimientos_acuses_cierres_bodegas_y_kits/event_frames/CH14-E0021_00h40m41s200ms_abrupt_change.jpg; el recorte asociado references/video-audit/chapters/CH14_inventario_movimientos_acuses_cierres_bodegas_y_kits/detail_crops/CH14-E0021_00h40m41s200ms_DETAIL.jpg se abrió para comprobar el detalle.
CH14-E0022,00:40:41.800,references/video-audit/chapters/CH14_inventario_movimientos_acuses_cierres_bodegas_y_kits/event_frames/CH14-E0022_00h40m41s800ms_abrupt_change.jpg,references/video-audit/chapters/CH14_inventario_movimientos_acuses_cierres_bodegas_y_kits/detail_crops/CH14-E0022_00h40m41s800ms_DETAIL.jpg,Gestión de inventario / Movimientos de item,"CH14-E0022 @ 00:40:41.800: El modal Movimientos de item identifica tipo, código, nombre y rango de fechas; su tabla muestra Tipo, Fecha, Lote / Serie, Origen, Destino, Cantidad, Movimiento y Estado, con entradas y salidas en estados Disponible o Gastado.",Tipo; Código; Nombre; Rango de fechas; Lote / Serie; Origen; Destino; Cantidad; Entrada; Salida; Disponible; Gastado,"El modal Movimientos de item identifica tipo, código, nombre y rango de fechas; su tabla muestra Tipo, Fecha, Lote / Serie, Origen, Destino, Cantidad, Movimiento y Estado, con entradas y salidas en estados Disponible o Gastado.",VISIBLE,HIGH,NOT_TESTABLE,Auditoría de evidencia fuente; la comparación funcional de la plataforma corresponde al hilo principal.,Evento localizado una sola vez en las hojas de contacto y contrastado con references/video-audit/chapters/CH14_inventario_movimientos_acuses_cierres_bodegas_y_kits/event_frames/CH14-E0022_00h40m41s800ms_abrupt_change.jpg; el recorte asociado references/video-audit/chapters/CH14_inventario_movimientos_acuses_cierres_bodegas_y_kits/detail_crops/CH14-E0022_00h40m41s800ms_DETAIL.jpg se abrió para comprobar el detalle.
CH14-E0023,00:40:42.400,references/video-audit/chapters/CH14_inventario_movimientos_acuses_cierres_bodegas_y_kits/event_frames/CH14-E0023_00h40m42s400ms_stable_change.jpg,references/video-audit/chapters/CH14_inventario_movimientos_acuses_cierres_bodegas_y_kits/detail_crops/CH14-E0023_00h40m42s400ms_DETAIL.jpg,Gestión de inventario / Items,CH14-E0023 @ 00:40:42.400: Se cierra el modal y reaparece la fila filtrada de Invanz en la tabla de items.,Items; búsqueda; Invanz,Se cierra el modal y reaparece la fila filtrada de Invanz en la tabla de items.,VISIBLE,HIGH,NOT_TESTABLE,Auditoría de evidencia fuente; la comparación funcional de la plataforma corresponde al hilo principal.,Evento localizado una sola vez en las hojas de contacto y contrastado con references/video-audit/chapters/CH14_inventario_movimientos_acuses_cierres_bodegas_y_kits/event_frames/CH14-E0023_00h40m42s400ms_stable_change.jpg; el recorte asociado references/video-audit/chapters/CH14_inventario_movimientos_acuses_cierres_bodegas_y_kits/detail_crops/CH14-E0023_00h40m42s400ms_DETAIL.jpg se abrió para comprobar el detalle.
CH14-E0024,00:40:43.000,references/video-audit/chapters/CH14_inventario_movimientos_acuses_cierres_bodegas_y_kits/event_frames/CH14-E0024_00h40m43s000ms_stable_change.jpg,references/video-audit/chapters/CH14_inventario_movimientos_acuses_cierres_bodegas_y_kits/detail_crops/CH14-E0024_00h40m43s000ms_DETAIL.jpg,Navegación de Inventario,CH14-E0024 @ 00:40:43.000: El submenú de inventario vuelve a desplegarse sobre la tabla para cambiar de módulo.,Gestión de inventario; Conteos; Acuses; Cierres; Kit de insumos; Proveedores; Bodegas; Lotes / Series,El submenú de inventario vuelve a desplegarse sobre la tabla para cambiar de módulo.,VISIBLE,HIGH,NOT_TESTABLE,Auditoría de evidencia fuente; la comparación funcional de la plataforma corresponde al hilo principal.,Evento localizado una sola vez en las hojas de contacto y contrastado con references/video-audit/chapters/CH14_inventario_movimientos_acuses_cierres_bodegas_y_kits/event_frames/CH14-E0024_00h40m43s000ms_stable_change.jpg; el recorte asociado references/video-audit/chapters/CH14_inventario_movimientos_acuses_cierres_bodegas_y_kits/detail_crops/CH14-E0024_00h40m43s000ms_DETAIL.jpg se abrió para comprobar el detalle.
CH14-E0025,00:40:43.800,references/video-audit/chapters/CH14_inventario_movimientos_acuses_cierres_bodegas_y_kits/event_frames/CH14-E0025_00h40m43s800ms_abrupt_change.jpg,,Navegación de Inventario,CH14-E0025 @ 00:40:43.800: El submenú de inventario vuelve a desplegarse sobre la tabla para cambiar de módulo.,Gestión de inventario; Conteos; Acuses; Cierres; Kit de insumos; Proveedores; Bodegas; Lotes / Series,El submenú de inventario vuelve a desplegarse sobre la tabla para cambiar de módulo.,VISIBLE,HIGH,NOT_TESTABLE,Auditoría de evidencia fuente; la comparación funcional de la plataforma corresponde al hilo principal.,Evento localizado una sola vez en las hojas de contacto y contrastado con references/video-audit/chapters/CH14_inventario_movimientos_acuses_cierres_bodegas_y_kits/event_frames/CH14-E0025_00h40m43s800ms_abrupt_change.jpg.
CH14-E0026,00:40:44.200,references/video-audit/chapters/CH14_inventario_movimientos_acuses_cierres_bodegas_y_kits/event_frames/CH14-E0026_00h40m44s200ms_abrupt_change.jpg,,Inventario / Acuses,"CH14-E0026 @ 00:40:44.200: Inventario / Acuses abre con selector Tipo Área y pestañas Pacientes, Recursos, No disponible, Solicitudes y Tareas; la tabla pasa por estado vacío y Procesando.",Tipo Área; Pacientes; Recursos; No disponible; Solicitudes; Tareas; Procesando,"Inventario / Acuses abre con selector Tipo Área y pestañas Pacientes, Recursos, No disponible, Solicitudes y Tareas; la tabla pasa por estado vacío y Procesando.",VISIBLE,HIGH,NOT_TESTABLE,Auditoría de evidencia fuente; la comparación funcional de la plataforma corresponde al hilo principal.,Evento localizado una sola vez en las hojas de contacto y contrastado con references/video-audit/chapters/CH14_inventario_movimientos_acuses_cierres_bodegas_y_kits/event_frames/CH14-E0026_00h40m44s200ms_abrupt_change.jpg.
CH14-E0027,00:40:47.400,references/video-audit/chapters/CH14_inventario_movimientos_acuses_cierres_bodegas_y_kits/event_frames/CH14-E0027_00h40m47s400ms_settled.jpg,references/video-audit/chapters/CH14_inventario_movimientos_acuses_cierres_bodegas_y_kits/detail_crops/CH14-E0027_00h40m47s400ms_DETAIL.jpg,Inventario / Acuses,"CH14-E0027 @ 00:40:47.400: Inventario / Acuses abre con selector Tipo Área y pestañas Pacientes, Recursos, No disponible, Solicitudes y Tareas; la tabla pasa por estado vacío y Procesando.",Tipo Área; Pacientes; Recursos; No disponible; Solicitudes; Tareas; Procesando,"Inventario / Acuses abre con selector Tipo Área y pestañas Pacientes, Recursos, No disponible, Solicitudes y Tareas; la tabla pasa por estado vacío y Procesando.",VISIBLE,HIGH,NOT_TESTABLE,Auditoría de evidencia fuente; la comparación funcional de la plataforma corresponde al hilo principal.,Evento localizado una sola vez en las hojas de contacto y contrastado con references/video-audit/chapters/CH14_inventario_movimientos_acuses_cierres_bodegas_y_kits/event_frames/CH14-E0027_00h40m47s400ms_settled.jpg; el recorte asociado references/video-audit/chapters/CH14_inventario_movimientos_acuses_cierres_bodegas_y_kits/detail_crops/CH14-E0027_00h40m47s400ms_DETAIL.jpg se abrió para comprobar el detalle.
CH14-E0028,00:40:51.200,references/video-audit/chapters/CH14_inventario_movimientos_acuses_cierres_bodegas_y_kits/event_frames/CH14-E0028_00h40m51s200ms_abrupt_change.jpg,,Inventario / Acuses,"CH14-E0028 @ 00:40:51.200: Inventario / Acuses abre con selector Tipo Área y pestañas Pacientes, Recursos, No disponible, Solicitudes y Tareas; la tabla pasa por estado vacío y Procesando.",Tipo Área; Pacientes; Recursos; No disponible; Solicitudes; Tareas; Procesando,"Inventario / Acuses abre con selector Tipo Área y pestañas Pacientes, Recursos, No disponible, Solicitudes y Tareas; la tabla pasa por estado vacío y Procesando.",VISIBLE,HIGH,NOT_TESTABLE,Auditoría de evidencia fuente; la comparación funcional de la plataforma corresponde al hilo principal.,Evento localizado una sola vez en las hojas de contacto y contrastado con references/video-audit/chapters/CH14_inventario_movimientos_acuses_cierres_bodegas_y_kits/event_frames/CH14-E0028_00h40m51s200ms_abrupt_change.jpg.
CH14-E0029,00:40:51.600,references/video-audit/chapters/CH14_inventario_movimientos_acuses_cierres_bodegas_y_kits/event_frames/CH14-E0029_00h40m51s600ms_abrupt_change.jpg,,Inventario / Acuses,"CH14-E0029 @ 00:40:51.600: La pestaña Pacientes carga una tabla con Acciones, DUI/NIT, Paciente, Empresa y Estado; Solicitudes muestra una insignia numérica y Tareas permanece en cero.",Acciones; DUI/NIT; Paciente; Empresa; Estado; Solicitudes; Tareas,"La pestaña Pacientes carga una tabla con Acciones, DUI/NIT, Paciente, Empresa y Estado; Solicitudes muestra una insignia numérica y Tareas permanece en cero.",VISIBLE,HIGH,NOT_TESTABLE,Auditoría de evidencia fuente; la comparación funcional de la plataforma corresponde al hilo principal.,Evento localizado una sola vez en las hojas de contacto y contrastado con references/video-audit/chapters/CH14_inventario_movimientos_acuses_cierres_bodegas_y_kits/event_frames/CH14-E0029_00h40m51s600ms_abrupt_change.jpg.
CH14-E0030,00:40:52.400,references/video-audit/chapters/CH14_inventario_movimientos_acuses_cierres_bodegas_y_kits/event_frames/CH14-E0030_00h40m52s400ms_abrupt_change.jpg,,Inventario / Acuses,"CH14-E0030 @ 00:40:52.400: La pestaña Pacientes carga una tabla con Acciones, DUI/NIT, Paciente, Empresa y Estado; Solicitudes muestra una insignia numérica y Tareas permanece en cero.",Acciones; DUI/NIT; Paciente; Empresa; Estado; Solicitudes; Tareas,"La pestaña Pacientes carga una tabla con Acciones, DUI/NIT, Paciente, Empresa y Estado; Solicitudes muestra una insignia numérica y Tareas permanece en cero.",VISIBLE,HIGH,NOT_TESTABLE,Auditoría de evidencia fuente; la comparación funcional de la plataforma corresponde al hilo principal.,Evento localizado una sola vez en las hojas de contacto y contrastado con references/video-audit/chapters/CH14_inventario_movimientos_acuses_cierres_bodegas_y_kits/event_frames/CH14-E0030_00h40m52s400ms_abrupt_change.jpg.
CH14-E0031,00:40:52.800,references/video-audit/chapters/CH14_inventario_movimientos_acuses_cierres_bodegas_y_kits/event_frames/CH14-E0031_00h40m52s800ms_abrupt_change.jpg,references/video-audit/chapters/CH14_inventario_movimientos_acuses_cierres_bodegas_y_kits/detail_crops/CH14-E0031_00h40m52s800ms_DETAIL.jpg,Inventario / Acuses,"CH14-E0031 @ 00:40:52.800: La pestaña Pacientes carga una tabla con Acciones, DUI/NIT, Paciente, Empresa y Estado; Solicitudes muestra una insignia numérica y Tareas permanece en cero.",Acciones; DUI/NIT; Paciente; Empresa; Estado; Solicitudes; Tareas,"La pestaña Pacientes carga una tabla con Acciones, DUI/NIT, Paciente, Empresa y Estado; Solicitudes muestra una insignia numérica y Tareas permanece en cero.",VISIBLE,HIGH,NOT_TESTABLE,Auditoría de evidencia fuente; la comparación funcional de la plataforma corresponde al hilo principal.,Evento localizado una sola vez en las hojas de contacto y contrastado con references/video-audit/chapters/CH14_inventario_movimientos_acuses_cierres_bodegas_y_kits/event_frames/CH14-E0031_00h40m52s800ms_abrupt_change.jpg; el recorte asociado references/video-audit/chapters/CH14_inventario_movimientos_acuses_cierres_bodegas_y_kits/detail_crops/CH14-E0031_00h40m52s800ms_DETAIL.jpg se abrió para comprobar el detalle.
CH14-E0032,00:40:53.200,references/video-audit/chapters/CH14_inventario_movimientos_acuses_cierres_bodegas_y_kits/event_frames/CH14-E0032_00h40m53s200ms_abrupt_change.jpg,,Inventario / Acuses,"CH14-E0032 @ 00:40:53.200: El menú de una fila de paciente ofrece Nuevo, Ver acuses, Descargar Excel de acuses y Registro XPO.",Nuevo; Ver acuses; Descargar Excel de acuses; Registro XPO,"El menú de una fila de paciente ofrece Nuevo, Ver acuses, Descargar Excel de acuses y Registro XPO.",VISIBLE,HIGH,NOT_TESTABLE,Auditoría de evidencia fuente; la comparación funcional de la plataforma corresponde al hilo principal.,Evento localizado una sola vez en las hojas de contacto y contrastado con references/video-audit/chapters/CH14_inventario_movimientos_acuses_cierres_bodegas_y_kits/event_frames/CH14-E0032_00h40m53s200ms_abrupt_change.jpg.
CH14-E0033,00:40:58.200,references/video-audit/chapters/CH14_inventario_movimientos_acuses_cierres_bodegas_y_kits/event_frames/CH14-E0033_00h40m58s200ms_abrupt_change.jpg,,Inventario / Acuses,"CH14-E0033 @ 00:40:58.200: La vista se oscurece al ejecutar Ver acuses, indicando la apertura de un diálogo.",Ver acuses; apertura de diálogo,"La vista se oscurece al ejecutar Ver acuses, indicando la apertura de un diálogo.",VISIBLE,HIGH,NOT_TESTABLE,Auditoría de evidencia fuente; la comparación funcional de la plataforma corresponde al hilo principal.,Evento localizado una sola vez en las hojas de contacto y contrastado con references/video-audit/chapters/CH14_inventario_movimientos_acuses_cierres_bodegas_y_kits/event_frames/CH14-E0033_00h40m58s200ms_abrupt_change.jpg.
CH14-E0034,00:40:58.600,references/video-audit/chapters/CH14_inventario_movimientos_acuses_cierres_bodegas_y_kits/event_frames/CH14-E0034_00h40m58s600ms_abrupt_change.jpg,,Inventario / Acuses / Listado,"CH14-E0034 @ 00:40:58.600: El modal Listado de acuses muestra Paciente, Identificación y columnas Número, Fecha, Hospitalización, Colaborador, Estatus y Observaciones.",Listado de acuses; Paciente; Identificación; Número; Fecha; Hospitalización; Colaborador; Estatus; Observaciones,"El modal Listado de acuses muestra Paciente, Identificación y columnas Número, Fecha, Hospitalización, Colaborador, Estatus y Observaciones.",VISIBLE,HIGH,NOT_TESTABLE,Auditoría de evidencia fuente; la comparación funcional de la plataforma corresponde al hilo principal.,Evento localizado una sola vez en las hojas de contacto y contrastado con references/video-audit/chapters/CH14_inventario_movimientos_acuses_cierres_bodegas_y_kits/event_frames/CH14-E0034_00h40m58s600ms_abrupt_change.jpg.
CH14-E0035,00:41:00.800,references/video-audit/chapters/CH14_inventario_movimientos_acuses_cierres_bodegas_y_kits/event_frames/CH14-E0035_00h41m00s800ms_settled.jpg,references/video-audit/chapters/CH14_inventario_movimientos_acuses_cierres_bodegas_y_kits/detail_crops/CH14-E0035_00h41m00s800ms_DETAIL.jpg,Inventario / Acuses / Listado,"CH14-E0035 @ 00:41:00.800: El menú de una fila de acuse ofrece Duplicar, Editar, Asignar hospitalización, Imprimir, Item faltantes y Eliminar.",Duplicar; Editar; Asignar hospitalización; Imprimir; Item faltantes; Eliminar,"El menú de una fila de acuse ofrece Duplicar, Editar, Asignar hospitalización, Imprimir, Item faltantes y Eliminar.",VISIBLE,HIGH,NOT_TESTABLE,Auditoría de evidencia fuente; la comparación funcional de la plataforma corresponde al hilo principal.,Evento localizado una sola vez en las hojas de contacto y contrastado con references/video-audit/chapters/CH14_inventario_movimientos_acuses_cierres_bodegas_y_kits/event_frames/CH14-E0035_00h41m00s800ms_settled.jpg; el recorte asociado references/video-audit/chapters/CH14_inventario_movimientos_acuses_cierres_bodegas_y_kits/detail_crops/CH14-E0035_00h41m00s800ms_DETAIL.jpg se abrió para comprobar el detalle.
CH14-E0036,00:41:02.600,references/video-audit/chapters/CH14_inventario_movimientos_acuses_cierres_bodegas_y_kits/event_frames/CH14-E0036_00h41m02s600ms_abrupt_change.jpg,,Inventario / Acuses / Listado,CH14-E0036 @ 00:41:02.600: El listado conserva acuses con estados Preliminar y Cerrado parcialmente tras cerrar el menú de acciones.,Preliminar; Cerrado parcialmente; Número; Fecha,El listado conserva acuses con estados Preliminar y Cerrado parcialmente tras cerrar el menú de acciones.,VISIBLE,HIGH,NOT_TESTABLE,Auditoría de evidencia fuente; la comparación funcional de la plataforma corresponde al hilo principal.,Evento localizado una sola vez en las hojas de contacto y contrastado con references/video-audit/chapters/CH14_inventario_movimientos_acuses_cierres_bodegas_y_kits/event_frames/CH14-E0036_00h41m02s600ms_abrupt_change.jpg.
CH14-E0037,00:41:03.000,references/video-audit/chapters/CH14_inventario_movimientos_acuses_cierres_bodegas_y_kits/event_frames/CH14-E0037_00h41m03s000ms_abrupt_change.jpg,,Inventario / Acuses,CH14-E0037 @ 00:41:03.000: El modal se cierra y vuelve la tabla de pacientes activos en Acuses.,Pacientes; DUI/NIT; Empresa; Estado,El modal se cierra y vuelve la tabla de pacientes activos en Acuses.,VISIBLE,HIGH,NOT_TESTABLE,Auditoría de evidencia fuente; la comparación funcional de la plataforma corresponde al hilo principal.,Evento localizado una sola vez en las hojas de contacto y contrastado con references/video-audit/chapters/CH14_inventario_movimientos_acuses_cierres_bodegas_y_kits/event_frames/CH14-E0037_00h41m03s000ms_abrupt_change.jpg.
CH14-E0038,00:41:05.800,references/video-audit/chapters/CH14_inventario_movimientos_acuses_cierres_bodegas_y_kits/event_frames/CH14-E0038_00h41m05s800ms_settled.jpg,references/video-audit/chapters/CH14_inventario_movimientos_acuses_cierres_bodegas_y_kits/detail_crops/CH14-E0038_00h41m05s800ms_DETAIL.jpg,Inventario / Acuses,CH14-E0038 @ 00:41:05.800: El modal se cierra y vuelve la tabla de pacientes activos en Acuses.,Pacientes; DUI/NIT; Empresa; Estado,El modal se cierra y vuelve la tabla de pacientes activos en Acuses.,VISIBLE,HIGH,NOT_TESTABLE,Auditoría de evidencia fuente; la comparación funcional de la plataforma corresponde al hilo principal.,Evento localizado una sola vez en las hojas de contacto y contrastado con references/video-audit/chapters/CH14_inventario_movimientos_acuses_cierres_bodegas_y_kits/event_frames/CH14-E0038_00h41m05s800ms_settled.jpg; el recorte asociado references/video-audit/chapters/CH14_inventario_movimientos_acuses_cierres_bodegas_y_kits/detail_crops/CH14-E0038_00h41m05s800ms_DETAIL.jpg se abrió para comprobar el detalle.
CH14-E0039,00:41:08.000,references/video-audit/chapters/CH14_inventario_movimientos_acuses_cierres_bodegas_y_kits/event_frames/CH14-E0039_00h41m08s000ms_settled.jpg,references/video-audit/chapters/CH14_inventario_movimientos_acuses_cierres_bodegas_y_kits/detail_crops/CH14-E0039_00h41m08s000ms_DETAIL.jpg,Inventario / Cierres,"CH14-E0039 @ 00:41:08.000: Inventario / Cierres abre en Pendientes con pestañas Cierres totales, Cerrados y Recursos; la tabla Pacientes activos pasa de carga a filas con estado Abierto.",Pendientes; Cierres totales; Cerrados; Recursos; Pacientes activos; Abierto,"Inventario / Cierres abre en Pendientes con pestañas Cierres totales, Cerrados y Recursos; la tabla Pacientes activos pasa de carga a filas con estado Abierto.",VISIBLE,HIGH,NOT_TESTABLE,Auditoría de evidencia fuente; la comparación funcional de la plataforma corresponde al hilo principal.,Evento localizado una sola vez en las hojas de contacto y contrastado con references/video-audit/chapters/CH14_inventario_movimientos_acuses_cierres_bodegas_y_kits/event_frames/CH14-E0039_00h41m08s000ms_settled.jpg; el recorte asociado references/video-audit/chapters/CH14_inventario_movimientos_acuses_cierres_bodegas_y_kits/detail_crops/CH14-E0039_00h41m08s000ms_DETAIL.jpg se abrió para comprobar el detalle.
CH14-E0040,00:41:38.000,references/video-audit/chapters/CH14_inventario_movimientos_acuses_cierres_bodegas_y_kits/event_frames/CH14-E0040_00h41m38s000ms_abrupt_change.jpg,,Inventario / Cierres,"CH14-E0040 @ 00:41:38.000: Inventario / Cierres abre en Pendientes con pestañas Cierres totales, Cerrados y Recursos; la tabla Pacientes activos pasa de carga a filas con estado Abierto.",Pendientes; Cierres totales; Cerrados; Recursos; Pacientes activos; Abierto,"Inventario / Cierres abre en Pendientes con pestañas Cierres totales, Cerrados y Recursos; la tabla Pacientes activos pasa de carga a filas con estado Abierto.",VISIBLE,HIGH,NOT_TESTABLE,Auditoría de evidencia fuente; la comparación funcional de la plataforma corresponde al hilo principal.,Evento localizado una sola vez en las hojas de contacto y contrastado con references/video-audit/chapters/CH14_inventario_movimientos_acuses_cierres_bodegas_y_kits/event_frames/CH14-E0040_00h41m38s000ms_abrupt_change.jpg.
CH14-E0041,00:41:38.600,references/video-audit/chapters/CH14_inventario_movimientos_acuses_cierres_bodegas_y_kits/event_frames/CH14-E0041_00h41m38s600ms_stable_change.jpg,,Inventario / Acuses / Pacientes,"CH14-E0041 @ 00:41:38.600: Inventario / Acuses permanece en Pacientes, con Recursos, No disponible, Solicitudes y Tareas; la tabla muestra Acciones, DUI/NIT, Paciente, Empresa y Estado.",Pacientes; Recursos; No disponible; Solicitudes; Tareas; Acciones; DUI/NIT; Paciente; Empresa; Estado,"La captura muestra Acuses, no Cierres; no respalda la anatomía de cierres.",VISIBLE,HIGH,NOT_TESTABLE,Auditoría de evidencia fuente; la comparación funcional de la plataforma corresponde al hilo principal.,Evento abierto y contrastado directamente con references/video-audit/chapters/CH14_inventario_movimientos_acuses_cierres_bodegas_y_kits/event_frames/CH14-E0041_00h41m38s600ms_stable_change.jpg; la transición a Cierres comienza en CH14-E0042.
CH14-E0042,00:41:43.000,references/video-audit/chapters/CH14_inventario_movimientos_acuses_cierres_bodegas_y_kits/event_frames/CH14-E0042_00h41m43s000ms_abrupt_change.jpg,,Inventario / Cierres / Pendientes,CH14-E0042 @ 00:41:43.000: El filtro de búsqueda reduce Pacientes activos a una sola fila abierta y mantiene la fecha de inicio visible.,búsqueda; Acciones; DUI/NIT; Paciente; Empresa; Estado; Fecha de inicio,El filtro de búsqueda reduce Pacientes activos a una sola fila abierta y mantiene la fecha de inicio visible.,VISIBLE,HIGH,NOT_TESTABLE,Auditoría de evidencia fuente; la comparación funcional de la plataforma corresponde al hilo principal.,Evento localizado una sola vez en las hojas de contacto y contrastado con references/video-audit/chapters/CH14_inventario_movimientos_acuses_cierres_bodegas_y_kits/event_frames/CH14-E0042_00h41m43s000ms_abrupt_change.jpg.
CH14-E0043,00:41:43.600,references/video-audit/chapters/CH14_inventario_movimientos_acuses_cierres_bodegas_y_kits/event_frames/CH14-E0043_00h41m43s600ms_abrupt_change.jpg,,Inventario / Cierres / Pendientes,CH14-E0043 @ 00:41:43.600: El filtro de búsqueda reduce Pacientes activos a una sola fila abierta y mantiene la fecha de inicio visible.,búsqueda; Acciones; DUI/NIT; Paciente; Empresa; Estado; Fecha de inicio,El filtro de búsqueda reduce Pacientes activos a una sola fila abierta y mantiene la fecha de inicio visible.,VISIBLE,HIGH,NOT_TESTABLE,Auditoría de evidencia fuente; la comparación funcional de la plataforma corresponde al hilo principal.,Evento localizado una sola vez en las hojas de contacto y contrastado con references/video-audit/chapters/CH14_inventario_movimientos_acuses_cierres_bodegas_y_kits/event_frames/CH14-E0043_00h41m43s600ms_abrupt_change.jpg.
CH14-E0044,00:41:44.200,references/video-audit/chapters/CH14_inventario_movimientos_acuses_cierres_bodegas_y_kits/event_frames/CH14-E0044_00h41m44s200ms_stable_change.jpg,,Inventario / Cierres / Pendientes,"CH14-E0044 @ 00:41:44.200: El menú de la fila abierta ofrece Ver cierres, Excel del comprometido, Nuevo cierre y Registro XPO.",Ver cierres; Excel del comprometido; Nuevo cierre; Registro XPO,"El menú de la fila abierta ofrece Ver cierres, Excel del comprometido, Nuevo cierre y Registro XPO.",VISIBLE,HIGH,NOT_TESTABLE,Auditoría de evidencia fuente; la comparación funcional de la plataforma corresponde al hilo principal.,Evento localizado una sola vez en las hojas de contacto y contrastado con references/video-audit/chapters/CH14_inventario_movimientos_acuses_cierres_bodegas_y_kits/event_frames/CH14-E0044_00h41m44s200ms_stable_change.jpg.
CH14-E0045,00:41:46.400,references/video-audit/chapters/CH14_inventario_movimientos_acuses_cierres_bodegas_y_kits/event_frames/CH14-E0045_00h41m46s400ms_abrupt_change.jpg,references/video-audit/chapters/CH14_inventario_movimientos_acuses_cierres_bodegas_y_kits/detail_crops/CH14-E0045_00h41m46s400ms_DETAIL.jpg,Inventario / Cierres / Pendientes,CH14-E0045 @ 00:41:46.400: Un diálogo Advertencia informa que el colaborador mantiene abierto el cierre desde una fecha y que continuar podría borrar datos guardados; ofrece Cancelar y Aceptar.,Advertencia; Cancelar; Aceptar; cierre abierto; datos guardados,Un diálogo Advertencia informa que el colaborador mantiene abierto el cierre desde una fecha y que continuar podría borrar datos guardados; ofrece Cancelar y Aceptar.,VISIBLE,HIGH,NOT_TESTABLE,Auditoría de evidencia fuente; la comparación funcional de la plataforma corresponde al hilo principal.,Evento localizado una sola vez en las hojas de contacto y contrastado con references/video-audit/chapters/CH14_inventario_movimientos_acuses_cierres_bodegas_y_kits/event_frames/CH14-E0045_00h41m46s400ms_abrupt_change.jpg; el recorte asociado references/video-audit/chapters/CH14_inventario_movimientos_acuses_cierres_bodegas_y_kits/detail_crops/CH14-E0045_00h41m46s400ms_DETAIL.jpg se abrió para comprobar el detalle.
CH14-E0046,00:41:47.400,references/video-audit/chapters/CH14_inventario_movimientos_acuses_cierres_bodegas_y_kits/event_frames/CH14-E0046_00h41m47s400ms_abrupt_change.jpg,references/video-audit/chapters/CH14_inventario_movimientos_acuses_cierres_bodegas_y_kits/detail_crops/CH14-E0046_00h41m47s400ms_DETAIL.jpg,Inventario / Cierres / Pendientes,CH14-E0046 @ 00:41:47.400: Un diálogo Advertencia informa que el colaborador mantiene abierto el cierre desde una fecha y que continuar podría borrar datos guardados; ofrece Cancelar y Aceptar.,Advertencia; Cancelar; Aceptar; cierre abierto; datos guardados,Un diálogo Advertencia informa que el colaborador mantiene abierto el cierre desde una fecha y que continuar podría borrar datos guardados; ofrece Cancelar y Aceptar.,VISIBLE,HIGH,NOT_TESTABLE,Auditoría de evidencia fuente; la comparación funcional de la plataforma corresponde al hilo principal.,Evento localizado una sola vez en las hojas de contacto y contrastado con references/video-audit/chapters/CH14_inventario_movimientos_acuses_cierres_bodegas_y_kits/event_frames/CH14-E0046_00h41m47s400ms_abrupt_change.jpg; el recorte asociado references/video-audit/chapters/CH14_inventario_movimientos_acuses_cierres_bodegas_y_kits/detail_crops/CH14-E0046_00h41m47s400ms_DETAIL.jpg se abrió para comprobar el detalle.
CH14-E0047,00:41:57.800,references/video-audit/chapters/CH14_inventario_movimientos_acuses_cierres_bodegas_y_kits/event_frames/CH14-E0047_00h41m57s800ms_settled.jpg,references/video-audit/chapters/CH14_inventario_movimientos_acuses_cierres_bodegas_y_kits/detail_crops/CH14-E0047_00h41m57s800ms_DETAIL.jpg,Inventario / Cierres / Pendientes,CH14-E0047 @ 00:41:57.800: Un diálogo Advertencia informa que el colaborador mantiene abierto el cierre desde una fecha y que continuar podría borrar datos guardados; ofrece Cancelar y Aceptar.,Advertencia; Cancelar; Aceptar; cierre abierto; datos guardados,Un diálogo Advertencia informa que el colaborador mantiene abierto el cierre desde una fecha y que continuar podría borrar datos guardados; ofrece Cancelar y Aceptar.,VISIBLE,HIGH,NOT_TESTABLE,Auditoría de evidencia fuente; la comparación funcional de la plataforma corresponde al hilo principal.,Evento localizado una sola vez en las hojas de contacto y contrastado con references/video-audit/chapters/CH14_inventario_movimientos_acuses_cierres_bodegas_y_kits/event_frames/CH14-E0047_00h41m57s800ms_settled.jpg; el recorte asociado references/video-audit/chapters/CH14_inventario_movimientos_acuses_cierres_bodegas_y_kits/detail_crops/CH14-E0047_00h41m57s800ms_DETAIL.jpg se abrió para comprobar el detalle.
CH14-E0048,00:42:14.200,references/video-audit/chapters/CH14_inventario_movimientos_acuses_cierres_bodegas_y_kits/event_frames/CH14-E0048_00h42m14s200ms_abrupt_change.jpg,,Inventario / Cierres / Pendientes,CH14-E0048 @ 00:42:14.200: Tras cancelar la advertencia vuelve la fila filtrada del paciente con estado Abierto.,Pendientes; Abierto; búsqueda,Tras cancelar la advertencia vuelve la fila filtrada del paciente con estado Abierto.,VISIBLE,HIGH,NOT_TESTABLE,Auditoría de evidencia fuente; la comparación funcional de la plataforma corresponde al hilo principal.,Evento localizado una sola vez en las hojas de contacto y contrastado con references/video-audit/chapters/CH14_inventario_movimientos_acuses_cierres_bodegas_y_kits/event_frames/CH14-E0048_00h42m14s200ms_abrupt_change.jpg.
CH14-E0049,00:42:14.800,references/video-audit/chapters/CH14_inventario_movimientos_acuses_cierres_bodegas_y_kits/event_frames/CH14-E0049_00h42m14s800ms_stable_change.jpg,,Inventario / Cierres totales,"CH14-E0049 @ 00:42:14.800: Cierres totales muestra una tabla con Acciones, Número, Cédula, Paciente / Recurso, Tipo y Fecha creación.",Acciones; Número; Cédula; Paciente / Recurso; Tipo; Fecha creación,"Cierres totales muestra una tabla con Acciones, Número, Cédula, Paciente / Recurso, Tipo y Fecha creación.",VISIBLE,HIGH,NOT_TESTABLE,Auditoría de evidencia fuente; la comparación funcional de la plataforma corresponde al hilo principal.,Evento localizado una sola vez en las hojas de contacto y contrastado con references/video-audit/chapters/CH14_inventario_movimientos_acuses_cierres_bodegas_y_kits/event_frames/CH14-E0049_00h42m14s800ms_stable_change.jpg.
CH14-E0050,00:42:16.400,references/video-audit/chapters/CH14_inventario_movimientos_acuses_cierres_bodegas_y_kits/event_frames/CH14-E0050_00h42m16s400ms_settled.jpg,references/video-audit/chapters/CH14_inventario_movimientos_acuses_cierres_bodegas_y_kits/detail_crops/CH14-E0050_00h42m16s400ms_DETAIL.jpg,Inventario / Cierres totales,"CH14-E0050 @ 00:42:16.400: El menú de un cierre total ofrece Editar, Imprimir, Aprobar y Cancelar.",Editar; Imprimir; Aprobar; Cancelar,"El menú de un cierre total ofrece Editar, Imprimir, Aprobar y Cancelar.",VISIBLE,HIGH,NOT_TESTABLE,Auditoría de evidencia fuente; la comparación funcional de la plataforma corresponde al hilo principal.,Evento localizado una sola vez en las hojas de contacto y contrastado con references/video-audit/chapters/CH14_inventario_movimientos_acuses_cierres_bodegas_y_kits/event_frames/CH14-E0050_00h42m16s400ms_settled.jpg; el recorte asociado references/video-audit/chapters/CH14_inventario_movimientos_acuses_cierres_bodegas_y_kits/detail_crops/CH14-E0050_00h42m16s400ms_DETAIL.jpg se abrió para comprobar el detalle.
CH14-E0051,00:42:19.600,references/video-audit/chapters/CH14_inventario_movimientos_acuses_cierres_bodegas_y_kits/event_frames/CH14-E0051_00h42m19s600ms_abrupt_change.jpg,,Inventario / Cierres totales,CH14-E0051 @ 00:42:19.600: La tabla conserva un cierre total de tipo Paciente después de cerrar el menú.,Cierres totales; Tipo Paciente; Fecha creación,La tabla conserva un cierre total de tipo Paciente después de cerrar el menú.,VISIBLE,HIGH,NOT_TESTABLE,Auditoría de evidencia fuente; la comparación funcional de la plataforma corresponde al hilo principal.,Evento localizado una sola vez en las hojas de contacto y contrastado con references/video-audit/chapters/CH14_inventario_movimientos_acuses_cierres_bodegas_y_kits/event_frames/CH14-E0051_00h42m19s600ms_abrupt_change.jpg.
CH14-E0052,00:42:20.200,references/video-audit/chapters/CH14_inventario_movimientos_acuses_cierres_bodegas_y_kits/event_frames/CH14-E0052_00h42m20s200ms_stable_change.jpg,,Navegación,"CH14-E0052 @ 00:42:20.200: Se recorren los menús laterales de Clínica, Agenda e Inventario sin cambiar aún la tabla de Cierres totales.",Clínica; Agenda; Inventario; Cierres totales,"Se recorren los menús laterales de Clínica, Agenda e Inventario sin cambiar aún la tabla de Cierres totales.",VISIBLE,HIGH,NOT_TESTABLE,Auditoría de evidencia fuente; la comparación funcional de la plataforma corresponde al hilo principal.,Evento localizado una sola vez en las hojas de contacto y contrastado con references/video-audit/chapters/CH14_inventario_movimientos_acuses_cierres_bodegas_y_kits/event_frames/CH14-E0052_00h42m20s200ms_stable_change.jpg.
CH14-E0053,00:42:22.200,references/video-audit/chapters/CH14_inventario_movimientos_acuses_cierres_bodegas_y_kits/event_frames/CH14-E0053_00h42m22s200ms_abrupt_change.jpg,references/video-audit/chapters/CH14_inventario_movimientos_acuses_cierres_bodegas_y_kits/detail_crops/CH14-E0053_00h42m22s200ms_DETAIL.jpg,Navegación,"CH14-E0053 @ 00:42:22.200: Se recorren los menús laterales de Clínica, Agenda e Inventario sin cambiar aún la tabla de Cierres totales.",Clínica; Agenda; Inventario; Cierres totales,"Se recorren los menús laterales de Clínica, Agenda e Inventario sin cambiar aún la tabla de Cierres totales.",VISIBLE,HIGH,NOT_TESTABLE,Auditoría de evidencia fuente; la comparación funcional de la plataforma corresponde al hilo principal.,Evento localizado una sola vez en las hojas de contacto y contrastado con references/video-audit/chapters/CH14_inventario_movimientos_acuses_cierres_bodegas_y_kits/event_frames/CH14-E0053_00h42m22s200ms_abrupt_change.jpg; el recorte asociado references/video-audit/chapters/CH14_inventario_movimientos_acuses_cierres_bodegas_y_kits/detail_crops/CH14-E0053_00h42m22s200ms_DETAIL.jpg se abrió para comprobar el detalle.
CH14-E0054,00:42:28.600,references/video-audit/chapters/CH14_inventario_movimientos_acuses_cierres_bodegas_y_kits/event_frames/CH14-E0054_00h42m28s600ms_settled.jpg,references/video-audit/chapters/CH14_inventario_movimientos_acuses_cierres_bodegas_y_kits/detail_crops/CH14-E0054_00h42m28s600ms_DETAIL.jpg,Navegación,"CH14-E0054 @ 00:42:28.600: Se recorren los menús laterales de Clínica, Agenda e Inventario sin cambiar aún la tabla de Cierres totales.",Clínica; Agenda; Inventario; Cierres totales,"Se recorren los menús laterales de Clínica, Agenda e Inventario sin cambiar aún la tabla de Cierres totales.",VISIBLE,HIGH,NOT_TESTABLE,Auditoría de evidencia fuente; la comparación funcional de la plataforma corresponde al hilo principal.,Evento localizado una sola vez en las hojas de contacto y contrastado con references/video-audit/chapters/CH14_inventario_movimientos_acuses_cierres_bodegas_y_kits/event_frames/CH14-E0054_00h42m28s600ms_settled.jpg; el recorte asociado references/video-audit/chapters/CH14_inventario_movimientos_acuses_cierres_bodegas_y_kits/detail_crops/CH14-E0054_00h42m28s600ms_DETAIL.jpg se abrió para comprobar el detalle.
CH14-E0055,00:42:32.400,references/video-audit/chapters/CH14_inventario_movimientos_acuses_cierres_bodegas_y_kits/event_frames/CH14-E0055_00h42m32s400ms_settled.jpg,references/video-audit/chapters/CH14_inventario_movimientos_acuses_cierres_bodegas_y_kits/detail_crops/CH14-E0055_00h42m32s400ms_DETAIL.jpg,Navegación,"CH14-E0055 @ 00:42:32.400: Se recorren los menús laterales de Clínica, Agenda e Inventario sin cambiar aún la tabla de Cierres totales.",Clínica; Agenda; Inventario; Cierres totales,"Se recorren los menús laterales de Clínica, Agenda e Inventario sin cambiar aún la tabla de Cierres totales.",VISIBLE,HIGH,NOT_TESTABLE,Auditoría de evidencia fuente; la comparación funcional de la plataforma corresponde al hilo principal.,Evento localizado una sola vez en las hojas de contacto y contrastado con references/video-audit/chapters/CH14_inventario_movimientos_acuses_cierres_bodegas_y_kits/event_frames/CH14-E0055_00h42m32s400ms_settled.jpg; el recorte asociado references/video-audit/chapters/CH14_inventario_movimientos_acuses_cierres_bodegas_y_kits/detail_crops/CH14-E0055_00h42m32s400ms_DETAIL.jpg se abrió para comprobar el detalle.
CH14-E0056,00:42:36.000,references/video-audit/chapters/CH14_inventario_movimientos_acuses_cierres_bodegas_y_kits/event_frames/CH14-E0056_00h42m36s000ms_settled.jpg,references/video-audit/chapters/CH14_inventario_movimientos_acuses_cierres_bodegas_y_kits/detail_crops/CH14-E0056_00h42m36s000ms_DETAIL.jpg,Navegación,"CH14-E0056 @ 00:42:36.000: Se recorren los menús laterales de Clínica, Agenda e Inventario sin cambiar aún la tabla de Cierres totales.",Clínica; Agenda; Inventario; Cierres totales,"Se recorren los menús laterales de Clínica, Agenda e Inventario sin cambiar aún la tabla de Cierres totales.",VISIBLE,HIGH,NOT_TESTABLE,Auditoría de evidencia fuente; la comparación funcional de la plataforma corresponde al hilo principal.,Evento localizado una sola vez en las hojas de contacto y contrastado con references/video-audit/chapters/CH14_inventario_movimientos_acuses_cierres_bodegas_y_kits/event_frames/CH14-E0056_00h42m36s000ms_settled.jpg; el recorte asociado references/video-audit/chapters/CH14_inventario_movimientos_acuses_cierres_bodegas_y_kits/detail_crops/CH14-E0056_00h42m36s000ms_DETAIL.jpg se abrió para comprobar el detalle.
CH14-E0057,00:42:37.800,references/video-audit/chapters/CH14_inventario_movimientos_acuses_cierres_bodegas_y_kits/event_frames/CH14-E0057_00h42m37s800ms_settled.jpg,references/video-audit/chapters/CH14_inventario_movimientos_acuses_cierres_bodegas_y_kits/detail_crops/CH14-E0057_00h42m37s800ms_DETAIL.jpg,Navegación,"CH14-E0057 @ 00:42:37.800: Se recorren los menús laterales de Clínica, Agenda e Inventario sin cambiar aún la tabla de Cierres totales.",Clínica; Agenda; Inventario; Cierres totales,"Se recorren los menús laterales de Clínica, Agenda e Inventario sin cambiar aún la tabla de Cierres totales.",VISIBLE,HIGH,NOT_TESTABLE,Auditoría de evidencia fuente; la comparación funcional de la plataforma corresponde al hilo principal.,Evento localizado una sola vez en las hojas de contacto y contrastado con references/video-audit/chapters/CH14_inventario_movimientos_acuses_cierres_bodegas_y_kits/event_frames/CH14-E0057_00h42m37s800ms_settled.jpg; el recorte asociado references/video-audit/chapters/CH14_inventario_movimientos_acuses_cierres_bodegas_y_kits/detail_crops/CH14-E0057_00h42m37s800ms_DETAIL.jpg se abrió para comprobar el detalle.
CH14-E0058,00:43:19.800,references/video-audit/chapters/CH14_inventario_movimientos_acuses_cierres_bodegas_y_kits/event_frames/CH14-E0058_00h43m19s800ms_settled.jpg,references/video-audit/chapters/CH14_inventario_movimientos_acuses_cierres_bodegas_y_kits/detail_crops/CH14-E0058_00h43m19s800ms_DETAIL.jpg,Navegación,"CH14-E0058 @ 00:43:19.800: Se recorren los menús laterales de Clínica, Agenda e Inventario sin cambiar aún la tabla de Cierres totales.",Clínica; Agenda; Inventario; Cierres totales,"Se recorren los menús laterales de Clínica, Agenda e Inventario sin cambiar aún la tabla de Cierres totales.",VISIBLE,HIGH,NOT_TESTABLE,Auditoría de evidencia fuente; la comparación funcional de la plataforma corresponde al hilo principal.,Evento localizado una sola vez en las hojas de contacto y contrastado con references/video-audit/chapters/CH14_inventario_movimientos_acuses_cierres_bodegas_y_kits/event_frames/CH14-E0058_00h43m19s800ms_settled.jpg; el recorte asociado references/video-audit/chapters/CH14_inventario_movimientos_acuses_cierres_bodegas_y_kits/detail_crops/CH14-E0058_00h43m19s800ms_DETAIL.jpg se abrió para comprobar el detalle.
CH14-E0059,00:43:21.200,references/video-audit/chapters/CH14_inventario_movimientos_acuses_cierres_bodegas_y_kits/event_frames/CH14-E0059_00h43m21s200ms_settled.jpg,references/video-audit/chapters/CH14_inventario_movimientos_acuses_cierres_bodegas_y_kits/detail_crops/CH14-E0059_00h43m21s200ms_DETAIL.jpg,Inventario / Proveedores,CH14-E0059 @ 00:43:21.200: Inventario / Proveedores abre la tabla y muestra su estado de carga antes de poblarla.,Proveedores; Código; Empresa; Contacto; Teléfono; Correo; Dirección; búsqueda,Inventario / Proveedores abre la tabla y muestra su estado de carga antes de poblarla.,VISIBLE,HIGH,NOT_TESTABLE,Auditoría de evidencia fuente; la comparación funcional de la plataforma corresponde al hilo principal.,Evento localizado una sola vez en las hojas de contacto y contrastado con references/video-audit/chapters/CH14_inventario_movimientos_acuses_cierres_bodegas_y_kits/event_frames/CH14-E0059_00h43m21s200ms_settled.jpg; el recorte asociado references/video-audit/chapters/CH14_inventario_movimientos_acuses_cierres_bodegas_y_kits/detail_crops/CH14-E0059_00h43m21s200ms_DETAIL.jpg se abrió para comprobar el detalle.
CH14-E0060,00:43:24.000,references/video-audit/chapters/CH14_inventario_movimientos_acuses_cierres_bodegas_y_kits/event_frames/CH14-E0060_00h43m24s000ms_abrupt_change.jpg,,Inventario / Proveedores,CH14-E0060 @ 00:43:24.000: Inventario / Proveedores abre la tabla y muestra su estado de carga antes de poblarla.,Proveedores; Código; Empresa; Contacto; Teléfono; Correo; Dirección; búsqueda,Inventario / Proveedores abre la tabla y muestra su estado de carga antes de poblarla.,VISIBLE,HIGH,NOT_TESTABLE,Auditoría de evidencia fuente; la comparación funcional de la plataforma corresponde al hilo principal.,Evento localizado una sola vez en las hojas de contacto y contrastado con references/video-audit/chapters/CH14_inventario_movimientos_acuses_cierres_bodegas_y_kits/event_frames/CH14-E0060_00h43m24s000ms_abrupt_change.jpg.
CH14-E0061,00:43:24.400,references/video-audit/chapters/CH14_inventario_movimientos_acuses_cierres_bodegas_y_kits/event_frames/CH14-E0061_00h43m24s400ms_abrupt_change.jpg,,Inventario / Proveedores,"CH14-E0061 @ 00:43:24.400: La tabla de proveedores presenta Código, Empresa, Contacto, Teléfono, Correo y Dirección; la captura recorre varias filas mediante desplazamiento.",Código; Empresa; Contacto; Teléfono; Correo; Dirección; paginación,"La tabla de proveedores presenta Código, Empresa, Contacto, Teléfono, Correo y Dirección; la captura recorre varias filas mediante desplazamiento.",VISIBLE,HIGH,NOT_TESTABLE,Auditoría de evidencia fuente; la comparación funcional de la plataforma corresponde al hilo principal.,Evento localizado una sola vez en las hojas de contacto y contrastado con references/video-audit/chapters/CH14_inventario_movimientos_acuses_cierres_bodegas_y_kits/event_frames/CH14-E0061_00h43m24s400ms_abrupt_change.jpg.
CH14-E0062,00:43:25.000,references/video-audit/chapters/CH14_inventario_movimientos_acuses_cierres_bodegas_y_kits/event_frames/CH14-E0062_00h43m25s000ms_stable_change.jpg,,Inventario / Proveedores,"CH14-E0062 @ 00:43:25.000: La tabla de proveedores presenta Código, Empresa, Contacto, Teléfono, Correo y Dirección; la captura recorre varias filas mediante desplazamiento.",Código; Empresa; Contacto; Teléfono; Correo; Dirección; paginación,"La tabla de proveedores presenta Código, Empresa, Contacto, Teléfono, Correo y Dirección; la captura recorre varias filas mediante desplazamiento.",VISIBLE,HIGH,NOT_TESTABLE,Auditoría de evidencia fuente; la comparación funcional de la plataforma corresponde al hilo principal.,Evento localizado una sola vez en las hojas de contacto y contrastado con references/video-audit/chapters/CH14_inventario_movimientos_acuses_cierres_bodegas_y_kits/event_frames/CH14-E0062_00h43m25s000ms_stable_change.jpg.
CH14-E0063,00:43:25.800,references/video-audit/chapters/CH14_inventario_movimientos_acuses_cierres_bodegas_y_kits/event_frames/CH14-E0063_00h43m25s800ms_abrupt_change.jpg,,Inventario / Proveedores,"CH14-E0063 @ 00:43:25.800: La tabla de proveedores presenta Código, Empresa, Contacto, Teléfono, Correo y Dirección; la captura recorre varias filas mediante desplazamiento.",Código; Empresa; Contacto; Teléfono; Correo; Dirección; paginación,"La tabla de proveedores presenta Código, Empresa, Contacto, Teléfono, Correo y Dirección; la captura recorre varias filas mediante desplazamiento.",VISIBLE,HIGH,NOT_TESTABLE,Auditoría de evidencia fuente; la comparación funcional de la plataforma corresponde al hilo principal.,Evento localizado una sola vez en las hojas de contacto y contrastado con references/video-audit/chapters/CH14_inventario_movimientos_acuses_cierres_bodegas_y_kits/event_frames/CH14-E0063_00h43m25s800ms_abrupt_change.jpg.
CH14-E0064,00:43:26.200,references/video-audit/chapters/CH14_inventario_movimientos_acuses_cierres_bodegas_y_kits/event_frames/CH14-E0064_00h43m26s200ms_abrupt_change.jpg,,Inventario / Proveedores,"CH14-E0064 @ 00:43:26.200: La tabla de proveedores presenta Código, Empresa, Contacto, Teléfono, Correo y Dirección; la captura recorre varias filas mediante desplazamiento.",Código; Empresa; Contacto; Teléfono; Correo; Dirección; paginación,"La tabla de proveedores presenta Código, Empresa, Contacto, Teléfono, Correo y Dirección; la captura recorre varias filas mediante desplazamiento.",VISIBLE,HIGH,NOT_TESTABLE,Auditoría de evidencia fuente; la comparación funcional de la plataforma corresponde al hilo principal.,Evento localizado una sola vez en las hojas de contacto y contrastado con references/video-audit/chapters/CH14_inventario_movimientos_acuses_cierres_bodegas_y_kits/event_frames/CH14-E0064_00h43m26s200ms_abrupt_change.jpg.
CH14-E0065,00:43:26.800,references/video-audit/chapters/CH14_inventario_movimientos_acuses_cierres_bodegas_y_kits/event_frames/CH14-E0065_00h43m26s800ms_abrupt_change.jpg,references/video-audit/chapters/CH14_inventario_movimientos_acuses_cierres_bodegas_y_kits/detail_crops/CH14-E0065_00h43m26s800ms_DETAIL.jpg,Inventario / Proveedores,"CH14-E0065 @ 00:43:26.800: La tabla de proveedores presenta Código, Empresa, Contacto, Teléfono, Correo y Dirección; la captura recorre varias filas mediante desplazamiento.",Código; Empresa; Contacto; Teléfono; Correo; Dirección; paginación,"La tabla de proveedores presenta Código, Empresa, Contacto, Teléfono, Correo y Dirección; la captura recorre varias filas mediante desplazamiento.",VISIBLE,HIGH,NOT_TESTABLE,Auditoría de evidencia fuente; la comparación funcional de la plataforma corresponde al hilo principal.,Evento localizado una sola vez en las hojas de contacto y contrastado con references/video-audit/chapters/CH14_inventario_movimientos_acuses_cierres_bodegas_y_kits/event_frames/CH14-E0065_00h43m26s800ms_abrupt_change.jpg; el recorte asociado references/video-audit/chapters/CH14_inventario_movimientos_acuses_cierres_bodegas_y_kits/detail_crops/CH14-E0065_00h43m26s800ms_DETAIL.jpg se abrió para comprobar el detalle.
CH14-E0066,00:43:27.200,references/video-audit/chapters/CH14_inventario_movimientos_acuses_cierres_bodegas_y_kits/event_frames/CH14-E0066_00h43m27s200ms_abrupt_change.jpg,references/video-audit/chapters/CH14_inventario_movimientos_acuses_cierres_bodegas_y_kits/detail_crops/CH14-E0066_00h43m27s200ms_DETAIL.jpg,Items / Bodegas,CH14-E0066 @ 00:43:27.200: Items / Bodegas abre con filtro de estado Activo y la tabla pasa por carga inicial.,Bodegas; Activo; Nombre; Descripción; Fecha de creación,Items / Bodegas abre con filtro de estado Activo y la tabla pasa por carga inicial.,VISIBLE,HIGH,NOT_TESTABLE,Auditoría de evidencia fuente; la comparación funcional de la plataforma corresponde al hilo principal.,Evento localizado una sola vez en las hojas de contacto y contrastado con references/video-audit/chapters/CH14_inventario_movimientos_acuses_cierres_bodegas_y_kits/event_frames/CH14-E0066_00h43m27s200ms_abrupt_change.jpg; el recorte asociado references/video-audit/chapters/CH14_inventario_movimientos_acuses_cierres_bodegas_y_kits/detail_crops/CH14-E0066_00h43m27s200ms_DETAIL.jpg se abrió para comprobar el detalle.
CH14-E0067,00:43:27.800,references/video-audit/chapters/CH14_inventario_movimientos_acuses_cierres_bodegas_y_kits/event_frames/CH14-E0067_00h43m27s800ms_stable_change.jpg,,Items / Bodegas,CH14-E0067 @ 00:43:27.800: Items / Bodegas abre con filtro de estado Activo y la tabla pasa por carga inicial.,Bodegas; Activo; Nombre; Descripción; Fecha de creación,Items / Bodegas abre con filtro de estado Activo y la tabla pasa por carga inicial.,VISIBLE,HIGH,NOT_TESTABLE,Auditoría de evidencia fuente; la comparación funcional de la plataforma corresponde al hilo principal.,Evento localizado una sola vez en las hojas de contacto y contrastado con references/video-audit/chapters/CH14_inventario_movimientos_acuses_cierres_bodegas_y_kits/event_frames/CH14-E0067_00h43m27s800ms_stable_change.jpg.
CH14-E0068,00:43:28.600,references/video-audit/chapters/CH14_inventario_movimientos_acuses_cierres_bodegas_y_kits/event_frames/CH14-E0068_00h43m28s600ms_settled.jpg,references/video-audit/chapters/CH14_inventario_movimientos_acuses_cierres_bodegas_y_kits/detail_crops/CH14-E0068_00h43m28s600ms_DETAIL.jpg,Items / Bodegas,"CH14-E0068 @ 00:43:28.600: El catálogo de bodegas muestra Nombre, Descripción y Fecha de creación, además de búsqueda, paginación y acciones por fila.",Activo; Acciones; Nombre; Descripción; Fecha de creación; búsqueda; paginación,"El catálogo de bodegas muestra Nombre, Descripción y Fecha de creación, además de búsqueda, paginación y acciones por fila.",VISIBLE,HIGH,NOT_TESTABLE,Auditoría de evidencia fuente; la comparación funcional de la plataforma corresponde al hilo principal.,Evento localizado una sola vez en las hojas de contacto y contrastado con references/video-audit/chapters/CH14_inventario_movimientos_acuses_cierres_bodegas_y_kits/event_frames/CH14-E0068_00h43m28s600ms_settled.jpg; el recorte asociado references/video-audit/chapters/CH14_inventario_movimientos_acuses_cierres_bodegas_y_kits/detail_crops/CH14-E0068_00h43m28s600ms_DETAIL.jpg se abrió para comprobar el detalle.
CH14-E0069,00:43:31.800,references/video-audit/chapters/CH14_inventario_movimientos_acuses_cierres_bodegas_y_kits/event_frames/CH14-E0069_00h43m31s800ms_abrupt_change.jpg,,Items / Bodegas,"CH14-E0069 @ 00:43:31.800: El catálogo de bodegas muestra Nombre, Descripción y Fecha de creación, además de búsqueda, paginación y acciones por fila.",Activo; Acciones; Nombre; Descripción; Fecha de creación; búsqueda; paginación,"El catálogo de bodegas muestra Nombre, Descripción y Fecha de creación, además de búsqueda, paginación y acciones por fila.",VISIBLE,HIGH,NOT_TESTABLE,Auditoría de evidencia fuente; la comparación funcional de la plataforma corresponde al hilo principal.,Evento localizado una sola vez en las hojas de contacto y contrastado con references/video-audit/chapters/CH14_inventario_movimientos_acuses_cierres_bodegas_y_kits/event_frames/CH14-E0069_00h43m31s800ms_abrupt_change.jpg.
CH14-E0070,00:43:32.400,references/video-audit/chapters/CH14_inventario_movimientos_acuses_cierres_bodegas_y_kits/event_frames/CH14-E0070_00h43m32s400ms_abrupt_change.jpg,,Items / Bodegas,"CH14-E0070 @ 00:43:32.400: El catálogo de bodegas muestra Nombre, Descripción y Fecha de creación, además de búsqueda, paginación y acciones por fila.",Activo; Acciones; Nombre; Descripción; Fecha de creación; búsqueda; paginación,"El catálogo de bodegas muestra Nombre, Descripción y Fecha de creación, además de búsqueda, paginación y acciones por fila.",VISIBLE,HIGH,NOT_TESTABLE,Auditoría de evidencia fuente; la comparación funcional de la plataforma corresponde al hilo principal.,Evento localizado una sola vez en las hojas de contacto y contrastado con references/video-audit/chapters/CH14_inventario_movimientos_acuses_cierres_bodegas_y_kits/event_frames/CH14-E0070_00h43m32s400ms_abrupt_change.jpg.
CH14-E0071,00:43:33.400,references/video-audit/chapters/CH14_inventario_movimientos_acuses_cierres_bodegas_y_kits/event_frames/CH14-E0071_00h43m33s400ms_settled.jpg,references/video-audit/chapters/CH14_inventario_movimientos_acuses_cierres_bodegas_y_kits/detail_crops/CH14-E0071_00h43m33s400ms_DETAIL.jpg,Items / Bodegas,"CH14-E0071 @ 00:43:33.400: El catálogo de bodegas muestra Nombre, Descripción y Fecha de creación, además de búsqueda, paginación y acciones por fila.",Activo; Acciones; Nombre; Descripción; Fecha de creación; búsqueda; paginación,"El catálogo de bodegas muestra Nombre, Descripción y Fecha de creación, además de búsqueda, paginación y acciones por fila.",VISIBLE,HIGH,NOT_TESTABLE,Auditoría de evidencia fuente; la comparación funcional de la plataforma corresponde al hilo principal.,Evento localizado una sola vez en las hojas de contacto y contrastado con references/video-audit/chapters/CH14_inventario_movimientos_acuses_cierres_bodegas_y_kits/event_frames/CH14-E0071_00h43m33s400ms_settled.jpg; el recorte asociado references/video-audit/chapters/CH14_inventario_movimientos_acuses_cierres_bodegas_y_kits/detail_crops/CH14-E0071_00h43m33s400ms_DETAIL.jpg se abrió para comprobar el detalle.
CH14-E0072,00:43:35.600,references/video-audit/chapters/CH14_inventario_movimientos_acuses_cierres_bodegas_y_kits/event_frames/CH14-E0072_00h43m35s600ms_abrupt_change.jpg,,Inventario: Lotes y números de serie,"CH14-E0072 @ 00:43:35.600: La pantalla abre con pestañas Lotes y Nros de serie, botón + Nuevo y una tabla inicialmente vacía o cargando.",Lotes; Nros de serie; + Nuevo; Acciones; Número; Descripción; Item; Fecha; Estado,"La pantalla abre con pestañas Lotes y Nros de serie, botón + Nuevo y una tabla inicialmente vacía o cargando.",VISIBLE,HIGH,NOT_TESTABLE,Auditoría de evidencia fuente; la comparación funcional de la plataforma corresponde al hilo principal.,Evento localizado una sola vez en las hojas de contacto y contrastado con references/video-audit/chapters/CH14_inventario_movimientos_acuses_cierres_bodegas_y_kits/event_frames/CH14-E0072_00h43m35s600ms_abrupt_change.jpg.
CH14-E0073,00:43:36.000,references/video-audit/chapters/CH14_inventario_movimientos_acuses_cierres_bodegas_y_kits/event_frames/CH14-E0073_00h43m36s000ms_abrupt_change.jpg,,Inventario: Lotes y números de serie,"CH14-E0073 @ 00:43:36.000: La pantalla abre con pestañas Lotes y Nros de serie, botón + Nuevo y una tabla inicialmente vacía o cargando.",Lotes; Nros de serie; + Nuevo; Acciones; Número; Descripción; Item; Fecha; Estado,"La pantalla abre con pestañas Lotes y Nros de serie, botón + Nuevo y una tabla inicialmente vacía o cargando.",VISIBLE,HIGH,NOT_TESTABLE,Auditoría de evidencia fuente; la comparación funcional de la plataforma corresponde al hilo principal.,Evento localizado una sola vez en las hojas de contacto y contrastado con references/video-audit/chapters/CH14_inventario_movimientos_acuses_cierres_bodegas_y_kits/event_frames/CH14-E0073_00h43m36s000ms_abrupt_change.jpg.
CH14-E0074,00:43:36.600,references/video-audit/chapters/CH14_inventario_movimientos_acuses_cierres_bodegas_y_kits/event_frames/CH14-E0074_00h43m36s600ms_abrupt_change.jpg,,Inventario: Lotes y números de serie,"CH14-E0074 @ 00:43:36.600: La tabla de Lotes carga registros activos con Número, Descripción, Item y rango Fecha E - Fecha V; varias filas muestran Fecha inválida resaltada en rojo.",Número; Descripción; Item; Fecha E - Fecha V; Fecha inválida; Estado Activo; paginación,"La tabla de Lotes carga registros activos con Número, Descripción, Item y rango Fecha E - Fecha V; varias filas muestran Fecha inválida resaltada en rojo.",VISIBLE,HIGH,NOT_TESTABLE,Auditoría de evidencia fuente; la comparación funcional de la plataforma corresponde al hilo principal.,Evento localizado una sola vez en las hojas de contacto y contrastado con references/video-audit/chapters/CH14_inventario_movimientos_acuses_cierres_bodegas_y_kits/event_frames/CH14-E0074_00h43m36s600ms_abrupt_change.jpg.
CH14-E0075,00:43:37.200,references/video-audit/chapters/CH14_inventario_movimientos_acuses_cierres_bodegas_y_kits/event_frames/CH14-E0075_00h43m37s200ms_stable_change.jpg,,Inventario: Lotes y números de serie,"CH14-E0075 @ 00:43:37.200: La tabla de Lotes carga registros activos con Número, Descripción, Item y rango Fecha E - Fecha V; varias filas muestran Fecha inválida resaltada en rojo.",Número; Descripción; Item; Fecha E - Fecha V; Fecha inválida; Estado Activo; paginación,"La tabla de Lotes carga registros activos con Número, Descripción, Item y rango Fecha E - Fecha V; varias filas muestran Fecha inválida resaltada en rojo.",VISIBLE,HIGH,NOT_TESTABLE,Auditoría de evidencia fuente; la comparación funcional de la plataforma corresponde al hilo principal.,Evento localizado una sola vez en las hojas de contacto y contrastado con references/video-audit/chapters/CH14_inventario_movimientos_acuses_cierres_bodegas_y_kits/event_frames/CH14-E0075_00h43m37s200ms_stable_change.jpg.
CH14-E0076,00:44:03.000,references/video-audit/chapters/CH14_inventario_movimientos_acuses_cierres_bodegas_y_kits/event_frames/CH14-E0076_00h44m03s000ms_abrupt_change.jpg,,Inventario: Lotes y números de serie,"CH14-E0076 @ 00:44:03.000: La tabla de Lotes carga registros activos con Número, Descripción, Item y rango Fecha E - Fecha V; varias filas muestran Fecha inválida resaltada en rojo.",Número; Descripción; Item; Fecha E - Fecha V; Fecha inválida; Estado Activo; paginación,"La tabla de Lotes carga registros activos con Número, Descripción, Item y rango Fecha E - Fecha V; varias filas muestran Fecha inválida resaltada en rojo.",VISIBLE,HIGH,NOT_TESTABLE,Auditoría de evidencia fuente; la comparación funcional de la plataforma corresponde al hilo principal.,Evento localizado una sola vez en las hojas de contacto y contrastado con references/video-audit/chapters/CH14_inventario_movimientos_acuses_cierres_bodegas_y_kits/event_frames/CH14-E0076_00h44m03s000ms_abrupt_change.jpg.
CH14-E0077,00:44:03.600,references/video-audit/chapters/CH14_inventario_movimientos_acuses_cierres_bodegas_y_kits/event_frames/CH14-E0077_00h44m03s600ms_stable_change.jpg,references/video-audit/chapters/CH14_inventario_movimientos_acuses_cierres_bodegas_y_kits/detail_crops/CH14-E0077_00h44m03s600ms_DETAIL.jpg,Inventario: Lotes y números de serie,"CH14-E0077 @ 00:44:03.600: La tabla de Lotes carga registros activos con Número, Descripción, Item y rango Fecha E - Fecha V; varias filas muestran Fecha inválida resaltada en rojo.",Número; Descripción; Item; Fecha E - Fecha V; Fecha inválida; Estado Activo; paginación,"La tabla de Lotes carga registros activos con Número, Descripción, Item y rango Fecha E - Fecha V; varias filas muestran Fecha inválida resaltada en rojo.",VISIBLE,HIGH,NOT_TESTABLE,Auditoría de evidencia fuente; la comparación funcional de la plataforma corresponde al hilo principal.,Evento localizado una sola vez en las hojas de contacto y contrastado con references/video-audit/chapters/CH14_inventario_movimientos_acuses_cierres_bodegas_y_kits/event_frames/CH14-E0077_00h44m03s600ms_stable_change.jpg; el recorte asociado references/video-audit/chapters/CH14_inventario_movimientos_acuses_cierres_bodegas_y_kits/detail_crops/CH14-E0077_00h44m03s600ms_DETAIL.jpg se abrió para comprobar el detalle.
CH14-E0078,00:44:04.600,references/video-audit/chapters/CH14_inventario_movimientos_acuses_cierres_bodegas_y_kits/event_frames/CH14-E0078_00h44m04s600ms_settled.jpg,references/video-audit/chapters/CH14_inventario_movimientos_acuses_cierres_bodegas_y_kits/detail_crops/CH14-E0078_00h44m04s600ms_DETAIL.jpg,Inventario: Lotes y números de serie,"CH14-E0078 @ 00:44:04.600: La tabla de Lotes carga registros activos con Número, Descripción, Item y rango Fecha E - Fecha V; varias filas muestran Fecha inválida resaltada en rojo.",Número; Descripción; Item; Fecha E - Fecha V; Fecha inválida; Estado Activo; paginación,"La tabla de Lotes carga registros activos con Número, Descripción, Item y rango Fecha E - Fecha V; varias filas muestran Fecha inválida resaltada en rojo.",VISIBLE,HIGH,NOT_TESTABLE,Auditoría de evidencia fuente; la comparación funcional de la plataforma corresponde al hilo principal.,Evento localizado una sola vez en las hojas de contacto y contrastado con references/video-audit/chapters/CH14_inventario_movimientos_acuses_cierres_bodegas_y_kits/event_frames/CH14-E0078_00h44m04s600ms_settled.jpg; el recorte asociado references/video-audit/chapters/CH14_inventario_movimientos_acuses_cierres_bodegas_y_kits/detail_crops/CH14-E0078_00h44m04s600ms_DETAIL.jpg se abrió para comprobar el detalle.
CH14-E0079,00:44:05.400,references/video-audit/chapters/CH14_inventario_movimientos_acuses_cierres_bodegas_y_kits/event_frames/CH14-E0079_00h44m05s400ms_settled.jpg,references/video-audit/chapters/CH14_inventario_movimientos_acuses_cierres_bodegas_y_kits/detail_crops/CH14-E0079_00h44m05s400ms_DETAIL.jpg,Inventario: Lotes y números de serie,"CH14-E0079 @ 00:44:05.400: La tabla de Lotes carga registros activos con Número, Descripción, Item y rango Fecha E - Fecha V; varias filas muestran Fecha inválida resaltada en rojo.",Número; Descripción; Item; Fecha E - Fecha V; Fecha inválida; Estado Activo; paginación,"La tabla de Lotes carga registros activos con Número, Descripción, Item y rango Fecha E - Fecha V; varias filas muestran Fecha inválida resaltada en rojo.",VISIBLE,HIGH,NOT_TESTABLE,Auditoría de evidencia fuente; la comparación funcional de la plataforma corresponde al hilo principal.,Evento localizado una sola vez en las hojas de contacto y contrastado con references/video-audit/chapters/CH14_inventario_movimientos_acuses_cierres_bodegas_y_kits/event_frames/CH14-E0079_00h44m05s400ms_settled.jpg; el recorte asociado references/video-audit/chapters/CH14_inventario_movimientos_acuses_cierres_bodegas_y_kits/detail_crops/CH14-E0079_00h44m05s400ms_DETAIL.jpg se abrió para comprobar el detalle.
CH14-E0080,00:44:09.800,references/video-audit/chapters/CH14_inventario_movimientos_acuses_cierres_bodegas_y_kits/event_frames/CH14-E0080_00h44m09s800ms_abrupt_change.jpg,,Navegación de Inventario,CH14-E0080 @ 00:44:09.800: El submenú de inventario se despliega sobre la tabla de lotes para abrir Kit de insumos.,Kit de insumos; Lotes / Series; Bodegas; Proveedores,El submenú de inventario se despliega sobre la tabla de lotes para abrir Kit de insumos.,VISIBLE,HIGH,NOT_TESTABLE,Auditoría de evidencia fuente; la comparación funcional de la plataforma corresponde al hilo principal.,Evento localizado una sola vez en las hojas de contacto y contrastado con references/video-audit/chapters/CH14_inventario_movimientos_acuses_cierres_bodegas_y_kits/event_frames/CH14-E0080_00h44m09s800ms_abrupt_change.jpg.
CH14-E0081,00:44:10.400,references/video-audit/chapters/CH14_inventario_movimientos_acuses_cierres_bodegas_y_kits/event_frames/CH14-E0081_00h44m10s400ms_abrupt_change.jpg,,Inventario / Kit de insumos,CH14-E0081 @ 00:44:10.400: Kit de insumos abre el Listado con Excel y + Nuevo; la tabla pasa de estado vacío y Cargando a datos.,Listado; Excel; + Nuevo; Acciones; Nombre; Actualizado por; Fecha actualización,Kit de insumos abre el Listado con Excel y + Nuevo; la tabla pasa de estado vacío y Cargando a datos.,VISIBLE,HIGH,NOT_TESTABLE,Auditoría de evidencia fuente; la comparación funcional de la plataforma corresponde al hilo principal.,Evento localizado una sola vez en las hojas de contacto y contrastado con references/video-audit/chapters/CH14_inventario_movimientos_acuses_cierres_bodegas_y_kits/event_frames/CH14-E0081_00h44m10s400ms_abrupt_change.jpg.
CH14-E0082,00:44:11.400,references/video-audit/chapters/CH14_inventario_movimientos_acuses_cierres_bodegas_y_kits/event_frames/CH14-E0082_00h44m11s400ms_abrupt_change.jpg,references/video-audit/chapters/CH14_inventario_movimientos_acuses_cierres_bodegas_y_kits/detail_crops/CH14-E0082_00h44m11s400ms_DETAIL.jpg,Inventario / Kit de insumos,CH14-E0082 @ 00:44:11.400: Kit de insumos abre el Listado con Excel y + Nuevo; la tabla pasa de estado vacío y Cargando a datos.,Listado; Excel; + Nuevo; Acciones; Nombre; Actualizado por; Fecha actualización,Kit de insumos abre el Listado con Excel y + Nuevo; la tabla pasa de estado vacío y Cargando a datos.,VISIBLE,HIGH,NOT_TESTABLE,Auditoría de evidencia fuente; la comparación funcional de la plataforma corresponde al hilo principal.,Evento localizado una sola vez en las hojas de contacto y contrastado con references/video-audit/chapters/CH14_inventario_movimientos_acuses_cierres_bodegas_y_kits/event_frames/CH14-E0082_00h44m11s400ms_abrupt_change.jpg; el recorte asociado references/video-audit/chapters/CH14_inventario_movimientos_acuses_cierres_bodegas_y_kits/detail_crops/CH14-E0082_00h44m11s400ms_DETAIL.jpg se abrió para comprobar el detalle.
CH14-E0083,00:44:13.000,references/video-audit/chapters/CH14_inventario_movimientos_acuses_cierres_bodegas_y_kits/event_frames/CH14-E0083_00h44m13s000ms_abrupt_change.jpg,references/video-audit/chapters/CH14_inventario_movimientos_acuses_cierres_bodegas_y_kits/detail_crops/CH14-E0083_00h44m13s000ms_DETAIL.jpg,Inventario / Kit de insumos,CH14-E0083 @ 00:44:13.000: Kit de insumos abre el Listado con Excel y + Nuevo; la tabla pasa de estado vacío y Cargando a datos.,Listado; Excel; + Nuevo; Acciones; Nombre; Actualizado por; Fecha actualización,Kit de insumos abre el Listado con Excel y + Nuevo; la tabla pasa de estado vacío y Cargando a datos.,VISIBLE,HIGH,NOT_TESTABLE,Auditoría de evidencia fuente; la comparación funcional de la plataforma corresponde al hilo principal.,Evento localizado una sola vez en las hojas de contacto y contrastado con references/video-audit/chapters/CH14_inventario_movimientos_acuses_cierres_bodegas_y_kits/event_frames/CH14-E0083_00h44m13s000ms_abrupt_change.jpg; el recorte asociado references/video-audit/chapters/CH14_inventario_movimientos_acuses_cierres_bodegas_y_kits/detail_crops/CH14-E0083_00h44m13s000ms_DETAIL.jpg se abrió para comprobar el detalle.
CH14-E0084,00:44:13.600,references/video-audit/chapters/CH14_inventario_movimientos_acuses_cierres_bodegas_y_kits/event_frames/CH14-E0084_00h44m13s600ms_stable_change.jpg,references/video-audit/chapters/CH14_inventario_movimientos_acuses_cierres_bodegas_y_kits/detail_crops/CH14-E0084_00h44m13s600ms_DETAIL.jpg,Inventario / Kit de insumos,"CH14-E0084 @ 00:44:13.600: El listado muestra kits con Nombre, Actualizado por y Fecha actualización, junto con búsqueda y paginación.",Acciones; Nombre; Actualizado por; Fecha actualización; búsqueda; paginación,"El listado muestra kits con Nombre, Actualizado por y Fecha actualización, junto con búsqueda y paginación.",VISIBLE,HIGH,NOT_TESTABLE,Auditoría de evidencia fuente; la comparación funcional de la plataforma corresponde al hilo principal.,Evento localizado una sola vez en las hojas de contacto y contrastado con references/video-audit/chapters/CH14_inventario_movimientos_acuses_cierres_bodegas_y_kits/event_frames/CH14-E0084_00h44m13s600ms_stable_change.jpg; el recorte asociado references/video-audit/chapters/CH14_inventario_movimientos_acuses_cierres_bodegas_y_kits/detail_crops/CH14-E0084_00h44m13s600ms_DETAIL.jpg se abrió para comprobar el detalle.
CH14-E0085,00:44:18.200,references/video-audit/chapters/CH14_inventario_movimientos_acuses_cierres_bodegas_y_kits/event_frames/CH14-E0085_00h44m18s200ms_abrupt_change.jpg,,Inventario / Kit de insumos,"CH14-E0085 @ 00:44:18.200: El listado muestra kits con Nombre, Actualizado por y Fecha actualización, junto con búsqueda y paginación.",Acciones; Nombre; Actualizado por; Fecha actualización; búsqueda; paginación,"El listado muestra kits con Nombre, Actualizado por y Fecha actualización, junto con búsqueda y paginación.",VISIBLE,HIGH,NOT_TESTABLE,Auditoría de evidencia fuente; la comparación funcional de la plataforma corresponde al hilo principal.,Evento localizado una sola vez en las hojas de contacto y contrastado con references/video-audit/chapters/CH14_inventario_movimientos_acuses_cierres_bodegas_y_kits/event_frames/CH14-E0085_00h44m18s200ms_abrupt_change.jpg.
CH14-E0086,00:44:18.600,references/video-audit/chapters/CH14_inventario_movimientos_acuses_cierres_bodegas_y_kits/event_frames/CH14-E0086_00h44m18s600ms_abrupt_change.jpg,,Inventario / Kit de insumos,"CH14-E0086 @ 00:44:18.600: El listado muestra kits con Nombre, Actualizado por y Fecha actualización, junto con búsqueda y paginación.",Acciones; Nombre; Actualizado por; Fecha actualización; búsqueda; paginación,"El listado muestra kits con Nombre, Actualizado por y Fecha actualización, junto con búsqueda y paginación.",VISIBLE,HIGH,NOT_TESTABLE,Auditoría de evidencia fuente; la comparación funcional de la plataforma corresponde al hilo principal.,Evento localizado una sola vez en las hojas de contacto y contrastado con references/video-audit/chapters/CH14_inventario_movimientos_acuses_cierres_bodegas_y_kits/event_frames/CH14-E0086_00h44m18s600ms_abrupt_change.jpg.
CH14-E0087,00:44:19.400,references/video-audit/chapters/CH14_inventario_movimientos_acuses_cierres_bodegas_y_kits/event_frames/CH14-E0087_00h44m19s400ms_stable_change.jpg,,Inventario / Kit de insumos,"CH14-E0087 @ 00:44:19.400: El listado muestra kits con Nombre, Actualizado por y Fecha actualización, junto con búsqueda y paginación.",Acciones; Nombre; Actualizado por; Fecha actualización; búsqueda; paginación,"El listado muestra kits con Nombre, Actualizado por y Fecha actualización, junto con búsqueda y paginación.",VISIBLE,HIGH,NOT_TESTABLE,Auditoría de evidencia fuente; la comparación funcional de la plataforma corresponde al hilo principal.,Evento localizado una sola vez en las hojas de contacto y contrastado con references/video-audit/chapters/CH14_inventario_movimientos_acuses_cierres_bodegas_y_kits/event_frames/CH14-E0087_00h44m19s400ms_stable_change.jpg.
CH14-E0088,00:44:20.000,references/video-audit/chapters/CH14_inventario_movimientos_acuses_cierres_bodegas_y_kits/event_frames/CH14-E0088_00h44m20s000ms_stable_change.jpg,,Inventario / Kit de insumos,"CH14-E0088 @ 00:44:20.000: El listado muestra kits con Nombre, Actualizado por y Fecha actualización, junto con búsqueda y paginación.",Acciones; Nombre; Actualizado por; Fecha actualización; búsqueda; paginación,"El listado muestra kits con Nombre, Actualizado por y Fecha actualización, junto con búsqueda y paginación.",VISIBLE,HIGH,NOT_TESTABLE,Auditoría de evidencia fuente; la comparación funcional de la plataforma corresponde al hilo principal.,Evento localizado una sola vez en las hojas de contacto y contrastado con references/video-audit/chapters/CH14_inventario_movimientos_acuses_cierres_bodegas_y_kits/event_frames/CH14-E0088_00h44m20s000ms_stable_change.jpg.
CH14-E0089,00:44:23.000,references/video-audit/chapters/CH14_inventario_movimientos_acuses_cierres_bodegas_y_kits/event_frames/CH14-E0089_00h44m23s000ms_abrupt_change.jpg,references/video-audit/chapters/CH14_inventario_movimientos_acuses_cierres_bodegas_y_kits/detail_crops/CH14-E0089_00h44m23s000ms_DETAIL.jpg,Inventario / Kit de insumos,"CH14-E0089 @ 00:44:23.000: El menú de acciones de un kit ofrece Editar, Duplicar y Eliminar.",Editar; Duplicar; Eliminar,"El menú de acciones de un kit ofrece Editar, Duplicar y Eliminar.",VISIBLE,HIGH,NOT_TESTABLE,Auditoría de evidencia fuente; la comparación funcional de la plataforma corresponde al hilo principal.,Evento localizado una sola vez en las hojas de contacto y contrastado con references/video-audit/chapters/CH14_inventario_movimientos_acuses_cierres_bodegas_y_kits/event_frames/CH14-E0089_00h44m23s000ms_abrupt_change.jpg; el recorte asociado references/video-audit/chapters/CH14_inventario_movimientos_acuses_cierres_bodegas_y_kits/detail_crops/CH14-E0089_00h44m23s000ms_DETAIL.jpg se abrió para comprobar el detalle.
CH14-E0090,00:44:23.400,references/video-audit/chapters/CH14_inventario_movimientos_acuses_cierres_bodegas_y_kits/event_frames/CH14-E0090_00h44m23s400ms_abrupt_change.jpg,,Inventario / Kit de insumos,CH14-E0090 @ 00:44:23.400: La vista se oscurece mientras se abre el editor del kit seleccionado.,apertura del editor; superposición,La vista se oscurece mientras se abre el editor del kit seleccionado.,VISIBLE,HIGH,NOT_TESTABLE,Auditoría de evidencia fuente; la comparación funcional de la plataforma corresponde al hilo principal.,Evento localizado una sola vez en las hojas de contacto y contrastado con references/video-audit/chapters/CH14_inventario_movimientos_acuses_cierres_bodegas_y_kits/event_frames/CH14-E0090_00h44m23s400ms_abrupt_change.jpg.
CH14-E0091,00:44:23.800,references/video-audit/chapters/CH14_inventario_movimientos_acuses_cierres_bodegas_y_kits/event_frames/CH14-E0091_00h44m23s800ms_abrupt_change.jpg,references/video-audit/chapters/CH14_inventario_movimientos_acuses_cierres_bodegas_y_kits/detail_crops/CH14-E0091_00h44m23s800ms_DETAIL.jpg,Inventario / Kit de insumos / Editar kit,"CH14-E0091 @ 00:44:23.800: El modal Editar Kit muestra Nombre, selector Item, Cantidad y Añadir; debajo lista componentes de tipo Insumos con cantidades editables y botones rojos para quitar, recorridos mediante desplazamiento.",Nombre; Item; Cantidad; Añadir; Quitar; Tipo; componente; cantidad editable,"El modal Editar Kit muestra Nombre, selector Item, Cantidad y Añadir; debajo lista componentes de tipo Insumos con cantidades editables y botones rojos para quitar, recorridos mediante desplazamiento.",VISIBLE,HIGH,NOT_TESTABLE,Auditoría de evidencia fuente; la comparación funcional de la plataforma corresponde al hilo principal.,Evento localizado una sola vez en las hojas de contacto y contrastado con references/video-audit/chapters/CH14_inventario_movimientos_acuses_cierres_bodegas_y_kits/event_frames/CH14-E0091_00h44m23s800ms_abrupt_change.jpg; el recorte asociado references/video-audit/chapters/CH14_inventario_movimientos_acuses_cierres_bodegas_y_kits/detail_crops/CH14-E0091_00h44m23s800ms_DETAIL.jpg se abrió para comprobar el detalle.
CH14-E0092,00:44:24.400,references/video-audit/chapters/CH14_inventario_movimientos_acuses_cierres_bodegas_y_kits/event_frames/CH14-E0092_00h44m24s400ms_abrupt_change.jpg,,Inventario / Kit de insumos / Editar kit,"CH14-E0092 @ 00:44:24.400: El modal Editar Kit muestra Nombre, selector Item, Cantidad y Añadir; debajo lista componentes de tipo Insumos con cantidades editables y botones rojos para quitar, recorridos mediante desplazamiento.",Nombre; Item; Cantidad; Añadir; Quitar; Tipo; componente; cantidad editable,"El modal Editar Kit muestra Nombre, selector Item, Cantidad y Añadir; debajo lista componentes de tipo Insumos con cantidades editables y botones rojos para quitar, recorridos mediante desplazamiento.",VISIBLE,HIGH,NOT_TESTABLE,Auditoría de evidencia fuente; la comparación funcional de la plataforma corresponde al hilo principal.,Evento localizado una sola vez en las hojas de contacto y contrastado con references/video-audit/chapters/CH14_inventario_movimientos_acuses_cierres_bodegas_y_kits/event_frames/CH14-E0092_00h44m24s400ms_abrupt_change.jpg.
CH14-E0093,00:44:25.200,references/video-audit/chapters/CH14_inventario_movimientos_acuses_cierres_bodegas_y_kits/event_frames/CH14-E0093_00h44m25s200ms_stable_change.jpg,,Inventario / Kit de insumos / Editar kit,"CH14-E0093 @ 00:44:25.200: El modal Editar Kit muestra Nombre, selector Item, Cantidad y Añadir; debajo lista componentes de tipo Insumos con cantidades editables y botones rojos para quitar, recorridos mediante desplazamiento.",Nombre; Item; Cantidad; Añadir; Quitar; Tipo; componente; cantidad editable,"El modal Editar Kit muestra Nombre, selector Item, Cantidad y Añadir; debajo lista componentes de tipo Insumos con cantidades editables y botones rojos para quitar, recorridos mediante desplazamiento.",VISIBLE,HIGH,NOT_TESTABLE,Auditoría de evidencia fuente; la comparación funcional de la plataforma corresponde al hilo principal.,Evento localizado una sola vez en las hojas de contacto y contrastado con references/video-audit/chapters/CH14_inventario_movimientos_acuses_cierres_bodegas_y_kits/event_frames/CH14-E0093_00h44m25s200ms_stable_change.jpg.
CH14-E0094,00:44:29.000,references/video-audit/chapters/CH14_inventario_movimientos_acuses_cierres_bodegas_y_kits/event_frames/CH14-E0094_00h44m29s000ms_abrupt_change.jpg,,Inventario / Kit de insumos / Editar kit,"CH14-E0094 @ 00:44:29.000: El modal Editar Kit muestra Nombre, selector Item, Cantidad y Añadir; debajo lista componentes de tipo Insumos con cantidades editables y botones rojos para quitar, recorridos mediante desplazamiento.",Nombre; Item; Cantidad; Añadir; Quitar; Tipo; componente; cantidad editable,"El modal Editar Kit muestra Nombre, selector Item, Cantidad y Añadir; debajo lista componentes de tipo Insumos con cantidades editables y botones rojos para quitar, recorridos mediante desplazamiento.",VISIBLE,HIGH,NOT_TESTABLE,Auditoría de evidencia fuente; la comparación funcional de la plataforma corresponde al hilo principal.,Evento localizado una sola vez en las hojas de contacto y contrastado con references/video-audit/chapters/CH14_inventario_movimientos_acuses_cierres_bodegas_y_kits/event_frames/CH14-E0094_00h44m29s000ms_abrupt_change.jpg.
CH14-E0095,00:44:29.400,references/video-audit/chapters/CH14_inventario_movimientos_acuses_cierres_bodegas_y_kits/event_frames/CH14-E0095_00h44m29s400ms_abrupt_change.jpg,,Inventario / Kit de insumos / Editar kit,"CH14-E0095 @ 00:44:29.400: El modal Editar Kit muestra Nombre, selector Item, Cantidad y Añadir; debajo lista componentes de tipo Insumos con cantidades editables y botones rojos para quitar, recorridos mediante desplazamiento.",Nombre; Item; Cantidad; Añadir; Quitar; Tipo; componente; cantidad editable,"El modal Editar Kit muestra Nombre, selector Item, Cantidad y Añadir; debajo lista componentes de tipo Insumos con cantidades editables y botones rojos para quitar, recorridos mediante desplazamiento.",VISIBLE,HIGH,NOT_TESTABLE,Auditoría de evidencia fuente; la comparación funcional de la plataforma corresponde al hilo principal.,Evento localizado una sola vez en las hojas de contacto y contrastado con references/video-audit/chapters/CH14_inventario_movimientos_acuses_cierres_bodegas_y_kits/event_frames/CH14-E0095_00h44m29s400ms_abrupt_change.jpg.
CH14-E0096,00:44:29.800,references/video-audit/chapters/CH14_inventario_movimientos_acuses_cierres_bodegas_y_kits/event_frames/CH14-E0096_00h44m29s800ms_abrupt_change.jpg,,Inventario / Kit de insumos / Editar kit,"CH14-E0096 @ 00:44:29.800: El modal Editar Kit muestra Nombre, selector Item, Cantidad y Añadir; debajo lista componentes de tipo Insumos con cantidades editables y botones rojos para quitar, recorridos mediante desplazamiento.",Nombre; Item; Cantidad; Añadir; Quitar; Tipo; componente; cantidad editable,"El modal Editar Kit muestra Nombre, selector Item, Cantidad y Añadir; debajo lista componentes de tipo Insumos con cantidades editables y botones rojos para quitar, recorridos mediante desplazamiento.",VISIBLE,HIGH,NOT_TESTABLE,Auditoría de evidencia fuente; la comparación funcional de la plataforma corresponde al hilo principal.,Evento localizado una sola vez en las hojas de contacto y contrastado con references/video-audit/chapters/CH14_inventario_movimientos_acuses_cierres_bodegas_y_kits/event_frames/CH14-E0096_00h44m29s800ms_abrupt_change.jpg.
CH14-E0097,00:44:30.800,references/video-audit/chapters/CH14_inventario_movimientos_acuses_cierres_bodegas_y_kits/event_frames/CH14-E0097_00h44m30s800ms_abrupt_change.jpg,,Inventario / Kit de insumos / Editar kit,"CH14-E0097 @ 00:44:30.800: El modal Editar Kit muestra Nombre, selector Item, Cantidad y Añadir; debajo lista componentes de tipo Insumos con cantidades editables y botones rojos para quitar, recorridos mediante desplazamiento.",Nombre; Item; Cantidad; Añadir; Quitar; Tipo; componente; cantidad editable,"El modal Editar Kit muestra Nombre, selector Item, Cantidad y Añadir; debajo lista componentes de tipo Insumos con cantidades editables y botones rojos para quitar, recorridos mediante desplazamiento.",VISIBLE,HIGH,NOT_TESTABLE,Auditoría de evidencia fuente; la comparación funcional de la plataforma corresponde al hilo principal.,Evento localizado una sola vez en las hojas de contacto y contrastado con references/video-audit/chapters/CH14_inventario_movimientos_acuses_cierres_bodegas_y_kits/event_frames/CH14-E0097_00h44m30s800ms_abrupt_change.jpg.
CH14-E0098,00:44:31.400,references/video-audit/chapters/CH14_inventario_movimientos_acuses_cierres_bodegas_y_kits/event_frames/CH14-E0098_00h44m31s400ms_abrupt_change.jpg,,Inventario / Kit de insumos / Editar kit,"CH14-E0098 @ 00:44:31.400: El modal Editar Kit muestra Nombre, selector Item, Cantidad y Añadir; debajo lista componentes de tipo Insumos con cantidades editables y botones rojos para quitar, recorridos mediante desplazamiento.",Nombre; Item; Cantidad; Añadir; Quitar; Tipo; componente; cantidad editable,"El modal Editar Kit muestra Nombre, selector Item, Cantidad y Añadir; debajo lista componentes de tipo Insumos con cantidades editables y botones rojos para quitar, recorridos mediante desplazamiento.",VISIBLE,HIGH,NOT_TESTABLE,Auditoría de evidencia fuente; la comparación funcional de la plataforma corresponde al hilo principal.,Evento localizado una sola vez en las hojas de contacto y contrastado con references/video-audit/chapters/CH14_inventario_movimientos_acuses_cierres_bodegas_y_kits/event_frames/CH14-E0098_00h44m31s400ms_abrupt_change.jpg.
CH14-E0099,00:44:31.800,references/video-audit/chapters/CH14_inventario_movimientos_acuses_cierres_bodegas_y_kits/event_frames/CH14-E0099_00h44m31s800ms_abrupt_change.jpg,references/video-audit/chapters/CH14_inventario_movimientos_acuses_cierres_bodegas_y_kits/detail_crops/CH14-E0099_00h44m31s800ms_DETAIL.jpg,Inventario / Kit de insumos / Editar kit,"CH14-E0099 @ 00:44:31.800: El modal Editar Kit muestra Nombre, selector Item, Cantidad y Añadir; debajo lista componentes de tipo Insumos con cantidades editables y botones rojos para quitar, recorridos mediante desplazamiento.",Nombre; Item; Cantidad; Añadir; Quitar; Tipo; componente; cantidad editable,"El modal Editar Kit muestra Nombre, selector Item, Cantidad y Añadir; debajo lista componentes de tipo Insumos con cantidades editables y botones rojos para quitar, recorridos mediante desplazamiento.",VISIBLE,HIGH,NOT_TESTABLE,Auditoría de evidencia fuente; la comparación funcional de la plataforma corresponde al hilo principal.,Evento localizado una sola vez en las hojas de contacto y contrastado con references/video-audit/chapters/CH14_inventario_movimientos_acuses_cierres_bodegas_y_kits/event_frames/CH14-E0099_00h44m31s800ms_abrupt_change.jpg; el recorte asociado references/video-audit/chapters/CH14_inventario_movimientos_acuses_cierres_bodegas_y_kits/detail_crops/CH14-E0099_00h44m31s800ms_DETAIL.jpg se abrió para comprobar el detalle.
CH14-E0100,00:44:32.400,references/video-audit/chapters/CH14_inventario_movimientos_acuses_cierres_bodegas_y_kits/event_frames/CH14-E0100_00h44m32s400ms_abrupt_change.jpg,references/video-audit/chapters/CH14_inventario_movimientos_acuses_cierres_bodegas_y_kits/detail_crops/CH14-E0100_00h44m32s400ms_DETAIL.jpg,Inventario / Kit de insumos,CH14-E0100 @ 00:44:32.400: Se cierra el editor y reaparece el listado paginado de kits con sus fechas de actualización.,Listado; Nombre; Actualizado por; Fecha actualización; paginación,Se cierra el editor y reaparece el listado paginado de kits con sus fechas de actualización.,VISIBLE,HIGH,NOT_TESTABLE,Auditoría de evidencia fuente; la comparación funcional de la plataforma corresponde al hilo principal.,Evento localizado una sola vez en las hojas de contacto y contrastado con references/video-audit/chapters/CH14_inventario_movimientos_acuses_cierres_bodegas_y_kits/event_frames/CH14-E0100_00h44m32s400ms_abrupt_change.jpg; el recorte asociado references/video-audit/chapters/CH14_inventario_movimientos_acuses_cierres_bodegas_y_kits/detail_crops/CH14-E0100_00h44m32s400ms_DETAIL.jpg se abrió para comprobar el detalle.
CH14-E0101,00:44:33.000,references/video-audit/chapters/CH14_inventario_movimientos_acuses_cierres_bodegas_y_kits/event_frames/CH14-E0101_00h44m33s000ms_stable_change.jpg,references/video-audit/chapters/CH14_inventario_movimientos_acuses_cierres_bodegas_y_kits/detail_crops/CH14-E0101_00h44m33s000ms_DETAIL.jpg,Inventario / Kit de insumos,CH14-E0101 @ 00:44:33.000: Se cierra el editor y reaparece el listado paginado de kits con sus fechas de actualización.,Listado; Nombre; Actualizado por; Fecha actualización; paginación,Se cierra el editor y reaparece el listado paginado de kits con sus fechas de actualización.,VISIBLE,HIGH,NOT_TESTABLE,Auditoría de evidencia fuente; la comparación funcional de la plataforma corresponde al hilo principal.,Evento localizado una sola vez en las hojas de contacto y contrastado con references/video-audit/chapters/CH14_inventario_movimientos_acuses_cierres_bodegas_y_kits/event_frames/CH14-E0101_00h44m33s000ms_stable_change.jpg; el recorte asociado references/video-audit/chapters/CH14_inventario_movimientos_acuses_cierres_bodegas_y_kits/detail_crops/CH14-E0101_00h44m33s000ms_DETAIL.jpg se abrió para comprobar el detalle.
CH14-E0102,00:44:33.600,references/video-audit/chapters/CH14_inventario_movimientos_acuses_cierres_bodegas_y_kits/event_frames/CH14-E0102_00h44m33s600ms_stable_change.jpg,references/video-audit/chapters/CH14_inventario_movimientos_acuses_cierres_bodegas_y_kits/detail_crops/CH14-E0102_00h44m33s600ms_DETAIL.jpg,Inventario / Kit de insumos,CH14-E0102 @ 00:44:33.600: Se cierra el editor y reaparece el listado paginado de kits con sus fechas de actualización.,Listado; Nombre; Actualizado por; Fecha actualización; paginación,Se cierra el editor y reaparece el listado paginado de kits con sus fechas de actualización.,VISIBLE,HIGH,NOT_TESTABLE,Auditoría de evidencia fuente; la comparación funcional de la plataforma corresponde al hilo principal.,Evento localizado una sola vez en las hojas de contacto y contrastado con references/video-audit/chapters/CH14_inventario_movimientos_acuses_cierres_bodegas_y_kits/event_frames/CH14-E0102_00h44m33s600ms_stable_change.jpg; el recorte asociado references/video-audit/chapters/CH14_inventario_movimientos_acuses_cierres_bodegas_y_kits/detail_crops/CH14-E0102_00h44m33s600ms_DETAIL.jpg se abrió para comprobar el detalle.
CH14-E0103,00:44:34.600,references/video-audit/chapters/CH14_inventario_movimientos_acuses_cierres_bodegas_y_kits/event_frames/CH14-E0103_00h44m34s600ms_motion_progress.jpg,references/video-audit/chapters/CH14_inventario_movimientos_acuses_cierres_bodegas_y_kits/detail_crops/CH14-E0103_00h44m34s600ms_DETAIL.jpg,Inventario / Kit de insumos,CH14-E0103 @ 00:44:34.600: Se cierra el editor y reaparece el listado paginado de kits con sus fechas de actualización.,Listado; Nombre; Actualizado por; Fecha actualización; paginación,Se cierra el editor y reaparece el listado paginado de kits con sus fechas de actualización.,VISIBLE,HIGH,NOT_TESTABLE,Auditoría de evidencia fuente; la comparación funcional de la plataforma corresponde al hilo principal.,Evento localizado una sola vez en las hojas de contacto y contrastado con references/video-audit/chapters/CH14_inventario_movimientos_acuses_cierres_bodegas_y_kits/event_frames/CH14-E0103_00h44m34s600ms_motion_progress.jpg; el recorte asociado references/video-audit/chapters/CH14_inventario_movimientos_acuses_cierres_bodegas_y_kits/detail_crops/CH14-E0103_00h44m34s600ms_DETAIL.jpg se abrió para comprobar el detalle.
CH14-E0104,00:44:35.200,references/video-audit/chapters/CH14_inventario_movimientos_acuses_cierres_bodegas_y_kits/event_frames/CH14-E0104_00h44m35s200ms_settled.jpg,references/video-audit/chapters/CH14_inventario_movimientos_acuses_cierres_bodegas_y_kits/detail_crops/CH14-E0104_00h44m35s200ms_DETAIL.jpg,Inventario / Kit de insumos,"CH14-E0104 @ 00:44:35.200: El menú de acciones se abre nuevamente sobre una fila del listado con Editar, Duplicar y Eliminar.",Editar; Duplicar; Eliminar,"El menú de acciones se abre nuevamente sobre una fila del listado con Editar, Duplicar y Eliminar.",VISIBLE,HIGH,NOT_TESTABLE,Auditoría de evidencia fuente; la comparación funcional de la plataforma corresponde al hilo principal.,Evento localizado una sola vez en las hojas de contacto y contrastado con references/video-audit/chapters/CH14_inventario_movimientos_acuses_cierres_bodegas_y_kits/event_frames/CH14-E0104_00h44m35s200ms_settled.jpg; el recorte asociado references/video-audit/chapters/CH14_inventario_movimientos_acuses_cierres_bodegas_y_kits/detail_crops/CH14-E0104_00h44m35s200ms_DETAIL.jpg se abrió para comprobar el detalle.
CH14-E0105,00:44:39.200,references/video-audit/chapters/CH14_inventario_movimientos_acuses_cierres_bodegas_y_kits/event_frames/CH14-E0105_00h44m39s200ms_abrupt_change.jpg,,Inventario / Kit de insumos,CH14-E0105 @ 00:44:39.200: La pantalla se oscurece al seleccionar Editar para otro kit.,Editar; apertura de modal,La pantalla se oscurece al seleccionar Editar para otro kit.,VISIBLE,HIGH,NOT_TESTABLE,Auditoría de evidencia fuente; la comparación funcional de la plataforma corresponde al hilo principal.,Evento localizado una sola vez en las hojas de contacto y contrastado con references/video-audit/chapters/CH14_inventario_movimientos_acuses_cierres_bodegas_y_kits/event_frames/CH14-E0105_00h44m39s200ms_abrupt_change.jpg.
CH14-E0106,00:44:39.600,references/video-audit/chapters/CH14_inventario_movimientos_acuses_cierres_bodegas_y_kits/event_frames/CH14-E0106_00h44m39s600ms_abrupt_change.jpg,,Inventario / Kit de insumos / Editar kit,"CH14-E0106 @ 00:44:39.600: El editor de KIT CURACIONES conserva Nombre, selector Item, Cantidad y Añadir; el desplazamiento recorre su lista de insumos y cantidades editables.",KIT CURACIONES; Nombre; Item; Cantidad; Añadir; Quitar; Insumos,"El editor de KIT CURACIONES conserva Nombre, selector Item, Cantidad y Añadir; el desplazamiento recorre su lista de insumos y cantidades editables.",VISIBLE,HIGH,NOT_TESTABLE,Auditoría de evidencia fuente; la comparación funcional de la plataforma corresponde al hilo principal.,Evento localizado una sola vez en las hojas de contacto y contrastado con references/video-audit/chapters/CH14_inventario_movimientos_acuses_cierres_bodegas_y_kits/event_frames/CH14-E0106_00h44m39s600ms_abrupt_change.jpg.
CH14-E0107,00:44:40.200,references/video-audit/chapters/CH14_inventario_movimientos_acuses_cierres_bodegas_y_kits/event_frames/CH14-E0107_00h44m40s200ms_abrupt_change.jpg,references/video-audit/chapters/CH14_inventario_movimientos_acuses_cierres_bodegas_y_kits/detail_crops/CH14-E0107_00h44m40s200ms_DETAIL.jpg,Inventario / Kit de insumos / Editar kit,"CH14-E0107 @ 00:44:40.200: El editor de KIT CURACIONES conserva Nombre, selector Item, Cantidad y Añadir; el desplazamiento recorre su lista de insumos y cantidades editables.",KIT CURACIONES; Nombre; Item; Cantidad; Añadir; Quitar; Insumos,"El editor de KIT CURACIONES conserva Nombre, selector Item, Cantidad y Añadir; el desplazamiento recorre su lista de insumos y cantidades editables.",VISIBLE,HIGH,NOT_TESTABLE,Auditoría de evidencia fuente; la comparación funcional de la plataforma corresponde al hilo principal.,Evento localizado una sola vez en las hojas de contacto y contrastado con references/video-audit/chapters/CH14_inventario_movimientos_acuses_cierres_bodegas_y_kits/event_frames/CH14-E0107_00h44m40s200ms_abrupt_change.jpg; el recorte asociado references/video-audit/chapters/CH14_inventario_movimientos_acuses_cierres_bodegas_y_kits/detail_crops/CH14-E0107_00h44m40s200ms_DETAIL.jpg se abrió para comprobar el detalle.
CH14-E0108,00:44:41.000,references/video-audit/chapters/CH14_inventario_movimientos_acuses_cierres_bodegas_y_kits/event_frames/CH14-E0108_00h44m41s000ms_abrupt_change.jpg,references/video-audit/chapters/CH14_inventario_movimientos_acuses_cierres_bodegas_y_kits/detail_crops/CH14-E0108_00h44m41s000ms_DETAIL.jpg,Inventario / Kit de insumos / Editar kit,"CH14-E0108 @ 00:44:41.000: El editor de KIT CURACIONES conserva Nombre, selector Item, Cantidad y Añadir; el desplazamiento recorre su lista de insumos y cantidades editables.",KIT CURACIONES; Nombre; Item; Cantidad; Añadir; Quitar; Insumos,"El editor de KIT CURACIONES conserva Nombre, selector Item, Cantidad y Añadir; el desplazamiento recorre su lista de insumos y cantidades editables.",VISIBLE,HIGH,NOT_TESTABLE,Auditoría de evidencia fuente; la comparación funcional de la plataforma corresponde al hilo principal.,Evento localizado una sola vez en las hojas de contacto y contrastado con references/video-audit/chapters/CH14_inventario_movimientos_acuses_cierres_bodegas_y_kits/event_frames/CH14-E0108_00h44m41s000ms_abrupt_change.jpg; el recorte asociado references/video-audit/chapters/CH14_inventario_movimientos_acuses_cierres_bodegas_y_kits/detail_crops/CH14-E0108_00h44m41s000ms_DETAIL.jpg se abrió para comprobar el detalle.
CH14-E0109,00:44:41.400,references/video-audit/chapters/CH14_inventario_movimientos_acuses_cierres_bodegas_y_kits/event_frames/CH14-E0109_00h44m41s400ms_abrupt_change.jpg,references/video-audit/chapters/CH14_inventario_movimientos_acuses_cierres_bodegas_y_kits/detail_crops/CH14-E0109_00h44m41s400ms_DETAIL.jpg,Inventario / Kit de insumos / Editar kit,"CH14-E0109 @ 00:44:41.400: El editor de KIT CURACIONES conserva Nombre, selector Item, Cantidad y Añadir; el desplazamiento recorre su lista de insumos y cantidades editables.",KIT CURACIONES; Nombre; Item; Cantidad; Añadir; Quitar; Insumos,"El editor de KIT CURACIONES conserva Nombre, selector Item, Cantidad y Añadir; el desplazamiento recorre su lista de insumos y cantidades editables.",VISIBLE,HIGH,NOT_TESTABLE,Auditoría de evidencia fuente; la comparación funcional de la plataforma corresponde al hilo principal.,Evento localizado una sola vez en las hojas de contacto y contrastado con references/video-audit/chapters/CH14_inventario_movimientos_acuses_cierres_bodegas_y_kits/event_frames/CH14-E0109_00h44m41s400ms_abrupt_change.jpg; el recorte asociado references/video-audit/chapters/CH14_inventario_movimientos_acuses_cierres_bodegas_y_kits/detail_crops/CH14-E0109_00h44m41s400ms_DETAIL.jpg se abrió para comprobar el detalle.
CH14-E0110,00:44:41.800,references/video-audit/chapters/CH14_inventario_movimientos_acuses_cierres_bodegas_y_kits/event_frames/CH14-E0110_00h44m41s800ms_abrupt_change.jpg,references/video-audit/chapters/CH14_inventario_movimientos_acuses_cierres_bodegas_y_kits/detail_crops/CH14-E0110_00h44m41s800ms_DETAIL.jpg,Inventario / Kit de insumos / Editar kit,"CH14-E0110 @ 00:44:41.800: El editor de KIT CURACIONES conserva Nombre, selector Item, Cantidad y Añadir; el desplazamiento recorre su lista de insumos y cantidades editables.",KIT CURACIONES; Nombre; Item; Cantidad; Añadir; Quitar; Insumos,"El editor de KIT CURACIONES conserva Nombre, selector Item, Cantidad y Añadir; el desplazamiento recorre su lista de insumos y cantidades editables.",VISIBLE,HIGH,NOT_TESTABLE,Auditoría de evidencia fuente; la comparación funcional de la plataforma corresponde al hilo principal.,Evento localizado una sola vez en las hojas de contacto y contrastado con references/video-audit/chapters/CH14_inventario_movimientos_acuses_cierres_bodegas_y_kits/event_frames/CH14-E0110_00h44m41s800ms_abrupt_change.jpg; el recorte asociado references/video-audit/chapters/CH14_inventario_movimientos_acuses_cierres_bodegas_y_kits/detail_crops/CH14-E0110_00h44m41s800ms_DETAIL.jpg se abrió para comprobar el detalle.
CH14-E0111,00:44:42.200,references/video-audit/chapters/CH14_inventario_movimientos_acuses_cierres_bodegas_y_kits/event_frames/CH14-E0111_00h44m42s200ms_abrupt_change.jpg,references/video-audit/chapters/CH14_inventario_movimientos_acuses_cierres_bodegas_y_kits/detail_crops/CH14-E0111_00h44m42s200ms_DETAIL.jpg,Inventario / Kit de insumos / Editar kit,"CH14-E0111 @ 00:44:42.200: El editor de KIT CURACIONES conserva Nombre, selector Item, Cantidad y Añadir; el desplazamiento recorre su lista de insumos y cantidades editables.",KIT CURACIONES; Nombre; Item; Cantidad; Añadir; Quitar; Insumos,"El editor de KIT CURACIONES conserva Nombre, selector Item, Cantidad y Añadir; el desplazamiento recorre su lista de insumos y cantidades editables.",VISIBLE,HIGH,NOT_TESTABLE,Auditoría de evidencia fuente; la comparación funcional de la plataforma corresponde al hilo principal.,Evento localizado una sola vez en las hojas de contacto y contrastado con references/video-audit/chapters/CH14_inventario_movimientos_acuses_cierres_bodegas_y_kits/event_frames/CH14-E0111_00h44m42s200ms_abrupt_change.jpg; el recorte asociado references/video-audit/chapters/CH14_inventario_movimientos_acuses_cierres_bodegas_y_kits/detail_crops/CH14-E0111_00h44m42s200ms_DETAIL.jpg se abrió para comprobar el detalle.
CH14-E0112,00:44:42.600,references/video-audit/chapters/CH14_inventario_movimientos_acuses_cierres_bodegas_y_kits/event_frames/CH14-E0112_00h44m42s600ms_abrupt_change.jpg,references/video-audit/chapters/CH14_inventario_movimientos_acuses_cierres_bodegas_y_kits/detail_crops/CH14-E0112_00h44m42s600ms_DETAIL.jpg,Inventario / Kit de insumos / Editar kit,"CH14-E0112 @ 00:44:42.600: El editor de KIT CURACIONES conserva Nombre, selector Item, Cantidad y Añadir; el desplazamiento recorre su lista de insumos y cantidades editables.",KIT CURACIONES; Nombre; Item; Cantidad; Añadir; Quitar; Insumos,"El editor de KIT CURACIONES conserva Nombre, selector Item, Cantidad y Añadir; el desplazamiento recorre su lista de insumos y cantidades editables.",VISIBLE,HIGH,NOT_TESTABLE,Auditoría de evidencia fuente; la comparación funcional de la plataforma corresponde al hilo principal.,Evento localizado una sola vez en las hojas de contacto y contrastado con references/video-audit/chapters/CH14_inventario_movimientos_acuses_cierres_bodegas_y_kits/event_frames/CH14-E0112_00h44m42s600ms_abrupt_change.jpg; el recorte asociado references/video-audit/chapters/CH14_inventario_movimientos_acuses_cierres_bodegas_y_kits/detail_crops/CH14-E0112_00h44m42s600ms_DETAIL.jpg se abrió para comprobar el detalle.
CH14-E0113,00:44:43.000,references/video-audit/chapters/CH14_inventario_movimientos_acuses_cierres_bodegas_y_kits/event_frames/CH14-E0113_00h44m43s000ms_abrupt_change.jpg,references/video-audit/chapters/CH14_inventario_movimientos_acuses_cierres_bodegas_y_kits/detail_crops/CH14-E0113_00h44m43s000ms_DETAIL.jpg,Inventario / Kit de insumos / Editar kit,"CH14-E0113 @ 00:44:43.000: El editor de KIT CURACIONES conserva Nombre, selector Item, Cantidad y Añadir; el desplazamiento recorre su lista de insumos y cantidades editables.",KIT CURACIONES; Nombre; Item; Cantidad; Añadir; Quitar; Insumos,"El editor de KIT CURACIONES conserva Nombre, selector Item, Cantidad y Añadir; el desplazamiento recorre su lista de insumos y cantidades editables.",VISIBLE,HIGH,NOT_TESTABLE,Auditoría de evidencia fuente; la comparación funcional de la plataforma corresponde al hilo principal.,Evento localizado una sola vez en las hojas de contacto y contrastado con references/video-audit/chapters/CH14_inventario_movimientos_acuses_cierres_bodegas_y_kits/event_frames/CH14-E0113_00h44m43s000ms_abrupt_change.jpg; el recorte asociado references/video-audit/chapters/CH14_inventario_movimientos_acuses_cierres_bodegas_y_kits/detail_crops/CH14-E0113_00h44m43s000ms_DETAIL.jpg se abrió para comprobar el detalle.
CH14-E0114,00:44:43.400,references/video-audit/chapters/CH14_inventario_movimientos_acuses_cierres_bodegas_y_kits/event_frames/CH14-E0114_00h44m43s400ms_abrupt_change.jpg,references/video-audit/chapters/CH14_inventario_movimientos_acuses_cierres_bodegas_y_kits/detail_crops/CH14-E0114_00h44m43s400ms_DETAIL.jpg,Inventario / Kit de insumos / Editar kit,"CH14-E0114 @ 00:44:43.400: El editor de KIT CURACIONES conserva Nombre, selector Item, Cantidad y Añadir; el desplazamiento recorre su lista de insumos y cantidades editables.",KIT CURACIONES; Nombre; Item; Cantidad; Añadir; Quitar; Insumos,"El editor de KIT CURACIONES conserva Nombre, selector Item, Cantidad y Añadir; el desplazamiento recorre su lista de insumos y cantidades editables.",VISIBLE,HIGH,NOT_TESTABLE,Auditoría de evidencia fuente; la comparación funcional de la plataforma corresponde al hilo principal.,Evento localizado una sola vez en las hojas de contacto y contrastado con references/video-audit/chapters/CH14_inventario_movimientos_acuses_cierres_bodegas_y_kits/event_frames/CH14-E0114_00h44m43s400ms_abrupt_change.jpg; el recorte asociado references/video-audit/chapters/CH14_inventario_movimientos_acuses_cierres_bodegas_y_kits/detail_crops/CH14-E0114_00h44m43s400ms_DETAIL.jpg se abrió para comprobar el detalle.
CH14-E0115,00:44:44.000,references/video-audit/chapters/CH14_inventario_movimientos_acuses_cierres_bodegas_y_kits/event_frames/CH14-E0115_00h44m44s000ms_stable_change.jpg,references/video-audit/chapters/CH14_inventario_movimientos_acuses_cierres_bodegas_y_kits/detail_crops/CH14-E0115_00h44m44s000ms_DETAIL.jpg,Inventario / Kit de insumos / Editar kit,"CH14-E0115 @ 00:44:44.000: El editor de KIT CURACIONES conserva Nombre, selector Item, Cantidad y Añadir; el desplazamiento recorre su lista de insumos y cantidades editables.",KIT CURACIONES; Nombre; Item; Cantidad; Añadir; Quitar; Insumos,"El editor de KIT CURACIONES conserva Nombre, selector Item, Cantidad y Añadir; el desplazamiento recorre su lista de insumos y cantidades editables.",VISIBLE,HIGH,NOT_TESTABLE,Auditoría de evidencia fuente; la comparación funcional de la plataforma corresponde al hilo principal.,Evento localizado una sola vez en las hojas de contacto y contrastado con references/video-audit/chapters/CH14_inventario_movimientos_acuses_cierres_bodegas_y_kits/event_frames/CH14-E0115_00h44m44s000ms_stable_change.jpg; el recorte asociado references/video-audit/chapters/CH14_inventario_movimientos_acuses_cierres_bodegas_y_kits/detail_crops/CH14-E0115_00h44m44s000ms_DETAIL.jpg se abrió para comprobar el detalle.
CH14-E0116,00:44:44.400,references/video-audit/chapters/CH14_inventario_movimientos_acuses_cierres_bodegas_y_kits/event_frames/CH14-E0116_00h44m44s400ms_abrupt_change.jpg,references/video-audit/chapters/CH14_inventario_movimientos_acuses_cierres_bodegas_y_kits/detail_crops/CH14-E0116_00h44m44s400ms_DETAIL.jpg,Inventario / Kit de insumos / Editar kit,"CH14-E0116 @ 00:44:44.400: El editor de KIT CURACIONES conserva Nombre, selector Item, Cantidad y Añadir; el desplazamiento recorre su lista de insumos y cantidades editables.",KIT CURACIONES; Nombre; Item; Cantidad; Añadir; Quitar; Insumos,"El editor de KIT CURACIONES conserva Nombre, selector Item, Cantidad y Añadir; el desplazamiento recorre su lista de insumos y cantidades editables.",VISIBLE,HIGH,NOT_TESTABLE,Auditoría de evidencia fuente; la comparación funcional de la plataforma corresponde al hilo principal.,Evento localizado una sola vez en las hojas de contacto y contrastado con references/video-audit/chapters/CH14_inventario_movimientos_acuses_cierres_bodegas_y_kits/event_frames/CH14-E0116_00h44m44s400ms_abrupt_change.jpg; el recorte asociado references/video-audit/chapters/CH14_inventario_movimientos_acuses_cierres_bodegas_y_kits/detail_crops/CH14-E0116_00h44m44s400ms_DETAIL.jpg se abrió para comprobar el detalle.
CH14-E0117,00:44:44.800,references/video-audit/chapters/CH14_inventario_movimientos_acuses_cierres_bodegas_y_kits/event_frames/CH14-E0117_00h44m44s800ms_abrupt_change.jpg,references/video-audit/chapters/CH14_inventario_movimientos_acuses_cierres_bodegas_y_kits/detail_crops/CH14-E0117_00h44m44s800ms_DETAIL.jpg,Inventario / Kit de insumos / Editar kit,"CH14-E0117 @ 00:44:44.800: El editor de KIT CURACIONES conserva Nombre, selector Item, Cantidad y Añadir; el desplazamiento recorre su lista de insumos y cantidades editables.",KIT CURACIONES; Nombre; Item; Cantidad; Añadir; Quitar; Insumos,"El editor de KIT CURACIONES conserva Nombre, selector Item, Cantidad y Añadir; el desplazamiento recorre su lista de insumos y cantidades editables.",VISIBLE,HIGH,NOT_TESTABLE,Auditoría de evidencia fuente; la comparación funcional de la plataforma corresponde al hilo principal.,Evento localizado una sola vez en las hojas de contacto y contrastado con references/video-audit/chapters/CH14_inventario_movimientos_acuses_cierres_bodegas_y_kits/event_frames/CH14-E0117_00h44m44s800ms_abrupt_change.jpg; el recorte asociado references/video-audit/chapters/CH14_inventario_movimientos_acuses_cierres_bodegas_y_kits/detail_crops/CH14-E0117_00h44m44s800ms_DETAIL.jpg se abrió para comprobar el detalle.
CH14-E0118,00:44:45.400,references/video-audit/chapters/CH14_inventario_movimientos_acuses_cierres_bodegas_y_kits/event_frames/CH14-E0118_00h44m45s400ms_abrupt_change.jpg,references/video-audit/chapters/CH14_inventario_movimientos_acuses_cierres_bodegas_y_kits/detail_crops/CH14-E0118_00h44m45s400ms_DETAIL.jpg,Inventario / Kit de insumos / Editar kit,"CH14-E0118 @ 00:44:45.400: El editor de KIT CURACIONES conserva Nombre, selector Item, Cantidad y Añadir; el desplazamiento recorre su lista de insumos y cantidades editables.",KIT CURACIONES; Nombre; Item; Cantidad; Añadir; Quitar; Insumos,"El editor de KIT CURACIONES conserva Nombre, selector Item, Cantidad y Añadir; el desplazamiento recorre su lista de insumos y cantidades editables.",VISIBLE,HIGH,NOT_TESTABLE,Auditoría de evidencia fuente; la comparación funcional de la plataforma corresponde al hilo principal.,Evento localizado una sola vez en las hojas de contacto y contrastado con references/video-audit/chapters/CH14_inventario_movimientos_acuses_cierres_bodegas_y_kits/event_frames/CH14-E0118_00h44m45s400ms_abrupt_change.jpg; el recorte asociado references/video-audit/chapters/CH14_inventario_movimientos_acuses_cierres_bodegas_y_kits/detail_crops/CH14-E0118_00h44m45s400ms_DETAIL.jpg se abrió para comprobar el detalle.
CH14-E0119,00:44:45.800,references/video-audit/chapters/CH14_inventario_movimientos_acuses_cierres_bodegas_y_kits/event_frames/CH14-E0119_00h44m45s800ms_abrupt_change.jpg,references/video-audit/chapters/CH14_inventario_movimientos_acuses_cierres_bodegas_y_kits/detail_crops/CH14-E0119_00h44m45s800ms_DETAIL.jpg,Inventario / Kit de insumos / Editar kit,"CH14-E0119 @ 00:44:45.800: El editor de KIT CURACIONES conserva Nombre, selector Item, Cantidad y Añadir; el desplazamiento recorre su lista de insumos y cantidades editables.",KIT CURACIONES; Nombre; Item; Cantidad; Añadir; Quitar; Insumos,"El editor de KIT CURACIONES conserva Nombre, selector Item, Cantidad y Añadir; el desplazamiento recorre su lista de insumos y cantidades editables.",VISIBLE,HIGH,NOT_TESTABLE,Auditoría de evidencia fuente; la comparación funcional de la plataforma corresponde al hilo principal.,Evento localizado una sola vez en las hojas de contacto y contrastado con references/video-audit/chapters/CH14_inventario_movimientos_acuses_cierres_bodegas_y_kits/event_frames/CH14-E0119_00h44m45s800ms_abrupt_change.jpg; el recorte asociado references/video-audit/chapters/CH14_inventario_movimientos_acuses_cierres_bodegas_y_kits/detail_crops/CH14-E0119_00h44m45s800ms_DETAIL.jpg se abrió para comprobar el detalle.
CH14-E0120,00:44:46.600,references/video-audit/chapters/CH14_inventario_movimientos_acuses_cierres_bodegas_y_kits/event_frames/CH14-E0120_00h44m46s600ms_settled.jpg,references/video-audit/chapters/CH14_inventario_movimientos_acuses_cierres_bodegas_y_kits/detail_crops/CH14-E0120_00h44m46s600ms_DETAIL.jpg,Inventario / Kit de insumos / Editar kit,"CH14-E0120 @ 00:44:46.600: El editor de KIT CURACIONES conserva Nombre, selector Item, Cantidad y Añadir; el desplazamiento recorre su lista de insumos y cantidades editables.",KIT CURACIONES; Nombre; Item; Cantidad; Añadir; Quitar; Insumos,"El editor de KIT CURACIONES conserva Nombre, selector Item, Cantidad y Añadir; el desplazamiento recorre su lista de insumos y cantidades editables.",VISIBLE,HIGH,NOT_TESTABLE,Auditoría de evidencia fuente; la comparación funcional de la plataforma corresponde al hilo principal.,Evento localizado una sola vez en las hojas de contacto y contrastado con references/video-audit/chapters/CH14_inventario_movimientos_acuses_cierres_bodegas_y_kits/event_frames/CH14-E0120_00h44m46s600ms_settled.jpg; el recorte asociado references/video-audit/chapters/CH14_inventario_movimientos_acuses_cierres_bodegas_y_kits/detail_crops/CH14-E0120_00h44m46s600ms_DETAIL.jpg se abrió para comprobar el detalle.
CH14-E0121,00:44:47.600,references/video-audit/chapters/CH14_inventario_movimientos_acuses_cierres_bodegas_y_kits/event_frames/CH14-E0121_00h44m47s600ms_abrupt_change.jpg,references/video-audit/chapters/CH14_inventario_movimientos_acuses_cierres_bodegas_y_kits/detail_crops/CH14-E0121_00h44m47s600ms_DETAIL.jpg,Inventario / Kit de insumos,"CH14-E0121 @ 00:44:47.600: El editor se cierra y el listado de kits se recorre hasta filas como Kit de oxígeno, Kit de aspiración y Kit curaciones, con paginación visible.",Listado; Kit de oxígeno; Kit de aspiración; Kit curaciones; paginación,"El editor se cierra y el listado de kits se recorre hasta filas como Kit de oxígeno, Kit de aspiración y Kit curaciones, con paginación visible.",VISIBLE,HIGH,NOT_TESTABLE,Auditoría de evidencia fuente; la comparación funcional de la plataforma corresponde al hilo principal.,Evento localizado una sola vez en las hojas de contacto y contrastado con references/video-audit/chapters/CH14_inventario_movimientos_acuses_cierres_bodegas_y_kits/event_frames/CH14-E0121_00h44m47s600ms_abrupt_change.jpg; el recorte asociado references/video-audit/chapters/CH14_inventario_movimientos_acuses_cierres_bodegas_y_kits/detail_crops/CH14-E0121_00h44m47s600ms_DETAIL.jpg se abrió para comprobar el detalle.
CH14-E0122,00:44:48.200,references/video-audit/chapters/CH14_inventario_movimientos_acuses_cierres_bodegas_y_kits/event_frames/CH14-E0122_00h44m48s200ms_stable_change.jpg,,Inventario / Kit de insumos,"CH14-E0122 @ 00:44:48.200: El editor se cierra y el listado de kits se recorre hasta filas como Kit de oxígeno, Kit de aspiración y Kit curaciones, con paginación visible.",Listado; Kit de oxígeno; Kit de aspiración; Kit curaciones; paginación,"El editor se cierra y el listado de kits se recorre hasta filas como Kit de oxígeno, Kit de aspiración y Kit curaciones, con paginación visible.",VISIBLE,HIGH,NOT_TESTABLE,Auditoría de evidencia fuente; la comparación funcional de la plataforma corresponde al hilo principal.,Evento localizado una sola vez en las hojas de contacto y contrastado con references/video-audit/chapters/CH14_inventario_movimientos_acuses_cierres_bodegas_y_kits/event_frames/CH14-E0122_00h44m48s200ms_stable_change.jpg.
CH14-E0123,00:44:50.200,references/video-audit/chapters/CH14_inventario_movimientos_acuses_cierres_bodegas_y_kits/event_frames/CH14-E0123_00h44m50s200ms_settled.jpg,references/video-audit/chapters/CH14_inventario_movimientos_acuses_cierres_bodegas_y_kits/detail_crops/CH14-E0123_00h44m50s200ms_DETAIL.jpg,Inventario / Kit de insumos,"CH14-E0123 @ 00:44:50.200: El editor se cierra y el listado de kits se recorre hasta filas como Kit de oxígeno, Kit de aspiración y Kit curaciones, con paginación visible.",Listado; Kit de oxígeno; Kit de aspiración; Kit curaciones; paginación,"El editor se cierra y el listado de kits se recorre hasta filas como Kit de oxígeno, Kit de aspiración y Kit curaciones, con paginación visible.",VISIBLE,HIGH,NOT_TESTABLE,Auditoría de evidencia fuente; la comparación funcional de la plataforma corresponde al hilo principal.,Evento localizado una sola vez en las hojas de contacto y contrastado con references/video-audit/chapters/CH14_inventario_movimientos_acuses_cierres_bodegas_y_kits/event_frames/CH14-E0123_00h44m50s200ms_settled.jpg; el recorte asociado references/video-audit/chapters/CH14_inventario_movimientos_acuses_cierres_bodegas_y_kits/detail_crops/CH14-E0123_00h44m50s200ms_DETAIL.jpg se abrió para comprobar el detalle.
CH14-E0124,00:44:51.200,references/video-audit/chapters/CH14_inventario_movimientos_acuses_cierres_bodegas_y_kits/event_frames/CH14-E0124_00h44m51s200ms_motion_progress.jpg,references/video-audit/chapters/CH14_inventario_movimientos_acuses_cierres_bodegas_y_kits/detail_crops/CH14-E0124_00h44m51s200ms_DETAIL.jpg,Inventario / Kit de insumos,"CH14-E0124 @ 00:44:51.200: El editor se cierra y el listado de kits se recorre hasta filas como Kit de oxígeno, Kit de aspiración y Kit curaciones, con paginación visible.",Listado; Kit de oxígeno; Kit de aspiración; Kit curaciones; paginación,"El editor se cierra y el listado de kits se recorre hasta filas como Kit de oxígeno, Kit de aspiración y Kit curaciones, con paginación visible.",VISIBLE,HIGH,NOT_TESTABLE,Auditoría de evidencia fuente; la comparación funcional de la plataforma corresponde al hilo principal.,Evento localizado una sola vez en las hojas de contacto y contrastado con references/video-audit/chapters/CH14_inventario_movimientos_acuses_cierres_bodegas_y_kits/event_frames/CH14-E0124_00h44m51s200ms_motion_progress.jpg; el recorte asociado references/video-audit/chapters/CH14_inventario_movimientos_acuses_cierres_bodegas_y_kits/detail_crops/CH14-E0124_00h44m51s200ms_DETAIL.jpg se abrió para comprobar el detalle.
CH14-E0125,00:44:52.400,references/video-audit/chapters/CH14_inventario_movimientos_acuses_cierres_bodegas_y_kits/event_frames/CH14-E0125_00h44m52s400ms_motion_progress.jpg,references/video-audit/chapters/CH14_inventario_movimientos_acuses_cierres_bodegas_y_kits/detail_crops/CH14-E0125_00h44m52s400ms_DETAIL.jpg,Inventario / Kit de insumos,"CH14-E0125 @ 00:44:52.400: El editor se cierra y el listado de kits se recorre hasta filas como Kit de oxígeno, Kit de aspiración y Kit curaciones, con paginación visible.",Listado; Kit de oxígeno; Kit de aspiración; Kit curaciones; paginación,"El editor se cierra y el listado de kits se recorre hasta filas como Kit de oxígeno, Kit de aspiración y Kit curaciones, con paginación visible.",VISIBLE,HIGH,NOT_TESTABLE,Auditoría de evidencia fuente; la comparación funcional de la plataforma corresponde al hilo principal.,Evento localizado una sola vez en las hojas de contacto y contrastado con references/video-audit/chapters/CH14_inventario_movimientos_acuses_cierres_bodegas_y_kits/event_frames/CH14-E0125_00h44m52s400ms_motion_progress.jpg; el recorte asociado references/video-audit/chapters/CH14_inventario_movimientos_acuses_cierres_bodegas_y_kits/detail_crops/CH14-E0125_00h44m52s400ms_DETAIL.jpg se abrió para comprobar el detalle.
CH14-E0126,00:44:57.600,references/video-audit/chapters/CH14_inventario_movimientos_acuses_cierres_bodegas_y_kits/event_frames/CH14-E0126_00h44m57s600ms_motion_progress.jpg,references/video-audit/chapters/CH14_inventario_movimientos_acuses_cierres_bodegas_y_kits/detail_crops/CH14-E0126_00h44m57s600ms_DETAIL.jpg,Inventario / Kit de insumos,"CH14-E0126 @ 00:44:57.600: El editor se cierra y el listado de kits se recorre hasta filas como Kit de oxígeno, Kit de aspiración y Kit curaciones, con paginación visible.",Listado; Kit de oxígeno; Kit de aspiración; Kit curaciones; paginación,"El editor se cierra y el listado de kits se recorre hasta filas como Kit de oxígeno, Kit de aspiración y Kit curaciones, con paginación visible.",VISIBLE,HIGH,NOT_TESTABLE,Auditoría de evidencia fuente; la comparación funcional de la plataforma corresponde al hilo principal.,Evento localizado una sola vez en las hojas de contacto y contrastado con references/video-audit/chapters/CH14_inventario_movimientos_acuses_cierres_bodegas_y_kits/event_frames/CH14-E0126_00h44m57s600ms_motion_progress.jpg; el recorte asociado references/video-audit/chapters/CH14_inventario_movimientos_acuses_cierres_bodegas_y_kits/detail_crops/CH14-E0126_00h44m57s600ms_DETAIL.jpg se abrió para comprobar el detalle.
CH14-E0127,00:44:58.000,references/video-audit/chapters/CH14_inventario_movimientos_acuses_cierres_bodegas_y_kits/event_frames/CH14-E0127_00h44m58s000ms_abrupt_change.jpg,,Inventario / Kit de insumos,"CH14-E0127 @ 00:44:58.000: El editor se cierra y el listado de kits se recorre hasta filas como Kit de oxígeno, Kit de aspiración y Kit curaciones, con paginación visible.",Listado; Kit de oxígeno; Kit de aspiración; Kit curaciones; paginación,"El editor se cierra y el listado de kits se recorre hasta filas como Kit de oxígeno, Kit de aspiración y Kit curaciones, con paginación visible.",VISIBLE,HIGH,NOT_TESTABLE,Auditoría de evidencia fuente; la comparación funcional de la plataforma corresponde al hilo principal.,Evento localizado una sola vez en las hojas de contacto y contrastado con references/video-audit/chapters/CH14_inventario_movimientos_acuses_cierres_bodegas_y_kits/event_frames/CH14-E0127_00h44m58s000ms_abrupt_change.jpg.
CH14-E0128,00:44:58.400,references/video-audit/chapters/CH14_inventario_movimientos_acuses_cierres_bodegas_y_kits/event_frames/CH14-E0128_00h44m58s400ms_abrupt_change.jpg,,Inventario / Kit de insumos,"CH14-E0128 @ 00:44:58.400: El editor se cierra y el listado de kits se recorre hasta filas como Kit de oxígeno, Kit de aspiración y Kit curaciones, con paginación visible.",Listado; Kit de oxígeno; Kit de aspiración; Kit curaciones; paginación,"El editor se cierra y el listado de kits se recorre hasta filas como Kit de oxígeno, Kit de aspiración y Kit curaciones, con paginación visible.",VISIBLE,HIGH,NOT_TESTABLE,Auditoría de evidencia fuente; la comparación funcional de la plataforma corresponde al hilo principal.,Evento localizado una sola vez en las hojas de contacto y contrastado con references/video-audit/chapters/CH14_inventario_movimientos_acuses_cierres_bodegas_y_kits/event_frames/CH14-E0128_00h44m58s400ms_abrupt_change.jpg.
CH14-E0129,00:44:58.800,references/video-audit/chapters/CH14_inventario_movimientos_acuses_cierres_bodegas_y_kits/event_frames/CH14-E0129_00h44m58s800ms_abrupt_change.jpg,,Inventario / Kit de insumos,"CH14-E0129 @ 00:44:58.800: El editor se cierra y el listado de kits se recorre hasta filas como Kit de oxígeno, Kit de aspiración y Kit curaciones, con paginación visible.",Listado; Kit de oxígeno; Kit de aspiración; Kit curaciones; paginación,"El editor se cierra y el listado de kits se recorre hasta filas como Kit de oxígeno, Kit de aspiración y Kit curaciones, con paginación visible.",VISIBLE,HIGH,NOT_TESTABLE,Auditoría de evidencia fuente; la comparación funcional de la plataforma corresponde al hilo principal.,Evento localizado una sola vez en las hojas de contacto y contrastado con references/video-audit/chapters/CH14_inventario_movimientos_acuses_cierres_bodegas_y_kits/event_frames/CH14-E0129_00h44m58s800ms_abrupt_change.jpg.
CH14-E0130,00:44:59.400,references/video-audit/chapters/CH14_inventario_movimientos_acuses_cierres_bodegas_y_kits/event_frames/CH14-E0130_00h44m59s400ms_stable_change.jpg,,Inventario / Kit de insumos,"CH14-E0130 @ 00:44:59.400: El menú de acciones de KIT CURACIONES vuelve a mostrar Editar, Duplicar y Eliminar.",KIT CURACIONES; Editar; Duplicar; Eliminar,"El menú de acciones de KIT CURACIONES vuelve a mostrar Editar, Duplicar y Eliminar.",VISIBLE,HIGH,NOT_TESTABLE,Auditoría de evidencia fuente; la comparación funcional de la plataforma corresponde al hilo principal.,Evento localizado una sola vez en las hojas de contacto y contrastado con references/video-audit/chapters/CH14_inventario_movimientos_acuses_cierres_bodegas_y_kits/event_frames/CH14-E0130_00h44m59s400ms_stable_change.jpg.
CH14-E0131,00:45:00.000,references/video-audit/chapters/CH14_inventario_movimientos_acuses_cierres_bodegas_y_kits/event_frames/CH14-E0131_00h45m00s000ms_motion_progress.jpg,references/video-audit/chapters/CH14_inventario_movimientos_acuses_cierres_bodegas_y_kits/detail_crops/CH14-E0131_00h45m00s000ms_DETAIL.jpg,Inventario / Kit de insumos / Editar kit,"CH14-E0131 @ 00:45:00.000: El modal de KIT CURACIONES se abre y se desplaza por componentes, cada uno con tipo Insumos, nombre, cantidad editable y opción de quitar.",KIT CURACIONES; Insumos; Cantidad; Quitar; Añadir,"El modal de KIT CURACIONES se abre y se desplaza por componentes, cada uno con tipo Insumos, nombre, cantidad editable y opción de quitar.",VISIBLE,HIGH,NOT_TESTABLE,Auditoría de evidencia fuente; la comparación funcional de la plataforma corresponde al hilo principal.,Evento localizado una sola vez en las hojas de contacto y contrastado con references/video-audit/chapters/CH14_inventario_movimientos_acuses_cierres_bodegas_y_kits/event_frames/CH14-E0131_00h45m00s000ms_motion_progress.jpg; el recorte asociado references/video-audit/chapters/CH14_inventario_movimientos_acuses_cierres_bodegas_y_kits/detail_crops/CH14-E0131_00h45m00s000ms_DETAIL.jpg se abrió para comprobar el detalle.
CH14-E0132,00:45:02.200,references/video-audit/chapters/CH14_inventario_movimientos_acuses_cierres_bodegas_y_kits/event_frames/CH14-E0132_00h45m02s200ms_abrupt_change.jpg,,Inventario / Kit de insumos / Editar kit,"CH14-E0132 @ 00:45:02.200: El modal de KIT CURACIONES se abre y se desplaza por componentes, cada uno con tipo Insumos, nombre, cantidad editable y opción de quitar.",KIT CURACIONES; Insumos; Cantidad; Quitar; Añadir,"El modal de KIT CURACIONES se abre y se desplaza por componentes, cada uno con tipo Insumos, nombre, cantidad editable y opción de quitar.",VISIBLE,HIGH,NOT_TESTABLE,Auditoría de evidencia fuente; la comparación funcional de la plataforma corresponde al hilo principal.,Evento localizado una sola vez en las hojas de contacto y contrastado con references/video-audit/chapters/CH14_inventario_movimientos_acuses_cierres_bodegas_y_kits/event_frames/CH14-E0132_00h45m02s200ms_abrupt_change.jpg.
CH14-E0133,00:45:02.600,references/video-audit/chapters/CH14_inventario_movimientos_acuses_cierres_bodegas_y_kits/event_frames/CH14-E0133_00h45m02s600ms_abrupt_change.jpg,,Inventario / Kit de insumos / Editar kit,"CH14-E0133 @ 00:45:02.600: El modal de KIT CURACIONES se abre y se desplaza por componentes, cada uno con tipo Insumos, nombre, cantidad editable y opción de quitar.",KIT CURACIONES; Insumos; Cantidad; Quitar; Añadir,"El modal de KIT CURACIONES se abre y se desplaza por componentes, cada uno con tipo Insumos, nombre, cantidad editable y opción de quitar.",VISIBLE,HIGH,NOT_TESTABLE,Auditoría de evidencia fuente; la comparación funcional de la plataforma corresponde al hilo principal.,Evento localizado una sola vez en las hojas de contacto y contrastado con references/video-audit/chapters/CH14_inventario_movimientos_acuses_cierres_bodegas_y_kits/event_frames/CH14-E0133_00h45m02s600ms_abrupt_change.jpg.
CH14-E0134,00:45:03.000,references/video-audit/chapters/CH14_inventario_movimientos_acuses_cierres_bodegas_y_kits/event_frames/CH14-E0134_00h45m03s000ms_abrupt_change.jpg,references/video-audit/chapters/CH14_inventario_movimientos_acuses_cierres_bodegas_y_kits/detail_crops/CH14-E0134_00h45m03s000ms_DETAIL.jpg,Inventario / Kit de insumos / Editar kit,"CH14-E0134 @ 00:45:03.000: El modal de KIT CURACIONES se abre y se desplaza por componentes, cada uno con tipo Insumos, nombre, cantidad editable y opción de quitar.",KIT CURACIONES; Insumos; Cantidad; Quitar; Añadir,"El modal de KIT CURACIONES se abre y se desplaza por componentes, cada uno con tipo Insumos, nombre, cantidad editable y opción de quitar.",VISIBLE,HIGH,NOT_TESTABLE,Auditoría de evidencia fuente; la comparación funcional de la plataforma corresponde al hilo principal.,Evento localizado una sola vez en las hojas de contacto y contrastado con references/video-audit/chapters/CH14_inventario_movimientos_acuses_cierres_bodegas_y_kits/event_frames/CH14-E0134_00h45m03s000ms_abrupt_change.jpg; el recorte asociado references/video-audit/chapters/CH14_inventario_movimientos_acuses_cierres_bodegas_y_kits/detail_crops/CH14-E0134_00h45m03s000ms_DETAIL.jpg se abrió para comprobar el detalle.
CH14-E0135,00:45:03.400,references/video-audit/chapters/CH14_inventario_movimientos_acuses_cierres_bodegas_y_kits/event_frames/CH14-E0135_00h45m03s400ms_abrupt_change.jpg,references/video-audit/chapters/CH14_inventario_movimientos_acuses_cierres_bodegas_y_kits/detail_crops/CH14-E0135_00h45m03s400ms_DETAIL.jpg,Inventario / Kit de insumos / Editar kit,"CH14-E0135 @ 00:45:03.400: El modal de KIT CURACIONES se abre y se desplaza por componentes, cada uno con tipo Insumos, nombre, cantidad editable y opción de quitar.",KIT CURACIONES; Insumos; Cantidad; Quitar; Añadir,"El modal de KIT CURACIONES se abre y se desplaza por componentes, cada uno con tipo Insumos, nombre, cantidad editable y opción de quitar.",VISIBLE,HIGH,NOT_TESTABLE,Auditoría de evidencia fuente; la comparación funcional de la plataforma corresponde al hilo principal.,Evento localizado una sola vez en las hojas de contacto y contrastado con references/video-audit/chapters/CH14_inventario_movimientos_acuses_cierres_bodegas_y_kits/event_frames/CH14-E0135_00h45m03s400ms_abrupt_change.jpg; el recorte asociado references/video-audit/chapters/CH14_inventario_movimientos_acuses_cierres_bodegas_y_kits/detail_crops/CH14-E0135_00h45m03s400ms_DETAIL.jpg se abrió para comprobar el detalle.
CH14-E0136,00:45:04.000,references/video-audit/chapters/CH14_inventario_movimientos_acuses_cierres_bodegas_y_kits/event_frames/CH14-E0136_00h45m04s000ms_abrupt_change.jpg,references/video-audit/chapters/CH14_inventario_movimientos_acuses_cierres_bodegas_y_kits/detail_crops/CH14-E0136_00h45m04s000ms_DETAIL.jpg,Inventario / Kit de insumos / Editar kit,"CH14-E0136 @ 00:45:04.000: El modal de KIT CURACIONES se abre y se desplaza por componentes, cada uno con tipo Insumos, nombre, cantidad editable y opción de quitar.",KIT CURACIONES; Insumos; Cantidad; Quitar; Añadir,"El modal de KIT CURACIONES se abre y se desplaza por componentes, cada uno con tipo Insumos, nombre, cantidad editable y opción de quitar.",VISIBLE,HIGH,NOT_TESTABLE,Auditoría de evidencia fuente; la comparación funcional de la plataforma corresponde al hilo principal.,Evento localizado una sola vez en las hojas de contacto y contrastado con references/video-audit/chapters/CH14_inventario_movimientos_acuses_cierres_bodegas_y_kits/event_frames/CH14-E0136_00h45m04s000ms_abrupt_change.jpg; el recorte asociado references/video-audit/chapters/CH14_inventario_movimientos_acuses_cierres_bodegas_y_kits/detail_crops/CH14-E0136_00h45m04s000ms_DETAIL.jpg se abrió para comprobar el detalle.
CH14-E0137,00:45:04.400,references/video-audit/chapters/CH14_inventario_movimientos_acuses_cierres_bodegas_y_kits/event_frames/CH14-E0137_00h45m04s400ms_abrupt_change.jpg,references/video-audit/chapters/CH14_inventario_movimientos_acuses_cierres_bodegas_y_kits/detail_crops/CH14-E0137_00h45m04s400ms_DETAIL.jpg,Inventario / Kit de insumos / Editar kit,"CH14-E0137 @ 00:45:04.400: El modal de KIT CURACIONES se abre y se desplaza por componentes, cada uno con tipo Insumos, nombre, cantidad editable y opción de quitar.",KIT CURACIONES; Insumos; Cantidad; Quitar; Añadir,"El modal de KIT CURACIONES se abre y se desplaza por componentes, cada uno con tipo Insumos, nombre, cantidad editable y opción de quitar.",VISIBLE,HIGH,NOT_TESTABLE,Auditoría de evidencia fuente; la comparación funcional de la plataforma corresponde al hilo principal.,Evento localizado una sola vez en las hojas de contacto y contrastado con references/video-audit/chapters/CH14_inventario_movimientos_acuses_cierres_bodegas_y_kits/event_frames/CH14-E0137_00h45m04s400ms_abrupt_change.jpg; el recorte asociado references/video-audit/chapters/CH14_inventario_movimientos_acuses_cierres_bodegas_y_kits/detail_crops/CH14-E0137_00h45m04s400ms_DETAIL.jpg se abrió para comprobar el detalle.
CH14-E0138,00:45:05.000,references/video-audit/chapters/CH14_inventario_movimientos_acuses_cierres_bodegas_y_kits/event_frames/CH14-E0138_00h45m05s000ms_stable_change.jpg,references/video-audit/chapters/CH14_inventario_movimientos_acuses_cierres_bodegas_y_kits/detail_crops/CH14-E0138_00h45m05s000ms_DETAIL.jpg,Inventario / Kit de insumos / Editar kit,"CH14-E0138 @ 00:45:05.000: El modal de KIT CURACIONES se abre y se desplaza por componentes, cada uno con tipo Insumos, nombre, cantidad editable y opción de quitar.",KIT CURACIONES; Insumos; Cantidad; Quitar; Añadir,"El modal de KIT CURACIONES se abre y se desplaza por componentes, cada uno con tipo Insumos, nombre, cantidad editable y opción de quitar.",VISIBLE,HIGH,NOT_TESTABLE,Auditoría de evidencia fuente; la comparación funcional de la plataforma corresponde al hilo principal.,Evento localizado una sola vez en las hojas de contacto y contrastado con references/video-audit/chapters/CH14_inventario_movimientos_acuses_cierres_bodegas_y_kits/event_frames/CH14-E0138_00h45m05s000ms_stable_change.jpg; el recorte asociado references/video-audit/chapters/CH14_inventario_movimientos_acuses_cierres_bodegas_y_kits/detail_crops/CH14-E0138_00h45m05s000ms_DETAIL.jpg se abrió para comprobar el detalle.
CH14-E0139,00:45:06.000,references/video-audit/chapters/CH14_inventario_movimientos_acuses_cierres_bodegas_y_kits/event_frames/CH14-E0139_00h45m06s000ms_abrupt_change.jpg,,Inventario / Kit de insumos,CH14-E0139 @ 00:45:06.000: Se cierra el modal y vuelve el listado de kits; el submenú de inventario se despliega para cambiar a Acuses.,Listado; submenú Inventario; Acuses,Se cierra el modal y vuelve el listado de kits; el submenú de inventario se despliega para cambiar a Acuses.,VISIBLE,HIGH,NOT_TESTABLE,Auditoría de evidencia fuente; la comparación funcional de la plataforma corresponde al hilo principal.,Evento localizado una sola vez en las hojas de contacto y contrastado con references/video-audit/chapters/CH14_inventario_movimientos_acuses_cierres_bodegas_y_kits/event_frames/CH14-E0139_00h45m06s000ms_abrupt_change.jpg.
CH14-E0140,00:45:06.600,references/video-audit/chapters/CH14_inventario_movimientos_acuses_cierres_bodegas_y_kits/event_frames/CH14-E0140_00h45m06s600ms_abrupt_change.jpg,,Inventario / Kit de insumos,CH14-E0140 @ 00:45:06.600: Se cierra el modal y vuelve el listado de kits; el submenú de inventario se despliega para cambiar a Acuses.,Listado; submenú Inventario; Acuses,Se cierra el modal y vuelve el listado de kits; el submenú de inventario se despliega para cambiar a Acuses.,VISIBLE,HIGH,NOT_TESTABLE,Auditoría de evidencia fuente; la comparación funcional de la plataforma corresponde al hilo principal.,Evento localizado una sola vez en las hojas de contacto y contrastado con references/video-audit/chapters/CH14_inventario_movimientos_acuses_cierres_bodegas_y_kits/event_frames/CH14-E0140_00h45m06s600ms_abrupt_change.jpg.
CH14-E0141,00:45:07.200,references/video-audit/chapters/CH14_inventario_movimientos_acuses_cierres_bodegas_y_kits/event_frames/CH14-E0141_00h45m07s200ms_stable_change.jpg,,Inventario / Kit de insumos,CH14-E0141 @ 00:45:07.200: Se cierra el modal y vuelve el listado de kits; el submenú de inventario se despliega para cambiar a Acuses.,Listado; submenú Inventario; Acuses,Se cierra el modal y vuelve el listado de kits; el submenú de inventario se despliega para cambiar a Acuses.,VISIBLE,HIGH,NOT_TESTABLE,Auditoría de evidencia fuente; la comparación funcional de la plataforma corresponde al hilo principal.,Evento localizado una sola vez en las hojas de contacto y contrastado con references/video-audit/chapters/CH14_inventario_movimientos_acuses_cierres_bodegas_y_kits/event_frames/CH14-E0141_00h45m07s200ms_stable_change.jpg.
CH14-E0142,00:45:08.600,references/video-audit/chapters/CH14_inventario_movimientos_acuses_cierres_bodegas_y_kits/event_frames/CH14-E0142_00h45m08s600ms_settled.jpg,references/video-audit/chapters/CH14_inventario_movimientos_acuses_cierres_bodegas_y_kits/detail_crops/CH14-E0142_00h45m08s600ms_DETAIL.jpg,Inventario / Kit de insumos,CH14-E0142 @ 00:45:08.600: Se cierra el modal y vuelve el listado de kits; el submenú de inventario se despliega para cambiar a Acuses.,Listado; submenú Inventario; Acuses,Se cierra el modal y vuelve el listado de kits; el submenú de inventario se despliega para cambiar a Acuses.,VISIBLE,HIGH,NOT_TESTABLE,Auditoría de evidencia fuente; la comparación funcional de la plataforma corresponde al hilo principal.,Evento localizado una sola vez en las hojas de contacto y contrastado con references/video-audit/chapters/CH14_inventario_movimientos_acuses_cierres_bodegas_y_kits/event_frames/CH14-E0142_00h45m08s600ms_settled.jpg; el recorte asociado references/video-audit/chapters/CH14_inventario_movimientos_acuses_cierres_bodegas_y_kits/detail_crops/CH14-E0142_00h45m08s600ms_DETAIL.jpg se abrió para comprobar el detalle.
CH14-E0143,00:45:11.200,references/video-audit/chapters/CH14_inventario_movimientos_acuses_cierres_bodegas_y_kits/event_frames/CH14-E0143_00h45m11s200ms_abrupt_change.jpg,,Inventario / Kit de insumos,CH14-E0143 @ 00:45:11.200: Se cierra el modal y vuelve el listado de kits; el submenú de inventario se despliega para cambiar a Acuses.,Listado; submenú Inventario; Acuses,Se cierra el modal y vuelve el listado de kits; el submenú de inventario se despliega para cambiar a Acuses.,VISIBLE,HIGH,NOT_TESTABLE,Auditoría de evidencia fuente; la comparación funcional de la plataforma corresponde al hilo principal.,Evento localizado una sola vez en las hojas de contacto y contrastado con references/video-audit/chapters/CH14_inventario_movimientos_acuses_cierres_bodegas_y_kits/event_frames/CH14-E0143_00h45m11s200ms_abrupt_change.jpg.
CH14-E0144,00:45:11.600,references/video-audit/chapters/CH14_inventario_movimientos_acuses_cierres_bodegas_y_kits/event_frames/CH14-E0144_00h45m11s600ms_abrupt_change.jpg,,Inventario / Acuses,CH14-E0144 @ 00:45:11.600: Acuses vuelve a abrir en Pacientes y muestra una superposición Procesando mientras carga la tabla.,Pacientes; Recursos; No disponible; Solicitudes; Tareas; Procesando,Acuses vuelve a abrir en Pacientes y muestra una superposición Procesando mientras carga la tabla.,VISIBLE,HIGH,NOT_TESTABLE,Auditoría de evidencia fuente; la comparación funcional de la plataforma corresponde al hilo principal.,Evento localizado una sola vez en las hojas de contacto y contrastado con references/video-audit/chapters/CH14_inventario_movimientos_acuses_cierres_bodegas_y_kits/event_frames/CH14-E0144_00h45m11s600ms_abrupt_change.jpg.
CH14-E0145,00:45:12.200,references/video-audit/chapters/CH14_inventario_movimientos_acuses_cierres_bodegas_y_kits/event_frames/CH14-E0145_00h45m12s200ms_abrupt_change.jpg,,Inventario / Acuses,CH14-E0145 @ 00:45:12.200: Acuses vuelve a abrir en Pacientes y muestra una superposición Procesando mientras carga la tabla.,Pacientes; Recursos; No disponible; Solicitudes; Tareas; Procesando,Acuses vuelve a abrir en Pacientes y muestra una superposición Procesando mientras carga la tabla.,VISIBLE,HIGH,NOT_TESTABLE,Auditoría de evidencia fuente; la comparación funcional de la plataforma corresponde al hilo principal.,Evento localizado una sola vez en las hojas de contacto y contrastado con references/video-audit/chapters/CH14_inventario_movimientos_acuses_cierres_bodegas_y_kits/event_frames/CH14-E0145_00h45m12s200ms_abrupt_change.jpg.
CH14-E0146,00:45:12.600,references/video-audit/chapters/CH14_inventario_movimientos_acuses_cierres_bodegas_y_kits/event_frames/CH14-E0146_00h45m12s600ms_abrupt_change.jpg,,Inventario / Acuses,"CH14-E0146 @ 00:45:12.600: La tabla de pacientes carga Acciones, DUI/NIT, Paciente, Empresa y Estado con filas activas.",Acciones; DUI/NIT; Paciente; Empresa; Estado activo,"La tabla de pacientes carga Acciones, DUI/NIT, Paciente, Empresa y Estado con filas activas.",VISIBLE,HIGH,NOT_TESTABLE,Auditoría de evidencia fuente; la comparación funcional de la plataforma corresponde al hilo principal.,Evento localizado una sola vez en las hojas de contacto y contrastado con references/video-audit/chapters/CH14_inventario_movimientos_acuses_cierres_bodegas_y_kits/event_frames/CH14-E0146_00h45m12s600ms_abrupt_change.jpg.
CH14-E0147,00:45:19.800,references/video-audit/chapters/CH14_inventario_movimientos_acuses_cierres_bodegas_y_kits/event_frames/CH14-E0147_00h45m19s800ms_abrupt_change.jpg,,Inventario / Acuses,"CH14-E0147 @ 00:45:19.800: La tabla de pacientes carga Acciones, DUI/NIT, Paciente, Empresa y Estado con filas activas.",Acciones; DUI/NIT; Paciente; Empresa; Estado activo,"La tabla de pacientes carga Acciones, DUI/NIT, Paciente, Empresa y Estado con filas activas.",VISIBLE,HIGH,NOT_TESTABLE,Auditoría de evidencia fuente; la comparación funcional de la plataforma corresponde al hilo principal.,Evento localizado una sola vez en las hojas de contacto y contrastado con references/video-audit/chapters/CH14_inventario_movimientos_acuses_cierres_bodegas_y_kits/event_frames/CH14-E0147_00h45m19s800ms_abrupt_change.jpg.
CH14-E0148,00:45:20.400,references/video-audit/chapters/CH14_inventario_movimientos_acuses_cierres_bodegas_y_kits/event_frames/CH14-E0148_00h45m20s400ms_stable_change.jpg,,Inventario / Acuses,"CH14-E0148 @ 00:45:20.400: La tabla de pacientes carga Acciones, DUI/NIT, Paciente, Empresa y Estado con filas activas.",Acciones; DUI/NIT; Paciente; Empresa; Estado activo,"La tabla de pacientes carga Acciones, DUI/NIT, Paciente, Empresa y Estado con filas activas.",VISIBLE,HIGH,NOT_TESTABLE,Auditoría de evidencia fuente; la comparación funcional de la plataforma corresponde al hilo principal.,Evento localizado una sola vez en las hojas de contacto y contrastado con references/video-audit/chapters/CH14_inventario_movimientos_acuses_cierres_bodegas_y_kits/event_frames/CH14-E0148_00h45m20s400ms_stable_change.jpg.
CH14-E0149,00:45:23.800,references/video-audit/chapters/CH14_inventario_movimientos_acuses_cierres_bodegas_y_kits/event_frames/CH14-E0149_00h45m23s800ms_settled.jpg,references/video-audit/chapters/CH14_inventario_movimientos_acuses_cierres_bodegas_y_kits/detail_crops/CH14-E0149_00h45m23s800ms_DETAIL.jpg,Inventario / Acuses,"CH14-E0149 @ 00:45:23.800: El menú de una fila ofrece Nuevo, Ver acuses, Descargar Excel de acuses y Registro XPO.",Nuevo; Ver acuses; Descargar Excel de acuses; Registro XPO,"El menú de una fila ofrece Nuevo, Ver acuses, Descargar Excel de acuses y Registro XPO.",VISIBLE,HIGH,NOT_TESTABLE,Auditoría de evidencia fuente; la comparación funcional de la plataforma corresponde al hilo principal.,Evento localizado una sola vez en las hojas de contacto y contrastado con references/video-audit/chapters/CH14_inventario_movimientos_acuses_cierres_bodegas_y_kits/event_frames/CH14-E0149_00h45m23s800ms_settled.jpg; el recorte asociado references/video-audit/chapters/CH14_inventario_movimientos_acuses_cierres_bodegas_y_kits/detail_crops/CH14-E0149_00h45m23s800ms_DETAIL.jpg se abrió para comprobar el detalle.
CH14-E0150,00:45:26.600,references/video-audit/chapters/CH14_inventario_movimientos_acuses_cierres_bodegas_y_kits/event_frames/CH14-E0150_00h45m26s600ms_abrupt_change.jpg,,Inventario / Acuse nuevo,CH14-E0150 @ 00:45:26.600: Acuse nuevo abre Información del Acuse y la sección Información del Items a entregar con campos aún vacíos.,Paciente; Fecha; Hospitalización; Bodega; Item; Cantidad disponible; Cantidad a asignar; Vaciar; Plantilla; Añadir,Acuse nuevo abre Información del Acuse y la sección Información del Items a entregar con campos aún vacíos.,VISIBLE,HIGH,NOT_TESTABLE,Auditoría de evidencia fuente; la comparación funcional de la plataforma corresponde al hilo principal.,Evento localizado una sola vez en las hojas de contacto y contrastado con references/video-audit/chapters/CH14_inventario_movimientos_acuses_cierres_bodegas_y_kits/event_frames/CH14-E0150_00h45m26s600ms_abrupt_change.jpg.
CH14-E0151,00:45:27.000,references/video-audit/chapters/CH14_inventario_movimientos_acuses_cierres_bodegas_y_kits/event_frames/CH14-E0151_00h45m27s000ms_abrupt_change.jpg,,Inventario / Acuse nuevo,"CH14-E0151 @ 00:45:27.000: El formulario completa Paciente, Fecha y Hospitalización; mantiene Bodega e Item pendientes y ofrece Vaciar, Plantilla y Añadir.",Paciente; Fecha; Hospitalización; Bodega; Item; Cantidad disponible; Cantidad a asignar; Vaciar; Plantilla; Añadir,"El formulario completa Paciente, Fecha y Hospitalización; mantiene Bodega e Item pendientes y ofrece Vaciar, Plantilla y Añadir.",VISIBLE,HIGH,NOT_TESTABLE,Auditoría de evidencia fuente; la comparación funcional de la plataforma corresponde al hilo principal.,Evento localizado una sola vez en las hojas de contacto y contrastado con references/video-audit/chapters/CH14_inventario_movimientos_acuses_cierres_bodegas_y_kits/event_frames/CH14-E0151_00h45m27s000ms_abrupt_change.jpg.
CH14-E0152,00:45:27.400,references/video-audit/chapters/CH14_inventario_movimientos_acuses_cierres_bodegas_y_kits/event_frames/CH14-E0152_00h45m27s400ms_abrupt_change.jpg,,Inventario / Acuse nuevo,CH14-E0152 @ 00:45:27.400: La captura registra la transición posterior del formulario; la hoja de seguridad inmediata muestra el modal Items faltantes disponibles con bodega y comparación Disponible frente a Requerido.,Items faltantes disponibles; Bodega; Acuse; Tipo; Código; Nombre; Disponible; Requerido; Acuse creado,La captura registra la transición posterior del formulario; la hoja de seguridad inmediata muestra el modal Items faltantes disponibles con bodega y comparación Disponible frente a Requerido.,VISIBLE,MEDIUM,NOT_TESTABLE,Auditoría de evidencia fuente; la comparación funcional de la plataforma corresponde al hilo principal.,Evento localizado una sola vez en las hojas de contacto y contrastado con references/video-audit/chapters/CH14_inventario_movimientos_acuses_cierres_bodegas_y_kits/event_frames/CH14-E0152_00h45m27s400ms_abrupt_change.jpg.
