chapter_event_id,timestamp,frame_path,detail_crop_path,screen_or_module,visible_change,controls_or_data,possible_functionality,classification,confidence,current_platform_status,platform_evidence,notes
CH09-E0001,00:21:01.600,references/video-audit/chapters/CH09_hospitalizacion_clinica_y_reporte_de_salud/event_frames/CH09-E0001_00h21m01s600ms_settled.jpg,references/video-audit/chapters/CH09_hospitalizacion_clinica_y_reporte_de_salud/detail_crops/CH09-E0001_00h21m01s600ms_DETAIL.jpg,Hospitalización clínica / Reporte de salud,"CH09-E0001 @ 00:21:01.600: Sobre Cuentas por cobrar está abierto el submenú de catálogos con Tarifas, Docs Aseguradoras, Referencias, Descuentos, Hospitales y Socios.",catálogos; Tarifas; Docs Aseguradoras; Referencias; Descuentos,"Sobre Cuentas por cobrar está abierto el submenú de catálogos con Tarifas, Docs Aseguradoras, Referencias, Descuentos, Hospitales y Socios.",VISIBLE,HIGH,NOT_TESTABLE,Auditoría de evidencia fuente; no se ejecutó comparación funcional de la plataforma en este subencargo de solo lectura.,Evidencia visual revisada individualmente: references/video-audit/chapters/CH09_hospitalizacion_clinica_y_reporte_de_salud/event_frames/CH09-E0001_00h21m01s600ms_settled.jpg; recorte: references/video-audit/chapters/CH09_hospitalizacion_clinica_y_reporte_de_salud/detail_crops/CH09-E0001_00h21m01s600ms_DETAIL.jpg.
CH09-E0002,00:21:02.800,references/video-audit/chapters/CH09_hospitalizacion_clinica_y_reporte_de_salud/event_frames/CH09-E0002_00h21m02s800ms_settled.jpg,references/video-audit/chapters/CH09_hospitalizacion_clinica_y_reporte_de_salud/detail_crops/CH09-E0002_00h21m02s800ms_DETAIL.jpg,Hospitalización clínica / Reporte de salud,"CH09-E0002 @ 00:21:02.800: Sobre Cuentas por cobrar está abierto el submenú de recursos con Medicamentos, Insumos, Equipo, Estudios Dx, Honorarios y Servicios.",Medicamentos; Insumos; Equipo; Estudios Dx; Honorarios; Servicios,"Sobre Cuentas por cobrar está abierto el submenú de recursos con Medicamentos, Insumos, Equipo, Estudios Dx, Honorarios y Servicios.",VISIBLE,HIGH,NOT_TESTABLE,Auditoría de evidencia fuente; no se ejecutó comparación funcional de la plataforma en este subencargo de solo lectura.,Evidencia visual revisada individualmente: references/video-audit/chapters/CH09_hospitalizacion_clinica_y_reporte_de_salud/event_frames/CH09-E0002_00h21m02s800ms_settled.jpg; recorte: references/video-audit/chapters/CH09_hospitalizacion_clinica_y_reporte_de_salud/detail_crops/CH09-E0002_00h21m02s800ms_DETAIL.jpg.
CH09-E0003,00:21:03.800,references/video-audit/chapters/CH09_hospitalizacion_clinica_y_reporte_de_salud/event_frames/CH09-E0003_00h21m03s800ms_motion_progress.jpg,references/video-audit/chapters/CH09_hospitalizacion_clinica_y_reporte_de_salud/detail_crops/CH09-E0003_00h21m03s800ms_DETAIL.jpg,Hospitalización clínica / Reporte de salud,"CH09-E0003 @ 00:21:03.800: El submenú Clínica está abierto y lista Hospitalización clínica, Órdenes médicas, Reporte de salud, laboratorios, plantillas y evaluaciones.",Clínica; Hospitalización clínica; Reporte salud,"El submenú Clínica está abierto y lista Hospitalización clínica, Órdenes médicas, Reporte de salud, laboratorios, plantillas y evaluaciones.",VISIBLE,HIGH,NOT_TESTABLE,Auditoría de evidencia fuente; no se ejecutó comparación funcional de la plataforma en este subencargo de solo lectura.,Evidencia visual revisada individualmente: references/video-audit/chapters/CH09_hospitalizacion_clinica_y_reporte_de_salud/event_frames/CH09-E0003_00h21m03s800ms_motion_progress.jpg; recorte: references/video-audit/chapters/CH09_hospitalizacion_clinica_y_reporte_de_salud/detail_crops/CH09-E0003_00h21m03s800ms_DETAIL.jpg.
CH09-E0004,00:21:09.400,references/video-audit/chapters/CH09_hospitalizacion_clinica_y_reporte_de_salud/event_frames/CH09-E0004_00h21m09s400ms_abrupt_change.jpg,,Hospitalización clínica / Reporte de salud,"CH09-E0004 @ 00:21:09.400: Hospitalización Clínica muestra filtros Estado clínico, Activado por, Tipo de servicio y Tipo de atención, botón Aplicar y una tabla aún vacía.",Hospitalización Clínica; filtros; Aplicar; tabla vacía,"Hospitalización Clínica muestra filtros Estado clínico, Activado por, Tipo de servicio y Tipo de atención, botón Aplicar y una tabla aún vacía.",VISIBLE,HIGH,NOT_TESTABLE,Auditoría de evidencia fuente; no se ejecutó comparación funcional de la plataforma en este subencargo de solo lectura.,Evidencia visual revisada individualmente: references/video-audit/chapters/CH09_hospitalizacion_clinica_y_reporte_de_salud/event_frames/CH09-E0004_00h21m09s400ms_abrupt_change.jpg.
CH09-E0005,00:21:09.800,references/video-audit/chapters/CH09_hospitalizacion_clinica_y_reporte_de_salud/event_frames/CH09-E0005_00h21m09s800ms_abrupt_change.jpg,,Hospitalización clínica / Reporte de salud,"CH09-E0005 @ 00:21:09.800: Hospitalización Clínica muestra filtros Estado clínico, Activado por, Tipo de servicio y Tipo de atención, botón Aplicar y una tabla aún vacía.",Hospitalización Clínica; filtros; Aplicar; tabla vacía,"Hospitalización Clínica muestra filtros Estado clínico, Activado por, Tipo de servicio y Tipo de atención, botón Aplicar y una tabla aún vacía.",VISIBLE,HIGH,NOT_TESTABLE,Auditoría de evidencia fuente; no se ejecutó comparación funcional de la plataforma en este subencargo de solo lectura.,Evidencia visual revisada individualmente: references/video-audit/chapters/CH09_hospitalizacion_clinica_y_reporte_de_salud/event_frames/CH09-E0005_00h21m09s800ms_abrupt_change.jpg.
CH09-E0006,00:21:10.400,references/video-audit/chapters/CH09_hospitalizacion_clinica_y_reporte_de_salud/event_frames/CH09-E0006_00h21m10s400ms_stable_change.jpg,references/video-audit/chapters/CH09_hospitalizacion_clinica_y_reporte_de_salud/detail_crops/CH09-E0006_00h21m10s400ms_DETAIL.jpg,Hospitalización clínica / Reporte de salud,CH09-E0006 @ 00:21:10.400: Estado clínico contiene Pendiente y Activos; Activado por conserva Seleccione y la tabla aún no muestra filas.,Estado clínico; Pendiente; Activos; Activado por,Estado clínico contiene Pendiente y Activos; Activado por conserva Seleccione y la tabla aún no muestra filas.,VISIBLE,HIGH,NOT_TESTABLE,Auditoría de evidencia fuente; no se ejecutó comparación funcional de la plataforma en este subencargo de solo lectura.,Evidencia visual revisada individualmente: references/video-audit/chapters/CH09_hospitalizacion_clinica_y_reporte_de_salud/event_frames/CH09-E0006_00h21m10s400ms_stable_change.jpg; recorte: references/video-audit/chapters/CH09_hospitalizacion_clinica_y_reporte_de_salud/detail_crops/CH09-E0006_00h21m10s400ms_DETAIL.jpg.
CH09-E0007,00:21:11.000,references/video-audit/chapters/CH09_hospitalizacion_clinica_y_reporte_de_salud/event_frames/CH09-E0007_00h21m11s000ms_abrupt_change.jpg,,Hospitalización clínica / Reporte de salud,CH09-E0007 @ 00:21:11.000: La tabla conserva sólo sus encabezados y todavía no muestra filas.,tabla hospitalización; encabezados; sin filas,La tabla conserva sólo sus encabezados y todavía no muestra filas.,VISIBLE,HIGH,NOT_TESTABLE,Auditoría de evidencia fuente; no se ejecutó comparación funcional de la plataforma en este subencargo de solo lectura.,Evidencia visual revisada individualmente: references/video-audit/chapters/CH09_hospitalizacion_clinica_y_reporte_de_salud/event_frames/CH09-E0007_00h21m11s000ms_abrupt_change.jpg.
CH09-E0008,00:21:11.600,references/video-audit/chapters/CH09_hospitalizacion_clinica_y_reporte_de_salud/event_frames/CH09-E0008_00h21m11s600ms_stable_change.jpg,,Hospitalización clínica / Reporte de salud,CH09-E0008 @ 00:21:11.600: La tabla muestra Cargando y No hay registros disponibles mientras conserva los filtros seleccionados.,Cargando; sin registros; filtros,La tabla muestra Cargando y No hay registros disponibles mientras conserva los filtros seleccionados.,VISIBLE,HIGH,NOT_TESTABLE,Auditoría de evidencia fuente; no se ejecutó comparación funcional de la plataforma en este subencargo de solo lectura.,Evidencia visual revisada individualmente: references/video-audit/chapters/CH09_hospitalizacion_clinica_y_reporte_de_salud/event_frames/CH09-E0008_00h21m11s600ms_stable_change.jpg.
CH09-E0009,00:21:12.200,references/video-audit/chapters/CH09_hospitalizacion_clinica_y_reporte_de_salud/event_frames/CH09-E0009_00h21m12s200ms_abrupt_change.jpg,references/video-audit/chapters/CH09_hospitalizacion_clinica_y_reporte_de_salud/detail_crops/CH09-E0009_00h21m12s200ms_DETAIL.jpg,Hospitalización clínica / Reporte de salud,"CH09-E0009 @ 00:21:12.200: La tabla poblada muestra acciones, paciente, DUI/NIT, hospitalización, triage, empresa, clínico, inicio, fin y duración, con estados Pendiente y Activo visibles.",tabla hospitalización; paciente; triage; clínico; fechas; duración,"La tabla poblada muestra acciones, paciente, DUI/NIT, hospitalización, triage, empresa, clínico, inicio, fin y duración, con estados Pendiente y Activo visibles.",VISIBLE,HIGH,NOT_TESTABLE,Auditoría de evidencia fuente; no se ejecutó comparación funcional de la plataforma en este subencargo de solo lectura.,Evidencia visual revisada individualmente: references/video-audit/chapters/CH09_hospitalizacion_clinica_y_reporte_de_salud/event_frames/CH09-E0009_00h21m12s200ms_abrupt_change.jpg; recorte: references/video-audit/chapters/CH09_hospitalizacion_clinica_y_reporte_de_salud/detail_crops/CH09-E0009_00h21m12s200ms_DETAIL.jpg.
CH09-E0010,00:21:14.000,references/video-audit/chapters/CH09_hospitalizacion_clinica_y_reporte_de_salud/event_frames/CH09-E0010_00h21m14s000ms_abrupt_change.jpg,,Hospitalización clínica / Reporte de salud,"CH09-E0010 @ 00:21:14.000: La tabla poblada muestra acciones, paciente, DUI/NIT, hospitalización, triage, empresa, clínico, inicio, fin y duración, con estados Pendiente y Activo visibles.",tabla hospitalización; paciente; triage; clínico; fechas; duración,"La tabla poblada muestra acciones, paciente, DUI/NIT, hospitalización, triage, empresa, clínico, inicio, fin y duración, con estados Pendiente y Activo visibles.",VISIBLE,HIGH,NOT_TESTABLE,Auditoría de evidencia fuente; no se ejecutó comparación funcional de la plataforma en este subencargo de solo lectura.,Evidencia visual revisada individualmente: references/video-audit/chapters/CH09_hospitalizacion_clinica_y_reporte_de_salud/event_frames/CH09-E0010_00h21m14s000ms_abrupt_change.jpg.
CH09-E0011,00:21:14.600,references/video-audit/chapters/CH09_hospitalizacion_clinica_y_reporte_de_salud/event_frames/CH09-E0011_00h21m14s600ms_abrupt_change.jpg,,Hospitalización clínica / Reporte de salud,"CH09-E0011 @ 00:21:14.600: La tabla poblada muestra acciones, paciente, DUI/NIT, hospitalización, triage, empresa, clínico, inicio, fin y duración, con estados Pendiente y Activo visibles.",tabla hospitalización; paciente; triage; clínico; fechas; duración,"La tabla poblada muestra acciones, paciente, DUI/NIT, hospitalización, triage, empresa, clínico, inicio, fin y duración, con estados Pendiente y Activo visibles.",VISIBLE,HIGH,NOT_TESTABLE,Auditoría de evidencia fuente; no se ejecutó comparación funcional de la plataforma en este subencargo de solo lectura.,Evidencia visual revisada individualmente: references/video-audit/chapters/CH09_hospitalizacion_clinica_y_reporte_de_salud/event_frames/CH09-E0011_00h21m14s600ms_abrupt_change.jpg.
CH09-E0012,00:21:15.200,references/video-audit/chapters/CH09_hospitalizacion_clinica_y_reporte_de_salud/event_frames/CH09-E0012_00h21m15s200ms_stable_change.jpg,,Hospitalización clínica / Reporte de salud,"CH09-E0012 @ 00:21:15.200: La tabla poblada muestra acciones, paciente, DUI/NIT, hospitalización, triage, empresa, clínico, inicio, fin y duración, con estados Pendiente y Activo visibles.",tabla hospitalización; paciente; triage; clínico; fechas; duración,"La tabla poblada muestra acciones, paciente, DUI/NIT, hospitalización, triage, empresa, clínico, inicio, fin y duración, con estados Pendiente y Activo visibles.",VISIBLE,HIGH,NOT_TESTABLE,Auditoría de evidencia fuente; no se ejecutó comparación funcional de la plataforma en este subencargo de solo lectura.,Evidencia visual revisada individualmente: references/video-audit/chapters/CH09_hospitalizacion_clinica_y_reporte_de_salud/event_frames/CH09-E0012_00h21m15s200ms_stable_change.jpg.
CH09-E0013,00:21:17.200,references/video-audit/chapters/CH09_hospitalizacion_clinica_y_reporte_de_salud/event_frames/CH09-E0013_00h21m17s200ms_abrupt_change.jpg,,Hospitalización clínica / Reporte de salud,"CH09-E0013 @ 00:21:17.200: La tabla poblada muestra acciones, paciente, DUI/NIT, hospitalización, triage, empresa, clínico, inicio, fin y duración, con estados Pendiente y Activo visibles.",tabla hospitalización; paciente; triage; clínico; fechas; duración,"La tabla poblada muestra acciones, paciente, DUI/NIT, hospitalización, triage, empresa, clínico, inicio, fin y duración, con estados Pendiente y Activo visibles.",VISIBLE,HIGH,NOT_TESTABLE,Auditoría de evidencia fuente; no se ejecutó comparación funcional de la plataforma en este subencargo de solo lectura.,Evidencia visual revisada individualmente: references/video-audit/chapters/CH09_hospitalizacion_clinica_y_reporte_de_salud/event_frames/CH09-E0013_00h21m17s200ms_abrupt_change.jpg.
CH09-E0014,00:21:17.600,references/video-audit/chapters/CH09_hospitalizacion_clinica_y_reporte_de_salud/event_frames/CH09-E0014_00h21m17s600ms_abrupt_change.jpg,references/video-audit/chapters/CH09_hospitalizacion_clinica_y_reporte_de_salud/detail_crops/CH09-E0014_00h21m17s600ms_DETAIL.jpg,Hospitalización clínica / Reporte de salud,"CH09-E0014 @ 00:21:17.600: La tabla poblada muestra acciones, paciente, DUI/NIT, hospitalización, triage, empresa, clínico, inicio, fin y duración, con estados Pendiente y Activo visibles.",tabla hospitalización; paciente; triage; clínico; fechas; duración,"La tabla poblada muestra acciones, paciente, DUI/NIT, hospitalización, triage, empresa, clínico, inicio, fin y duración, con estados Pendiente y Activo visibles.",VISIBLE,HIGH,NOT_TESTABLE,Auditoría de evidencia fuente; no se ejecutó comparación funcional de la plataforma en este subencargo de solo lectura.,Evidencia visual revisada individualmente: references/video-audit/chapters/CH09_hospitalizacion_clinica_y_reporte_de_salud/event_frames/CH09-E0014_00h21m17s600ms_abrupt_change.jpg; recorte: references/video-audit/chapters/CH09_hospitalizacion_clinica_y_reporte_de_salud/detail_crops/CH09-E0014_00h21m17s600ms_DETAIL.jpg.
CH09-E0015,00:21:18.200,references/video-audit/chapters/CH09_hospitalizacion_clinica_y_reporte_de_salud/event_frames/CH09-E0015_00h21m18s200ms_stable_change.jpg,,Hospitalización clínica / Reporte de salud,"CH09-E0015 @ 00:21:18.200: La tabla poblada muestra acciones, paciente, DUI/NIT, hospitalización, triage, empresa, clínico, inicio, fin y duración, con estados Pendiente y Activo visibles.",tabla hospitalización; paciente; triage; clínico; fechas; duración,"La tabla poblada muestra acciones, paciente, DUI/NIT, hospitalización, triage, empresa, clínico, inicio, fin y duración, con estados Pendiente y Activo visibles.",VISIBLE,HIGH,NOT_TESTABLE,Auditoría de evidencia fuente; no se ejecutó comparación funcional de la plataforma en este subencargo de solo lectura.,Evidencia visual revisada individualmente: references/video-audit/chapters/CH09_hospitalizacion_clinica_y_reporte_de_salud/event_frames/CH09-E0015_00h21m18s200ms_stable_change.jpg.
CH09-E0016,00:21:34.800,references/video-audit/chapters/CH09_hospitalizacion_clinica_y_reporte_de_salud/event_frames/CH09-E0016_00h21m34s800ms_motion_progress.jpg,references/video-audit/chapters/CH09_hospitalizacion_clinica_y_reporte_de_salud/detail_crops/CH09-E0016_00h21m34s800ms_DETAIL.jpg,Hospitalización clínica / Reporte de salud,"CH09-E0016 @ 00:21:34.800: El menú de una hospitalización está abierto y ofrece Ver cotizaciones, Perfil clínico, Doc de Reingresos, Reingresos, Reinfecciones y Ulceraciones.",menú hospitalización; Perfil clínico; Reingresos; Reinfecciones; Ulceraciones,"El menú de una hospitalización está abierto y ofrece Ver cotizaciones, Perfil clínico, Doc de Reingresos, Reingresos, Reinfecciones y Ulceraciones.",VISIBLE,HIGH,NOT_TESTABLE,Auditoría de evidencia fuente; no se ejecutó comparación funcional de la plataforma en este subencargo de solo lectura.,Evidencia visual revisada individualmente: references/video-audit/chapters/CH09_hospitalizacion_clinica_y_reporte_de_salud/event_frames/CH09-E0016_00h21m34s800ms_motion_progress.jpg; recorte: references/video-audit/chapters/CH09_hospitalizacion_clinica_y_reporte_de_salud/detail_crops/CH09-E0016_00h21m34s800ms_DETAIL.jpg.
CH09-E0017,00:21:42.200,references/video-audit/chapters/CH09_hospitalizacion_clinica_y_reporte_de_salud/event_frames/CH09-E0017_00h21m42s200ms_abrupt_change.jpg,,Hospitalización clínica / Reporte de salud,CH09-E0017 @ 00:21:42.200: La tabla vuelve a mostrarse con el menú de la hospitalización cerrado.,tabla hospitalización; menú cerrado,La tabla vuelve a mostrarse con el menú de la hospitalización cerrado.,VISIBLE,HIGH,NOT_TESTABLE,Auditoría de evidencia fuente; no se ejecutó comparación funcional de la plataforma en este subencargo de solo lectura.,Evidencia visual revisada individualmente: references/video-audit/chapters/CH09_hospitalizacion_clinica_y_reporte_de_salud/event_frames/CH09-E0017_00h21m42s200ms_abrupt_change.jpg.
CH09-E0018,00:21:42.600,references/video-audit/chapters/CH09_hospitalizacion_clinica_y_reporte_de_salud/event_frames/CH09-E0018_00h21m42s600ms_abrupt_change.jpg,,Hospitalización clínica / Reporte de salud,CH09-E0018 @ 00:21:42.600: Una superposición de procesamiento cubre parcialmente la tabla tras accionar la fila.,procesamiento; tabla hospitalización,Una superposición de procesamiento cubre parcialmente la tabla tras accionar la fila.,VISIBLE,HIGH,NOT_TESTABLE,Auditoría de evidencia fuente; no se ejecutó comparación funcional de la plataforma en este subencargo de solo lectura.,Evidencia visual revisada individualmente: references/video-audit/chapters/CH09_hospitalizacion_clinica_y_reporte_de_salud/event_frames/CH09-E0018_00h21m42s600ms_abrupt_change.jpg.
CH09-E0019,00:21:43.000,references/video-audit/chapters/CH09_hospitalizacion_clinica_y_reporte_de_salud/event_frames/CH09-E0019_00h21m43s000ms_abrupt_change.jpg,references/video-audit/chapters/CH09_hospitalizacion_clinica_y_reporte_de_salud/detail_crops/CH09-E0019_00h21m43s000ms_DETAIL.jpg,Hospitalización clínica / Reporte de salud,"CH09-E0019 @ 00:21:43.000: Perfiles Clínicos muestra una fila activa con fecha de inicio, triage Estable, médico tratante y tipo Enfermería Puntual, además de Nuevo perfil clínico.",Perfiles Clínicos; Estable; médico; Enfermería Puntual; Nuevo perfil,"Perfiles Clínicos muestra una fila activa con fecha de inicio, triage Estable, médico tratante y tipo Enfermería Puntual, además de Nuevo perfil clínico.",VISIBLE,HIGH,NOT_TESTABLE,Auditoría de evidencia fuente; no se ejecutó comparación funcional de la plataforma en este subencargo de solo lectura.,Evidencia visual revisada individualmente: references/video-audit/chapters/CH09_hospitalizacion_clinica_y_reporte_de_salud/event_frames/CH09-E0019_00h21m43s000ms_abrupt_change.jpg; recorte: references/video-audit/chapters/CH09_hospitalizacion_clinica_y_reporte_de_salud/detail_crops/CH09-E0019_00h21m43s000ms_DETAIL.jpg.
CH09-E0020,00:21:45.200,references/video-audit/chapters/CH09_hospitalizacion_clinica_y_reporte_de_salud/event_frames/CH09-E0020_00h21m45s200ms_abrupt_change.jpg,,Hospitalización clínica / Reporte de salud,"CH09-E0020 @ 00:21:45.200: Perfiles Clínicos muestra una fila activa con fecha de inicio, triage Estable, médico tratante y tipo Enfermería Puntual, además de Nuevo perfil clínico.",Perfiles Clínicos; Estable; médico; Enfermería Puntual; Nuevo perfil,"Perfiles Clínicos muestra una fila activa con fecha de inicio, triage Estable, médico tratante y tipo Enfermería Puntual, además de Nuevo perfil clínico.",VISIBLE,HIGH,NOT_TESTABLE,Auditoría de evidencia fuente; no se ejecutó comparación funcional de la plataforma en este subencargo de solo lectura.,Evidencia visual revisada individualmente: references/video-audit/chapters/CH09_hospitalizacion_clinica_y_reporte_de_salud/event_frames/CH09-E0020_00h21m45s200ms_abrupt_change.jpg.
CH09-E0021,00:21:45.600,references/video-audit/chapters/CH09_hospitalizacion_clinica_y_reporte_de_salud/event_frames/CH09-E0021_00h21m45s600ms_abrupt_change.jpg,,Hospitalización clínica / Reporte de salud,CH09-E0021 @ 00:21:45.600: Dentro de Perfiles Clínicos se abre Detalles de Hospitalización con un indicador circular de carga.,Detalles Hospitalización; cargando,Dentro de Perfiles Clínicos se abre Detalles de Hospitalización con un indicador circular de carga.,VISIBLE,HIGH,NOT_TESTABLE,Auditoría de evidencia fuente; no se ejecutó comparación funcional de la plataforma en este subencargo de solo lectura.,Evidencia visual revisada individualmente: references/video-audit/chapters/CH09_hospitalizacion_clinica_y_reporte_de_salud/event_frames/CH09-E0021_00h21m45s600ms_abrupt_change.jpg.
CH09-E0022,00:21:46.000,references/video-audit/chapters/CH09_hospitalizacion_clinica_y_reporte_de_salud/event_frames/CH09-E0022_00h21m46s000ms_abrupt_change.jpg,,Hospitalización clínica / Reporte de salud,"CH09-E0022 @ 00:21:46.000: Detalles de Hospitalización muestra paciente, DUI/NIT, hospitalización, estado y el encabezado Perfil clínico de Hospitalización con Cancelar y Guardar.",Detalles Hospitalización; Perfil clínico; Cancelar; Guardar,"Detalles de Hospitalización muestra paciente, DUI/NIT, hospitalización, estado y el encabezado Perfil clínico de Hospitalización con Cancelar y Guardar.",VISIBLE,HIGH,NOT_TESTABLE,Auditoría de evidencia fuente; no se ejecutó comparación funcional de la plataforma en este subencargo de solo lectura.,Evidencia visual revisada individualmente: references/video-audit/chapters/CH09_hospitalizacion_clinica_y_reporte_de_salud/event_frames/CH09-E0022_00h21m46s000ms_abrupt_change.jpg.
CH09-E0023,00:21:46.800,references/video-audit/chapters/CH09_hospitalizacion_clinica_y_reporte_de_salud/event_frames/CH09-E0023_00h21m46s800ms_abrupt_change.jpg,,Hospitalización clínica / Reporte de salud,"CH09-E0023 @ 00:21:46.800: Detalles de Hospitalización muestra paciente, DUI/NIT, hospitalización, estado y el encabezado Perfil clínico de Hospitalización con Cancelar y Guardar.",Detalles Hospitalización; Perfil clínico; Cancelar; Guardar,"Detalles de Hospitalización muestra paciente, DUI/NIT, hospitalización, estado y el encabezado Perfil clínico de Hospitalización con Cancelar y Guardar.",VISIBLE,HIGH,NOT_TESTABLE,Auditoría de evidencia fuente; no se ejecutó comparación funcional de la plataforma en este subencargo de solo lectura.,Evidencia visual revisada individualmente: references/video-audit/chapters/CH09_hospitalizacion_clinica_y_reporte_de_salud/event_frames/CH09-E0023_00h21m46s800ms_abrupt_change.jpg.
CH09-E0024,00:21:47.600,references/video-audit/chapters/CH09_hospitalizacion_clinica_y_reporte_de_salud/event_frames/CH09-E0024_00h21m47s600ms_abrupt_change.jpg,,Hospitalización clínica / Reporte de salud,"CH09-E0024 @ 00:21:47.600: Perfil clínico muestra Fecha inicio/fin, Adjuntar archivos, Médico tratante, Otros Médicos tratantes, Diagnósticos, Grupo Diagnóstico y triage Estable.",Fecha; Adjuntar archivos; médicos; Diagnósticos; Grupo Diagnóstico; Estable,"Perfil clínico muestra Fecha inicio/fin, Adjuntar archivos, Médico tratante, Otros Médicos tratantes, Diagnósticos, Grupo Diagnóstico y triage Estable.",VISIBLE,HIGH,NOT_TESTABLE,Auditoría de evidencia fuente; no se ejecutó comparación funcional de la plataforma en este subencargo de solo lectura.,Evidencia visual revisada individualmente: references/video-audit/chapters/CH09_hospitalizacion_clinica_y_reporte_de_salud/event_frames/CH09-E0024_00h21m47s600ms_abrupt_change.jpg.
CH09-E0025,00:21:48.200,references/video-audit/chapters/CH09_hospitalizacion_clinica_y_reporte_de_salud/event_frames/CH09-E0025_00h21m48s200ms_abrupt_change.jpg,,Hospitalización clínica / Reporte de salud,"CH09-E0025 @ 00:21:48.200: Perfil clínico muestra Fecha inicio/fin, Adjuntar archivos, Médico tratante, Otros Médicos tratantes, Diagnósticos, Grupo Diagnóstico y triage Estable.",Fecha; Adjuntar archivos; médicos; Diagnósticos; Grupo Diagnóstico; Estable,"Perfil clínico muestra Fecha inicio/fin, Adjuntar archivos, Médico tratante, Otros Médicos tratantes, Diagnósticos, Grupo Diagnóstico y triage Estable.",VISIBLE,HIGH,NOT_TESTABLE,Auditoría de evidencia fuente; no se ejecutó comparación funcional de la plataforma en este subencargo de solo lectura.,Evidencia visual revisada individualmente: references/video-audit/chapters/CH09_hospitalizacion_clinica_y_reporte_de_salud/event_frames/CH09-E0025_00h21m48s200ms_abrupt_change.jpg.
CH09-E0026,00:21:48.800,references/video-audit/chapters/CH09_hospitalizacion_clinica_y_reporte_de_salud/event_frames/CH09-E0026_00h21m48s800ms_stable_change.jpg,,Hospitalización clínica / Reporte de salud,"CH09-E0026 @ 00:21:48.800: El selector Diagnósticos permanece desplegado mientras recorre códigos visibles A00–A02, incluidos cólera, fiebres tifoideas y salmonelosis.",selector Diagnósticos; códigos A00-A02; cólera; fiebres; salmonelosis,"El selector Diagnósticos permanece desplegado mientras recorre códigos visibles A00–A02, incluidos cólera, fiebres tifoideas y salmonelosis.",VISIBLE,HIGH,NOT_TESTABLE,Auditoría de evidencia fuente; no se ejecutó comparación funcional de la plataforma en este subencargo de solo lectura.,Evidencia visual revisada individualmente: references/video-audit/chapters/CH09_hospitalizacion_clinica_y_reporte_de_salud/event_frames/CH09-E0026_00h21m48s800ms_stable_change.jpg.
CH09-E0027,00:21:50.600,references/video-audit/chapters/CH09_hospitalizacion_clinica_y_reporte_de_salud/event_frames/CH09-E0027_00h21m50s600ms_motion_progress.jpg,references/video-audit/chapters/CH09_hospitalizacion_clinica_y_reporte_de_salud/detail_crops/CH09-E0027_00h21m50s600ms_DETAIL.jpg,Hospitalización clínica / Reporte de salud,"CH09-E0027 @ 00:21:50.600: El selector Diagnósticos permanece desplegado mientras recorre códigos visibles A00–A02, incluidos cólera, fiebres tifoideas y salmonelosis.",selector Diagnósticos; códigos A00-A02; cólera; fiebres; salmonelosis,"El selector Diagnósticos permanece desplegado mientras recorre códigos visibles A00–A02, incluidos cólera, fiebres tifoideas y salmonelosis.",VISIBLE,HIGH,NOT_TESTABLE,Auditoría de evidencia fuente; no se ejecutó comparación funcional de la plataforma en este subencargo de solo lectura.,Evidencia visual revisada individualmente: references/video-audit/chapters/CH09_hospitalizacion_clinica_y_reporte_de_salud/event_frames/CH09-E0027_00h21m50s600ms_motion_progress.jpg; recorte: references/video-audit/chapters/CH09_hospitalizacion_clinica_y_reporte_de_salud/detail_crops/CH09-E0027_00h21m50s600ms_DETAIL.jpg.
CH09-E0028,00:22:00.200,references/video-audit/chapters/CH09_hospitalizacion_clinica_y_reporte_de_salud/event_frames/CH09-E0028_00h22m00s200ms_abrupt_change.jpg,references/video-audit/chapters/CH09_hospitalizacion_clinica_y_reporte_de_salud/detail_crops/CH09-E0028_00h22m00s200ms_DETAIL.jpg,Hospitalización clínica / Reporte de salud,"CH09-E0028 @ 00:22:00.200: El selector Diagnósticos permanece desplegado mientras recorre códigos visibles A00–A02, incluidos cólera, fiebres tifoideas y salmonelosis.",selector Diagnósticos; códigos A00-A02; cólera; fiebres; salmonelosis,"El selector Diagnósticos permanece desplegado mientras recorre códigos visibles A00–A02, incluidos cólera, fiebres tifoideas y salmonelosis.",VISIBLE,HIGH,NOT_TESTABLE,Auditoría de evidencia fuente; no se ejecutó comparación funcional de la plataforma en este subencargo de solo lectura.,Evidencia visual revisada individualmente: references/video-audit/chapters/CH09_hospitalizacion_clinica_y_reporte_de_salud/event_frames/CH09-E0028_00h22m00s200ms_abrupt_change.jpg; recorte: references/video-audit/chapters/CH09_hospitalizacion_clinica_y_reporte_de_salud/detail_crops/CH09-E0028_00h22m00s200ms_DETAIL.jpg.
CH09-E0029,00:22:00.800,references/video-audit/chapters/CH09_hospitalizacion_clinica_y_reporte_de_salud/event_frames/CH09-E0029_00h22m00s800ms_abrupt_change.jpg,references/video-audit/chapters/CH09_hospitalizacion_clinica_y_reporte_de_salud/detail_crops/CH09-E0029_00h22m00s800ms_DETAIL.jpg,Hospitalización clínica / Reporte de salud,"CH09-E0029 @ 00:22:00.800: El selector Diagnósticos permanece desplegado mientras recorre códigos visibles A00–A02, incluidos cólera, fiebres tifoideas y salmonelosis.",selector Diagnósticos; códigos A00-A02; cólera; fiebres; salmonelosis,"El selector Diagnósticos permanece desplegado mientras recorre códigos visibles A00–A02, incluidos cólera, fiebres tifoideas y salmonelosis.",VISIBLE,HIGH,NOT_TESTABLE,Auditoría de evidencia fuente; no se ejecutó comparación funcional de la plataforma en este subencargo de solo lectura.,Evidencia visual revisada individualmente: references/video-audit/chapters/CH09_hospitalizacion_clinica_y_reporte_de_salud/event_frames/CH09-E0029_00h22m00s800ms_abrupt_change.jpg; recorte: references/video-audit/chapters/CH09_hospitalizacion_clinica_y_reporte_de_salud/detail_crops/CH09-E0029_00h22m00s800ms_DETAIL.jpg.
CH09-E0030,00:22:01.400,references/video-audit/chapters/CH09_hospitalizacion_clinica_y_reporte_de_salud/event_frames/CH09-E0030_00h22m01s400ms_abrupt_change.jpg,references/video-audit/chapters/CH09_hospitalizacion_clinica_y_reporte_de_salud/detail_crops/CH09-E0030_00h22m01s400ms_DETAIL.jpg,Hospitalización clínica / Reporte de salud,"CH09-E0030 @ 00:22:01.400: El selector Diagnósticos permanece desplegado mientras recorre códigos visibles A00–A02, incluidos cólera, fiebres tifoideas y salmonelosis.",selector Diagnósticos; códigos A00-A02; cólera; fiebres; salmonelosis,"El selector Diagnósticos permanece desplegado mientras recorre códigos visibles A00–A02, incluidos cólera, fiebres tifoideas y salmonelosis.",VISIBLE,HIGH,NOT_TESTABLE,Auditoría de evidencia fuente; no se ejecutó comparación funcional de la plataforma en este subencargo de solo lectura.,Evidencia visual revisada individualmente: references/video-audit/chapters/CH09_hospitalizacion_clinica_y_reporte_de_salud/event_frames/CH09-E0030_00h22m01s400ms_abrupt_change.jpg; recorte: references/video-audit/chapters/CH09_hospitalizacion_clinica_y_reporte_de_salud/detail_crops/CH09-E0030_00h22m01s400ms_DETAIL.jpg.
CH09-E0031,00:22:02.000,references/video-audit/chapters/CH09_hospitalizacion_clinica_y_reporte_de_salud/event_frames/CH09-E0031_00h22m02s000ms_abrupt_change.jpg,references/video-audit/chapters/CH09_hospitalizacion_clinica_y_reporte_de_salud/detail_crops/CH09-E0031_00h22m02s000ms_DETAIL.jpg,Hospitalización clínica / Reporte de salud,"CH09-E0031 @ 00:22:02.000: El selector Diagnósticos permanece desplegado mientras recorre códigos visibles A00–A02, incluidos cólera, fiebres tifoideas y salmonelosis.",selector Diagnósticos; códigos A00-A02; cólera; fiebres; salmonelosis,"El selector Diagnósticos permanece desplegado mientras recorre códigos visibles A00–A02, incluidos cólera, fiebres tifoideas y salmonelosis.",VISIBLE,HIGH,NOT_TESTABLE,Auditoría de evidencia fuente; no se ejecutó comparación funcional de la plataforma en este subencargo de solo lectura.,Evidencia visual revisada individualmente: references/video-audit/chapters/CH09_hospitalizacion_clinica_y_reporte_de_salud/event_frames/CH09-E0031_00h22m02s000ms_abrupt_change.jpg; recorte: references/video-audit/chapters/CH09_hospitalizacion_clinica_y_reporte_de_salud/detail_crops/CH09-E0031_00h22m02s000ms_DETAIL.jpg.
CH09-E0032,00:22:02.600,references/video-audit/chapters/CH09_hospitalizacion_clinica_y_reporte_de_salud/event_frames/CH09-E0032_00h22m02s600ms_stable_change.jpg,references/video-audit/chapters/CH09_hospitalizacion_clinica_y_reporte_de_salud/detail_crops/CH09-E0032_00h22m02s600ms_DETAIL.jpg,Hospitalización clínica / Reporte de salud,"CH09-E0032 @ 00:22:02.600: El selector Diagnósticos permanece desplegado mientras recorre códigos visibles A00–A02, incluidos cólera, fiebres tifoideas y salmonelosis.",selector Diagnósticos; códigos A00-A02; cólera; fiebres; salmonelosis,"El selector Diagnósticos permanece desplegado mientras recorre códigos visibles A00–A02, incluidos cólera, fiebres tifoideas y salmonelosis.",VISIBLE,HIGH,NOT_TESTABLE,Auditoría de evidencia fuente; no se ejecutó comparación funcional de la plataforma en este subencargo de solo lectura.,Evidencia visual revisada individualmente: references/video-audit/chapters/CH09_hospitalizacion_clinica_y_reporte_de_salud/event_frames/CH09-E0032_00h22m02s600ms_stable_change.jpg; recorte: references/video-audit/chapters/CH09_hospitalizacion_clinica_y_reporte_de_salud/detail_crops/CH09-E0032_00h22m02s600ms_DETAIL.jpg.
CH09-E0033,00:22:03.000,references/video-audit/chapters/CH09_hospitalizacion_clinica_y_reporte_de_salud/event_frames/CH09-E0033_00h22m03s000ms_abrupt_change.jpg,references/video-audit/chapters/CH09_hospitalizacion_clinica_y_reporte_de_salud/detail_crops/CH09-E0033_00h22m03s000ms_DETAIL.jpg,Hospitalización clínica / Reporte de salud,"CH09-E0033 @ 00:22:03.000: El selector Diagnósticos permanece desplegado mientras recorre códigos visibles A00–A02, incluidos cólera, fiebres tifoideas y salmonelosis.",selector Diagnósticos; códigos A00-A02; cólera; fiebres; salmonelosis,"El selector Diagnósticos permanece desplegado mientras recorre códigos visibles A00–A02, incluidos cólera, fiebres tifoideas y salmonelosis.",VISIBLE,HIGH,NOT_TESTABLE,Auditoría de evidencia fuente; no se ejecutó comparación funcional de la plataforma en este subencargo de solo lectura.,Evidencia visual revisada individualmente: references/video-audit/chapters/CH09_hospitalizacion_clinica_y_reporte_de_salud/event_frames/CH09-E0033_00h22m03s000ms_abrupt_change.jpg; recorte: references/video-audit/chapters/CH09_hospitalizacion_clinica_y_reporte_de_salud/detail_crops/CH09-E0033_00h22m03s000ms_DETAIL.jpg.
CH09-E0034,00:22:03.600,references/video-audit/chapters/CH09_hospitalizacion_clinica_y_reporte_de_salud/event_frames/CH09-E0034_00h22m03s600ms_abrupt_change.jpg,references/video-audit/chapters/CH09_hospitalizacion_clinica_y_reporte_de_salud/detail_crops/CH09-E0034_00h22m03s600ms_DETAIL.jpg,Hospitalización clínica / Reporte de salud,"CH09-E0034 @ 00:22:03.600: El selector Diagnósticos permanece desplegado mientras recorre códigos visibles A00–A02, incluidos cólera, fiebres tifoideas y salmonelosis.",selector Diagnósticos; códigos A00-A02; cólera; fiebres; salmonelosis,"El selector Diagnósticos permanece desplegado mientras recorre códigos visibles A00–A02, incluidos cólera, fiebres tifoideas y salmonelosis.",VISIBLE,HIGH,NOT_TESTABLE,Auditoría de evidencia fuente; no se ejecutó comparación funcional de la plataforma en este subencargo de solo lectura.,Evidencia visual revisada individualmente: references/video-audit/chapters/CH09_hospitalizacion_clinica_y_reporte_de_salud/event_frames/CH09-E0034_00h22m03s600ms_abrupt_change.jpg; recorte: references/video-audit/chapters/CH09_hospitalizacion_clinica_y_reporte_de_salud/detail_crops/CH09-E0034_00h22m03s600ms_DETAIL.jpg.
CH09-E0035,00:22:04.000,references/video-audit/chapters/CH09_hospitalizacion_clinica_y_reporte_de_salud/event_frames/CH09-E0035_00h22m04s000ms_abrupt_change.jpg,references/video-audit/chapters/CH09_hospitalizacion_clinica_y_reporte_de_salud/detail_crops/CH09-E0035_00h22m04s000ms_DETAIL.jpg,Hospitalización clínica / Reporte de salud,"CH09-E0035 @ 00:22:04.000: El selector Diagnósticos permanece desplegado mientras recorre códigos visibles A00–A02, incluidos cólera, fiebres tifoideas y salmonelosis.",selector Diagnósticos; códigos A00-A02; cólera; fiebres; salmonelosis,"El selector Diagnósticos permanece desplegado mientras recorre códigos visibles A00–A02, incluidos cólera, fiebres tifoideas y salmonelosis.",VISIBLE,HIGH,NOT_TESTABLE,Auditoría de evidencia fuente; no se ejecutó comparación funcional de la plataforma en este subencargo de solo lectura.,Evidencia visual revisada individualmente: references/video-audit/chapters/CH09_hospitalizacion_clinica_y_reporte_de_salud/event_frames/CH09-E0035_00h22m04s000ms_abrupt_change.jpg; recorte: references/video-audit/chapters/CH09_hospitalizacion_clinica_y_reporte_de_salud/detail_crops/CH09-E0035_00h22m04s000ms_DETAIL.jpg.
CH09-E0036,00:22:08.800,references/video-audit/chapters/CH09_hospitalizacion_clinica_y_reporte_de_salud/event_frames/CH09-E0036_00h22m08s800ms_abrupt_change.jpg,references/video-audit/chapters/CH09_hospitalizacion_clinica_y_reporte_de_salud/detail_crops/CH09-E0036_00h22m08s800ms_DETAIL.jpg,Hospitalización clínica / Reporte de salud,"CH09-E0036 @ 00:22:08.800: El selector Diagnósticos permanece desplegado mientras recorre códigos visibles A00–A02, incluidos cólera, fiebres tifoideas y salmonelosis.",selector Diagnósticos; códigos A00-A02; cólera; fiebres; salmonelosis,"El selector Diagnósticos permanece desplegado mientras recorre códigos visibles A00–A02, incluidos cólera, fiebres tifoideas y salmonelosis.",VISIBLE,HIGH,NOT_TESTABLE,Auditoría de evidencia fuente; no se ejecutó comparación funcional de la plataforma en este subencargo de solo lectura.,Evidencia visual revisada individualmente: references/video-audit/chapters/CH09_hospitalizacion_clinica_y_reporte_de_salud/event_frames/CH09-E0036_00h22m08s800ms_abrupt_change.jpg; recorte: references/video-audit/chapters/CH09_hospitalizacion_clinica_y_reporte_de_salud/detail_crops/CH09-E0036_00h22m08s800ms_DETAIL.jpg.
CH09-E0037,00:22:09.600,references/video-audit/chapters/CH09_hospitalizacion_clinica_y_reporte_de_salud/event_frames/CH09-E0037_00h22m09s600ms_abrupt_change.jpg,references/video-audit/chapters/CH09_hospitalizacion_clinica_y_reporte_de_salud/detail_crops/CH09-E0037_00h22m09s600ms_DETAIL.jpg,Hospitalización clínica / Reporte de salud,"CH09-E0037 @ 00:22:09.600: El selector Diagnósticos permanece desplegado mientras recorre códigos visibles A00–A02, incluidos cólera, fiebres tifoideas y salmonelosis.",selector Diagnósticos; códigos A00-A02; cólera; fiebres; salmonelosis,"El selector Diagnósticos permanece desplegado mientras recorre códigos visibles A00–A02, incluidos cólera, fiebres tifoideas y salmonelosis.",VISIBLE,HIGH,NOT_TESTABLE,Auditoría de evidencia fuente; no se ejecutó comparación funcional de la plataforma en este subencargo de solo lectura.,Evidencia visual revisada individualmente: references/video-audit/chapters/CH09_hospitalizacion_clinica_y_reporte_de_salud/event_frames/CH09-E0037_00h22m09s600ms_abrupt_change.jpg; recorte: references/video-audit/chapters/CH09_hospitalizacion_clinica_y_reporte_de_salud/detail_crops/CH09-E0037_00h22m09s600ms_DETAIL.jpg.
CH09-E0038,00:22:10.200,references/video-audit/chapters/CH09_hospitalizacion_clinica_y_reporte_de_salud/event_frames/CH09-E0038_00h22m10s200ms_stable_change.jpg,references/video-audit/chapters/CH09_hospitalizacion_clinica_y_reporte_de_salud/detail_crops/CH09-E0038_00h22m10s200ms_DETAIL.jpg,Hospitalización clínica / Reporte de salud,"CH09-E0038 @ 00:22:10.200: El selector Diagnósticos permanece desplegado mientras recorre códigos visibles A00–A02, incluidos cólera, fiebres tifoideas y salmonelosis.",selector Diagnósticos; códigos A00-A02; cólera; fiebres; salmonelosis,"El selector Diagnósticos permanece desplegado mientras recorre códigos visibles A00–A02, incluidos cólera, fiebres tifoideas y salmonelosis.",VISIBLE,HIGH,NOT_TESTABLE,Auditoría de evidencia fuente; no se ejecutó comparación funcional de la plataforma en este subencargo de solo lectura.,Evidencia visual revisada individualmente: references/video-audit/chapters/CH09_hospitalizacion_clinica_y_reporte_de_salud/event_frames/CH09-E0038_00h22m10s200ms_stable_change.jpg; recorte: references/video-audit/chapters/CH09_hospitalizacion_clinica_y_reporte_de_salud/detail_crops/CH09-E0038_00h22m10s200ms_DETAIL.jpg.
CH09-E0039,00:22:11.800,references/video-audit/chapters/CH09_hospitalizacion_clinica_y_reporte_de_salud/event_frames/CH09-E0039_00h22m11s800ms_abrupt_change.jpg,references/video-audit/chapters/CH09_hospitalizacion_clinica_y_reporte_de_salud/detail_crops/CH09-E0039_00h22m11s800ms_DETAIL.jpg,Hospitalización clínica / Reporte de salud,"CH09-E0039 @ 00:22:11.800: El selector Diagnósticos se cierra y el perfil vuelve a mostrar diagnóstico, grupo diagnóstico y triage Estable.",Diagnósticos; Grupo Diagnóstico; Estable,"El selector Diagnósticos se cierra y el perfil vuelve a mostrar diagnóstico, grupo diagnóstico y triage Estable.",VISIBLE,HIGH,NOT_TESTABLE,Auditoría de evidencia fuente; no se ejecutó comparación funcional de la plataforma en este subencargo de solo lectura.,Evidencia visual revisada individualmente: references/video-audit/chapters/CH09_hospitalizacion_clinica_y_reporte_de_salud/event_frames/CH09-E0039_00h22m11s800ms_abrupt_change.jpg; recorte: references/video-audit/chapters/CH09_hospitalizacion_clinica_y_reporte_de_salud/detail_crops/CH09-E0039_00h22m11s800ms_DETAIL.jpg.
CH09-E0040,00:22:18.200,references/video-audit/chapters/CH09_hospitalizacion_clinica_y_reporte_de_salud/event_frames/CH09-E0040_00h22m18s200ms_abrupt_change.jpg,,Hospitalización clínica / Reporte de salud,"CH09-E0040 @ 00:22:18.200: La parte media del perfil muestra grupo/subgrupo de paciente, tipo Agudo, supervisor, coordinador, tags y frecuencias de supervisión y reporte.",Grupo perfil; Subgrupo; Agudo; Supervisor; Coordinador; frecuencias,"La parte media del perfil muestra grupo/subgrupo de paciente, tipo Agudo, supervisor, coordinador, tags y frecuencias de supervisión y reporte.",VISIBLE,HIGH,NOT_TESTABLE,Auditoría de evidencia fuente; no se ejecutó comparación funcional de la plataforma en este subencargo de solo lectura.,Evidencia visual revisada individualmente: references/video-audit/chapters/CH09_hospitalizacion_clinica_y_reporte_de_salud/event_frames/CH09-E0040_00h22m18s200ms_abrupt_change.jpg.
CH09-E0041,00:22:18.800,references/video-audit/chapters/CH09_hospitalizacion_clinica_y_reporte_de_salud/event_frames/CH09-E0041_00h22m18s800ms_stable_change.jpg,,Hospitalización clínica / Reporte de salud,"CH09-E0041 @ 00:22:18.800: La parte media del perfil muestra grupo/subgrupo de paciente, tipo Agudo, supervisor, coordinador, tags y frecuencias de supervisión y reporte.",Grupo perfil; Subgrupo; Agudo; Supervisor; Coordinador; frecuencias,"La parte media del perfil muestra grupo/subgrupo de paciente, tipo Agudo, supervisor, coordinador, tags y frecuencias de supervisión y reporte.",VISIBLE,HIGH,NOT_TESTABLE,Auditoría de evidencia fuente; no se ejecutó comparación funcional de la plataforma en este subencargo de solo lectura.,Evidencia visual revisada individualmente: references/video-audit/chapters/CH09_hospitalizacion_clinica_y_reporte_de_salud/event_frames/CH09-E0041_00h22m18s800ms_stable_change.jpg.
CH09-E0042,00:22:19.400,references/video-audit/chapters/CH09_hospitalizacion_clinica_y_reporte_de_salud/event_frames/CH09-E0042_00h22m19s400ms_abrupt_change.jpg,,Hospitalización clínica / Reporte de salud,"CH09-E0042 @ 00:22:19.400: La parte media del perfil muestra grupo/subgrupo de paciente, tipo Agudo, supervisor, coordinador, tags y frecuencias de supervisión y reporte.",Grupo perfil; Subgrupo; Agudo; Supervisor; Coordinador; frecuencias,"La parte media del perfil muestra grupo/subgrupo de paciente, tipo Agudo, supervisor, coordinador, tags y frecuencias de supervisión y reporte.",VISIBLE,HIGH,NOT_TESTABLE,Auditoría de evidencia fuente; no se ejecutó comparación funcional de la plataforma en este subencargo de solo lectura.,Evidencia visual revisada individualmente: references/video-audit/chapters/CH09_hospitalizacion_clinica_y_reporte_de_salud/event_frames/CH09-E0042_00h22m19s400ms_abrupt_change.jpg.
CH09-E0043,00:22:20.000,references/video-audit/chapters/CH09_hospitalizacion_clinica_y_reporte_de_salud/event_frames/CH09-E0043_00h22m20s000ms_stable_change.jpg,,Hospitalización clínica / Reporte de salud,"CH09-E0043 @ 00:22:20.000: El selector Grupo perfil del paciente está desplegado con categorías como Administración IV, Alquiler de Equipo, Antibioticoterapia y Citas Especialistas.",Grupo perfil; Administración IV; Alquiler Equipo; Antibioticoterapia; Citas,"El selector Grupo perfil del paciente está desplegado con categorías como Administración IV, Alquiler de Equipo, Antibioticoterapia y Citas Especialistas.",VISIBLE,HIGH,NOT_TESTABLE,Auditoría de evidencia fuente; no se ejecutó comparación funcional de la plataforma en este subencargo de solo lectura.,Evidencia visual revisada individualmente: references/video-audit/chapters/CH09_hospitalizacion_clinica_y_reporte_de_salud/event_frames/CH09-E0043_00h22m20s000ms_stable_change.jpg.
CH09-E0044,00:22:22.800,references/video-audit/chapters/CH09_hospitalizacion_clinica_y_reporte_de_salud/event_frames/CH09-E0044_00h22m22s800ms_abrupt_change.jpg,references/video-audit/chapters/CH09_hospitalizacion_clinica_y_reporte_de_salud/detail_crops/CH09-E0044_00h22m22s800ms_DETAIL.jpg,Hospitalización clínica / Reporte de salud,"CH09-E0044 @ 00:22:22.800: El selector Grupo perfil del paciente está desplegado con categorías como Administración IV, Alquiler de Equipo, Antibioticoterapia y Citas Especialistas.",Grupo perfil; Administración IV; Alquiler Equipo; Antibioticoterapia; Citas,"El selector Grupo perfil del paciente está desplegado con categorías como Administración IV, Alquiler de Equipo, Antibioticoterapia y Citas Especialistas.",VISIBLE,HIGH,NOT_TESTABLE,Auditoría de evidencia fuente; no se ejecutó comparación funcional de la plataforma en este subencargo de solo lectura.,Evidencia visual revisada individualmente: references/video-audit/chapters/CH09_hospitalizacion_clinica_y_reporte_de_salud/event_frames/CH09-E0044_00h22m22s800ms_abrupt_change.jpg; recorte: references/video-audit/chapters/CH09_hospitalizacion_clinica_y_reporte_de_salud/detail_crops/CH09-E0044_00h22m22s800ms_DETAIL.jpg.
CH09-E0045,00:22:24.200,references/video-audit/chapters/CH09_hospitalizacion_clinica_y_reporte_de_salud/event_frames/CH09-E0045_00h22m24s200ms_abrupt_change.jpg,references/video-audit/chapters/CH09_hospitalizacion_clinica_y_reporte_de_salud/detail_crops/CH09-E0045_00h22m24s200ms_DETAIL.jpg,Hospitalización clínica / Reporte de salud,"CH09-E0045 @ 00:22:24.200: El selector Grupo perfil del paciente está desplegado con categorías como Administración IV, Alquiler de Equipo, Antibioticoterapia y Citas Especialistas.",Grupo perfil; Administración IV; Alquiler Equipo; Antibioticoterapia; Citas,"El selector Grupo perfil del paciente está desplegado con categorías como Administración IV, Alquiler de Equipo, Antibioticoterapia y Citas Especialistas.",VISIBLE,HIGH,NOT_TESTABLE,Auditoría de evidencia fuente; no se ejecutó comparación funcional de la plataforma en este subencargo de solo lectura.,Evidencia visual revisada individualmente: references/video-audit/chapters/CH09_hospitalizacion_clinica_y_reporte_de_salud/event_frames/CH09-E0045_00h22m24s200ms_abrupt_change.jpg; recorte: references/video-audit/chapters/CH09_hospitalizacion_clinica_y_reporte_de_salud/detail_crops/CH09-E0045_00h22m24s200ms_DETAIL.jpg.
CH09-E0046,00:22:25.600,references/video-audit/chapters/CH09_hospitalizacion_clinica_y_reporte_de_salud/event_frames/CH09-E0046_00h22m25s600ms_abrupt_change.jpg,references/video-audit/chapters/CH09_hospitalizacion_clinica_y_reporte_de_salud/detail_crops/CH09-E0046_00h22m25s600ms_DETAIL.jpg,Hospitalización clínica / Reporte de salud,"CH09-E0046 @ 00:22:25.600: El selector Grupo perfil continúa abierto y recorre Citas Especialistas, ECV, Hidratación y Laboratorios Clínicos.",Grupo perfil; Citas; ECV; Hidratación; Laboratorios Clínicos,"El selector Grupo perfil continúa abierto y recorre Citas Especialistas, ECV, Hidratación y Laboratorios Clínicos.",VISIBLE,HIGH,NOT_TESTABLE,Auditoría de evidencia fuente; no se ejecutó comparación funcional de la plataforma en este subencargo de solo lectura.,Evidencia visual revisada individualmente: references/video-audit/chapters/CH09_hospitalizacion_clinica_y_reporte_de_salud/event_frames/CH09-E0046_00h22m25s600ms_abrupt_change.jpg; recorte: references/video-audit/chapters/CH09_hospitalizacion_clinica_y_reporte_de_salud/detail_crops/CH09-E0046_00h22m25s600ms_DETAIL.jpg.
CH09-E0047,00:22:26.200,references/video-audit/chapters/CH09_hospitalizacion_clinica_y_reporte_de_salud/event_frames/CH09-E0047_00h22m26s200ms_stable_change.jpg,references/video-audit/chapters/CH09_hospitalizacion_clinica_y_reporte_de_salud/detail_crops/CH09-E0047_00h22m26s200ms_DETAIL.jpg,Hospitalización clínica / Reporte de salud,"CH09-E0047 @ 00:22:26.200: El selector Grupo perfil continúa abierto y recorre Citas Especialistas, ECV, Hidratación y Laboratorios Clínicos.",Grupo perfil; Citas; ECV; Hidratación; Laboratorios Clínicos,"El selector Grupo perfil continúa abierto y recorre Citas Especialistas, ECV, Hidratación y Laboratorios Clínicos.",VISIBLE,HIGH,NOT_TESTABLE,Auditoría de evidencia fuente; no se ejecutó comparación funcional de la plataforma en este subencargo de solo lectura.,Evidencia visual revisada individualmente: references/video-audit/chapters/CH09_hospitalizacion_clinica_y_reporte_de_salud/event_frames/CH09-E0047_00h22m26s200ms_stable_change.jpg; recorte: references/video-audit/chapters/CH09_hospitalizacion_clinica_y_reporte_de_salud/detail_crops/CH09-E0047_00h22m26s200ms_DETAIL.jpg.
CH09-E0048,00:22:27.400,references/video-audit/chapters/CH09_hospitalizacion_clinica_y_reporte_de_salud/event_frames/CH09-E0048_00h22m27s400ms_abrupt_change.jpg,references/video-audit/chapters/CH09_hospitalizacion_clinica_y_reporte_de_salud/detail_crops/CH09-E0048_00h22m27s400ms_DETAIL.jpg,Hospitalización clínica / Reporte de salud,"CH09-E0048 @ 00:22:27.400: El selector Grupo perfil continúa abierto y recorre Citas Especialistas, ECV, Hidratación y Laboratorios Clínicos.",Grupo perfil; Citas; ECV; Hidratación; Laboratorios Clínicos,"El selector Grupo perfil continúa abierto y recorre Citas Especialistas, ECV, Hidratación y Laboratorios Clínicos.",VISIBLE,HIGH,NOT_TESTABLE,Auditoría de evidencia fuente; no se ejecutó comparación funcional de la plataforma en este subencargo de solo lectura.,Evidencia visual revisada individualmente: references/video-audit/chapters/CH09_hospitalizacion_clinica_y_reporte_de_salud/event_frames/CH09-E0048_00h22m27s400ms_abrupt_change.jpg; recorte: references/video-audit/chapters/CH09_hospitalizacion_clinica_y_reporte_de_salud/detail_crops/CH09-E0048_00h22m27s400ms_DETAIL.jpg.
CH09-E0049,00:22:28.000,references/video-audit/chapters/CH09_hospitalizacion_clinica_y_reporte_de_salud/event_frames/CH09-E0049_00h22m28s000ms_stable_change.jpg,references/video-audit/chapters/CH09_hospitalizacion_clinica_y_reporte_de_salud/detail_crops/CH09-E0049_00h22m28s000ms_DETAIL.jpg,Hospitalización clínica / Reporte de salud,"CH09-E0049 @ 00:22:28.000: El selector Grupo perfil continúa abierto y recorre Citas Especialistas, ECV, Hidratación y Laboratorios Clínicos.",Grupo perfil; Citas; ECV; Hidratación; Laboratorios Clínicos,"El selector Grupo perfil continúa abierto y recorre Citas Especialistas, ECV, Hidratación y Laboratorios Clínicos.",VISIBLE,HIGH,NOT_TESTABLE,Auditoría de evidencia fuente; no se ejecutó comparación funcional de la plataforma en este subencargo de solo lectura.,Evidencia visual revisada individualmente: references/video-audit/chapters/CH09_hospitalizacion_clinica_y_reporte_de_salud/event_frames/CH09-E0049_00h22m28s000ms_stable_change.jpg; recorte: references/video-audit/chapters/CH09_hospitalizacion_clinica_y_reporte_de_salud/detail_crops/CH09-E0049_00h22m28s000ms_DETAIL.jpg.
CH09-E0050,00:22:29.000,references/video-audit/chapters/CH09_hospitalizacion_clinica_y_reporte_de_salud/event_frames/CH09-E0050_00h22m29s000ms_abrupt_change.jpg,references/video-audit/chapters/CH09_hospitalizacion_clinica_y_reporte_de_salud/detail_crops/CH09-E0050_00h22m29s000ms_DETAIL.jpg,Hospitalización clínica / Reporte de salud,"CH09-E0050 @ 00:22:29.000: El selector queda cerrado; el perfil conserva grupo y subgrupo Antibioticoterapia, tipo Agudo y frecuencias visibles.",Grupo Antibioticoterapia; Subgrupo Antibioticoterapia; Agudo,"El selector queda cerrado; el perfil conserva grupo y subgrupo Antibioticoterapia, tipo Agudo y frecuencias visibles.",VISIBLE,HIGH,NOT_TESTABLE,Auditoría de evidencia fuente; no se ejecutó comparación funcional de la plataforma en este subencargo de solo lectura.,Evidencia visual revisada individualmente: references/video-audit/chapters/CH09_hospitalizacion_clinica_y_reporte_de_salud/event_frames/CH09-E0050_00h22m29s000ms_abrupt_change.jpg; recorte: references/video-audit/chapters/CH09_hospitalizacion_clinica_y_reporte_de_salud/detail_crops/CH09-E0050_00h22m29s000ms_DETAIL.jpg.
CH09-E0051,00:22:29.800,references/video-audit/chapters/CH09_hospitalizacion_clinica_y_reporte_de_salud/event_frames/CH09-E0051_00h22m29s800ms_stable_change.jpg,references/video-audit/chapters/CH09_hospitalizacion_clinica_y_reporte_de_salud/detail_crops/CH09-E0051_00h22m29s800ms_DETAIL.jpg,Hospitalización clínica / Reporte de salud,"CH09-E0051 @ 00:22:29.800: El selector queda cerrado; el perfil conserva grupo y subgrupo Antibioticoterapia, tipo Agudo y frecuencias visibles.",Grupo Antibioticoterapia; Subgrupo Antibioticoterapia; Agudo,"El selector queda cerrado; el perfil conserva grupo y subgrupo Antibioticoterapia, tipo Agudo y frecuencias visibles.",VISIBLE,HIGH,NOT_TESTABLE,Auditoría de evidencia fuente; no se ejecutó comparación funcional de la plataforma en este subencargo de solo lectura.,Evidencia visual revisada individualmente: references/video-audit/chapters/CH09_hospitalizacion_clinica_y_reporte_de_salud/event_frames/CH09-E0051_00h22m29s800ms_stable_change.jpg; recorte: references/video-audit/chapters/CH09_hospitalizacion_clinica_y_reporte_de_salud/detail_crops/CH09-E0051_00h22m29s800ms_DETAIL.jpg.
CH09-E0052,00:22:31.400,references/video-audit/chapters/CH09_hospitalizacion_clinica_y_reporte_de_salud/event_frames/CH09-E0052_00h22m31s400ms_abrupt_change.jpg,references/video-audit/chapters/CH09_hospitalizacion_clinica_y_reporte_de_salud/detail_crops/CH09-E0052_00h22m31s400ms_DETAIL.jpg,Hospitalización clínica / Reporte de salud,"CH09-E0052 @ 00:22:31.400: El selector queda cerrado; el perfil conserva grupo y subgrupo Antibioticoterapia, tipo Agudo y frecuencias visibles.",Grupo Antibioticoterapia; Subgrupo Antibioticoterapia; Agudo,"El selector queda cerrado; el perfil conserva grupo y subgrupo Antibioticoterapia, tipo Agudo y frecuencias visibles.",VISIBLE,HIGH,NOT_TESTABLE,Auditoría de evidencia fuente; no se ejecutó comparación funcional de la plataforma en este subencargo de solo lectura.,Evidencia visual revisada individualmente: references/video-audit/chapters/CH09_hospitalizacion_clinica_y_reporte_de_salud/event_frames/CH09-E0052_00h22m31s400ms_abrupt_change.jpg; recorte: references/video-audit/chapters/CH09_hospitalizacion_clinica_y_reporte_de_salud/detail_crops/CH09-E0052_00h22m31s400ms_DETAIL.jpg.
CH09-E0053,00:22:32.000,references/video-audit/chapters/CH09_hospitalizacion_clinica_y_reporte_de_salud/event_frames/CH09-E0053_00h22m32s000ms_stable_change.jpg,,Hospitalización clínica / Reporte de salud,"CH09-E0053 @ 00:22:32.000: La parte inferior muestra Frecuencia de reporte al médico, Tipo de servicio Enfermería Puntual y la sección Dispositivos.",Frecuencia reporte; Enfermería Puntual; Dispositivos,"La parte inferior muestra Frecuencia de reporte al médico, Tipo de servicio Enfermería Puntual y la sección Dispositivos.",VISIBLE,HIGH,NOT_TESTABLE,Auditoría de evidencia fuente; no se ejecutó comparación funcional de la plataforma en este subencargo de solo lectura.,Evidencia visual revisada individualmente: references/video-audit/chapters/CH09_hospitalizacion_clinica_y_reporte_de_salud/event_frames/CH09-E0053_00h22m32s000ms_stable_change.jpg.
CH09-E0054,00:22:33.400,references/video-audit/chapters/CH09_hospitalizacion_clinica_y_reporte_de_salud/event_frames/CH09-E0054_00h22m33s400ms_abrupt_change.jpg,,Hospitalización clínica / Reporte de salud,"CH09-E0054 @ 00:22:33.400: La parte inferior muestra Frecuencia de reporte al médico, Tipo de servicio Enfermería Puntual y la sección Dispositivos.",Frecuencia reporte; Enfermería Puntual; Dispositivos,"La parte inferior muestra Frecuencia de reporte al médico, Tipo de servicio Enfermería Puntual y la sección Dispositivos.",VISIBLE,HIGH,NOT_TESTABLE,Auditoría de evidencia fuente; no se ejecutó comparación funcional de la plataforma en este subencargo de solo lectura.,Evidencia visual revisada individualmente: references/video-audit/chapters/CH09_hospitalizacion_clinica_y_reporte_de_salud/event_frames/CH09-E0054_00h22m33s400ms_abrupt_change.jpg.
CH09-E0055,00:22:33.800,references/video-audit/chapters/CH09_hospitalizacion_clinica_y_reporte_de_salud/event_frames/CH09-E0055_00h22m33s800ms_abrupt_change.jpg,,Hospitalización clínica / Reporte de salud,"CH09-E0055 @ 00:22:33.800: Dispositivos muestra selectores para dispositivo, fecha, calibre, motivo, frecuencia de cambio y observaciones, con Agregar dispositivo a lista.",Dispositivos; fecha; calibre; motivo; frecuencia; observaciones,"Dispositivos muestra selectores para dispositivo, fecha, calibre, motivo, frecuencia de cambio y observaciones, con Agregar dispositivo a lista.",VISIBLE,HIGH,NOT_TESTABLE,Auditoría de evidencia fuente; no se ejecutó comparación funcional de la plataforma en este subencargo de solo lectura.,Evidencia visual revisada individualmente: references/video-audit/chapters/CH09_hospitalizacion_clinica_y_reporte_de_salud/event_frames/CH09-E0055_00h22m33s800ms_abrupt_change.jpg.
CH09-E0056,00:22:34.200,references/video-audit/chapters/CH09_hospitalizacion_clinica_y_reporte_de_salud/event_frames/CH09-E0056_00h22m34s200ms_abrupt_change.jpg,,Hospitalización clínica / Reporte de salud,CH09-E0056 @ 00:22:34.200: La tabla de Dispositivos está vacía y conserva el formulario de alta y el botón Agregar dispositivo a lista.,tabla Dispositivos vacía; Agregar dispositivo,La tabla de Dispositivos está vacía y conserva el formulario de alta y el botón Agregar dispositivo a lista.,VISIBLE,HIGH,NOT_TESTABLE,Auditoría de evidencia fuente; no se ejecutó comparación funcional de la plataforma en este subencargo de solo lectura.,Evidencia visual revisada individualmente: references/video-audit/chapters/CH09_hospitalizacion_clinica_y_reporte_de_salud/event_frames/CH09-E0056_00h22m34s200ms_abrupt_change.jpg.
CH09-E0057,00:22:34.600,references/video-audit/chapters/CH09_hospitalizacion_clinica_y_reporte_de_salud/event_frames/CH09-E0057_00h22m34s600ms_abrupt_change.jpg,,Hospitalización clínica / Reporte de salud,CH09-E0057 @ 00:22:34.600: La tabla de Dispositivos está vacía y conserva el formulario de alta y el botón Agregar dispositivo a lista.,tabla Dispositivos vacía; Agregar dispositivo,La tabla de Dispositivos está vacía y conserva el formulario de alta y el botón Agregar dispositivo a lista.,VISIBLE,HIGH,NOT_TESTABLE,Auditoría de evidencia fuente; no se ejecutó comparación funcional de la plataforma en este subencargo de solo lectura.,Evidencia visual revisada individualmente: references/video-audit/chapters/CH09_hospitalizacion_clinica_y_reporte_de_salud/event_frames/CH09-E0057_00h22m34s600ms_abrupt_change.jpg.
CH09-E0058,00:22:35.200,references/video-audit/chapters/CH09_hospitalizacion_clinica_y_reporte_de_salud/event_frames/CH09-E0058_00h22m35s200ms_stable_change.jpg,,Hospitalización clínica / Reporte de salud,"CH09-E0058 @ 00:22:35.200: Bajo la tabla vacía se muestran Rango de fechas para turnos, Frecuencia Cada día y Tipo de atención Hogar.",turnos; rango fechas; Cada día; Hogar,"Bajo la tabla vacía se muestran Rango de fechas para turnos, Frecuencia Cada día y Tipo de atención Hogar.",VISIBLE,HIGH,NOT_TESTABLE,Auditoría de evidencia fuente; no se ejecutó comparación funcional de la plataforma en este subencargo de solo lectura.,Evidencia visual revisada individualmente: references/video-audit/chapters/CH09_hospitalizacion_clinica_y_reporte_de_salud/event_frames/CH09-E0058_00h22m35s200ms_stable_change.jpg.
CH09-E0059,00:22:35.800,references/video-audit/chapters/CH09_hospitalizacion_clinica_y_reporte_de_salud/event_frames/CH09-E0059_00h22m35s800ms_abrupt_change.jpg,,Hospitalización clínica / Reporte de salud,"CH09-E0059 @ 00:22:35.800: Bajo la tabla vacía se muestran Rango de fechas para turnos, Frecuencia Cada día y Tipo de atención Hogar.",turnos; rango fechas; Cada día; Hogar,"Bajo la tabla vacía se muestran Rango de fechas para turnos, Frecuencia Cada día y Tipo de atención Hogar.",VISIBLE,HIGH,NOT_TESTABLE,Auditoría de evidencia fuente; no se ejecutó comparación funcional de la plataforma en este subencargo de solo lectura.,Evidencia visual revisada individualmente: references/video-audit/chapters/CH09_hospitalizacion_clinica_y_reporte_de_salud/event_frames/CH09-E0059_00h22m35s800ms_abrupt_change.jpg.
CH09-E0060,00:22:36.400,references/video-audit/chapters/CH09_hospitalizacion_clinica_y_reporte_de_salud/event_frames/CH09-E0060_00h22m36s400ms_abrupt_change.jpg,,Hospitalización clínica / Reporte de salud,"CH09-E0060 @ 00:22:36.400: Bajo la tabla vacía se muestran Rango de fechas para turnos, Frecuencia Cada día y Tipo de atención Hogar.",turnos; rango fechas; Cada día; Hogar,"Bajo la tabla vacía se muestran Rango de fechas para turnos, Frecuencia Cada día y Tipo de atención Hogar.",VISIBLE,HIGH,NOT_TESTABLE,Auditoría de evidencia fuente; no se ejecutó comparación funcional de la plataforma en este subencargo de solo lectura.,Evidencia visual revisada individualmente: references/video-audit/chapters/CH09_hospitalizacion_clinica_y_reporte_de_salud/event_frames/CH09-E0060_00h22m36s400ms_abrupt_change.jpg.
CH09-E0061,00:22:37.000,references/video-audit/chapters/CH09_hospitalizacion_clinica_y_reporte_de_salud/event_frames/CH09-E0061_00h22m37s000ms_stable_change.jpg,references/video-audit/chapters/CH09_hospitalizacion_clinica_y_reporte_de_salud/detail_crops/CH09-E0061_00h22m37s000ms_DETAIL.jpg,Hospitalización clínica / Reporte de salud,"CH09-E0061 @ 00:22:37.000: Bajo la tabla vacía se muestran Rango de fechas para turnos, Frecuencia Cada día y Tipo de atención Hogar.",turnos; rango fechas; Cada día; Hogar,"Bajo la tabla vacía se muestran Rango de fechas para turnos, Frecuencia Cada día y Tipo de atención Hogar.",VISIBLE,HIGH,NOT_TESTABLE,Auditoría de evidencia fuente; no se ejecutó comparación funcional de la plataforma en este subencargo de solo lectura.,Evidencia visual revisada individualmente: references/video-audit/chapters/CH09_hospitalizacion_clinica_y_reporte_de_salud/event_frames/CH09-E0061_00h22m37s000ms_stable_change.jpg; recorte: references/video-audit/chapters/CH09_hospitalizacion_clinica_y_reporte_de_salud/detail_crops/CH09-E0061_00h22m37s000ms_DETAIL.jpg.
CH09-E0062,00:22:37.400,references/video-audit/chapters/CH09_hospitalizacion_clinica_y_reporte_de_salud/event_frames/CH09-E0062_00h22m37s400ms_abrupt_change.jpg,,Hospitalización clínica / Reporte de salud,CH09-E0062 @ 00:22:37.400: La vista vuelve hacia la sección Dispositivos y el formulario para agregar un dispositivo.,Dispositivos; formulario,La vista vuelve hacia la sección Dispositivos y el formulario para agregar un dispositivo.,VISIBLE,HIGH,NOT_TESTABLE,Auditoría de evidencia fuente; no se ejecutó comparación funcional de la plataforma en este subencargo de solo lectura.,Evidencia visual revisada individualmente: references/video-audit/chapters/CH09_hospitalizacion_clinica_y_reporte_de_salud/event_frames/CH09-E0062_00h22m37s400ms_abrupt_change.jpg.
CH09-E0063,00:22:38.000,references/video-audit/chapters/CH09_hospitalizacion_clinica_y_reporte_de_salud/event_frames/CH09-E0063_00h22m38s000ms_abrupt_change.jpg,,Hospitalización clínica / Reporte de salud,CH09-E0063 @ 00:22:38.000: La vista vuelve hacia la sección Dispositivos y el formulario para agregar un dispositivo.,Dispositivos; formulario,La vista vuelve hacia la sección Dispositivos y el formulario para agregar un dispositivo.,VISIBLE,HIGH,NOT_TESTABLE,Auditoría de evidencia fuente; no se ejecutó comparación funcional de la plataforma en este subencargo de solo lectura.,Evidencia visual revisada individualmente: references/video-audit/chapters/CH09_hospitalizacion_clinica_y_reporte_de_salud/event_frames/CH09-E0063_00h22m38s000ms_abrupt_change.jpg.
CH09-E0064,00:22:38.600,references/video-audit/chapters/CH09_hospitalizacion_clinica_y_reporte_de_salud/event_frames/CH09-E0064_00h22m38s600ms_abrupt_change.jpg,,Hospitalización clínica / Reporte de salud,"CH09-E0064 @ 00:22:38.600: La zona superior del perfil vuelve a mostrar diagnóstico, grupo/subgrupo, triage Estable y los responsables.",perfil clínico; diagnóstico; grupo; Estable,"La zona superior del perfil vuelve a mostrar diagnóstico, grupo/subgrupo, triage Estable y los responsables.",VISIBLE,HIGH,NOT_TESTABLE,Auditoría de evidencia fuente; no se ejecutó comparación funcional de la plataforma en este subencargo de solo lectura.,Evidencia visual revisada individualmente: references/video-audit/chapters/CH09_hospitalizacion_clinica_y_reporte_de_salud/event_frames/CH09-E0064_00h22m38s600ms_abrupt_change.jpg.
CH09-E0065,00:22:39.000,references/video-audit/chapters/CH09_hospitalizacion_clinica_y_reporte_de_salud/event_frames/CH09-E0065_00h22m39s000ms_abrupt_change.jpg,,Hospitalización clínica / Reporte de salud,CH09-E0065 @ 00:22:39.000: Detalles de Hospitalización vuelve a mostrar datos del paciente y el encabezado Perfil clínico con Guardar.,Detalles Hospitalización; paciente; Guardar,Detalles de Hospitalización vuelve a mostrar datos del paciente y el encabezado Perfil clínico con Guardar.,VISIBLE,HIGH,NOT_TESTABLE,Auditoría de evidencia fuente; no se ejecutó comparación funcional de la plataforma en este subencargo de solo lectura.,Evidencia visual revisada individualmente: references/video-audit/chapters/CH09_hospitalizacion_clinica_y_reporte_de_salud/event_frames/CH09-E0065_00h22m39s000ms_abrupt_change.jpg.
CH09-E0066,00:22:41.600,references/video-audit/chapters/CH09_hospitalizacion_clinica_y_reporte_de_salud/event_frames/CH09-E0066_00h22m41s600ms_abrupt_change.jpg,,Hospitalización clínica / Reporte de salud,CH09-E0066 @ 00:22:41.600: La transición de cierre superpone semitransparentemente Detalles de Hospitalización y Perfiles Clínicos.,transición; Detalles; Perfiles Clínicos,La transición de cierre superpone semitransparentemente Detalles de Hospitalización y Perfiles Clínicos.,VISIBLE,HIGH,NOT_TESTABLE,Auditoría de evidencia fuente; no se ejecutó comparación funcional de la plataforma en este subencargo de solo lectura.,Evidencia visual revisada individualmente: references/video-audit/chapters/CH09_hospitalizacion_clinica_y_reporte_de_salud/event_frames/CH09-E0066_00h22m41s600ms_abrupt_change.jpg.
CH09-E0067,00:22:42.200,references/video-audit/chapters/CH09_hospitalizacion_clinica_y_reporte_de_salud/event_frames/CH09-E0067_00h22m42s200ms_stable_change.jpg,,Hospitalización clínica / Reporte de salud,CH09-E0067 @ 00:22:42.200: Perfiles Clínicos vuelve a mostrar la fila activa y Nuevo perfil clínico.,Perfiles Clínicos; fila activa; Nuevo perfil,Perfiles Clínicos vuelve a mostrar la fila activa y Nuevo perfil clínico.,VISIBLE,HIGH,NOT_TESTABLE,Auditoría de evidencia fuente; no se ejecutó comparación funcional de la plataforma en este subencargo de solo lectura.,Evidencia visual revisada individualmente: references/video-audit/chapters/CH09_hospitalizacion_clinica_y_reporte_de_salud/event_frames/CH09-E0067_00h22m42s200ms_stable_change.jpg.
CH09-E0068,00:22:45.000,references/video-audit/chapters/CH09_hospitalizacion_clinica_y_reporte_de_salud/event_frames/CH09-E0068_00h22m45s000ms_abrupt_change.jpg,,Hospitalización clínica / Reporte de salud,CH09-E0068 @ 00:22:45.000: La tabla Hospitalización Clínica reaparece con pacientes y estados clínicos visibles.,Hospitalización Clínica; tabla; estados,La tabla Hospitalización Clínica reaparece con pacientes y estados clínicos visibles.,VISIBLE,HIGH,NOT_TESTABLE,Auditoría de evidencia fuente; no se ejecutó comparación funcional de la plataforma en este subencargo de solo lectura.,Evidencia visual revisada individualmente: references/video-audit/chapters/CH09_hospitalizacion_clinica_y_reporte_de_salud/event_frames/CH09-E0068_00h22m45s000ms_abrupt_change.jpg.
CH09-E0069,00:22:45.400,references/video-audit/chapters/CH09_hospitalizacion_clinica_y_reporte_de_salud/event_frames/CH09-E0069_00h22m45s400ms_abrupt_change.jpg,,Hospitalización clínica / Reporte de salud,CH09-E0069 @ 00:22:45.400: La tabla Hospitalización Clínica reaparece con pacientes y estados clínicos visibles.,Hospitalización Clínica; tabla; estados,La tabla Hospitalización Clínica reaparece con pacientes y estados clínicos visibles.,VISIBLE,HIGH,NOT_TESTABLE,Auditoría de evidencia fuente; no se ejecutó comparación funcional de la plataforma en este subencargo de solo lectura.,Evidencia visual revisada individualmente: references/video-audit/chapters/CH09_hospitalizacion_clinica_y_reporte_de_salud/event_frames/CH09-E0069_00h22m45s400ms_abrupt_change.jpg.
CH09-E0070,00:22:54.800,references/video-audit/chapters/CH09_hospitalizacion_clinica_y_reporte_de_salud/event_frames/CH09-E0070_00h22m54s800ms_abrupt_change.jpg,,Hospitalización clínica / Reporte de salud,"CH09-E0070 @ 00:22:54.800: Reporte de salud abre con encabezados Cédula, Nombre, Empresa, Hospitalización, Período, Auditoría, Triage y Estatus, aún sin filas.",Reporte salud; encabezados; tabla vacía,"Reporte de salud abre con encabezados Cédula, Nombre, Empresa, Hospitalización, Período, Auditoría, Triage y Estatus, aún sin filas.",VISIBLE,HIGH,NOT_TESTABLE,Auditoría de evidencia fuente; no se ejecutó comparación funcional de la plataforma en este subencargo de solo lectura.,Evidencia visual revisada individualmente: references/video-audit/chapters/CH09_hospitalizacion_clinica_y_reporte_de_salud/event_frames/CH09-E0070_00h22m54s800ms_abrupt_change.jpg.
CH09-E0071,00:22:55.200,references/video-audit/chapters/CH09_hospitalizacion_clinica_y_reporte_de_salud/event_frames/CH09-E0071_00h22m55s200ms_abrupt_change.jpg,,Hospitalización clínica / Reporte de salud,CH09-E0071 @ 00:22:55.200: Reporte de salud muestra tres puntos como indicador de carga.,Reporte salud; indicador carga,Reporte de salud muestra tres puntos como indicador de carga.,VISIBLE,HIGH,NOT_TESTABLE,Auditoría de evidencia fuente; no se ejecutó comparación funcional de la plataforma en este subencargo de solo lectura.,Evidencia visual revisada individualmente: references/video-audit/chapters/CH09_hospitalizacion_clinica_y_reporte_de_salud/event_frames/CH09-E0071_00h22m55s200ms_abrupt_change.jpg.
CH09-E0072,00:22:55.800,references/video-audit/chapters/CH09_hospitalizacion_clinica_y_reporte_de_salud/event_frames/CH09-E0072_00h22m55s800ms_stable_change.jpg,,Hospitalización clínica / Reporte de salud,CH09-E0072 @ 00:22:55.800: La tabla muestra Cargando y No hay registros disponibles.,Reporte salud; Cargando; sin registros,La tabla muestra Cargando y No hay registros disponibles.,VISIBLE,HIGH,NOT_TESTABLE,Auditoría de evidencia fuente; no se ejecutó comparación funcional de la plataforma en este subencargo de solo lectura.,Evidencia visual revisada individualmente: references/video-audit/chapters/CH09_hospitalizacion_clinica_y_reporte_de_salud/event_frames/CH09-E0072_00h22m55s800ms_stable_change.jpg.
CH09-E0073,00:22:56.200,references/video-audit/chapters/CH09_hospitalizacion_clinica_y_reporte_de_salud/event_frames/CH09-E0073_00h22m56s200ms_abrupt_change.jpg,references/video-audit/chapters/CH09_hospitalizacion_clinica_y_reporte_de_salud/detail_crops/CH09-E0073_00h22m56s200ms_DETAIL.jpg,Hospitalización clínica / Reporte de salud,"CH09-E0073 @ 00:22:56.200: La tabla poblada muestra pacientes con empresa, hospitalización, período, auditoría, triage y estatus Activo.",Reporte salud; pacientes; período; auditoría; triage; Activo,"La tabla poblada muestra pacientes con empresa, hospitalización, período, auditoría, triage y estatus Activo.",VISIBLE,HIGH,NOT_TESTABLE,Auditoría de evidencia fuente; no se ejecutó comparación funcional de la plataforma en este subencargo de solo lectura.,Evidencia visual revisada individualmente: references/video-audit/chapters/CH09_hospitalizacion_clinica_y_reporte_de_salud/event_frames/CH09-E0073_00h22m56s200ms_abrupt_change.jpg; recorte: references/video-audit/chapters/CH09_hospitalizacion_clinica_y_reporte_de_salud/detail_crops/CH09-E0073_00h22m56s200ms_DETAIL.jpg.
CH09-E0074,00:22:57.600,references/video-audit/chapters/CH09_hospitalizacion_clinica_y_reporte_de_salud/event_frames/CH09-E0074_00h22m57s600ms_abrupt_change.jpg,,Hospitalización clínica / Reporte de salud,"CH09-E0074 @ 00:22:57.600: La tabla poblada muestra pacientes con empresa, hospitalización, período, auditoría, triage y estatus Activo.",Reporte salud; pacientes; período; auditoría; triage; Activo,"La tabla poblada muestra pacientes con empresa, hospitalización, período, auditoría, triage y estatus Activo.",VISIBLE,HIGH,NOT_TESTABLE,Auditoría de evidencia fuente; no se ejecutó comparación funcional de la plataforma en este subencargo de solo lectura.,Evidencia visual revisada individualmente: references/video-audit/chapters/CH09_hospitalizacion_clinica_y_reporte_de_salud/event_frames/CH09-E0074_00h22m57s600ms_abrupt_change.jpg.
CH09-E0075,00:22:58.200,references/video-audit/chapters/CH09_hospitalizacion_clinica_y_reporte_de_salud/event_frames/CH09-E0075_00h22m58s200ms_stable_change.jpg,,Hospitalización clínica / Reporte de salud,"CH09-E0075 @ 00:22:58.200: La tabla poblada muestra pacientes con empresa, hospitalización, período, auditoría, triage y estatus Activo.",Reporte salud; pacientes; período; auditoría; triage; Activo,"La tabla poblada muestra pacientes con empresa, hospitalización, período, auditoría, triage y estatus Activo.",VISIBLE,HIGH,NOT_TESTABLE,Auditoría de evidencia fuente; no se ejecutó comparación funcional de la plataforma en este subencargo de solo lectura.,Evidencia visual revisada individualmente: references/video-audit/chapters/CH09_hospitalizacion_clinica_y_reporte_de_salud/event_frames/CH09-E0075_00h22m58s200ms_stable_change.jpg.
CH09-E0076,00:23:01.600,references/video-audit/chapters/CH09_hospitalizacion_clinica_y_reporte_de_salud/event_frames/CH09-E0076_00h23m01s600ms_motion_progress.jpg,references/video-audit/chapters/CH09_hospitalizacion_clinica_y_reporte_de_salud/detail_crops/CH09-E0076_00h23m01s600ms_DETAIL.jpg,Hospitalización clínica / Reporte de salud,"CH09-E0076 @ 00:23:01.600: El menú de una fila está abierto con Historial clínico, Reporte Clínico, Ver visitas, Notas de servicio, Reporte de salud, Auditorías y Registro XPO.",menú fila; Historial clínico; Reporte Clínico; Reporte salud; Auditorías; XPO,"El menú de una fila está abierto con Historial clínico, Reporte Clínico, Ver visitas, Notas de servicio, Reporte de salud, Auditorías y Registro XPO.",VISIBLE,HIGH,NOT_TESTABLE,Auditoría de evidencia fuente; no se ejecutó comparación funcional de la plataforma en este subencargo de solo lectura.,Evidencia visual revisada individualmente: references/video-audit/chapters/CH09_hospitalizacion_clinica_y_reporte_de_salud/event_frames/CH09-E0076_00h23m01s600ms_motion_progress.jpg; recorte: references/video-audit/chapters/CH09_hospitalizacion_clinica_y_reporte_de_salud/detail_crops/CH09-E0076_00h23m01s600ms_DETAIL.jpg.
CH09-E0077,00:23:08.200,references/video-audit/chapters/CH09_hospitalizacion_clinica_y_reporte_de_salud/event_frames/CH09-E0077_00h23m08s200ms_motion_progress.jpg,references/video-audit/chapters/CH09_hospitalizacion_clinica_y_reporte_de_salud/detail_crops/CH09-E0077_00h23m08s200ms_DETAIL.jpg,Hospitalización clínica / Reporte de salud,CH09-E0077 @ 00:23:08.200: La tabla vuelve a mostrarse con el menú de la fila cerrado.,Reporte salud; menú cerrado,La tabla vuelve a mostrarse con el menú de la fila cerrado.,VISIBLE,HIGH,NOT_TESTABLE,Auditoría de evidencia fuente; no se ejecutó comparación funcional de la plataforma en este subencargo de solo lectura.,Evidencia visual revisada individualmente: references/video-audit/chapters/CH09_hospitalizacion_clinica_y_reporte_de_salud/event_frames/CH09-E0077_00h23m08s200ms_motion_progress.jpg; recorte: references/video-audit/chapters/CH09_hospitalizacion_clinica_y_reporte_de_salud/detail_crops/CH09-E0077_00h23m08s200ms_DETAIL.jpg.
CH09-E0078,00:23:08.800,references/video-audit/chapters/CH09_hospitalizacion_clinica_y_reporte_de_salud/event_frames/CH09-E0078_00h23m08s800ms_abrupt_change.jpg,,Hospitalización clínica / Reporte de salud,"CH09-E0078 @ 00:23:08.800: El Reporte de salud del paciente abre con botones Cambiar rango de fechas, Imprimir y Salir; pestañas clínicas y campos aún vacíos.",reporte paciente; rango fechas; Imprimir; Salir; pestañas; vacío,"El Reporte de salud del paciente abre con botones Cambiar rango de fechas, Imprimir y Salir; pestañas clínicas y campos aún vacíos.",VISIBLE,HIGH,NOT_TESTABLE,Auditoría de evidencia fuente; no se ejecutó comparación funcional de la plataforma en este subencargo de solo lectura.,Evidencia visual revisada individualmente: references/video-audit/chapters/CH09_hospitalizacion_clinica_y_reporte_de_salud/event_frames/CH09-E0078_00h23m08s800ms_abrupt_change.jpg.
CH09-E0079,00:23:09.400,references/video-audit/chapters/CH09_hospitalizacion_clinica_y_reporte_de_salud/event_frames/CH09-E0079_00h23m09s400ms_abrupt_change.jpg,,Hospitalización clínica / Reporte de salud,"CH09-E0079 @ 00:23:09.400: El Reporte de salud del paciente abre con botones Cambiar rango de fechas, Imprimir y Salir; pestañas clínicas y campos aún vacíos.",reporte paciente; rango fechas; Imprimir; Salir; pestañas; vacío,"El Reporte de salud del paciente abre con botones Cambiar rango de fechas, Imprimir y Salir; pestañas clínicas y campos aún vacíos.",VISIBLE,HIGH,NOT_TESTABLE,Auditoría de evidencia fuente; no se ejecutó comparación funcional de la plataforma en este subencargo de solo lectura.,Evidencia visual revisada individualmente: references/video-audit/chapters/CH09_hospitalizacion_clinica_y_reporte_de_salud/event_frames/CH09-E0079_00h23m09s400ms_abrupt_change.jpg.
CH09-E0080,00:23:10.000,references/video-audit/chapters/CH09_hospitalizacion_clinica_y_reporte_de_salud/event_frames/CH09-E0080_00h23m10s000ms_abrupt_change.jpg,,Hospitalización clínica / Reporte de salud,"CH09-E0080 @ 00:23:10.000: El reporte ya tiene una hospitalización seleccionada y conserva los botones de rango, impresión y salida.",hospitalización seleccionada; rango; Imprimir; Salir,"El reporte ya tiene una hospitalización seleccionada y conserva los botones de rango, impresión y salida.",VISIBLE,HIGH,NOT_TESTABLE,Auditoría de evidencia fuente; no se ejecutó comparación funcional de la plataforma en este subencargo de solo lectura.,Evidencia visual revisada individualmente: references/video-audit/chapters/CH09_hospitalizacion_clinica_y_reporte_de_salud/event_frames/CH09-E0080_00h23m10s000ms_abrupt_change.jpg.
CH09-E0081,00:23:10.400,references/video-audit/chapters/CH09_hospitalizacion_clinica_y_reporte_de_salud/event_frames/CH09-E0081_00h23m10s400ms_abrupt_change.jpg,,Hospitalización clínica / Reporte de salud,CH09-E0081 @ 00:23:10.400: Rango de fechas del reporte se abre con el intervalo visible y las acciones Salir y Cargar.,Rango fechas; Salir; Cargar,Rango de fechas del reporte se abre con el intervalo visible y las acciones Salir y Cargar.,VISIBLE,HIGH,NOT_TESTABLE,Auditoría de evidencia fuente; no se ejecutó comparación funcional de la plataforma en este subencargo de solo lectura.,Evidencia visual revisada individualmente: references/video-audit/chapters/CH09_hospitalizacion_clinica_y_reporte_de_salud/event_frames/CH09-E0081_00h23m10s400ms_abrupt_change.jpg.
CH09-E0082,00:23:11.000,references/video-audit/chapters/CH09_hospitalizacion_clinica_y_reporte_de_salud/event_frames/CH09-E0082_00h23m11s000ms_stable_change.jpg,references/video-audit/chapters/CH09_hospitalizacion_clinica_y_reporte_de_salud/detail_crops/CH09-E0082_00h23m11s000ms_DETAIL.jpg,Hospitalización clínica / Reporte de salud,CH09-E0082 @ 00:23:11.000: Rango de fechas del reporte se abre con el intervalo visible y las acciones Salir y Cargar.,Rango fechas; Salir; Cargar,Rango de fechas del reporte se abre con el intervalo visible y las acciones Salir y Cargar.,VISIBLE,HIGH,NOT_TESTABLE,Auditoría de evidencia fuente; no se ejecutó comparación funcional de la plataforma en este subencargo de solo lectura.,Evidencia visual revisada individualmente: references/video-audit/chapters/CH09_hospitalizacion_clinica_y_reporte_de_salud/event_frames/CH09-E0082_00h23m11s000ms_stable_change.jpg; recorte: references/video-audit/chapters/CH09_hospitalizacion_clinica_y_reporte_de_salud/detail_crops/CH09-E0082_00h23m11s000ms_DETAIL.jpg.
CH09-E0083,00:23:16.200,references/video-audit/chapters/CH09_hospitalizacion_clinica_y_reporte_de_salud/event_frames/CH09-E0083_00h23m16s200ms_abrupt_change.jpg,references/video-audit/chapters/CH09_hospitalizacion_clinica_y_reporte_de_salud/detail_crops/CH09-E0083_00h23m16s200ms_DETAIL.jpg,Hospitalización clínica / Reporte de salud,CH09-E0083 @ 00:23:16.200: El calendario doble del rango está abierto y muestra dos meses para seleccionar inicio y fin.,calendario doble; rango fechas; Seleccionar,El calendario doble del rango está abierto y muestra dos meses para seleccionar inicio y fin.,VISIBLE,HIGH,NOT_TESTABLE,Auditoría de evidencia fuente; no se ejecutó comparación funcional de la plataforma en este subencargo de solo lectura.,Evidencia visual revisada individualmente: references/video-audit/chapters/CH09_hospitalizacion_clinica_y_reporte_de_salud/event_frames/CH09-E0083_00h23m16s200ms_abrupt_change.jpg; recorte: references/video-audit/chapters/CH09_hospitalizacion_clinica_y_reporte_de_salud/detail_crops/CH09-E0083_00h23m16s200ms_DETAIL.jpg.
CH09-E0084,00:23:27.000,references/video-audit/chapters/CH09_hospitalizacion_clinica_y_reporte_de_salud/event_frames/CH09-E0084_00h23m27s000ms_settled.jpg,references/video-audit/chapters/CH09_hospitalizacion_clinica_y_reporte_de_salud/detail_crops/CH09-E0084_00h23m27s000ms_DETAIL.jpg,Hospitalización clínica / Reporte de salud,CH09-E0084 @ 00:23:27.000: El calendario doble del rango está abierto y muestra dos meses para seleccionar inicio y fin.,calendario doble; rango fechas; Seleccionar,El calendario doble del rango está abierto y muestra dos meses para seleccionar inicio y fin.,VISIBLE,HIGH,NOT_TESTABLE,Auditoría de evidencia fuente; no se ejecutó comparación funcional de la plataforma en este subencargo de solo lectura.,Evidencia visual revisada individualmente: references/video-audit/chapters/CH09_hospitalizacion_clinica_y_reporte_de_salud/event_frames/CH09-E0084_00h23m27s000ms_settled.jpg; recorte: references/video-audit/chapters/CH09_hospitalizacion_clinica_y_reporte_de_salud/detail_crops/CH09-E0084_00h23m27s000ms_DETAIL.jpg.
CH09-E0085,00:23:31.000,references/video-audit/chapters/CH09_hospitalizacion_clinica_y_reporte_de_salud/event_frames/CH09-E0085_00h23m31s000ms_abrupt_change.jpg,references/video-audit/chapters/CH09_hospitalizacion_clinica_y_reporte_de_salud/detail_crops/CH09-E0085_00h23m31s000ms_DETAIL.jpg,Hospitalización clínica / Reporte de salud,CH09-E0085 @ 00:23:31.000: El calendario se cierra y el modal conserva el rango escrito y la acción Cargar.,rango escrito; Cargar,El calendario se cierra y el modal conserva el rango escrito y la acción Cargar.,VISIBLE,HIGH,NOT_TESTABLE,Auditoría de evidencia fuente; no se ejecutó comparación funcional de la plataforma en este subencargo de solo lectura.,Evidencia visual revisada individualmente: references/video-audit/chapters/CH09_hospitalizacion_clinica_y_reporte_de_salud/event_frames/CH09-E0085_00h23m31s000ms_abrupt_change.jpg; recorte: references/video-audit/chapters/CH09_hospitalizacion_clinica_y_reporte_de_salud/detail_crops/CH09-E0085_00h23m31s000ms_DETAIL.jpg.
CH09-E0086,00:23:32.600,references/video-audit/chapters/CH09_hospitalizacion_clinica_y_reporte_de_salud/event_frames/CH09-E0086_00h23m32s600ms_abrupt_change.jpg,,Hospitalización clínica / Reporte de salud,CH09-E0086 @ 00:23:32.600: Una transición semitransparente aparece sobre el modal de rango y el reporte.,transición; modal rango,Una transición semitransparente aparece sobre el modal de rango y el reporte.,VISIBLE,HIGH,NOT_TESTABLE,Auditoría de evidencia fuente; no se ejecutó comparación funcional de la plataforma en este subencargo de solo lectura.,Evidencia visual revisada individualmente: references/video-audit/chapters/CH09_hospitalizacion_clinica_y_reporte_de_salud/event_frames/CH09-E0086_00h23m32s600ms_abrupt_change.jpg.
CH09-E0087,00:23:33.200,references/video-audit/chapters/CH09_hospitalizacion_clinica_y_reporte_de_salud/event_frames/CH09-E0087_00h23m33s200ms_stable_change.jpg,,Hospitalización clínica / Reporte de salud,CH09-E0087 @ 00:23:33.200: Aparece Confirmar con el texto Está seguro que desea salir y botones Cancelar y Aceptar.,Confirmar salida; Cancelar; Aceptar,Aparece Confirmar con el texto Está seguro que desea salir y botones Cancelar y Aceptar.,VISIBLE,HIGH,NOT_TESTABLE,Auditoría de evidencia fuente; no se ejecutó comparación funcional de la plataforma en este subencargo de solo lectura.,Evidencia visual revisada individualmente: references/video-audit/chapters/CH09_hospitalizacion_clinica_y_reporte_de_salud/event_frames/CH09-E0087_00h23m33s200ms_stable_change.jpg.
CH09-E0088,00:23:34.200,references/video-audit/chapters/CH09_hospitalizacion_clinica_y_reporte_de_salud/event_frames/CH09-E0088_00h23m34s200ms_abrupt_change.jpg,,Hospitalización clínica / Reporte de salud,CH09-E0088 @ 00:23:34.200: Aparece Confirmar con el texto Está seguro que desea salir y botones Cancelar y Aceptar.,Confirmar salida; Cancelar; Aceptar,Aparece Confirmar con el texto Está seguro que desea salir y botones Cancelar y Aceptar.,VISIBLE,HIGH,NOT_TESTABLE,Auditoría de evidencia fuente; no se ejecutó comparación funcional de la plataforma en este subencargo de solo lectura.,Evidencia visual revisada individualmente: references/video-audit/chapters/CH09_hospitalizacion_clinica_y_reporte_de_salud/event_frames/CH09-E0088_00h23m34s200ms_abrupt_change.jpg.
CH09-E0089,00:23:34.800,references/video-audit/chapters/CH09_hospitalizacion_clinica_y_reporte_de_salud/event_frames/CH09-E0089_00h23m34s800ms_stable_change.jpg,,Hospitalización clínica / Reporte de salud,"CH09-E0089 @ 00:23:34.800: Al cancelar la confirmación, el reporte poblado permanece abierto con Información Principal.",reporte poblado; Información Principal,"Al cancelar la confirmación, el reporte poblado permanece abierto con Información Principal.",VISIBLE,HIGH,NOT_TESTABLE,Auditoría de evidencia fuente; no se ejecutó comparación funcional de la plataforma en este subencargo de solo lectura.,Evidencia visual revisada individualmente: references/video-audit/chapters/CH09_hospitalizacion_clinica_y_reporte_de_salud/event_frames/CH09-E0089_00h23m34s800ms_stable_change.jpg.
CH09-E0090,00:23:36.600,references/video-audit/chapters/CH09_hospitalizacion_clinica_y_reporte_de_salud/event_frames/CH09-E0090_00h23m36s600ms_settled.jpg,references/video-audit/chapters/CH09_hospitalizacion_clinica_y_reporte_de_salud/detail_crops/CH09-E0090_00h23m36s600ms_DETAIL.jpg,Hospitalización clínica / Reporte de salud,"CH09-E0090 @ 00:23:36.600: El submenú Clínica está abierto sobre el reporte y lista Hospitalización clínica, Órdenes médicas y Reporte de salud, entre otros.",Clínica; Hospitalización clínica; Reporte salud,"El submenú Clínica está abierto sobre el reporte y lista Hospitalización clínica, Órdenes médicas y Reporte de salud, entre otros.",VISIBLE,HIGH,NOT_TESTABLE,Auditoría de evidencia fuente; no se ejecutó comparación funcional de la plataforma en este subencargo de solo lectura.,Evidencia visual revisada individualmente: references/video-audit/chapters/CH09_hospitalizacion_clinica_y_reporte_de_salud/event_frames/CH09-E0090_00h23m36s600ms_settled.jpg; recorte: references/video-audit/chapters/CH09_hospitalizacion_clinica_y_reporte_de_salud/detail_crops/CH09-E0090_00h23m36s600ms_DETAIL.jpg.
CH09-E0091,00:23:38.000,references/video-audit/chapters/CH09_hospitalizacion_clinica_y_reporte_de_salud/event_frames/CH09-E0091_00h23m38s000ms_abrupt_change.jpg,,Hospitalización clínica / Reporte de salud,CH09-E0091 @ 00:23:38.000: Reporte de salud vuelve al listado y muestra un punto de carga bajo los encabezados.,listado Reporte salud; carga,Reporte de salud vuelve al listado y muestra un punto de carga bajo los encabezados.,VISIBLE,HIGH,NOT_TESTABLE,Auditoría de evidencia fuente; no se ejecutó comparación funcional de la plataforma en este subencargo de solo lectura.,Evidencia visual revisada individualmente: references/video-audit/chapters/CH09_hospitalizacion_clinica_y_reporte_de_salud/event_frames/CH09-E0091_00h23m38s000ms_abrupt_change.jpg.
CH09-E0092,00:23:38.400,references/video-audit/chapters/CH09_hospitalizacion_clinica_y_reporte_de_salud/event_frames/CH09-E0092_00h23m38s400ms_abrupt_change.jpg,,Hospitalización clínica / Reporte de salud,CH09-E0092 @ 00:23:38.400: El indicador de carga del listado pasa a tres puntos.,listado; tres puntos carga,El indicador de carga del listado pasa a tres puntos.,VISIBLE,HIGH,NOT_TESTABLE,Auditoría de evidencia fuente; no se ejecutó comparación funcional de la plataforma en este subencargo de solo lectura.,Evidencia visual revisada individualmente: references/video-audit/chapters/CH09_hospitalizacion_clinica_y_reporte_de_salud/event_frames/CH09-E0092_00h23m38s400ms_abrupt_change.jpg.
CH09-E0093,00:23:39.000,references/video-audit/chapters/CH09_hospitalizacion_clinica_y_reporte_de_salud/event_frames/CH09-E0093_00h23m39s000ms_stable_change.jpg,,Hospitalización clínica / Reporte de salud,CH09-E0093 @ 00:23:39.000: La tabla muestra Cargando y No hay registros disponibles.,tabla; Cargando; sin registros,La tabla muestra Cargando y No hay registros disponibles.,VISIBLE,HIGH,NOT_TESTABLE,Auditoría de evidencia fuente; no se ejecutó comparación funcional de la plataforma en este subencargo de solo lectura.,Evidencia visual revisada individualmente: references/video-audit/chapters/CH09_hospitalizacion_clinica_y_reporte_de_salud/event_frames/CH09-E0093_00h23m39s000ms_stable_change.jpg.
CH09-E0094,00:23:39.400,references/video-audit/chapters/CH09_hospitalizacion_clinica_y_reporte_de_salud/event_frames/CH09-E0094_00h23m39s400ms_abrupt_change.jpg,references/video-audit/chapters/CH09_hospitalizacion_clinica_y_reporte_de_salud/detail_crops/CH09-E0094_00h23m39s400ms_DETAIL.jpg,Hospitalización clínica / Reporte de salud,"CH09-E0094 @ 00:23:39.400: El listado vuelve a poblarse con pacientes, períodos, triage y estatus Activo.",listado pacientes; período; triage; Activo,"El listado vuelve a poblarse con pacientes, períodos, triage y estatus Activo.",VISIBLE,HIGH,NOT_TESTABLE,Auditoría de evidencia fuente; no se ejecutó comparación funcional de la plataforma en este subencargo de solo lectura.,Evidencia visual revisada individualmente: references/video-audit/chapters/CH09_hospitalizacion_clinica_y_reporte_de_salud/event_frames/CH09-E0094_00h23m39s400ms_abrupt_change.jpg; recorte: references/video-audit/chapters/CH09_hospitalizacion_clinica_y_reporte_de_salud/detail_crops/CH09-E0094_00h23m39s400ms_DETAIL.jpg.
CH09-E0095,00:23:40.800,references/video-audit/chapters/CH09_hospitalizacion_clinica_y_reporte_de_salud/event_frames/CH09-E0095_00h23m40s800ms_abrupt_change.jpg,,Hospitalización clínica / Reporte de salud,"CH09-E0095 @ 00:23:40.800: El listado vuelve a poblarse con pacientes, períodos, triage y estatus Activo.",listado pacientes; período; triage; Activo,"El listado vuelve a poblarse con pacientes, períodos, triage y estatus Activo.",VISIBLE,HIGH,NOT_TESTABLE,Auditoría de evidencia fuente; no se ejecutó comparación funcional de la plataforma en este subencargo de solo lectura.,Evidencia visual revisada individualmente: references/video-audit/chapters/CH09_hospitalizacion_clinica_y_reporte_de_salud/event_frames/CH09-E0095_00h23m40s800ms_abrupt_change.jpg.
CH09-E0096,00:23:41.400,references/video-audit/chapters/CH09_hospitalizacion_clinica_y_reporte_de_salud/event_frames/CH09-E0096_00h23m41s400ms_stable_change.jpg,,Hospitalización clínica / Reporte de salud,"CH09-E0096 @ 00:23:41.400: El listado vuelve a poblarse con pacientes, períodos, triage y estatus Activo.",listado pacientes; período; triage; Activo,"El listado vuelve a poblarse con pacientes, períodos, triage y estatus Activo.",VISIBLE,HIGH,NOT_TESTABLE,Auditoría de evidencia fuente; no se ejecutó comparación funcional de la plataforma en este subencargo de solo lectura.,Evidencia visual revisada individualmente: references/video-audit/chapters/CH09_hospitalizacion_clinica_y_reporte_de_salud/event_frames/CH09-E0096_00h23m41s400ms_stable_change.jpg.
CH09-E0097,00:23:42.600,references/video-audit/chapters/CH09_hospitalizacion_clinica_y_reporte_de_salud/event_frames/CH09-E0097_00h23m42s600ms_settled.jpg,references/video-audit/chapters/CH09_hospitalizacion_clinica_y_reporte_de_salud/detail_crops/CH09-E0097_00h23m42s600ms_DETAIL.jpg,Hospitalización clínica / Reporte de salud,"CH09-E0097 @ 00:23:42.600: El botón de acciones de la fila de Abraham está activado, todavía sin menú visible.",acciones fila Abraham,"El botón de acciones de la fila de Abraham está activado, todavía sin menú visible.",VISIBLE,HIGH,NOT_TESTABLE,Auditoría de evidencia fuente; no se ejecutó comparación funcional de la plataforma en este subencargo de solo lectura.,Evidencia visual revisada individualmente: references/video-audit/chapters/CH09_hospitalizacion_clinica_y_reporte_de_salud/event_frames/CH09-E0097_00h23m42s600ms_settled.jpg; recorte: references/video-audit/chapters/CH09_hospitalizacion_clinica_y_reporte_de_salud/detail_crops/CH09-E0097_00h23m42s600ms_DETAIL.jpg.
CH09-E0098,00:23:43.800,references/video-audit/chapters/CH09_hospitalizacion_clinica_y_reporte_de_salud/event_frames/CH09-E0098_00h23m43s800ms_settled.jpg,references/video-audit/chapters/CH09_hospitalizacion_clinica_y_reporte_de_salud/detail_crops/CH09-E0098_00h23m43s800ms_DETAIL.jpg,Hospitalización clínica / Reporte de salud,CH09-E0098 @ 00:23:43.800: El menú de Abraham está abierto con acciones clínicas y Reporte de salud.,menú Abraham; acciones clínicas; Reporte salud,El menú de Abraham está abierto con acciones clínicas y Reporte de salud.,VISIBLE,HIGH,NOT_TESTABLE,Auditoría de evidencia fuente; no se ejecutó comparación funcional de la plataforma en este subencargo de solo lectura.,Evidencia visual revisada individualmente: references/video-audit/chapters/CH09_hospitalizacion_clinica_y_reporte_de_salud/event_frames/CH09-E0098_00h23m43s800ms_settled.jpg; recorte: references/video-audit/chapters/CH09_hospitalizacion_clinica_y_reporte_de_salud/detail_crops/CH09-E0098_00h23m43s800ms_DETAIL.jpg.
CH09-E0099,00:23:45.600,references/video-audit/chapters/CH09_hospitalizacion_clinica_y_reporte_de_salud/event_frames/CH09-E0099_00h23m45s600ms_abrupt_change.jpg,,Hospitalización clínica / Reporte de salud,CH09-E0099 @ 00:23:45.600: Se abre otro Reporte de salud con la estructura de pestañas y campos inicialmente vacíos.,reporte paciente; pestañas; campos vacíos,Se abre otro Reporte de salud con la estructura de pestañas y campos inicialmente vacíos.,VISIBLE,HIGH,NOT_TESTABLE,Auditoría de evidencia fuente; no se ejecutó comparación funcional de la plataforma en este subencargo de solo lectura.,Evidencia visual revisada individualmente: references/video-audit/chapters/CH09_hospitalizacion_clinica_y_reporte_de_salud/event_frames/CH09-E0099_00h23m45s600ms_abrupt_change.jpg.
CH09-E0100,00:23:46.000,references/video-audit/chapters/CH09_hospitalizacion_clinica_y_reporte_de_salud/event_frames/CH09-E0100_00h23m46s000ms_abrupt_change.jpg,,Hospitalización clínica / Reporte de salud,"CH09-E0100 @ 00:23:46.000: El submenú Agenda está abierto sobre el reporte y lista Agenda, Disponibilidades, Control de Visitas, Asignación de turnos y Nueva Agenda.",Agenda; Disponibilidades; Control Visitas; Asignación turnos,"El submenú Agenda está abierto sobre el reporte y lista Agenda, Disponibilidades, Control de Visitas, Asignación de turnos y Nueva Agenda.",VISIBLE,HIGH,NOT_TESTABLE,Auditoría de evidencia fuente; no se ejecutó comparación funcional de la plataforma en este subencargo de solo lectura.,Evidencia visual revisada individualmente: references/video-audit/chapters/CH09_hospitalizacion_clinica_y_reporte_de_salud/event_frames/CH09-E0100_00h23m46s000ms_abrupt_change.jpg.
CH09-E0101,00:23:46.400,references/video-audit/chapters/CH09_hospitalizacion_clinica_y_reporte_de_salud/event_frames/CH09-E0101_00h23m46s400ms_abrupt_change.jpg,,Hospitalización clínica / Reporte de salud,CH09-E0101 @ 00:23:46.400: El reporte conserva selectores superiores y campos de Información Principal todavía vacíos.,reporte; selectores; Información Principal vacía,El reporte conserva selectores superiores y campos de Información Principal todavía vacíos.,VISIBLE,HIGH,NOT_TESTABLE,Auditoría de evidencia fuente; no se ejecutó comparación funcional de la plataforma en este subencargo de solo lectura.,Evidencia visual revisada individualmente: references/video-audit/chapters/CH09_hospitalizacion_clinica_y_reporte_de_salud/event_frames/CH09-E0101_00h23m46s400ms_abrupt_change.jpg.
CH09-E0102,00:23:46.800,references/video-audit/chapters/CH09_hospitalizacion_clinica_y_reporte_de_salud/event_frames/CH09-E0102_00h23m46s800ms_abrupt_change.jpg,,Hospitalización clínica / Reporte de salud,CH09-E0102 @ 00:23:46.800: Una superposición semitransparente indica procesamiento mientras los datos del nuevo paciente empiezan a aparecer.,procesamiento; datos paciente,Una superposición semitransparente indica procesamiento mientras los datos del nuevo paciente empiezan a aparecer.,VISIBLE,HIGH,NOT_TESTABLE,Auditoría de evidencia fuente; no se ejecutó comparación funcional de la plataforma en este subencargo de solo lectura.,Evidencia visual revisada individualmente: references/video-audit/chapters/CH09_hospitalizacion_clinica_y_reporte_de_salud/event_frames/CH09-E0102_00h23m46s800ms_abrupt_change.jpg.
CH09-E0103,00:23:47.200,references/video-audit/chapters/CH09_hospitalizacion_clinica_y_reporte_de_salud/event_frames/CH09-E0103_00h23m47s200ms_abrupt_change.jpg,,Hospitalización clínica / Reporte de salud,CH09-E0103 @ 00:23:47.200: Rango de fechas del reporte se abre con el intervalo de la hospitalización y botones Salir y Cargar.,Rango fechas; hospitalización; Salir; Cargar,Rango de fechas del reporte se abre con el intervalo de la hospitalización y botones Salir y Cargar.,VISIBLE,HIGH,NOT_TESTABLE,Auditoría de evidencia fuente; no se ejecutó comparación funcional de la plataforma en este subencargo de solo lectura.,Evidencia visual revisada individualmente: references/video-audit/chapters/CH09_hospitalizacion_clinica_y_reporte_de_salud/event_frames/CH09-E0103_00h23m47s200ms_abrupt_change.jpg.
CH09-E0104,00:23:47.800,references/video-audit/chapters/CH09_hospitalizacion_clinica_y_reporte_de_salud/event_frames/CH09-E0104_00h23m47s800ms_stable_change.jpg,references/video-audit/chapters/CH09_hospitalizacion_clinica_y_reporte_de_salud/detail_crops/CH09-E0104_00h23m47s800ms_DETAIL.jpg,Hospitalización clínica / Reporte de salud,CH09-E0104 @ 00:23:47.800: Rango de fechas del reporte se abre con el intervalo de la hospitalización y botones Salir y Cargar.,Rango fechas; hospitalización; Salir; Cargar,Rango de fechas del reporte se abre con el intervalo de la hospitalización y botones Salir y Cargar.,VISIBLE,HIGH,NOT_TESTABLE,Auditoría de evidencia fuente; no se ejecutó comparación funcional de la plataforma en este subencargo de solo lectura.,Evidencia visual revisada individualmente: references/video-audit/chapters/CH09_hospitalizacion_clinica_y_reporte_de_salud/event_frames/CH09-E0104_00h23m47s800ms_stable_change.jpg; recorte: references/video-audit/chapters/CH09_hospitalizacion_clinica_y_reporte_de_salud/detail_crops/CH09-E0104_00h23m47s800ms_DETAIL.jpg.
CH09-E0105,00:23:48.200,references/video-audit/chapters/CH09_hospitalizacion_clinica_y_reporte_de_salud/event_frames/CH09-E0105_00h23m48s200ms_abrupt_change.jpg,references/video-audit/chapters/CH09_hospitalizacion_clinica_y_reporte_de_salud/detail_crops/CH09-E0105_00h23m48s200ms_DETAIL.jpg,Hospitalización clínica / Reporte de salud,CH09-E0105 @ 00:23:48.200: El calendario doble está desplegado y recorre meses entre febrero y junio para ajustar el intervalo.,calendario doble; febrero-junio; Seleccionar,El calendario doble está desplegado y recorre meses entre febrero y junio para ajustar el intervalo.,VISIBLE,HIGH,NOT_TESTABLE,Auditoría de evidencia fuente; no se ejecutó comparación funcional de la plataforma en este subencargo de solo lectura.,Evidencia visual revisada individualmente: references/video-audit/chapters/CH09_hospitalizacion_clinica_y_reporte_de_salud/event_frames/CH09-E0105_00h23m48s200ms_abrupt_change.jpg; recorte: references/video-audit/chapters/CH09_hospitalizacion_clinica_y_reporte_de_salud/detail_crops/CH09-E0105_00h23m48s200ms_DETAIL.jpg.
CH09-E0106,00:23:51.800,references/video-audit/chapters/CH09_hospitalizacion_clinica_y_reporte_de_salud/event_frames/CH09-E0106_00h23m51s800ms_settled.jpg,references/video-audit/chapters/CH09_hospitalizacion_clinica_y_reporte_de_salud/detail_crops/CH09-E0106_00h23m51s800ms_DETAIL.jpg,Hospitalización clínica / Reporte de salud,CH09-E0106 @ 00:23:51.800: El calendario doble está desplegado y recorre meses entre febrero y junio para ajustar el intervalo.,calendario doble; febrero-junio; Seleccionar,El calendario doble está desplegado y recorre meses entre febrero y junio para ajustar el intervalo.,VISIBLE,HIGH,NOT_TESTABLE,Auditoría de evidencia fuente; no se ejecutó comparación funcional de la plataforma en este subencargo de solo lectura.,Evidencia visual revisada individualmente: references/video-audit/chapters/CH09_hospitalizacion_clinica_y_reporte_de_salud/event_frames/CH09-E0106_00h23m51s800ms_settled.jpg; recorte: references/video-audit/chapters/CH09_hospitalizacion_clinica_y_reporte_de_salud/detail_crops/CH09-E0106_00h23m51s800ms_DETAIL.jpg.
CH09-E0107,00:23:55.000,references/video-audit/chapters/CH09_hospitalizacion_clinica_y_reporte_de_salud/event_frames/CH09-E0107_00h23m55s000ms_settled.jpg,references/video-audit/chapters/CH09_hospitalizacion_clinica_y_reporte_de_salud/detail_crops/CH09-E0107_00h23m55s000ms_DETAIL.jpg,Hospitalización clínica / Reporte de salud,CH09-E0107 @ 00:23:55.000: El calendario doble está desplegado y recorre meses entre febrero y junio para ajustar el intervalo.,calendario doble; febrero-junio; Seleccionar,El calendario doble está desplegado y recorre meses entre febrero y junio para ajustar el intervalo.,VISIBLE,HIGH,NOT_TESTABLE,Auditoría de evidencia fuente; no se ejecutó comparación funcional de la plataforma en este subencargo de solo lectura.,Evidencia visual revisada individualmente: references/video-audit/chapters/CH09_hospitalizacion_clinica_y_reporte_de_salud/event_frames/CH09-E0107_00h23m55s000ms_settled.jpg; recorte: references/video-audit/chapters/CH09_hospitalizacion_clinica_y_reporte_de_salud/detail_crops/CH09-E0107_00h23m55s000ms_DETAIL.jpg.
CH09-E0108,00:23:58.600,references/video-audit/chapters/CH09_hospitalizacion_clinica_y_reporte_de_salud/event_frames/CH09-E0108_00h23m58s600ms_settled.jpg,references/video-audit/chapters/CH09_hospitalizacion_clinica_y_reporte_de_salud/detail_crops/CH09-E0108_00h23m58s600ms_DETAIL.jpg,Hospitalización clínica / Reporte de salud,CH09-E0108 @ 00:23:58.600: El calendario doble está desplegado y recorre meses entre febrero y junio para ajustar el intervalo.,calendario doble; febrero-junio; Seleccionar,El calendario doble está desplegado y recorre meses entre febrero y junio para ajustar el intervalo.,VISIBLE,HIGH,NOT_TESTABLE,Auditoría de evidencia fuente; no se ejecutó comparación funcional de la plataforma en este subencargo de solo lectura.,Evidencia visual revisada individualmente: references/video-audit/chapters/CH09_hospitalizacion_clinica_y_reporte_de_salud/event_frames/CH09-E0108_00h23m58s600ms_settled.jpg; recorte: references/video-audit/chapters/CH09_hospitalizacion_clinica_y_reporte_de_salud/detail_crops/CH09-E0108_00h23m58s600ms_DETAIL.jpg.
CH09-E0109,00:24:03.000,references/video-audit/chapters/CH09_hospitalizacion_clinica_y_reporte_de_salud/event_frames/CH09-E0109_00h24m03s000ms_abrupt_change.jpg,references/video-audit/chapters/CH09_hospitalizacion_clinica_y_reporte_de_salud/detail_crops/CH09-E0109_00h24m03s000ms_DETAIL.jpg,Hospitalización clínica / Reporte de salud,CH09-E0109 @ 00:24:03.000: El modal muestra el rango 2026-06-01 a 2026-06-15 listo para Cargar.,rango junio; Cargar,El modal muestra el rango 2026-06-01 a 2026-06-15 listo para Cargar.,VISIBLE,HIGH,NOT_TESTABLE,Auditoría de evidencia fuente; no se ejecutó comparación funcional de la plataforma en este subencargo de solo lectura.,Evidencia visual revisada individualmente: references/video-audit/chapters/CH09_hospitalizacion_clinica_y_reporte_de_salud/event_frames/CH09-E0109_00h24m03s000ms_abrupt_change.jpg; recorte: references/video-audit/chapters/CH09_hospitalizacion_clinica_y_reporte_de_salud/detail_crops/CH09-E0109_00h24m03s000ms_DETAIL.jpg.
CH09-E0110,00:24:04.400,references/video-audit/chapters/CH09_hospitalizacion_clinica_y_reporte_de_salud/event_frames/CH09-E0110_00h24m04s400ms_abrupt_change.jpg,,Hospitalización clínica / Reporte de salud,CH09-E0110 @ 00:24:04.400: Al cargar el nuevo rango aparece la superposición Procesando sobre el modal.,Procesando; cargar rango,Al cargar el nuevo rango aparece la superposición Procesando sobre el modal.,VISIBLE,HIGH,NOT_TESTABLE,Auditoría de evidencia fuente; no se ejecutó comparación funcional de la plataforma en este subencargo de solo lectura.,Evidencia visual revisada individualmente: references/video-audit/chapters/CH09_hospitalizacion_clinica_y_reporte_de_salud/event_frames/CH09-E0110_00h24m04s400ms_abrupt_change.jpg.
CH09-E0111,00:24:05.600,references/video-audit/chapters/CH09_hospitalizacion_clinica_y_reporte_de_salud/event_frames/CH09-E0111_00h24m05s600ms_abrupt_change.jpg,,Hospitalización clínica / Reporte de salud,CH09-E0111 @ 00:24:05.600: El modal reaparece con el rango de junio mientras finaliza la transición.,modal rango; junio,El modal reaparece con el rango de junio mientras finaliza la transición.,VISIBLE,HIGH,NOT_TESTABLE,Auditoría de evidencia fuente; no se ejecutó comparación funcional de la plataforma en este subencargo de solo lectura.,Evidencia visual revisada individualmente: references/video-audit/chapters/CH09_hospitalizacion_clinica_y_reporte_de_salud/event_frames/CH09-E0111_00h24m05s600ms_abrupt_change.jpg.
CH09-E0112,00:24:06.000,references/video-audit/chapters/CH09_hospitalizacion_clinica_y_reporte_de_salud/event_frames/CH09-E0112_00h24m06s000ms_abrupt_change.jpg,,Hospitalización clínica / Reporte de salud,CH09-E0112 @ 00:24:06.000: El reporte se recarga para Abraham y el encabezado indica 01-Jun-2026 al 15-Jun-2026.,reporte Abraham; período junio,El reporte se recarga para Abraham y el encabezado indica 01-Jun-2026 al 15-Jun-2026.,VISIBLE,HIGH,NOT_TESTABLE,Auditoría de evidencia fuente; no se ejecutó comparación funcional de la plataforma en este subencargo de solo lectura.,Evidencia visual revisada individualmente: references/video-audit/chapters/CH09_hospitalizacion_clinica_y_reporte_de_salud/event_frames/CH09-E0112_00h24m06s000ms_abrupt_change.jpg.
CH09-E0113,00:24:06.600,references/video-audit/chapters/CH09_hospitalizacion_clinica_y_reporte_de_salud/event_frames/CH09-E0113_00h24m06s600ms_stable_change.jpg,,Hospitalización clínica / Reporte de salud,CH09-E0113 @ 00:24:06.600: El reporte se recarga para Abraham y el encabezado indica 01-Jun-2026 al 15-Jun-2026.,reporte Abraham; período junio,El reporte se recarga para Abraham y el encabezado indica 01-Jun-2026 al 15-Jun-2026.,VISIBLE,HIGH,NOT_TESTABLE,Auditoría de evidencia fuente; no se ejecutó comparación funcional de la plataforma en este subencargo de solo lectura.,Evidencia visual revisada individualmente: references/video-audit/chapters/CH09_hospitalizacion_clinica_y_reporte_de_salud/event_frames/CH09-E0113_00h24m06s600ms_stable_change.jpg.
CH09-E0114,00:24:09.600,references/video-audit/chapters/CH09_hospitalizacion_clinica_y_reporte_de_salud/event_frames/CH09-E0114_00h24m09s600ms_abrupt_change.jpg,,Hospitalización clínica / Reporte de salud,"CH09-E0114 @ 00:24:09.600: La página se oscurece al accionar Imprimir, antes de aparecer la configuración.",Imprimir; transición,"La página se oscurece al accionar Imprimir, antes de aparecer la configuración.",VISIBLE,HIGH,NOT_TESTABLE,Auditoría de evidencia fuente; no se ejecutó comparación funcional de la plataforma en este subencargo de solo lectura.,Evidencia visual revisada individualmente: references/video-audit/chapters/CH09_hospitalizacion_clinica_y_reporte_de_salud/event_frames/CH09-E0114_00h24m09s600ms_abrupt_change.jpg.
CH09-E0115,00:24:10.000,references/video-audit/chapters/CH09_hospitalizacion_clinica_y_reporte_de_salud/event_frames/CH09-E0115_00h24m10s000ms_abrupt_change.jpg,,Hospitalización clínica / Reporte de salud,CH09-E0115 @ 00:24:10.000: Configuración de reporte muestra Incluir documentos adjuntos y las columnas Títulos disponibles y Títulos para el reporte.,Configuración reporte; adjuntos; títulos disponibles; títulos reporte,Configuración de reporte muestra Incluir documentos adjuntos y las columnas Títulos disponibles y Títulos para el reporte.,VISIBLE,HIGH,NOT_TESTABLE,Auditoría de evidencia fuente; no se ejecutó comparación funcional de la plataforma en este subencargo de solo lectura.,Evidencia visual revisada individualmente: references/video-audit/chapters/CH09_hospitalizacion_clinica_y_reporte_de_salud/event_frames/CH09-E0115_00h24m10s000ms_abrupt_change.jpg.
CH09-E0116,00:24:10.800,references/video-audit/chapters/CH09_hospitalizacion_clinica_y_reporte_de_salud/event_frames/CH09-E0116_00h24m10s800ms_abrupt_change.jpg,references/video-audit/chapters/CH09_hospitalizacion_clinica_y_reporte_de_salud/detail_crops/CH09-E0116_00h24m10s800ms_DETAIL.jpg,Hospitalización clínica / Reporte de salud,CH09-E0116 @ 00:24:10.800: Configuración de reporte muestra Incluir documentos adjuntos y las columnas Títulos disponibles y Títulos para el reporte.,Configuración reporte; adjuntos; títulos disponibles; títulos reporte,Configuración de reporte muestra Incluir documentos adjuntos y las columnas Títulos disponibles y Títulos para el reporte.,VISIBLE,HIGH,NOT_TESTABLE,Auditoría de evidencia fuente; no se ejecutó comparación funcional de la plataforma en este subencargo de solo lectura.,Evidencia visual revisada individualmente: references/video-audit/chapters/CH09_hospitalizacion_clinica_y_reporte_de_salud/event_frames/CH09-E0116_00h24m10s800ms_abrupt_change.jpg; recorte: references/video-audit/chapters/CH09_hospitalizacion_clinica_y_reporte_de_salud/detail_crops/CH09-E0116_00h24m10s800ms_DETAIL.jpg.
CH09-E0117,00:24:11.400,references/video-audit/chapters/CH09_hospitalizacion_clinica_y_reporte_de_salud/event_frames/CH09-E0117_00h24m11s400ms_stable_change.jpg,references/video-audit/chapters/CH09_hospitalizacion_clinica_y_reporte_de_salud/detail_crops/CH09-E0117_00h24m11s400ms_DETAIL.jpg,Hospitalización clínica / Reporte de salud,CH09-E0117 @ 00:24:11.400: Configuración de reporte muestra Incluir documentos adjuntos y las columnas Títulos disponibles y Títulos para el reporte.,Configuración reporte; adjuntos; títulos disponibles; títulos reporte,Configuración de reporte muestra Incluir documentos adjuntos y las columnas Títulos disponibles y Títulos para el reporte.,VISIBLE,HIGH,NOT_TESTABLE,Auditoría de evidencia fuente; no se ejecutó comparación funcional de la plataforma en este subencargo de solo lectura.,Evidencia visual revisada individualmente: references/video-audit/chapters/CH09_hospitalizacion_clinica_y_reporte_de_salud/event_frames/CH09-E0117_00h24m11s400ms_stable_change.jpg; recorte: references/video-audit/chapters/CH09_hospitalizacion_clinica_y_reporte_de_salud/detail_crops/CH09-E0117_00h24m11s400ms_DETAIL.jpg.
CH09-E0118,00:24:17.600,references/video-audit/chapters/CH09_hospitalizacion_clinica_y_reporte_de_salud/event_frames/CH09-E0118_00h24m17s600ms_abrupt_change.jpg,references/video-audit/chapters/CH09_hospitalizacion_clinica_y_reporte_de_salud/detail_crops/CH09-E0118_00h24m17s600ms_DETAIL.jpg,Hospitalización clínica / Reporte de salud,CH09-E0118 @ 00:24:17.600: Configuración de reporte muestra Incluir documentos adjuntos y las columnas Títulos disponibles y Títulos para el reporte.,Configuración reporte; adjuntos; títulos disponibles; títulos reporte,Configuración de reporte muestra Incluir documentos adjuntos y las columnas Títulos disponibles y Títulos para el reporte.,VISIBLE,HIGH,NOT_TESTABLE,Auditoría de evidencia fuente; no se ejecutó comparación funcional de la plataforma en este subencargo de solo lectura.,Evidencia visual revisada individualmente: references/video-audit/chapters/CH09_hospitalizacion_clinica_y_reporte_de_salud/event_frames/CH09-E0118_00h24m17s600ms_abrupt_change.jpg; recorte: references/video-audit/chapters/CH09_hospitalizacion_clinica_y_reporte_de_salud/detail_crops/CH09-E0118_00h24m17s600ms_DETAIL.jpg.
CH09-E0119,00:24:18.000,references/video-audit/chapters/CH09_hospitalizacion_clinica_y_reporte_de_salud/event_frames/CH09-E0119_00h24m18s000ms_abrupt_change.jpg,references/video-audit/chapters/CH09_hospitalizacion_clinica_y_reporte_de_salud/detail_crops/CH09-E0119_00h24m18s000ms_DETAIL.jpg,Hospitalización clínica / Reporte de salud,CH09-E0119 @ 00:24:18.000: Al desplazarse por Configuración de reporte aparecen numerosos títulos clínicos en las dos columnas.,Configuración reporte; títulos clínicos; desplazamiento,Al desplazarse por Configuración de reporte aparecen numerosos títulos clínicos en las dos columnas.,VISIBLE,HIGH,NOT_TESTABLE,Auditoría de evidencia fuente; no se ejecutó comparación funcional de la plataforma en este subencargo de solo lectura.,Evidencia visual revisada individualmente: references/video-audit/chapters/CH09_hospitalizacion_clinica_y_reporte_de_salud/event_frames/CH09-E0119_00h24m18s000ms_abrupt_change.jpg; recorte: references/video-audit/chapters/CH09_hospitalizacion_clinica_y_reporte_de_salud/detail_crops/CH09-E0119_00h24m18s000ms_DETAIL.jpg.
CH09-E0120,00:24:18.400,references/video-audit/chapters/CH09_hospitalizacion_clinica_y_reporte_de_salud/event_frames/CH09-E0120_00h24m18s400ms_abrupt_change.jpg,references/video-audit/chapters/CH09_hospitalizacion_clinica_y_reporte_de_salud/detail_crops/CH09-E0120_00h24m18s400ms_DETAIL.jpg,Hospitalización clínica / Reporte de salud,CH09-E0120 @ 00:24:18.400: Al desplazarse por Configuración de reporte aparecen numerosos títulos clínicos en las dos columnas.,Configuración reporte; títulos clínicos; desplazamiento,Al desplazarse por Configuración de reporte aparecen numerosos títulos clínicos en las dos columnas.,VISIBLE,HIGH,NOT_TESTABLE,Auditoría de evidencia fuente; no se ejecutó comparación funcional de la plataforma en este subencargo de solo lectura.,Evidencia visual revisada individualmente: references/video-audit/chapters/CH09_hospitalizacion_clinica_y_reporte_de_salud/event_frames/CH09-E0120_00h24m18s400ms_abrupt_change.jpg; recorte: references/video-audit/chapters/CH09_hospitalizacion_clinica_y_reporte_de_salud/detail_crops/CH09-E0120_00h24m18s400ms_DETAIL.jpg.
CH09-E0121,00:24:18.800,references/video-audit/chapters/CH09_hospitalizacion_clinica_y_reporte_de_salud/event_frames/CH09-E0121_00h24m18s800ms_abrupt_change.jpg,references/video-audit/chapters/CH09_hospitalizacion_clinica_y_reporte_de_salud/detail_crops/CH09-E0121_00h24m18s800ms_DETAIL.jpg,Hospitalización clínica / Reporte de salud,CH09-E0121 @ 00:24:18.800: Al desplazarse por Configuración de reporte aparecen numerosos títulos clínicos en las dos columnas.,Configuración reporte; títulos clínicos; desplazamiento,Al desplazarse por Configuración de reporte aparecen numerosos títulos clínicos en las dos columnas.,VISIBLE,HIGH,NOT_TESTABLE,Auditoría de evidencia fuente; no se ejecutó comparación funcional de la plataforma en este subencargo de solo lectura.,Evidencia visual revisada individualmente: references/video-audit/chapters/CH09_hospitalizacion_clinica_y_reporte_de_salud/event_frames/CH09-E0121_00h24m18s800ms_abrupt_change.jpg; recorte: references/video-audit/chapters/CH09_hospitalizacion_clinica_y_reporte_de_salud/detail_crops/CH09-E0121_00h24m18s800ms_DETAIL.jpg.
CH09-E0122,00:24:23.800,references/video-audit/chapters/CH09_hospitalizacion_clinica_y_reporte_de_salud/event_frames/CH09-E0122_00h24m23s800ms_abrupt_change.jpg,references/video-audit/chapters/CH09_hospitalizacion_clinica_y_reporte_de_salud/detail_crops/CH09-E0122_00h24m23s800ms_DETAIL.jpg,Hospitalización clínica / Reporte de salud,CH09-E0122 @ 00:24:23.800: Al desplazarse por Configuración de reporte aparecen numerosos títulos clínicos en las dos columnas.,Configuración reporte; títulos clínicos; desplazamiento,Al desplazarse por Configuración de reporte aparecen numerosos títulos clínicos en las dos columnas.,VISIBLE,HIGH,NOT_TESTABLE,Auditoría de evidencia fuente; no se ejecutó comparación funcional de la plataforma en este subencargo de solo lectura.,Evidencia visual revisada individualmente: references/video-audit/chapters/CH09_hospitalizacion_clinica_y_reporte_de_salud/event_frames/CH09-E0122_00h24m23s800ms_abrupt_change.jpg; recorte: references/video-audit/chapters/CH09_hospitalizacion_clinica_y_reporte_de_salud/detail_crops/CH09-E0122_00h24m23s800ms_DETAIL.jpg.
CH09-E0123,00:24:24.400,references/video-audit/chapters/CH09_hospitalizacion_clinica_y_reporte_de_salud/event_frames/CH09-E0123_00h24m24s400ms_stable_change.jpg,references/video-audit/chapters/CH09_hospitalizacion_clinica_y_reporte_de_salud/detail_crops/CH09-E0123_00h24m24s400ms_DETAIL.jpg,Hospitalización clínica / Reporte de salud,CH09-E0123 @ 00:24:24.400: Al desplazarse por Configuración de reporte aparecen numerosos títulos clínicos en las dos columnas.,Configuración reporte; títulos clínicos; desplazamiento,Al desplazarse por Configuración de reporte aparecen numerosos títulos clínicos en las dos columnas.,VISIBLE,HIGH,NOT_TESTABLE,Auditoría de evidencia fuente; no se ejecutó comparación funcional de la plataforma en este subencargo de solo lectura.,Evidencia visual revisada individualmente: references/video-audit/chapters/CH09_hospitalizacion_clinica_y_reporte_de_salud/event_frames/CH09-E0123_00h24m24s400ms_stable_change.jpg; recorte: references/video-audit/chapters/CH09_hospitalizacion_clinica_y_reporte_de_salud/detail_crops/CH09-E0123_00h24m24s400ms_DETAIL.jpg.
CH09-E0124,00:24:24.800,references/video-audit/chapters/CH09_hospitalizacion_clinica_y_reporte_de_salud/event_frames/CH09-E0124_00h24m24s800ms_abrupt_change.jpg,references/video-audit/chapters/CH09_hospitalizacion_clinica_y_reporte_de_salud/detail_crops/CH09-E0124_00h24m24s800ms_DETAIL.jpg,Hospitalización clínica / Reporte de salud,CH09-E0124 @ 00:24:24.800: Al desplazarse por Configuración de reporte aparecen numerosos títulos clínicos en las dos columnas.,Configuración reporte; títulos clínicos; desplazamiento,Al desplazarse por Configuración de reporte aparecen numerosos títulos clínicos en las dos columnas.,VISIBLE,HIGH,NOT_TESTABLE,Auditoría de evidencia fuente; no se ejecutó comparación funcional de la plataforma en este subencargo de solo lectura.,Evidencia visual revisada individualmente: references/video-audit/chapters/CH09_hospitalizacion_clinica_y_reporte_de_salud/event_frames/CH09-E0124_00h24m24s800ms_abrupt_change.jpg; recorte: references/video-audit/chapters/CH09_hospitalizacion_clinica_y_reporte_de_salud/detail_crops/CH09-E0124_00h24m24s800ms_DETAIL.jpg.
CH09-E0125,00:24:25.600,references/video-audit/chapters/CH09_hospitalizacion_clinica_y_reporte_de_salud/event_frames/CH09-E0125_00h24m25s600ms_abrupt_change.jpg,references/video-audit/chapters/CH09_hospitalizacion_clinica_y_reporte_de_salud/detail_crops/CH09-E0125_00h24m25s600ms_DETAIL.jpg,Hospitalización clínica / Reporte de salud,CH09-E0125 @ 00:24:25.600: La parte inferior de Configuración de reporte muestra los últimos títulos y las acciones Cerrar e Imprimir.,Configuración reporte; Cerrar; Imprimir,La parte inferior de Configuración de reporte muestra los últimos títulos y las acciones Cerrar e Imprimir.,VISIBLE,HIGH,NOT_TESTABLE,Auditoría de evidencia fuente; no se ejecutó comparación funcional de la plataforma en este subencargo de solo lectura.,Evidencia visual revisada individualmente: references/video-audit/chapters/CH09_hospitalizacion_clinica_y_reporte_de_salud/event_frames/CH09-E0125_00h24m25s600ms_abrupt_change.jpg; recorte: references/video-audit/chapters/CH09_hospitalizacion_clinica_y_reporte_de_salud/detail_crops/CH09-E0125_00h24m25s600ms_DETAIL.jpg.
CH09-E0126,00:24:26.200,references/video-audit/chapters/CH09_hospitalizacion_clinica_y_reporte_de_salud/event_frames/CH09-E0126_00h24m26s200ms_stable_change.jpg,references/video-audit/chapters/CH09_hospitalizacion_clinica_y_reporte_de_salud/detail_crops/CH09-E0126_00h24m26s200ms_DETAIL.jpg,Hospitalización clínica / Reporte de salud,CH09-E0126 @ 00:24:26.200: La parte inferior de Configuración de reporte muestra los últimos títulos y las acciones Cerrar e Imprimir.,Configuración reporte; Cerrar; Imprimir,La parte inferior de Configuración de reporte muestra los últimos títulos y las acciones Cerrar e Imprimir.,VISIBLE,HIGH,NOT_TESTABLE,Auditoría de evidencia fuente; no se ejecutó comparación funcional de la plataforma en este subencargo de solo lectura.,Evidencia visual revisada individualmente: references/video-audit/chapters/CH09_hospitalizacion_clinica_y_reporte_de_salud/event_frames/CH09-E0126_00h24m26s200ms_stable_change.jpg; recorte: references/video-audit/chapters/CH09_hospitalizacion_clinica_y_reporte_de_salud/detail_crops/CH09-E0126_00h24m26s200ms_DETAIL.jpg.
CH09-E0127,00:24:28.000,references/video-audit/chapters/CH09_hospitalizacion_clinica_y_reporte_de_salud/event_frames/CH09-E0127_00h24m28s000ms_abrupt_change.jpg,,Hospitalización clínica / Reporte de salud,"CH09-E0127 @ 00:24:28.000: Sobre Configuración de reporte aparece inesperadamente Confirmar: Está seguro que desea salir, con Cancelar y Aceptar.",Configuración reporte; Confirmar salida; Cancelar; Aceptar,"Sobre Configuración de reporte aparece inesperadamente Confirmar: Está seguro que desea salir, con Cancelar y Aceptar.",VISIBLE,MEDIUM,NOT_TESTABLE,Auditoría de evidencia fuente; no se ejecutó comparación funcional de la plataforma en este subencargo de solo lectura.,Evidencia visual revisada individualmente: references/video-audit/chapters/CH09_hospitalizacion_clinica_y_reporte_de_salud/event_frames/CH09-E0127_00h24m28s000ms_abrupt_change.jpg.
CH09-E0128,00:24:28.600,references/video-audit/chapters/CH09_hospitalizacion_clinica_y_reporte_de_salud/event_frames/CH09-E0128_00h24m28s600ms_stable_change.jpg,,Hospitalización clínica / Reporte de salud,"CH09-E0128 @ 00:24:28.600: Sobre Configuración de reporte aparece inesperadamente Confirmar: Está seguro que desea salir, con Cancelar y Aceptar.",Configuración reporte; Confirmar salida; Cancelar; Aceptar,"Sobre Configuración de reporte aparece inesperadamente Confirmar: Está seguro que desea salir, con Cancelar y Aceptar.",VISIBLE,MEDIUM,NOT_TESTABLE,Auditoría de evidencia fuente; no se ejecutó comparación funcional de la plataforma en este subencargo de solo lectura.,Evidencia visual revisada individualmente: references/video-audit/chapters/CH09_hospitalizacion_clinica_y_reporte_de_salud/event_frames/CH09-E0128_00h24m28s600ms_stable_change.jpg.
CH09-E0129,00:24:47.200,references/video-audit/chapters/CH09_hospitalizacion_clinica_y_reporte_de_salud/event_frames/CH09-E0129_00h24m47s200ms_abrupt_change.jpg,references/video-audit/chapters/CH09_hospitalizacion_clinica_y_reporte_de_salud/detail_crops/CH09-E0129_00h24m47s200ms_DETAIL.jpg,Hospitalización clínica / Reporte de salud,CH09-E0129 @ 00:24:47.200: La confirmación de salida sigue visible y aparece además una superposición negra de videollamada en la esquina superior derecha.,Confirmar salida; superposición videollamada,La confirmación de salida sigue visible y aparece además una superposición negra de videollamada en la esquina superior derecha.,VISIBLE,MEDIUM,NOT_TESTABLE,Auditoría de evidencia fuente; no se ejecutó comparación funcional de la plataforma en este subencargo de solo lectura.,Evidencia visual revisada individualmente: references/video-audit/chapters/CH09_hospitalizacion_clinica_y_reporte_de_salud/event_frames/CH09-E0129_00h24m47s200ms_abrupt_change.jpg; recorte: references/video-audit/chapters/CH09_hospitalizacion_clinica_y_reporte_de_salud/detail_crops/CH09-E0129_00h24m47s200ms_DETAIL.jpg.
CH09-E0130,00:27:13.800,references/video-audit/chapters/CH09_hospitalizacion_clinica_y_reporte_de_salud/event_frames/CH09-E0130_00h27m13s800ms_abrupt_change.jpg,,Hospitalización clínica / Reporte de salud,"CH09-E0130 @ 00:27:13.800: Tras el intervalo largo, la configuración se ve semitransparente con la superposición de videollamada todavía presente.",configuración; transición; videollamada,"Tras el intervalo largo, la configuración se ve semitransparente con la superposición de videollamada todavía presente.",VISIBLE,MEDIUM,NOT_TESTABLE,Auditoría de evidencia fuente; no se ejecutó comparación funcional de la plataforma en este subencargo de solo lectura.,Evidencia visual revisada individualmente: references/video-audit/chapters/CH09_hospitalizacion_clinica_y_reporte_de_salud/event_frames/CH09-E0130_00h27m13s800ms_abrupt_change.jpg.
CH09-E0131,00:27:14.400,references/video-audit/chapters/CH09_hospitalizacion_clinica_y_reporte_de_salud/event_frames/CH09-E0131_00h27m14s400ms_stable_change.jpg,,Hospitalización clínica / Reporte de salud,"CH09-E0131 @ 00:27:14.400: Configuración de reporte vuelve a quedar visible con sus títulos y botones, junto a la superposición de videollamada.",Configuración reporte; títulos; videollamada,"Configuración de reporte vuelve a quedar visible con sus títulos y botones, junto a la superposición de videollamada.",VISIBLE,MEDIUM,NOT_TESTABLE,Auditoría de evidencia fuente; no se ejecutó comparación funcional de la plataforma en este subencargo de solo lectura.,Evidencia visual revisada individualmente: references/video-audit/chapters/CH09_hospitalizacion_clinica_y_reporte_de_salud/event_frames/CH09-E0131_00h27m14s400ms_stable_change.jpg.
CH09-E0132,00:27:15.400,references/video-audit/chapters/CH09_hospitalizacion_clinica_y_reporte_de_salud/event_frames/CH09-E0132_00h27m15s400ms_abrupt_change.jpg,,Hospitalización clínica / Reporte de salud,CH09-E0132 @ 00:27:15.400: La confirmación Está seguro que desea salir aparece nuevamente sobre la configuración.,Confirmar salida; Cancelar; Aceptar,La confirmación Está seguro que desea salir aparece nuevamente sobre la configuración.,VISIBLE,MEDIUM,NOT_TESTABLE,Auditoría de evidencia fuente; no se ejecutó comparación funcional de la plataforma en este subencargo de solo lectura.,Evidencia visual revisada individualmente: references/video-audit/chapters/CH09_hospitalizacion_clinica_y_reporte_de_salud/event_frames/CH09-E0132_00h27m15s400ms_abrupt_change.jpg.
CH09-E0133,00:27:16.000,references/video-audit/chapters/CH09_hospitalizacion_clinica_y_reporte_de_salud/event_frames/CH09-E0133_00h27m16s000ms_stable_change.jpg,,Hospitalización clínica / Reporte de salud,CH09-E0133 @ 00:27:16.000: La confirmación Está seguro que desea salir aparece nuevamente sobre la configuración.,Confirmar salida; Cancelar; Aceptar,La confirmación Está seguro que desea salir aparece nuevamente sobre la configuración.,VISIBLE,MEDIUM,NOT_TESTABLE,Auditoría de evidencia fuente; no se ejecutó comparación funcional de la plataforma en este subencargo de solo lectura.,Evidencia visual revisada individualmente: references/video-audit/chapters/CH09_hospitalizacion_clinica_y_reporte_de_salud/event_frames/CH09-E0133_00h27m16s000ms_stable_change.jpg.
CH09-E0134,00:27:18.400,references/video-audit/chapters/CH09_hospitalizacion_clinica_y_reporte_de_salud/event_frames/CH09-E0134_00h27m18s400ms_abrupt_change.jpg,,Hospitalización clínica / Reporte de salud,"CH09-E0134 @ 00:27:18.400: Al cancelar, vuelve la configuración con los títulos y el botón Imprimir; la superposición de videollamada permanece.",Configuración reporte; Imprimir; videollamada,"Al cancelar, vuelve la configuración con los títulos y el botón Imprimir; la superposición de videollamada permanece.",VISIBLE,MEDIUM,NOT_TESTABLE,Auditoría de evidencia fuente; no se ejecutó comparación funcional de la plataforma en este subencargo de solo lectura.,Evidencia visual revisada individualmente: references/video-audit/chapters/CH09_hospitalizacion_clinica_y_reporte_de_salud/event_frames/CH09-E0134_00h27m18s400ms_abrupt_change.jpg.
CH09-E0135,00:27:18.800,references/video-audit/chapters/CH09_hospitalizacion_clinica_y_reporte_de_salud/event_frames/CH09-E0135_00h27m18s800ms_abrupt_change.jpg,,Hospitalización clínica / Reporte de salud,"CH09-E0135 @ 00:27:18.800: Al cancelar, vuelve la configuración con los títulos y el botón Imprimir; la superposición de videollamada permanece.",Configuración reporte; Imprimir; videollamada,"Al cancelar, vuelve la configuración con los títulos y el botón Imprimir; la superposición de videollamada permanece.",VISIBLE,MEDIUM,NOT_TESTABLE,Auditoría de evidencia fuente; no se ejecutó comparación funcional de la plataforma en este subencargo de solo lectura.,Evidencia visual revisada individualmente: references/video-audit/chapters/CH09_hospitalizacion_clinica_y_reporte_de_salud/event_frames/CH09-E0135_00h27m18s800ms_abrupt_change.jpg.
CH09-E0136,00:27:19.200,references/video-audit/chapters/CH09_hospitalizacion_clinica_y_reporte_de_salud/event_frames/CH09-E0136_00h27m19s200ms_abrupt_change.jpg,,Hospitalización clínica / Reporte de salud,CH09-E0136 @ 00:27:19.200: La secuencia final vuelve al listado Reporte de salud con la fila Cargando y sin registros visibles todavía.,listado Reporte salud; Cargando; sin registros,La secuencia final vuelve al listado Reporte de salud con la fila Cargando y sin registros visibles todavía.,VISIBLE,MEDIUM,NOT_TESTABLE,Auditoría de evidencia fuente; no se ejecutó comparación funcional de la plataforma en este subencargo de solo lectura.,Evidencia visual revisada individualmente: references/video-audit/chapters/CH09_hospitalizacion_clinica_y_reporte_de_salud/event_frames/CH09-E0136_00h27m19s200ms_abrupt_change.jpg.
CH09-E0137,00:27:19.800,references/video-audit/chapters/CH09_hospitalizacion_clinica_y_reporte_de_salud/event_frames/CH09-E0137_00h27m19s800ms_stable_change.jpg,references/video-audit/chapters/CH09_hospitalizacion_clinica_y_reporte_de_salud/detail_crops/CH09-E0137_00h27m19s800ms_DETAIL.jpg,Hospitalización clínica / Reporte de salud,CH09-E0137 @ 00:27:19.800: La secuencia final vuelve al listado Reporte de salud con la fila Cargando y sin registros visibles todavía.,listado Reporte salud; Cargando; sin registros,La secuencia final vuelve al listado Reporte de salud con la fila Cargando y sin registros visibles todavía.,VISIBLE,MEDIUM,NOT_TESTABLE,Auditoría de evidencia fuente; no se ejecutó comparación funcional de la plataforma en este subencargo de solo lectura.,Evidencia visual revisada individualmente: references/video-audit/chapters/CH09_hospitalizacion_clinica_y_reporte_de_salud/event_frames/CH09-E0137_00h27m19s800ms_stable_change.jpg; recorte: references/video-audit/chapters/CH09_hospitalizacion_clinica_y_reporte_de_salud/detail_crops/CH09-E0137_00h27m19s800ms_DETAIL.jpg.
