chapter_event_id,timestamp,frame_path,detail_crop_path,screen_or_module,visible_change,controls_or_data,possible_functionality,classification,confidence,current_platform_status,platform_evidence,notes
CH15-E0001,00:45:28.000,references/video-audit/chapters/CH15_acuse_de_inventario_y_catalogos_de_items/event_frames/CH15-E0001_00h45m28s000ms_abrupt_change.jpg,,Inventario / Acuse nuevo / Items faltantes,"CH15-E0001 @ 00:45:28.000: El modal Items faltantes disponibles usa la bodega Inventario General y lista, por acuse, tipo, código y nombre, las cantidades Disponible y Requerida junto con Acuse creado; la tabla se desplaza y permite Cerrar o Agregar al acuse.",bodega; acuse; tipo; código; nombre; disponible; requerido; acuse creado; cerrar; agregar al acuse; paginación,"El modal Items faltantes disponibles usa la bodega Inventario General y lista, por acuse, tipo, código y nombre, las cantidades Disponible y Requerida junto con Acuse creado; la tabla se desplaza y permite Cerrar o Agregar al acuse.",VISIBLE,HIGH,NOT_TESTABLE,Auditoría de evidencia fuente; la comparación funcional de la plataforma corresponde al hilo principal.,Evento localizado una sola vez en las hojas de contacto y contrastado con references/video-audit/chapters/CH15_acuse_de_inventario_y_catalogos_de_items/event_frames/CH15-E0001_00h45m28s000ms_abrupt_change.jpg.
CH15-E0002,00:45:29.000,references/video-audit/chapters/CH15_acuse_de_inventario_y_catalogos_de_items/event_frames/CH15-E0002_00h45m29s000ms_abrupt_change.jpg,,Inventario / Acuse nuevo / Items faltantes,"CH15-E0002 @ 00:45:29.000: El modal Items faltantes disponibles usa la bodega Inventario General y lista, por acuse, tipo, código y nombre, las cantidades Disponible y Requerida junto con Acuse creado; la tabla se desplaza y permite Cerrar o Agregar al acuse.",bodega; acuse; tipo; código; nombre; disponible; requerido; acuse creado; cerrar; agregar al acuse; paginación,"El modal Items faltantes disponibles usa la bodega Inventario General y lista, por acuse, tipo, código y nombre, las cantidades Disponible y Requerida junto con Acuse creado; la tabla se desplaza y permite Cerrar o Agregar al acuse.",VISIBLE,HIGH,NOT_TESTABLE,Auditoría de evidencia fuente; la comparación funcional de la plataforma corresponde al hilo principal.,Evento localizado una sola vez en las hojas de contacto y contrastado con references/video-audit/chapters/CH15_acuse_de_inventario_y_catalogos_de_items/event_frames/CH15-E0002_00h45m29s000ms_abrupt_change.jpg.
CH15-E0003,00:45:29.400,references/video-audit/chapters/CH15_acuse_de_inventario_y_catalogos_de_items/event_frames/CH15-E0003_00h45m29s400ms_abrupt_change.jpg,,Inventario / Acuse nuevo / Items faltantes,"CH15-E0003 @ 00:45:29.400: El modal Items faltantes disponibles usa la bodega Inventario General y lista, por acuse, tipo, código y nombre, las cantidades Disponible y Requerida junto con Acuse creado; la tabla se desplaza y permite Cerrar o Agregar al acuse.",bodega; acuse; tipo; código; nombre; disponible; requerido; acuse creado; cerrar; agregar al acuse; paginación,"El modal Items faltantes disponibles usa la bodega Inventario General y lista, por acuse, tipo, código y nombre, las cantidades Disponible y Requerida junto con Acuse creado; la tabla se desplaza y permite Cerrar o Agregar al acuse.",VISIBLE,HIGH,NOT_TESTABLE,Auditoría de evidencia fuente; la comparación funcional de la plataforma corresponde al hilo principal.,Evento localizado una sola vez en las hojas de contacto y contrastado con references/video-audit/chapters/CH15_acuse_de_inventario_y_catalogos_de_items/event_frames/CH15-E0003_00h45m29s400ms_abrupt_change.jpg.
CH15-E0004,00:45:29.800,references/video-audit/chapters/CH15_acuse_de_inventario_y_catalogos_de_items/event_frames/CH15-E0004_00h45m29s800ms_abrupt_change.jpg,,Inventario / Acuse nuevo / Items faltantes,"CH15-E0004 @ 00:45:29.800: El modal Items faltantes disponibles usa la bodega Inventario General y lista, por acuse, tipo, código y nombre, las cantidades Disponible y Requerida junto con Acuse creado; la tabla se desplaza y permite Cerrar o Agregar al acuse.",bodega; acuse; tipo; código; nombre; disponible; requerido; acuse creado; cerrar; agregar al acuse; paginación,"El modal Items faltantes disponibles usa la bodega Inventario General y lista, por acuse, tipo, código y nombre, las cantidades Disponible y Requerida junto con Acuse creado; la tabla se desplaza y permite Cerrar o Agregar al acuse.",VISIBLE,HIGH,NOT_TESTABLE,Auditoría de evidencia fuente; la comparación funcional de la plataforma corresponde al hilo principal.,Evento localizado una sola vez en las hojas de contacto y contrastado con references/video-audit/chapters/CH15_acuse_de_inventario_y_catalogos_de_items/event_frames/CH15-E0004_00h45m29s800ms_abrupt_change.jpg.
CH15-E0005,00:45:30.400,references/video-audit/chapters/CH15_acuse_de_inventario_y_catalogos_de_items/event_frames/CH15-E0005_00h45m30s400ms_stable_change.jpg,,Inventario / Acuse nuevo / Items faltantes,"CH15-E0005 @ 00:45:30.400: El modal Items faltantes disponibles usa la bodega Inventario General y lista, por acuse, tipo, código y nombre, las cantidades Disponible y Requerida junto con Acuse creado; la tabla se desplaza y permite Cerrar o Agregar al acuse.",bodega; acuse; tipo; código; nombre; disponible; requerido; acuse creado; cerrar; agregar al acuse; paginación,"El modal Items faltantes disponibles usa la bodega Inventario General y lista, por acuse, tipo, código y nombre, las cantidades Disponible y Requerida junto con Acuse creado; la tabla se desplaza y permite Cerrar o Agregar al acuse.",VISIBLE,HIGH,NOT_TESTABLE,Auditoría de evidencia fuente; la comparación funcional de la plataforma corresponde al hilo principal.,Evento localizado una sola vez en las hojas de contacto y contrastado con references/video-audit/chapters/CH15_acuse_de_inventario_y_catalogos_de_items/event_frames/CH15-E0005_00h45m30s400ms_stable_change.jpg.
CH15-E0006,00:45:30.800,references/video-audit/chapters/CH15_acuse_de_inventario_y_catalogos_de_items/event_frames/CH15-E0006_00h45m30s800ms_abrupt_change.jpg,,Inventario / Acuse nuevo / Items faltantes,"CH15-E0006 @ 00:45:30.800: El modal Items faltantes disponibles usa la bodega Inventario General y lista, por acuse, tipo, código y nombre, las cantidades Disponible y Requerida junto con Acuse creado; la tabla se desplaza y permite Cerrar o Agregar al acuse.",bodega; acuse; tipo; código; nombre; disponible; requerido; acuse creado; cerrar; agregar al acuse; paginación,"El modal Items faltantes disponibles usa la bodega Inventario General y lista, por acuse, tipo, código y nombre, las cantidades Disponible y Requerida junto con Acuse creado; la tabla se desplaza y permite Cerrar o Agregar al acuse.",VISIBLE,HIGH,NOT_TESTABLE,Auditoría de evidencia fuente; la comparación funcional de la plataforma corresponde al hilo principal.,Evento localizado una sola vez en las hojas de contacto y contrastado con references/video-audit/chapters/CH15_acuse_de_inventario_y_catalogos_de_items/event_frames/CH15-E0006_00h45m30s800ms_abrupt_change.jpg.
CH15-E0007,00:45:31.200,references/video-audit/chapters/CH15_acuse_de_inventario_y_catalogos_de_items/event_frames/CH15-E0007_00h45m31s200ms_abrupt_change.jpg,,Inventario / Acuse nuevo / Items faltantes,"CH15-E0007 @ 00:45:31.200: El modal Items faltantes disponibles usa la bodega Inventario General y lista, por acuse, tipo, código y nombre, las cantidades Disponible y Requerida junto con Acuse creado; la tabla se desplaza y permite Cerrar o Agregar al acuse.",bodega; acuse; tipo; código; nombre; disponible; requerido; acuse creado; cerrar; agregar al acuse; paginación,"El modal Items faltantes disponibles usa la bodega Inventario General y lista, por acuse, tipo, código y nombre, las cantidades Disponible y Requerida junto con Acuse creado; la tabla se desplaza y permite Cerrar o Agregar al acuse.",VISIBLE,HIGH,NOT_TESTABLE,Auditoría de evidencia fuente; la comparación funcional de la plataforma corresponde al hilo principal.,Evento localizado una sola vez en las hojas de contacto y contrastado con references/video-audit/chapters/CH15_acuse_de_inventario_y_catalogos_de_items/event_frames/CH15-E0007_00h45m31s200ms_abrupt_change.jpg.
CH15-E0008,00:45:31.600,references/video-audit/chapters/CH15_acuse_de_inventario_y_catalogos_de_items/event_frames/CH15-E0008_00h45m31s600ms_abrupt_change.jpg,,Inventario / Acuse nuevo / Items faltantes,"CH15-E0008 @ 00:45:31.600: El modal Items faltantes disponibles usa la bodega Inventario General y lista, por acuse, tipo, código y nombre, las cantidades Disponible y Requerida junto con Acuse creado; la tabla se desplaza y permite Cerrar o Agregar al acuse.",bodega; acuse; tipo; código; nombre; disponible; requerido; acuse creado; cerrar; agregar al acuse; paginación,"El modal Items faltantes disponibles usa la bodega Inventario General y lista, por acuse, tipo, código y nombre, las cantidades Disponible y Requerida junto con Acuse creado; la tabla se desplaza y permite Cerrar o Agregar al acuse.",VISIBLE,HIGH,NOT_TESTABLE,Auditoría de evidencia fuente; la comparación funcional de la plataforma corresponde al hilo principal.,Evento localizado una sola vez en las hojas de contacto y contrastado con references/video-audit/chapters/CH15_acuse_de_inventario_y_catalogos_de_items/event_frames/CH15-E0008_00h45m31s600ms_abrupt_change.jpg.
CH15-E0009,00:45:32.200,references/video-audit/chapters/CH15_acuse_de_inventario_y_catalogos_de_items/event_frames/CH15-E0009_00h45m32s200ms_stable_change.jpg,,Inventario / Acuse nuevo / Items faltantes,"CH15-E0009 @ 00:45:32.200: El modal Items faltantes disponibles usa la bodega Inventario General y lista, por acuse, tipo, código y nombre, las cantidades Disponible y Requerida junto con Acuse creado; la tabla se desplaza y permite Cerrar o Agregar al acuse.",bodega; acuse; tipo; código; nombre; disponible; requerido; acuse creado; cerrar; agregar al acuse; paginación,"El modal Items faltantes disponibles usa la bodega Inventario General y lista, por acuse, tipo, código y nombre, las cantidades Disponible y Requerida junto con Acuse creado; la tabla se desplaza y permite Cerrar o Agregar al acuse.",VISIBLE,HIGH,NOT_TESTABLE,Auditoría de evidencia fuente; la comparación funcional de la plataforma corresponde al hilo principal.,Evento localizado una sola vez en las hojas de contacto y contrastado con references/video-audit/chapters/CH15_acuse_de_inventario_y_catalogos_de_items/event_frames/CH15-E0009_00h45m32s200ms_stable_change.jpg.
CH15-E0010,00:45:33.000,references/video-audit/chapters/CH15_acuse_de_inventario_y_catalogos_de_items/event_frames/CH15-E0010_00h45m33s000ms_abrupt_change.jpg,,Inventario / Acuse nuevo / Items faltantes,CH15-E0010 @ 00:45:33.000: La parte inferior de Items faltantes disponibles conserva la comparación de existencias y ofrece Cerrar y Agregar al acuse.,disponible; requerido; acuse creado; cerrar; agregar al acuse,La parte inferior de Items faltantes disponibles conserva la comparación de existencias y ofrece Cerrar y Agregar al acuse.,VISIBLE,HIGH,NOT_TESTABLE,Auditoría de evidencia fuente; la comparación funcional de la plataforma corresponde al hilo principal.,Evento localizado una sola vez en las hojas de contacto y contrastado con references/video-audit/chapters/CH15_acuse_de_inventario_y_catalogos_de_items/event_frames/CH15-E0010_00h45m33s000ms_abrupt_change.jpg.
CH15-E0011,00:45:33.600,references/video-audit/chapters/CH15_acuse_de_inventario_y_catalogos_de_items/event_frames/CH15-E0011_00h45m33s600ms_stable_change.jpg,,Inventario / Acuse nuevo / Items faltantes,CH15-E0011 @ 00:45:33.600: La parte inferior de Items faltantes disponibles conserva la comparación de existencias y ofrece Cerrar y Agregar al acuse.,disponible; requerido; acuse creado; cerrar; agregar al acuse,La parte inferior de Items faltantes disponibles conserva la comparación de existencias y ofrece Cerrar y Agregar al acuse.,VISIBLE,HIGH,NOT_TESTABLE,Auditoría de evidencia fuente; la comparación funcional de la plataforma corresponde al hilo principal.,Evento localizado una sola vez en las hojas de contacto y contrastado con references/video-audit/chapters/CH15_acuse_de_inventario_y_catalogos_de_items/event_frames/CH15-E0011_00h45m33s600ms_stable_change.jpg.
CH15-E0012,00:45:34.600,references/video-audit/chapters/CH15_acuse_de_inventario_y_catalogos_de_items/event_frames/CH15-E0012_00h45m34s600ms_abrupt_change.jpg,,Inventario / Acuse nuevo,CH15-E0012 @ 00:45:34.600: La superposición de Items faltantes se desvanece al cerrar el modal y deja visible el formulario del acuse.,cerrar; transición al formulario,La superposición de Items faltantes se desvanece al cerrar el modal y deja visible el formulario del acuse.,VISIBLE,HIGH,NOT_TESTABLE,Auditoría de evidencia fuente; la comparación funcional de la plataforma corresponde al hilo principal.,Evento localizado una sola vez en las hojas de contacto y contrastado con references/video-audit/chapters/CH15_acuse_de_inventario_y_catalogos_de_items/event_frames/CH15-E0012_00h45m34s600ms_abrupt_change.jpg.
CH15-E0013,00:45:35.200,references/video-audit/chapters/CH15_acuse_de_inventario_y_catalogos_de_items/event_frames/CH15-E0013_00h45m35s200ms_abrupt_change.jpg,,Inventario / Acuse nuevo / Solicitudes desde la casa del paciente,"CH15-E0013 @ 00:45:35.200: El modal Solicitudes desde la casa del paciente solicita la bodega desde la cual se acusará y muestra una tabla vacía con Tipo, Código, Nombre, Disponibilidad, Cantidad y Faltante; ofrece Cerrar y Acusar.",bodega; tipo; código; nombre; disponibilidad; cantidad; faltante; cerrar; acusar,"El modal Solicitudes desde la casa del paciente solicita la bodega desde la cual se acusará y muestra una tabla vacía con Tipo, Código, Nombre, Disponibilidad, Cantidad y Faltante; ofrece Cerrar y Acusar.",VISIBLE,HIGH,NOT_TESTABLE,Auditoría de evidencia fuente; la comparación funcional de la plataforma corresponde al hilo principal.,Evento localizado una sola vez en las hojas de contacto y contrastado con references/video-audit/chapters/CH15_acuse_de_inventario_y_catalogos_de_items/event_frames/CH15-E0013_00h45m35s200ms_abrupt_change.jpg.
CH15-E0014,00:45:36.200,references/video-audit/chapters/CH15_acuse_de_inventario_y_catalogos_de_items/event_frames/CH15-E0014_00h45m36s200ms_abrupt_change.jpg,references/video-audit/chapters/CH15_acuse_de_inventario_y_catalogos_de_items/detail_crops/CH15-E0014_00h45m36s200ms_DETAIL.jpg,Inventario / Acuse nuevo / Solicitudes desde la casa del paciente,"CH15-E0014 @ 00:45:36.200: El selector de bodega despliega Inventario General, PANEL 1 y bodegas de kits de supervisión; se selecciona Inventario General para consultar las solicitudes.",bodega; inventario general; panel 1; kits de supervisión,"El selector de bodega despliega Inventario General, PANEL 1 y bodegas de kits de supervisión; se selecciona Inventario General para consultar las solicitudes.",VISIBLE,HIGH,NOT_TESTABLE,Auditoría de evidencia fuente; la comparación funcional de la plataforma corresponde al hilo principal.,Evento localizado una sola vez en las hojas de contacto y contrastado con references/video-audit/chapters/CH15_acuse_de_inventario_y_catalogos_de_items/event_frames/CH15-E0014_00h45m36s200ms_abrupt_change.jpg; el recorte asociado references/video-audit/chapters/CH15_acuse_de_inventario_y_catalogos_de_items/detail_crops/CH15-E0014_00h45m36s200ms_DETAIL.jpg se abrió para comprobar el detalle.
CH15-E0015,00:45:37.200,references/video-audit/chapters/CH15_acuse_de_inventario_y_catalogos_de_items/event_frames/CH15-E0015_00h45m37s200ms_abrupt_change.jpg,references/video-audit/chapters/CH15_acuse_de_inventario_y_catalogos_de_items/detail_crops/CH15-E0015_00h45m37s200ms_DETAIL.jpg,Inventario / Acuse nuevo / Solicitudes desde la casa del paciente,"CH15-E0015 @ 00:45:37.200: El selector de bodega despliega Inventario General, PANEL 1 y bodegas de kits de supervisión; se selecciona Inventario General para consultar las solicitudes.",bodega; inventario general; panel 1; kits de supervisión,"El selector de bodega despliega Inventario General, PANEL 1 y bodegas de kits de supervisión; se selecciona Inventario General para consultar las solicitudes.",VISIBLE,HIGH,NOT_TESTABLE,Auditoría de evidencia fuente; la comparación funcional de la plataforma corresponde al hilo principal.,Evento localizado una sola vez en las hojas de contacto y contrastado con references/video-audit/chapters/CH15_acuse_de_inventario_y_catalogos_de_items/event_frames/CH15-E0015_00h45m37s200ms_abrupt_change.jpg; el recorte asociado references/video-audit/chapters/CH15_acuse_de_inventario_y_catalogos_de_items/detail_crops/CH15-E0015_00h45m37s200ms_DETAIL.jpg se abrió para comprobar el detalle.
CH15-E0016,00:45:37.600,references/video-audit/chapters/CH15_acuse_de_inventario_y_catalogos_de_items/event_frames/CH15-E0016_00h45m37s600ms_abrupt_change.jpg,references/video-audit/chapters/CH15_acuse_de_inventario_y_catalogos_de_items/detail_crops/CH15-E0016_00h45m37s600ms_DETAIL.jpg,Inventario / Acuse nuevo / Solicitudes desde la casa del paciente,"CH15-E0016 @ 00:45:37.600: El selector de bodega despliega Inventario General, PANEL 1 y bodegas de kits de supervisión; se selecciona Inventario General para consultar las solicitudes.",bodega; inventario general; panel 1; kits de supervisión,"El selector de bodega despliega Inventario General, PANEL 1 y bodegas de kits de supervisión; se selecciona Inventario General para consultar las solicitudes.",VISIBLE,HIGH,NOT_TESTABLE,Auditoría de evidencia fuente; la comparación funcional de la plataforma corresponde al hilo principal.,Evento localizado una sola vez en las hojas de contacto y contrastado con references/video-audit/chapters/CH15_acuse_de_inventario_y_catalogos_de_items/event_frames/CH15-E0016_00h45m37s600ms_abrupt_change.jpg; el recorte asociado references/video-audit/chapters/CH15_acuse_de_inventario_y_catalogos_de_items/detail_crops/CH15-E0016_00h45m37s600ms_DETAIL.jpg se abrió para comprobar el detalle.
CH15-E0017,00:45:38.200,references/video-audit/chapters/CH15_acuse_de_inventario_y_catalogos_de_items/event_frames/CH15-E0017_00h45m38s200ms_stable_change.jpg,references/video-audit/chapters/CH15_acuse_de_inventario_y_catalogos_de_items/detail_crops/CH15-E0017_00h45m38s200ms_DETAIL.jpg,Inventario / Acuse nuevo / Solicitudes desde la casa del paciente,"CH15-E0017 @ 00:45:38.200: El selector de bodega despliega Inventario General, PANEL 1 y bodegas de kits de supervisión; se selecciona Inventario General para consultar las solicitudes.",bodega; inventario general; panel 1; kits de supervisión,"El selector de bodega despliega Inventario General, PANEL 1 y bodegas de kits de supervisión; se selecciona Inventario General para consultar las solicitudes.",VISIBLE,HIGH,NOT_TESTABLE,Auditoría de evidencia fuente; la comparación funcional de la plataforma corresponde al hilo principal.,Evento localizado una sola vez en las hojas de contacto y contrastado con references/video-audit/chapters/CH15_acuse_de_inventario_y_catalogos_de_items/event_frames/CH15-E0017_00h45m38s200ms_stable_change.jpg; el recorte asociado references/video-audit/chapters/CH15_acuse_de_inventario_y_catalogos_de_items/detail_crops/CH15-E0017_00h45m38s200ms_DETAIL.jpg se abrió para comprobar el detalle.
CH15-E0018,00:45:38.800,references/video-audit/chapters/CH15_acuse_de_inventario_y_catalogos_de_items/event_frames/CH15-E0018_00h45m38s800ms_abrupt_change.jpg,references/video-audit/chapters/CH15_acuse_de_inventario_y_catalogos_de_items/detail_crops/CH15-E0018_00h45m38s800ms_DETAIL.jpg,Inventario / Acuse nuevo / Solicitudes desde la casa del paciente,CH15-E0018 @ 00:45:38.800: La tabla Item solicitado muestra un indicador de carga después de elegir Inventario General.,item solicitado; bodega inventario general; cargando; cerrar; acusar,La tabla Item solicitado muestra un indicador de carga después de elegir Inventario General.,VISIBLE,HIGH,NOT_TESTABLE,Auditoría de evidencia fuente; la comparación funcional de la plataforma corresponde al hilo principal.,Evento localizado una sola vez en las hojas de contacto y contrastado con references/video-audit/chapters/CH15_acuse_de_inventario_y_catalogos_de_items/event_frames/CH15-E0018_00h45m38s800ms_abrupt_change.jpg; el recorte asociado references/video-audit/chapters/CH15_acuse_de_inventario_y_catalogos_de_items/detail_crops/CH15-E0018_00h45m38s800ms_DETAIL.jpg se abrió para comprobar el detalle.
CH15-E0019,00:45:44.600,references/video-audit/chapters/CH15_acuse_de_inventario_y_catalogos_de_items/event_frames/CH15-E0019_00h45m44s600ms_abrupt_change.jpg,references/video-audit/chapters/CH15_acuse_de_inventario_y_catalogos_de_items/detail_crops/CH15-E0019_00h45m44s600ms_DETAIL.jpg,Inventario / Acuse nuevo / Solicitudes desde la casa del paciente,CH15-E0019 @ 00:45:44.600: La tabla Item solicitado muestra un indicador de carga después de elegir Inventario General.,item solicitado; bodega inventario general; cargando; cerrar; acusar,La tabla Item solicitado muestra un indicador de carga después de elegir Inventario General.,VISIBLE,HIGH,NOT_TESTABLE,Auditoría de evidencia fuente; la comparación funcional de la plataforma corresponde al hilo principal.,Evento localizado una sola vez en las hojas de contacto y contrastado con references/video-audit/chapters/CH15_acuse_de_inventario_y_catalogos_de_items/event_frames/CH15-E0019_00h45m44s600ms_abrupt_change.jpg; el recorte asociado references/video-audit/chapters/CH15_acuse_de_inventario_y_catalogos_de_items/detail_crops/CH15-E0019_00h45m44s600ms_DETAIL.jpg se abrió para comprobar el detalle.
CH15-E0020,00:45:45.000,references/video-audit/chapters/CH15_acuse_de_inventario_y_catalogos_de_items/event_frames/CH15-E0020_00h45m45s000ms_abrupt_change.jpg,,Inventario / Acuse nuevo,"CH15-E0020 @ 00:45:45.000: El formulario identifica paciente, fecha y hospitalización; en Items a entregar mantiene Bodega, Item, Cantidad disponible y Cantidad a asignar, con Vaciar, Plantilla y Añadir.",paciente; fecha; hospitalización; bodega; item; cantidad disponible; cantidad a asignar; vaciar; plantilla; añadir,"El formulario identifica paciente, fecha y hospitalización; en Items a entregar mantiene Bodega, Item, Cantidad disponible y Cantidad a asignar, con Vaciar, Plantilla y Añadir.",VISIBLE,HIGH,NOT_TESTABLE,Auditoría de evidencia fuente; la comparación funcional de la plataforma corresponde al hilo principal.,Evento localizado una sola vez en las hojas de contacto y contrastado con references/video-audit/chapters/CH15_acuse_de_inventario_y_catalogos_de_items/event_frames/CH15-E0020_00h45m45s000ms_abrupt_change.jpg.
CH15-E0021,00:45:46.800,references/video-audit/chapters/CH15_acuse_de_inventario_y_catalogos_de_items/event_frames/CH15-E0021_00h45m46s800ms_abrupt_change.jpg,,Inventario / Acuse nuevo,"CH15-E0021 @ 00:45:46.800: El formulario identifica paciente, fecha y hospitalización; en Items a entregar mantiene Bodega, Item, Cantidad disponible y Cantidad a asignar, con Vaciar, Plantilla y Añadir.",paciente; fecha; hospitalización; bodega; item; cantidad disponible; cantidad a asignar; vaciar; plantilla; añadir,"El formulario identifica paciente, fecha y hospitalización; en Items a entregar mantiene Bodega, Item, Cantidad disponible y Cantidad a asignar, con Vaciar, Plantilla y Añadir.",VISIBLE,HIGH,NOT_TESTABLE,Auditoría de evidencia fuente; la comparación funcional de la plataforma corresponde al hilo principal.,Evento localizado una sola vez en las hojas de contacto y contrastado con references/video-audit/chapters/CH15_acuse_de_inventario_y_catalogos_de_items/event_frames/CH15-E0021_00h45m46s800ms_abrupt_change.jpg.
CH15-E0022,00:45:47.200,references/video-audit/chapters/CH15_acuse_de_inventario_y_catalogos_de_items/event_frames/CH15-E0022_00h45m47s200ms_abrupt_change.jpg,,Inventario / Acuse nuevo,CH15-E0022 @ 00:45:47.200: Se activa Plantilla desde la sección Items a entregar para abrir la carga masiva del acuse.,plantilla; items a entregar,Se activa Plantilla desde la sección Items a entregar para abrir la carga masiva del acuse.,VISIBLE,HIGH,NOT_TESTABLE,Auditoría de evidencia fuente; la comparación funcional de la plataforma corresponde al hilo principal.,Evento localizado una sola vez en las hojas de contacto y contrastado con references/video-audit/chapters/CH15_acuse_de_inventario_y_catalogos_de_items/event_frames/CH15-E0022_00h45m47s200ms_abrupt_change.jpg.
CH15-E0023,00:45:48.400,references/video-audit/chapters/CH15_acuse_de_inventario_y_catalogos_de_items/event_frames/CH15-E0023_00h45m48s400ms_motion_progress.jpg,references/video-audit/chapters/CH15_acuse_de_inventario_y_catalogos_de_items/detail_crops/CH15-E0023_00h45m48s400ms_DETAIL.jpg,Inventario / Acuse nuevo / Añadir plantilla,"CH15-E0023 @ 00:45:48.400: Añadir plantilla exige Origen, Bodega y Plantilla; su tabla prevé Tipo, Código, Descripción y Cantidad y ofrece Cerrar y Seleccionar.",origen; bodega; plantilla; tipo; código; descripción; cantidad; cerrar; seleccionar,"Añadir plantilla exige Origen, Bodega y Plantilla; su tabla prevé Tipo, Código, Descripción y Cantidad y ofrece Cerrar y Seleccionar.",VISIBLE,HIGH,NOT_TESTABLE,Auditoría de evidencia fuente; la comparación funcional de la plataforma corresponde al hilo principal.,Evento localizado una sola vez en las hojas de contacto y contrastado con references/video-audit/chapters/CH15_acuse_de_inventario_y_catalogos_de_items/event_frames/CH15-E0023_00h45m48s400ms_motion_progress.jpg; el recorte asociado references/video-audit/chapters/CH15_acuse_de_inventario_y_catalogos_de_items/detail_crops/CH15-E0023_00h45m48s400ms_DETAIL.jpg se abrió para comprobar el detalle.
CH15-E0024,00:45:49.400,references/video-audit/chapters/CH15_acuse_de_inventario_y_catalogos_de_items/event_frames/CH15-E0024_00h45m49s400ms_stable_change.jpg,references/video-audit/chapters/CH15_acuse_de_inventario_y_catalogos_de_items/detail_crops/CH15-E0024_00h45m49s400ms_DETAIL.jpg,Inventario / Acuse nuevo / Añadir plantilla,CH15-E0024 @ 00:45:49.400: El selector Origen muestra Plantilla y Cotización y queda configurado en Cotización.,origen; plantilla; cotización,El selector Origen muestra Plantilla y Cotización y queda configurado en Cotización.,VISIBLE,HIGH,NOT_TESTABLE,Auditoría de evidencia fuente; la comparación funcional de la plataforma corresponde al hilo principal.,Evento localizado una sola vez en las hojas de contacto y contrastado con references/video-audit/chapters/CH15_acuse_de_inventario_y_catalogos_de_items/event_frames/CH15-E0024_00h45m49s400ms_stable_change.jpg; el recorte asociado references/video-audit/chapters/CH15_acuse_de_inventario_y_catalogos_de_items/detail_crops/CH15-E0024_00h45m49s400ms_DETAIL.jpg se abrió para comprobar el detalle.
CH15-E0025,00:45:50.200,references/video-audit/chapters/CH15_acuse_de_inventario_y_catalogos_de_items/event_frames/CH15-E0025_00h45m50s200ms_stable_change.jpg,references/video-audit/chapters/CH15_acuse_de_inventario_y_catalogos_de_items/detail_crops/CH15-E0025_00h45m50s200ms_DETAIL.jpg,Inventario / Acuse nuevo / Añadir plantilla,CH15-E0025 @ 00:45:50.200: El selector Origen muestra Plantilla y Cotización y queda configurado en Cotización.,origen; plantilla; cotización,El selector Origen muestra Plantilla y Cotización y queda configurado en Cotización.,VISIBLE,HIGH,NOT_TESTABLE,Auditoría de evidencia fuente; la comparación funcional de la plataforma corresponde al hilo principal.,Evento localizado una sola vez en las hojas de contacto y contrastado con references/video-audit/chapters/CH15_acuse_de_inventario_y_catalogos_de_items/event_frames/CH15-E0025_00h45m50s200ms_stable_change.jpg; el recorte asociado references/video-audit/chapters/CH15_acuse_de_inventario_y_catalogos_de_items/detail_crops/CH15-E0025_00h45m50s200ms_DETAIL.jpg se abrió para comprobar el detalle.
CH15-E0026,00:45:51.600,references/video-audit/chapters/CH15_acuse_de_inventario_y_catalogos_de_items/event_frames/CH15-E0026_00h45m51s600ms_abrupt_change.jpg,references/video-audit/chapters/CH15_acuse_de_inventario_y_catalogos_de_items/detail_crops/CH15-E0026_00h45m51s600ms_DETAIL.jpg,Inventario / Acuse nuevo / Añadir plantilla,CH15-E0026 @ 00:45:51.600: El selector Bodega se abre y queda configurado en Inventario General mientras el origen permanece en Cotización.,origen cotización; bodega inventario general,El selector Bodega se abre y queda configurado en Inventario General mientras el origen permanece en Cotización.,VISIBLE,HIGH,NOT_TESTABLE,Auditoría de evidencia fuente; la comparación funcional de la plataforma corresponde al hilo principal.,Evento localizado una sola vez en las hojas de contacto y contrastado con references/video-audit/chapters/CH15_acuse_de_inventario_y_catalogos_de_items/event_frames/CH15-E0026_00h45m51s600ms_abrupt_change.jpg; el recorte asociado references/video-audit/chapters/CH15_acuse_de_inventario_y_catalogos_de_items/detail_crops/CH15-E0026_00h45m51s600ms_DETAIL.jpg se abrió para comprobar el detalle.
CH15-E0027,00:45:52.600,references/video-audit/chapters/CH15_acuse_de_inventario_y_catalogos_de_items/event_frames/CH15-E0027_00h45m52s600ms_stable_change.jpg,references/video-audit/chapters/CH15_acuse_de_inventario_y_catalogos_de_items/detail_crops/CH15-E0027_00h45m52s600ms_DETAIL.jpg,Inventario / Acuse nuevo / Añadir plantilla,CH15-E0027 @ 00:45:52.600: El selector Bodega se abre y queda configurado en Inventario General mientras el origen permanece en Cotización.,origen cotización; bodega inventario general,El selector Bodega se abre y queda configurado en Inventario General mientras el origen permanece en Cotización.,VISIBLE,HIGH,NOT_TESTABLE,Auditoría de evidencia fuente; la comparación funcional de la plataforma corresponde al hilo principal.,Evento localizado una sola vez en las hojas de contacto y contrastado con references/video-audit/chapters/CH15_acuse_de_inventario_y_catalogos_de_items/event_frames/CH15-E0027_00h45m52s600ms_stable_change.jpg; el recorte asociado references/video-audit/chapters/CH15_acuse_de_inventario_y_catalogos_de_items/detail_crops/CH15-E0027_00h45m52s600ms_DETAIL.jpg se abrió para comprobar el detalle.
CH15-E0028,00:45:53.000,references/video-audit/chapters/CH15_acuse_de_inventario_y_catalogos_de_items/event_frames/CH15-E0028_00h45m53s000ms_abrupt_change.jpg,references/video-audit/chapters/CH15_acuse_de_inventario_y_catalogos_de_items/detail_crops/CH15-E0028_00h45m53s000ms_DETAIL.jpg,Inventario / Acuse nuevo / Añadir plantilla,CH15-E0028 @ 00:45:53.000: El selector Bodega se abre y queda configurado en Inventario General mientras el origen permanece en Cotización.,origen cotización; bodega inventario general,El selector Bodega se abre y queda configurado en Inventario General mientras el origen permanece en Cotización.,VISIBLE,HIGH,NOT_TESTABLE,Auditoría de evidencia fuente; la comparación funcional de la plataforma corresponde al hilo principal.,Evento localizado una sola vez en las hojas de contacto y contrastado con references/video-audit/chapters/CH15_acuse_de_inventario_y_catalogos_de_items/event_frames/CH15-E0028_00h45m53s000ms_abrupt_change.jpg; el recorte asociado references/video-audit/chapters/CH15_acuse_de_inventario_y_catalogos_de_items/detail_crops/CH15-E0028_00h45m53s000ms_DETAIL.jpg se abrió para comprobar el detalle.
CH15-E0029,00:45:54.400,references/video-audit/chapters/CH15_acuse_de_inventario_y_catalogos_de_items/event_frames/CH15-E0029_00h45m54s400ms_abrupt_change.jpg,references/video-audit/chapters/CH15_acuse_de_inventario_y_catalogos_de_items/detail_crops/CH15-E0029_00h45m54s400ms_DETAIL.jpg,Inventario / Acuse nuevo / Añadir plantilla,CH15-E0029 @ 00:45:54.400: El selector Cotización lista referencias con fecha y estado En ejecución o Finalizado; se elige una cotización En ejecución.,cotización; fecha; en ejecución; finalizado,El selector Cotización lista referencias con fecha y estado En ejecución o Finalizado; se elige una cotización En ejecución.,VISIBLE,HIGH,NOT_TESTABLE,Auditoría de evidencia fuente; la comparación funcional de la plataforma corresponde al hilo principal.,Evento localizado una sola vez en las hojas de contacto y contrastado con references/video-audit/chapters/CH15_acuse_de_inventario_y_catalogos_de_items/event_frames/CH15-E0029_00h45m54s400ms_abrupt_change.jpg; el recorte asociado references/video-audit/chapters/CH15_acuse_de_inventario_y_catalogos_de_items/detail_crops/CH15-E0029_00h45m54s400ms_DETAIL.jpg se abrió para comprobar el detalle.
CH15-E0030,00:45:55.600,references/video-audit/chapters/CH15_acuse_de_inventario_y_catalogos_de_items/event_frames/CH15-E0030_00h45m55s600ms_abrupt_change.jpg,references/video-audit/chapters/CH15_acuse_de_inventario_y_catalogos_de_items/detail_crops/CH15-E0030_00h45m55s600ms_DETAIL.jpg,Inventario / Acuse nuevo / Añadir plantilla,CH15-E0030 @ 00:45:55.600: El selector Cotización lista referencias con fecha y estado En ejecución o Finalizado; se elige una cotización En ejecución.,cotización; fecha; en ejecución; finalizado,El selector Cotización lista referencias con fecha y estado En ejecución o Finalizado; se elige una cotización En ejecución.,VISIBLE,HIGH,NOT_TESTABLE,Auditoría de evidencia fuente; la comparación funcional de la plataforma corresponde al hilo principal.,Evento localizado una sola vez en las hojas de contacto y contrastado con references/video-audit/chapters/CH15_acuse_de_inventario_y_catalogos_de_items/event_frames/CH15-E0030_00h45m55s600ms_abrupt_change.jpg; el recorte asociado references/video-audit/chapters/CH15_acuse_de_inventario_y_catalogos_de_items/detail_crops/CH15-E0030_00h45m55s600ms_DETAIL.jpg se abrió para comprobar el detalle.
CH15-E0031,00:45:57.000,references/video-audit/chapters/CH15_acuse_de_inventario_y_catalogos_de_items/event_frames/CH15-E0031_00h45m57s000ms_abrupt_change.jpg,references/video-audit/chapters/CH15_acuse_de_inventario_y_catalogos_de_items/detail_crops/CH15-E0031_00h45m57s000ms_DETAIL.jpg,Inventario / Acuse nuevo / Añadir plantilla,CH15-E0031 @ 00:45:57.000: El selector Cotización lista referencias con fecha y estado En ejecución o Finalizado; se elige una cotización En ejecución.,cotización; fecha; en ejecución; finalizado,El selector Cotización lista referencias con fecha y estado En ejecución o Finalizado; se elige una cotización En ejecución.,VISIBLE,HIGH,NOT_TESTABLE,Auditoría de evidencia fuente; la comparación funcional de la plataforma corresponde al hilo principal.,Evento localizado una sola vez en las hojas de contacto y contrastado con references/video-audit/chapters/CH15_acuse_de_inventario_y_catalogos_de_items/event_frames/CH15-E0031_00h45m57s000ms_abrupt_change.jpg; el recorte asociado references/video-audit/chapters/CH15_acuse_de_inventario_y_catalogos_de_items/detail_crops/CH15-E0031_00h45m57s000ms_DETAIL.jpg se abrió para comprobar el detalle.
CH15-E0032,00:45:57.400,references/video-audit/chapters/CH15_acuse_de_inventario_y_catalogos_de_items/event_frames/CH15-E0032_00h45m57s400ms_abrupt_change.jpg,references/video-audit/chapters/CH15_acuse_de_inventario_y_catalogos_de_items/detail_crops/CH15-E0032_00h45m57s400ms_DETAIL.jpg,Inventario / Acuse nuevo / Añadir plantilla,"CH15-E0032 @ 00:45:57.400: La cotización seleccionada carga una tabla de insumos con Tipo, Código, Descripción y Cantidad, conservando las acciones Cerrar y Seleccionar.",tipo; código; descripción; cantidad; cerrar; seleccionar,"La cotización seleccionada carga una tabla de insumos con Tipo, Código, Descripción y Cantidad, conservando las acciones Cerrar y Seleccionar.",VISIBLE,HIGH,NOT_TESTABLE,Auditoría de evidencia fuente; la comparación funcional de la plataforma corresponde al hilo principal.,Evento localizado una sola vez en las hojas de contacto y contrastado con references/video-audit/chapters/CH15_acuse_de_inventario_y_catalogos_de_items/event_frames/CH15-E0032_00h45m57s400ms_abrupt_change.jpg; el recorte asociado references/video-audit/chapters/CH15_acuse_de_inventario_y_catalogos_de_items/detail_crops/CH15-E0032_00h45m57s400ms_DETAIL.jpg se abrió para comprobar el detalle.
CH15-E0033,00:46:00.200,references/video-audit/chapters/CH15_acuse_de_inventario_y_catalogos_de_items/event_frames/CH15-E0033_00h46m00s200ms_abrupt_change.jpg,references/video-audit/chapters/CH15_acuse_de_inventario_y_catalogos_de_items/detail_crops/CH15-E0033_00h46m00s200ms_DETAIL.jpg,Inventario / Acuse nuevo / Añadir plantilla,"CH15-E0033 @ 00:46:00.200: La cotización seleccionada carga una tabla de insumos con Tipo, Código, Descripción y Cantidad, conservando las acciones Cerrar y Seleccionar.",tipo; código; descripción; cantidad; cerrar; seleccionar,"La cotización seleccionada carga una tabla de insumos con Tipo, Código, Descripción y Cantidad, conservando las acciones Cerrar y Seleccionar.",VISIBLE,HIGH,NOT_TESTABLE,Auditoría de evidencia fuente; la comparación funcional de la plataforma corresponde al hilo principal.,Evento localizado una sola vez en las hojas de contacto y contrastado con references/video-audit/chapters/CH15_acuse_de_inventario_y_catalogos_de_items/event_frames/CH15-E0033_00h46m00s200ms_abrupt_change.jpg; el recorte asociado references/video-audit/chapters/CH15_acuse_de_inventario_y_catalogos_de_items/detail_crops/CH15-E0033_00h46m00s200ms_DETAIL.jpg se abrió para comprobar el detalle.
CH15-E0034,00:46:00.600,references/video-audit/chapters/CH15_acuse_de_inventario_y_catalogos_de_items/event_frames/CH15-E0034_00h46m00s600ms_abrupt_change.jpg,references/video-audit/chapters/CH15_acuse_de_inventario_y_catalogos_de_items/detail_crops/CH15-E0034_00h46m00s600ms_DETAIL.jpg,Inventario / Acuse nuevo / Añadir plantilla,"CH15-E0034 @ 00:46:00.600: La cotización seleccionada carga una tabla de insumos con Tipo, Código, Descripción y Cantidad, conservando las acciones Cerrar y Seleccionar.",tipo; código; descripción; cantidad; cerrar; seleccionar,"La cotización seleccionada carga una tabla de insumos con Tipo, Código, Descripción y Cantidad, conservando las acciones Cerrar y Seleccionar.",VISIBLE,HIGH,NOT_TESTABLE,Auditoría de evidencia fuente; la comparación funcional de la plataforma corresponde al hilo principal.,Evento localizado una sola vez en las hojas de contacto y contrastado con references/video-audit/chapters/CH15_acuse_de_inventario_y_catalogos_de_items/event_frames/CH15-E0034_00h46m00s600ms_abrupt_change.jpg; el recorte asociado references/video-audit/chapters/CH15_acuse_de_inventario_y_catalogos_de_items/detail_crops/CH15-E0034_00h46m00s600ms_DETAIL.jpg se abrió para comprobar el detalle.
CH15-E0035,00:46:05.800,references/video-audit/chapters/CH15_acuse_de_inventario_y_catalogos_de_items/event_frames/CH15-E0035_00h46m05s800ms_abrupt_change.jpg,references/video-audit/chapters/CH15_acuse_de_inventario_y_catalogos_de_items/detail_crops/CH15-E0035_00h46m05s800ms_DETAIL.jpg,Inventario / Acuse nuevo / Añadir plantilla,CH15-E0035 @ 00:46:05.800: El modal Añadir plantilla se cierra y la superposición se retira.,cerrar; transición al formulario,El modal Añadir plantilla se cierra y la superposición se retira.,VISIBLE,HIGH,NOT_TESTABLE,Auditoría de evidencia fuente; la comparación funcional de la plataforma corresponde al hilo principal.,Evento localizado una sola vez en las hojas de contacto y contrastado con references/video-audit/chapters/CH15_acuse_de_inventario_y_catalogos_de_items/event_frames/CH15-E0035_00h46m05s800ms_abrupt_change.jpg; el recorte asociado references/video-audit/chapters/CH15_acuse_de_inventario_y_catalogos_de_items/detail_crops/CH15-E0035_00h46m05s800ms_DETAIL.jpg se abrió para comprobar el detalle.
CH15-E0036,00:46:06.200,references/video-audit/chapters/CH15_acuse_de_inventario_y_catalogos_de_items/event_frames/CH15-E0036_00h46m06s200ms_abrupt_change.jpg,,Inventario / Acuse nuevo,"CH15-E0036 @ 00:46:06.200: El formulario vuelve a Items a entregar y, al desplazarse, muestra Lista de items y Comentarios adicionales; se despliegan menús laterales para cambiar al catálogo de Items.",bodega; item; cantidad disponible; cantidad a asignar; lista de items; comentarios adicionales; navegación,"El formulario vuelve a Items a entregar y, al desplazarse, muestra Lista de items y Comentarios adicionales; se despliegan menús laterales para cambiar al catálogo de Items.",VISIBLE,HIGH,NOT_TESTABLE,Auditoría de evidencia fuente; la comparación funcional de la plataforma corresponde al hilo principal.,Evento localizado una sola vez en las hojas de contacto y contrastado con references/video-audit/chapters/CH15_acuse_de_inventario_y_catalogos_de_items/event_frames/CH15-E0036_00h46m06s200ms_abrupt_change.jpg.
CH15-E0037,00:46:07.800,references/video-audit/chapters/CH15_acuse_de_inventario_y_catalogos_de_items/event_frames/CH15-E0037_00h46m07s800ms_abrupt_change.jpg,,Inventario / Acuse nuevo,"CH15-E0037 @ 00:46:07.800: El formulario vuelve a Items a entregar y, al desplazarse, muestra Lista de items y Comentarios adicionales; se despliegan menús laterales para cambiar al catálogo de Items.",bodega; item; cantidad disponible; cantidad a asignar; lista de items; comentarios adicionales; navegación,"El formulario vuelve a Items a entregar y, al desplazarse, muestra Lista de items y Comentarios adicionales; se despliegan menús laterales para cambiar al catálogo de Items.",VISIBLE,HIGH,NOT_TESTABLE,Auditoría de evidencia fuente; la comparación funcional de la plataforma corresponde al hilo principal.,Evento localizado una sola vez en las hojas de contacto y contrastado con references/video-audit/chapters/CH15_acuse_de_inventario_y_catalogos_de_items/event_frames/CH15-E0037_00h46m07s800ms_abrupt_change.jpg.
CH15-E0038,00:46:08.200,references/video-audit/chapters/CH15_acuse_de_inventario_y_catalogos_de_items/event_frames/CH15-E0038_00h46m08s200ms_abrupt_change.jpg,,Inventario / Acuse nuevo,"CH15-E0038 @ 00:46:08.200: El formulario vuelve a Items a entregar y, al desplazarse, muestra Lista de items y Comentarios adicionales; se despliegan menús laterales para cambiar al catálogo de Items.",bodega; item; cantidad disponible; cantidad a asignar; lista de items; comentarios adicionales; navegación,"El formulario vuelve a Items a entregar y, al desplazarse, muestra Lista de items y Comentarios adicionales; se despliegan menús laterales para cambiar al catálogo de Items.",VISIBLE,HIGH,NOT_TESTABLE,Auditoría de evidencia fuente; la comparación funcional de la plataforma corresponde al hilo principal.,Evento localizado una sola vez en las hojas de contacto y contrastado con references/video-audit/chapters/CH15_acuse_de_inventario_y_catalogos_de_items/event_frames/CH15-E0038_00h46m08s200ms_abrupt_change.jpg.
CH15-E0039,00:46:08.800,references/video-audit/chapters/CH15_acuse_de_inventario_y_catalogos_de_items/event_frames/CH15-E0039_00h46m08s800ms_abrupt_change.jpg,,Inventario / Acuse nuevo,"CH15-E0039 @ 00:46:08.800: El formulario vuelve a Items a entregar y, al desplazarse, muestra Lista de items y Comentarios adicionales; se despliegan menús laterales para cambiar al catálogo de Items.",bodega; item; cantidad disponible; cantidad a asignar; lista de items; comentarios adicionales; navegación,"El formulario vuelve a Items a entregar y, al desplazarse, muestra Lista de items y Comentarios adicionales; se despliegan menús laterales para cambiar al catálogo de Items.",VISIBLE,HIGH,NOT_TESTABLE,Auditoría de evidencia fuente; la comparación funcional de la plataforma corresponde al hilo principal.,Evento localizado una sola vez en las hojas de contacto y contrastado con references/video-audit/chapters/CH15_acuse_de_inventario_y_catalogos_de_items/event_frames/CH15-E0039_00h46m08s800ms_abrupt_change.jpg.
CH15-E0040,00:46:11.800,references/video-audit/chapters/CH15_acuse_de_inventario_y_catalogos_de_items/event_frames/CH15-E0040_00h46m11s800ms_settled.jpg,references/video-audit/chapters/CH15_acuse_de_inventario_y_catalogos_de_items/detail_crops/CH15-E0040_00h46m11s800ms_DETAIL.jpg,Inventario / Acuse nuevo,"CH15-E0040 @ 00:46:11.800: El formulario vuelve a Items a entregar y, al desplazarse, muestra Lista de items y Comentarios adicionales; se despliegan menús laterales para cambiar al catálogo de Items.",bodega; item; cantidad disponible; cantidad a asignar; lista de items; comentarios adicionales; navegación,"El formulario vuelve a Items a entregar y, al desplazarse, muestra Lista de items y Comentarios adicionales; se despliegan menús laterales para cambiar al catálogo de Items.",VISIBLE,HIGH,NOT_TESTABLE,Auditoría de evidencia fuente; la comparación funcional de la plataforma corresponde al hilo principal.,Evento localizado una sola vez en las hojas de contacto y contrastado con references/video-audit/chapters/CH15_acuse_de_inventario_y_catalogos_de_items/event_frames/CH15-E0040_00h46m11s800ms_settled.jpg; el recorte asociado references/video-audit/chapters/CH15_acuse_de_inventario_y_catalogos_de_items/detail_crops/CH15-E0040_00h46m11s800ms_DETAIL.jpg se abrió para comprobar el detalle.
CH15-E0041,00:46:13.200,references/video-audit/chapters/CH15_acuse_de_inventario_y_catalogos_de_items/event_frames/CH15-E0041_00h46m13s200ms_settled.jpg,references/video-audit/chapters/CH15_acuse_de_inventario_y_catalogos_de_items/detail_crops/CH15-E0041_00h46m13s200ms_DETAIL.jpg,Inventario / Acuse nuevo,"CH15-E0041 @ 00:46:13.200: El formulario vuelve a Items a entregar y, al desplazarse, muestra Lista de items y Comentarios adicionales; se despliegan menús laterales para cambiar al catálogo de Items.",bodega; item; cantidad disponible; cantidad a asignar; lista de items; comentarios adicionales; navegación,"El formulario vuelve a Items a entregar y, al desplazarse, muestra Lista de items y Comentarios adicionales; se despliegan menús laterales para cambiar al catálogo de Items.",VISIBLE,HIGH,NOT_TESTABLE,Auditoría de evidencia fuente; la comparación funcional de la plataforma corresponde al hilo principal.,Evento localizado una sola vez en las hojas de contacto y contrastado con references/video-audit/chapters/CH15_acuse_de_inventario_y_catalogos_de_items/event_frames/CH15-E0041_00h46m13s200ms_settled.jpg; el recorte asociado references/video-audit/chapters/CH15_acuse_de_inventario_y_catalogos_de_items/detail_crops/CH15-E0041_00h46m13s200ms_DETAIL.jpg se abrió para comprobar el detalle.
CH15-E0042,00:46:19.000,references/video-audit/chapters/CH15_acuse_de_inventario_y_catalogos_de_items/event_frames/CH15-E0042_00h46m19s000ms_settled.jpg,references/video-audit/chapters/CH15_acuse_de_inventario_y_catalogos_de_items/detail_crops/CH15-E0042_00h46m19s000ms_DETAIL.jpg,Inventario / Acuse nuevo,"CH15-E0042 @ 00:46:19.000: El formulario vuelve a Items a entregar y, al desplazarse, muestra Lista de items y Comentarios adicionales; se despliegan menús laterales para cambiar al catálogo de Items.",bodega; item; cantidad disponible; cantidad a asignar; lista de items; comentarios adicionales; navegación,"El formulario vuelve a Items a entregar y, al desplazarse, muestra Lista de items y Comentarios adicionales; se despliegan menús laterales para cambiar al catálogo de Items.",VISIBLE,HIGH,NOT_TESTABLE,Auditoría de evidencia fuente; la comparación funcional de la plataforma corresponde al hilo principal.,Evento localizado una sola vez en las hojas de contacto y contrastado con references/video-audit/chapters/CH15_acuse_de_inventario_y_catalogos_de_items/event_frames/CH15-E0042_00h46m19s000ms_settled.jpg; el recorte asociado references/video-audit/chapters/CH15_acuse_de_inventario_y_catalogos_de_items/detail_crops/CH15-E0042_00h46m19s000ms_DETAIL.jpg se abrió para comprobar el detalle.
CH15-E0043,00:46:23.000,references/video-audit/chapters/CH15_acuse_de_inventario_y_catalogos_de_items/event_frames/CH15-E0043_00h46m23s000ms_abrupt_change.jpg,,Inventario / Acuse nuevo,"CH15-E0043 @ 00:46:23.000: El formulario vuelve a Items a entregar y, al desplazarse, muestra Lista de items y Comentarios adicionales; se despliegan menús laterales para cambiar al catálogo de Items.",bodega; item; cantidad disponible; cantidad a asignar; lista de items; comentarios adicionales; navegación,"El formulario vuelve a Items a entregar y, al desplazarse, muestra Lista de items y Comentarios adicionales; se despliegan menús laterales para cambiar al catálogo de Items.",VISIBLE,HIGH,NOT_TESTABLE,Auditoría de evidencia fuente; la comparación funcional de la plataforma corresponde al hilo principal.,Evento localizado una sola vez en las hojas de contacto y contrastado con references/video-audit/chapters/CH15_acuse_de_inventario_y_catalogos_de_items/event_frames/CH15-E0043_00h46m23s000ms_abrupt_change.jpg.
CH15-E0044,00:46:23.400,references/video-audit/chapters/CH15_acuse_de_inventario_y_catalogos_de_items/event_frames/CH15-E0044_00h46m23s400ms_abrupt_change.jpg,,Items / Medicamentos,CH15-E0044 @ 00:46:23.400: La navegación abre Items / Medicamentos y presenta la tabla todavía vacía durante la carga inicial.,medicamentos; código; nombre; impuesto; descuento; lotes; estado; excel; nuevo,La navegación abre Items / Medicamentos y presenta la tabla todavía vacía durante la carga inicial.,VISIBLE,HIGH,NOT_TESTABLE,Auditoría de evidencia fuente; la comparación funcional de la plataforma corresponde al hilo principal.,Evento localizado una sola vez en las hojas de contacto y contrastado con references/video-audit/chapters/CH15_acuse_de_inventario_y_catalogos_de_items/event_frames/CH15-E0044_00h46m23s400ms_abrupt_change.jpg.
CH15-E0045,00:46:24.000,references/video-audit/chapters/CH15_acuse_de_inventario_y_catalogos_de_items/event_frames/CH15-E0045_00h46m24s000ms_stable_change.jpg,,Items / Medicamentos,CH15-E0045 @ 00:46:24.000: La navegación abre Items / Medicamentos y presenta la tabla todavía vacía durante la carga inicial.,medicamentos; código; nombre; impuesto; descuento; lotes; estado; excel; nuevo,La navegación abre Items / Medicamentos y presenta la tabla todavía vacía durante la carga inicial.,VISIBLE,HIGH,NOT_TESTABLE,Auditoría de evidencia fuente; la comparación funcional de la plataforma corresponde al hilo principal.,Evento localizado una sola vez en las hojas de contacto y contrastado con references/video-audit/chapters/CH15_acuse_de_inventario_y_catalogos_de_items/event_frames/CH15-E0045_00h46m24s000ms_stable_change.jpg.
CH15-E0046,00:46:24.600,references/video-audit/chapters/CH15_acuse_de_inventario_y_catalogos_de_items/event_frames/CH15-E0046_00h46m24s600ms_abrupt_change.jpg,references/video-audit/chapters/CH15_acuse_de_inventario_y_catalogos_de_items/detail_crops/CH15-E0046_00h46m24s600ms_DETAIL.jpg,Items / Medicamentos,"CH15-E0046 @ 00:46:24.600: El catálogo de medicamentos carga Código, Nombre, Impuesto, Descuento, Lotes y Estado, con búsqueda, paginación, Excel y Nuevo.",código; nombre; impuesto; descuento; lotes; estado; búsqueda; paginación; excel; nuevo,"El catálogo de medicamentos carga Código, Nombre, Impuesto, Descuento, Lotes y Estado, con búsqueda, paginación, Excel y Nuevo.",VISIBLE,HIGH,NOT_TESTABLE,Auditoría de evidencia fuente; la comparación funcional de la plataforma corresponde al hilo principal.,Evento localizado una sola vez en las hojas de contacto y contrastado con references/video-audit/chapters/CH15_acuse_de_inventario_y_catalogos_de_items/event_frames/CH15-E0046_00h46m24s600ms_abrupt_change.jpg; el recorte asociado references/video-audit/chapters/CH15_acuse_de_inventario_y_catalogos_de_items/detail_crops/CH15-E0046_00h46m24s600ms_DETAIL.jpg se abrió para comprobar el detalle.
CH15-E0047,00:46:28.400,references/video-audit/chapters/CH15_acuse_de_inventario_y_catalogos_de_items/event_frames/CH15-E0047_00h46m28s400ms_abrupt_change.jpg,,Items / Medicamento nuevo,"CH15-E0047 @ 00:46:28.400: Medicamento nuevo captura código y nombre comercial; banderas Facturable, Descuento, Impuesto, Lotes, Giftcard y Transporte en frío; principio activo, concentración, presentación, cantidad y unidad de presentación, fabricante, vía de administración y nombre completo.",código; nombre comercial; facturable; descuento; impuesto; lotes; giftcard; transporte en frío; principio activo; concentración; presentación; cantidad presentación; unidad presentación; fabricante; vía administración; nombre completo; atrás; guardar,"Medicamento nuevo captura código y nombre comercial; banderas Facturable, Descuento, Impuesto, Lotes, Giftcard y Transporte en frío; principio activo, concentración, presentación, cantidad y unidad de presentación, fabricante, vía de administración y nombre completo.",VISIBLE,HIGH,NOT_TESTABLE,Auditoría de evidencia fuente; la comparación funcional de la plataforma corresponde al hilo principal.,Evento localizado una sola vez en las hojas de contacto y contrastado con references/video-audit/chapters/CH15_acuse_de_inventario_y_catalogos_de_items/event_frames/CH15-E0047_00h46m28s400ms_abrupt_change.jpg.
CH15-E0048,00:46:29.000,references/video-audit/chapters/CH15_acuse_de_inventario_y_catalogos_de_items/event_frames/CH15-E0048_00h46m29s000ms_abrupt_change.jpg,,Items / Medicamento nuevo,"CH15-E0048 @ 00:46:29.000: Medicamento nuevo captura código y nombre comercial; banderas Facturable, Descuento, Impuesto, Lotes, Giftcard y Transporte en frío; principio activo, concentración, presentación, cantidad y unidad de presentación, fabricante, vía de administración y nombre completo.",código; nombre comercial; facturable; descuento; impuesto; lotes; giftcard; transporte en frío; principio activo; concentración; presentación; cantidad presentación; unidad presentación; fabricante; vía administración; nombre completo; atrás; guardar,"Medicamento nuevo captura código y nombre comercial; banderas Facturable, Descuento, Impuesto, Lotes, Giftcard y Transporte en frío; principio activo, concentración, presentación, cantidad y unidad de presentación, fabricante, vía de administración y nombre completo.",VISIBLE,HIGH,NOT_TESTABLE,Auditoría de evidencia fuente; la comparación funcional de la plataforma corresponde al hilo principal.,Evento localizado una sola vez en las hojas de contacto y contrastado con references/video-audit/chapters/CH15_acuse_de_inventario_y_catalogos_de_items/event_frames/CH15-E0048_00h46m29s000ms_abrupt_change.jpg.
CH15-E0049,00:46:31.400,references/video-audit/chapters/CH15_acuse_de_inventario_y_catalogos_de_items/event_frames/CH15-E0049_00h46m31s400ms_abrupt_change.jpg,references/video-audit/chapters/CH15_acuse_de_inventario_y_catalogos_de_items/detail_crops/CH15-E0049_00h46m31s400ms_DETAIL.jpg,Items / Medicamento nuevo,"CH15-E0049 @ 00:46:31.400: Medicamento nuevo captura código y nombre comercial; banderas Facturable, Descuento, Impuesto, Lotes, Giftcard y Transporte en frío; principio activo, concentración, presentación, cantidad y unidad de presentación, fabricante, vía de administración y nombre completo.",código; nombre comercial; facturable; descuento; impuesto; lotes; giftcard; transporte en frío; principio activo; concentración; presentación; cantidad presentación; unidad presentación; fabricante; vía administración; nombre completo; atrás; guardar,"Medicamento nuevo captura código y nombre comercial; banderas Facturable, Descuento, Impuesto, Lotes, Giftcard y Transporte en frío; principio activo, concentración, presentación, cantidad y unidad de presentación, fabricante, vía de administración y nombre completo.",VISIBLE,HIGH,NOT_TESTABLE,Auditoría de evidencia fuente; la comparación funcional de la plataforma corresponde al hilo principal.,Evento localizado una sola vez en las hojas de contacto y contrastado con references/video-audit/chapters/CH15_acuse_de_inventario_y_catalogos_de_items/event_frames/CH15-E0049_00h46m31s400ms_abrupt_change.jpg; el recorte asociado references/video-audit/chapters/CH15_acuse_de_inventario_y_catalogos_de_items/detail_crops/CH15-E0049_00h46m31s400ms_DETAIL.jpg se abrió para comprobar el detalle.
CH15-E0050,00:46:31.800,references/video-audit/chapters/CH15_acuse_de_inventario_y_catalogos_de_items/event_frames/CH15-E0050_00h46m31s800ms_abrupt_change.jpg,,Items / Medicamento nuevo,"CH15-E0050 @ 00:46:31.800: Medicamento nuevo captura código y nombre comercial; banderas Facturable, Descuento, Impuesto, Lotes, Giftcard y Transporte en frío; principio activo, concentración, presentación, cantidad y unidad de presentación, fabricante, vía de administración y nombre completo.",código; nombre comercial; facturable; descuento; impuesto; lotes; giftcard; transporte en frío; principio activo; concentración; presentación; cantidad presentación; unidad presentación; fabricante; vía administración; nombre completo; atrás; guardar,"Medicamento nuevo captura código y nombre comercial; banderas Facturable, Descuento, Impuesto, Lotes, Giftcard y Transporte en frío; principio activo, concentración, presentación, cantidad y unidad de presentación, fabricante, vía de administración y nombre completo.",VISIBLE,HIGH,NOT_TESTABLE,Auditoría de evidencia fuente; la comparación funcional de la plataforma corresponde al hilo principal.,Evento localizado una sola vez en las hojas de contacto y contrastado con references/video-audit/chapters/CH15_acuse_de_inventario_y_catalogos_de_items/event_frames/CH15-E0050_00h46m31s800ms_abrupt_change.jpg.
CH15-E0051,00:46:32.200,references/video-audit/chapters/CH15_acuse_de_inventario_y_catalogos_de_items/event_frames/CH15-E0051_00h46m32s200ms_abrupt_change.jpg,,Items / Medicamento nuevo,"CH15-E0051 @ 00:46:32.200: Medicamento nuevo captura código y nombre comercial; banderas Facturable, Descuento, Impuesto, Lotes, Giftcard y Transporte en frío; principio activo, concentración, presentación, cantidad y unidad de presentación, fabricante, vía de administración y nombre completo.",código; nombre comercial; facturable; descuento; impuesto; lotes; giftcard; transporte en frío; principio activo; concentración; presentación; cantidad presentación; unidad presentación; fabricante; vía administración; nombre completo; atrás; guardar,"Medicamento nuevo captura código y nombre comercial; banderas Facturable, Descuento, Impuesto, Lotes, Giftcard y Transporte en frío; principio activo, concentración, presentación, cantidad y unidad de presentación, fabricante, vía de administración y nombre completo.",VISIBLE,HIGH,NOT_TESTABLE,Auditoría de evidencia fuente; la comparación funcional de la plataforma corresponde al hilo principal.,Evento localizado una sola vez en las hojas de contacto y contrastado con references/video-audit/chapters/CH15_acuse_de_inventario_y_catalogos_de_items/event_frames/CH15-E0051_00h46m32s200ms_abrupt_change.jpg.
CH15-E0052,00:46:35.800,references/video-audit/chapters/CH15_acuse_de_inventario_y_catalogos_de_items/event_frames/CH15-E0052_00h46m35s800ms_abrupt_change.jpg,,Items / Medicamento nuevo,"CH15-E0052 @ 00:46:35.800: Al intentar salir aparece la advertencia Salir: se perderán los cambios no guardados, con Cancelar y Aceptar.",salir; cambios no guardados; cancelar; aceptar,"Al intentar salir aparece la advertencia Salir: se perderán los cambios no guardados, con Cancelar y Aceptar.",VISIBLE,HIGH,NOT_TESTABLE,Auditoría de evidencia fuente; la comparación funcional de la plataforma corresponde al hilo principal.,Evento localizado una sola vez en las hojas de contacto y contrastado con references/video-audit/chapters/CH15_acuse_de_inventario_y_catalogos_de_items/event_frames/CH15-E0052_00h46m35s800ms_abrupt_change.jpg.
CH15-E0053,00:46:36.400,references/video-audit/chapters/CH15_acuse_de_inventario_y_catalogos_de_items/event_frames/CH15-E0053_00h46m36s400ms_stable_change.jpg,,Items / Medicamento nuevo,"CH15-E0053 @ 00:46:36.400: Al intentar salir aparece la advertencia Salir: se perderán los cambios no guardados, con Cancelar y Aceptar.",salir; cambios no guardados; cancelar; aceptar,"Al intentar salir aparece la advertencia Salir: se perderán los cambios no guardados, con Cancelar y Aceptar.",VISIBLE,HIGH,NOT_TESTABLE,Auditoría de evidencia fuente; la comparación funcional de la plataforma corresponde al hilo principal.,Evento localizado una sola vez en las hojas de contacto y contrastado con references/video-audit/chapters/CH15_acuse_de_inventario_y_catalogos_de_items/event_frames/CH15-E0053_00h46m36s400ms_stable_change.jpg.
CH15-E0054,00:46:37.200,references/video-audit/chapters/CH15_acuse_de_inventario_y_catalogos_de_items/event_frames/CH15-E0054_00h46m37s200ms_abrupt_change.jpg,,Items / Medicamento nuevo,CH15-E0054 @ 00:46:37.200: Cancelar conserva abierto el formulario de medicamento con los valores ingresados.,cancelar; formulario; atrás; guardar,Cancelar conserva abierto el formulario de medicamento con los valores ingresados.,VISIBLE,HIGH,NOT_TESTABLE,Auditoría de evidencia fuente; la comparación funcional de la plataforma corresponde al hilo principal.,Evento localizado una sola vez en las hojas de contacto y contrastado con references/video-audit/chapters/CH15_acuse_de_inventario_y_catalogos_de_items/event_frames/CH15-E0054_00h46m37s200ms_abrupt_change.jpg.
CH15-E0055,00:46:37.800,references/video-audit/chapters/CH15_acuse_de_inventario_y_catalogos_de_items/event_frames/CH15-E0055_00h46m37s800ms_stable_change.jpg,,Items / Medicamento nuevo,CH15-E0055 @ 00:46:37.800: Cancelar conserva abierto el formulario de medicamento con los valores ingresados.,cancelar; formulario; atrás; guardar,Cancelar conserva abierto el formulario de medicamento con los valores ingresados.,VISIBLE,HIGH,NOT_TESTABLE,Auditoría de evidencia fuente; la comparación funcional de la plataforma corresponde al hilo principal.,Evento localizado una sola vez en las hojas de contacto y contrastado con references/video-audit/chapters/CH15_acuse_de_inventario_y_catalogos_de_items/event_frames/CH15-E0055_00h46m37s800ms_stable_change.jpg.
CH15-E0056,00:46:39.000,references/video-audit/chapters/CH15_acuse_de_inventario_y_catalogos_de_items/event_frames/CH15-E0056_00h46m39s000ms_abrupt_change.jpg,,Items / Medicamento nuevo,CH15-E0056 @ 00:46:39.000: Un nuevo intento de volver presenta la misma advertencia sobre cambios no guardados con Cancelar y Aceptar.,salir; cambios no guardados; cancelar; aceptar,Un nuevo intento de volver presenta la misma advertencia sobre cambios no guardados con Cancelar y Aceptar.,VISIBLE,HIGH,NOT_TESTABLE,Auditoría de evidencia fuente; la comparación funcional de la plataforma corresponde al hilo principal.,Evento localizado una sola vez en las hojas de contacto y contrastado con references/video-audit/chapters/CH15_acuse_de_inventario_y_catalogos_de_items/event_frames/CH15-E0056_00h46m39s000ms_abrupt_change.jpg.
CH15-E0057,00:46:39.600,references/video-audit/chapters/CH15_acuse_de_inventario_y_catalogos_de_items/event_frames/CH15-E0057_00h46m39s600ms_stable_change.jpg,references/video-audit/chapters/CH15_acuse_de_inventario_y_catalogos_de_items/detail_crops/CH15-E0057_00h46m39s600ms_DETAIL.jpg,Items / Medicamento nuevo,CH15-E0057 @ 00:46:39.600: Un nuevo intento de volver presenta la misma advertencia sobre cambios no guardados con Cancelar y Aceptar.,salir; cambios no guardados; cancelar; aceptar,Un nuevo intento de volver presenta la misma advertencia sobre cambios no guardados con Cancelar y Aceptar.,VISIBLE,HIGH,NOT_TESTABLE,Auditoría de evidencia fuente; la comparación funcional de la plataforma corresponde al hilo principal.,Evento localizado una sola vez en las hojas de contacto y contrastado con references/video-audit/chapters/CH15_acuse_de_inventario_y_catalogos_de_items/event_frames/CH15-E0057_00h46m39s600ms_stable_change.jpg; el recorte asociado references/video-audit/chapters/CH15_acuse_de_inventario_y_catalogos_de_items/detail_crops/CH15-E0057_00h46m39s600ms_DETAIL.jpg se abrió para comprobar el detalle.
CH15-E0058,00:46:41.000,references/video-audit/chapters/CH15_acuse_de_inventario_y_catalogos_de_items/event_frames/CH15-E0058_00h46m41s000ms_abrupt_change.jpg,,Items / Medicamento nuevo,CH15-E0058 @ 00:46:41.000: La advertencia se cierra y queda nuevamente visible el formulario del medicamento.,formulario; atrás; guardar,La advertencia se cierra y queda nuevamente visible el formulario del medicamento.,VISIBLE,HIGH,NOT_TESTABLE,Auditoría de evidencia fuente; la comparación funcional de la plataforma corresponde al hilo principal.,Evento localizado una sola vez en las hojas de contacto y contrastado con references/video-audit/chapters/CH15_acuse_de_inventario_y_catalogos_de_items/event_frames/CH15-E0058_00h46m41s000ms_abrupt_change.jpg.
CH15-E0059,00:46:41.600,references/video-audit/chapters/CH15_acuse_de_inventario_y_catalogos_de_items/event_frames/CH15-E0059_00h46m41s600ms_abrupt_change.jpg,,Items / Medicamentos,"CH15-E0059 @ 00:46:41.600: Se regresa al catálogo de Medicamentos; la tabla pasa por carga y vuelve a mostrar filas activas con sus indicadores de impuesto, descuento y lotes.",código; nombre; impuesto; descuento; lotes; estado activo; búsqueda; paginación,"Se regresa al catálogo de Medicamentos; la tabla pasa por carga y vuelve a mostrar filas activas con sus indicadores de impuesto, descuento y lotes.",VISIBLE,HIGH,NOT_TESTABLE,Auditoría de evidencia fuente; la comparación funcional de la plataforma corresponde al hilo principal.,Evento localizado una sola vez en las hojas de contacto y contrastado con references/video-audit/chapters/CH15_acuse_de_inventario_y_catalogos_de_items/event_frames/CH15-E0059_00h46m41s600ms_abrupt_change.jpg.
CH15-E0060,00:46:42.000,references/video-audit/chapters/CH15_acuse_de_inventario_y_catalogos_de_items/event_frames/CH15-E0060_00h46m42s000ms_abrupt_change.jpg,,Items / Medicamentos,"CH15-E0060 @ 00:46:42.000: Se regresa al catálogo de Medicamentos; la tabla pasa por carga y vuelve a mostrar filas activas con sus indicadores de impuesto, descuento y lotes.",código; nombre; impuesto; descuento; lotes; estado activo; búsqueda; paginación,"Se regresa al catálogo de Medicamentos; la tabla pasa por carga y vuelve a mostrar filas activas con sus indicadores de impuesto, descuento y lotes.",VISIBLE,HIGH,NOT_TESTABLE,Auditoría de evidencia fuente; la comparación funcional de la plataforma corresponde al hilo principal.,Evento localizado una sola vez en las hojas de contacto y contrastado con references/video-audit/chapters/CH15_acuse_de_inventario_y_catalogos_de_items/event_frames/CH15-E0060_00h46m42s000ms_abrupt_change.jpg.
CH15-E0061,00:46:42.800,references/video-audit/chapters/CH15_acuse_de_inventario_y_catalogos_de_items/event_frames/CH15-E0061_00h46m42s800ms_settled.jpg,references/video-audit/chapters/CH15_acuse_de_inventario_y_catalogos_de_items/detail_crops/CH15-E0061_00h46m42s800ms_DETAIL.jpg,Items / Medicamentos,"CH15-E0061 @ 00:46:42.800: Se regresa al catálogo de Medicamentos; la tabla pasa por carga y vuelve a mostrar filas activas con sus indicadores de impuesto, descuento y lotes.",código; nombre; impuesto; descuento; lotes; estado activo; búsqueda; paginación,"Se regresa al catálogo de Medicamentos; la tabla pasa por carga y vuelve a mostrar filas activas con sus indicadores de impuesto, descuento y lotes.",VISIBLE,HIGH,NOT_TESTABLE,Auditoría de evidencia fuente; la comparación funcional de la plataforma corresponde al hilo principal.,Evento localizado una sola vez en las hojas de contacto y contrastado con references/video-audit/chapters/CH15_acuse_de_inventario_y_catalogos_de_items/event_frames/CH15-E0061_00h46m42s800ms_settled.jpg; el recorte asociado references/video-audit/chapters/CH15_acuse_de_inventario_y_catalogos_de_items/detail_crops/CH15-E0061_00h46m42s800ms_DETAIL.jpg se abrió para comprobar el detalle.
CH15-E0062,00:46:43.200,references/video-audit/chapters/CH15_acuse_de_inventario_y_catalogos_de_items/event_frames/CH15-E0062_00h46m43s200ms_abrupt_change.jpg,references/video-audit/chapters/CH15_acuse_de_inventario_y_catalogos_de_items/detail_crops/CH15-E0062_00h46m43s200ms_DETAIL.jpg,Items / Medicamentos,"CH15-E0062 @ 00:46:43.200: Se regresa al catálogo de Medicamentos; la tabla pasa por carga y vuelve a mostrar filas activas con sus indicadores de impuesto, descuento y lotes.",código; nombre; impuesto; descuento; lotes; estado activo; búsqueda; paginación,"Se regresa al catálogo de Medicamentos; la tabla pasa por carga y vuelve a mostrar filas activas con sus indicadores de impuesto, descuento y lotes.",VISIBLE,HIGH,NOT_TESTABLE,Auditoría de evidencia fuente; la comparación funcional de la plataforma corresponde al hilo principal.,Evento localizado una sola vez en las hojas de contacto y contrastado con references/video-audit/chapters/CH15_acuse_de_inventario_y_catalogos_de_items/event_frames/CH15-E0062_00h46m43s200ms_abrupt_change.jpg; el recorte asociado references/video-audit/chapters/CH15_acuse_de_inventario_y_catalogos_de_items/detail_crops/CH15-E0062_00h46m43s200ms_DETAIL.jpg se abrió para comprobar el detalle.
CH15-E0063,00:46:44.400,references/video-audit/chapters/CH15_acuse_de_inventario_y_catalogos_de_items/event_frames/CH15-E0063_00h46m44s400ms_settled.jpg,references/video-audit/chapters/CH15_acuse_de_inventario_y_catalogos_de_items/detail_crops/CH15-E0063_00h46m44s400ms_DETAIL.jpg,Navegación de Items,"CH15-E0063 @ 00:46:44.400: El submenú Items expone Medicamentos, Insumos, Equipos, Estudios Dx, Honorarios y Servicios.",medicamentos; insumos; equipos; estudios dx; honorarios; servicios,"El submenú Items expone Medicamentos, Insumos, Equipos, Estudios Dx, Honorarios y Servicios.",VISIBLE,HIGH,NOT_TESTABLE,Auditoría de evidencia fuente; la comparación funcional de la plataforma corresponde al hilo principal.,Evento localizado una sola vez en las hojas de contacto y contrastado con references/video-audit/chapters/CH15_acuse_de_inventario_y_catalogos_de_items/event_frames/CH15-E0063_00h46m44s400ms_settled.jpg; el recorte asociado references/video-audit/chapters/CH15_acuse_de_inventario_y_catalogos_de_items/detail_crops/CH15-E0063_00h46m44s400ms_DETAIL.jpg se abrió para comprobar el detalle.
CH15-E0064,00:46:46.800,references/video-audit/chapters/CH15_acuse_de_inventario_y_catalogos_de_items/event_frames/CH15-E0064_00h46m46s800ms_abrupt_change.jpg,,Items / Insumos,"CH15-E0064 @ 00:46:46.800: Items / Insumos pasa de tabla vacía y carga a un catálogo con Código, Nombre, Tipo, Impuesto, Descuento, Lotes y Estado.",código; nombre; tipo; impuesto; descuento; lotes; estado; búsqueda; paginación; excel; nuevo,"Items / Insumos pasa de tabla vacía y carga a un catálogo con Código, Nombre, Tipo, Impuesto, Descuento, Lotes y Estado.",VISIBLE,HIGH,NOT_TESTABLE,Auditoría de evidencia fuente; la comparación funcional de la plataforma corresponde al hilo principal.,Evento localizado una sola vez en las hojas de contacto y contrastado con references/video-audit/chapters/CH15_acuse_de_inventario_y_catalogos_de_items/event_frames/CH15-E0064_00h46m46s800ms_abrupt_change.jpg.
CH15-E0065,00:46:47.200,references/video-audit/chapters/CH15_acuse_de_inventario_y_catalogos_de_items/event_frames/CH15-E0065_00h46m47s200ms_abrupt_change.jpg,,Items / Insumos,"CH15-E0065 @ 00:46:47.200: Items / Insumos pasa de tabla vacía y carga a un catálogo con Código, Nombre, Tipo, Impuesto, Descuento, Lotes y Estado.",código; nombre; tipo; impuesto; descuento; lotes; estado; búsqueda; paginación; excel; nuevo,"Items / Insumos pasa de tabla vacía y carga a un catálogo con Código, Nombre, Tipo, Impuesto, Descuento, Lotes y Estado.",VISIBLE,HIGH,NOT_TESTABLE,Auditoría de evidencia fuente; la comparación funcional de la plataforma corresponde al hilo principal.,Evento localizado una sola vez en las hojas de contacto y contrastado con references/video-audit/chapters/CH15_acuse_de_inventario_y_catalogos_de_items/event_frames/CH15-E0065_00h46m47s200ms_abrupt_change.jpg.
CH15-E0066,00:46:47.800,references/video-audit/chapters/CH15_acuse_de_inventario_y_catalogos_de_items/event_frames/CH15-E0066_00h46m47s800ms_stable_change.jpg,,Items / Insumos,"CH15-E0066 @ 00:46:47.800: Items / Insumos pasa de tabla vacía y carga a un catálogo con Código, Nombre, Tipo, Impuesto, Descuento, Lotes y Estado.",código; nombre; tipo; impuesto; descuento; lotes; estado; búsqueda; paginación; excel; nuevo,"Items / Insumos pasa de tabla vacía y carga a un catálogo con Código, Nombre, Tipo, Impuesto, Descuento, Lotes y Estado.",VISIBLE,HIGH,NOT_TESTABLE,Auditoría de evidencia fuente; la comparación funcional de la plataforma corresponde al hilo principal.,Evento localizado una sola vez en las hojas de contacto y contrastado con references/video-audit/chapters/CH15_acuse_de_inventario_y_catalogos_de_items/event_frames/CH15-E0066_00h46m47s800ms_stable_change.jpg.
CH15-E0067,00:46:48.400,references/video-audit/chapters/CH15_acuse_de_inventario_y_catalogos_de_items/event_frames/CH15-E0067_00h46m48s400ms_stable_change.jpg,references/video-audit/chapters/CH15_acuse_de_inventario_y_catalogos_de_items/detail_crops/CH15-E0067_00h46m48s400ms_DETAIL.jpg,Items / Insumos,"CH15-E0067 @ 00:46:48.400: Items / Insumos pasa de tabla vacía y carga a un catálogo con Código, Nombre, Tipo, Impuesto, Descuento, Lotes y Estado.",código; nombre; tipo; impuesto; descuento; lotes; estado; búsqueda; paginación; excel; nuevo,"Items / Insumos pasa de tabla vacía y carga a un catálogo con Código, Nombre, Tipo, Impuesto, Descuento, Lotes y Estado.",VISIBLE,HIGH,NOT_TESTABLE,Auditoría de evidencia fuente; la comparación funcional de la plataforma corresponde al hilo principal.,Evento localizado una sola vez en las hojas de contacto y contrastado con references/video-audit/chapters/CH15_acuse_de_inventario_y_catalogos_de_items/event_frames/CH15-E0067_00h46m48s400ms_stable_change.jpg; el recorte asociado references/video-audit/chapters/CH15_acuse_de_inventario_y_catalogos_de_items/detail_crops/CH15-E0067_00h46m48s400ms_DETAIL.jpg se abrió para comprobar el detalle.
CH15-E0068,00:46:51.600,references/video-audit/chapters/CH15_acuse_de_inventario_y_catalogos_de_items/event_frames/CH15-E0068_00h46m51s600ms_abrupt_change.jpg,,Items / Insumo nuevo,"CH15-E0068 @ 00:46:51.600: Insumo nuevo captura Código, Nombre, Tipo de insumo, Fabricante y Descripción; incluye Facturable, Descuento, Impuesto, Lotes y Giftcard, además de Atrás y Guardar.",código; nombre; tipo de insumo; fabricante; descripción; facturable; descuento; impuesto; lotes; giftcard; atrás; guardar,"Insumo nuevo captura Código, Nombre, Tipo de insumo, Fabricante y Descripción; incluye Facturable, Descuento, Impuesto, Lotes y Giftcard, además de Atrás y Guardar.",VISIBLE,HIGH,NOT_TESTABLE,Auditoría de evidencia fuente; la comparación funcional de la plataforma corresponde al hilo principal.,Evento localizado una sola vez en las hojas de contacto y contrastado con references/video-audit/chapters/CH15_acuse_de_inventario_y_catalogos_de_items/event_frames/CH15-E0068_00h46m51s600ms_abrupt_change.jpg.
CH15-E0069,00:46:52.000,references/video-audit/chapters/CH15_acuse_de_inventario_y_catalogos_de_items/event_frames/CH15-E0069_00h46m52s000ms_abrupt_change.jpg,references/video-audit/chapters/CH15_acuse_de_inventario_y_catalogos_de_items/detail_crops/CH15-E0069_00h46m52s000ms_DETAIL.jpg,Items / Insumo nuevo,"CH15-E0069 @ 00:46:52.000: Insumo nuevo captura Código, Nombre, Tipo de insumo, Fabricante y Descripción; incluye Facturable, Descuento, Impuesto, Lotes y Giftcard, además de Atrás y Guardar.",código; nombre; tipo de insumo; fabricante; descripción; facturable; descuento; impuesto; lotes; giftcard; atrás; guardar,"Insumo nuevo captura Código, Nombre, Tipo de insumo, Fabricante y Descripción; incluye Facturable, Descuento, Impuesto, Lotes y Giftcard, además de Atrás y Guardar.",VISIBLE,HIGH,NOT_TESTABLE,Auditoría de evidencia fuente; la comparación funcional de la plataforma corresponde al hilo principal.,Evento localizado una sola vez en las hojas de contacto y contrastado con references/video-audit/chapters/CH15_acuse_de_inventario_y_catalogos_de_items/event_frames/CH15-E0069_00h46m52s000ms_abrupt_change.jpg; el recorte asociado references/video-audit/chapters/CH15_acuse_de_inventario_y_catalogos_de_items/detail_crops/CH15-E0069_00h46m52s000ms_DETAIL.jpg se abrió para comprobar el detalle.
CH15-E0070,00:46:52.600,references/video-audit/chapters/CH15_acuse_de_inventario_y_catalogos_de_items/event_frames/CH15-E0070_00h46m52s600ms_stable_change.jpg,,Items / Insumo nuevo,"CH15-E0070 @ 00:46:52.600: Insumo nuevo captura Código, Nombre, Tipo de insumo, Fabricante y Descripción; incluye Facturable, Descuento, Impuesto, Lotes y Giftcard, además de Atrás y Guardar.",código; nombre; tipo de insumo; fabricante; descripción; facturable; descuento; impuesto; lotes; giftcard; atrás; guardar,"Insumo nuevo captura Código, Nombre, Tipo de insumo, Fabricante y Descripción; incluye Facturable, Descuento, Impuesto, Lotes y Giftcard, además de Atrás y Guardar.",VISIBLE,HIGH,NOT_TESTABLE,Auditoría de evidencia fuente; la comparación funcional de la plataforma corresponde al hilo principal.,Evento localizado una sola vez en las hojas de contacto y contrastado con references/video-audit/chapters/CH15_acuse_de_inventario_y_catalogos_de_items/event_frames/CH15-E0070_00h46m52s600ms_stable_change.jpg.
CH15-E0071,00:47:09.600,references/video-audit/chapters/CH15_acuse_de_inventario_y_catalogos_de_items/event_frames/CH15-E0071_00h47m09s600ms_abrupt_change.jpg,,Items / Insumo nuevo,"CH15-E0071 @ 00:47:09.600: Al salir del alta de insumo, una advertencia avisa que se perderán cambios no guardados y ofrece Cancelar y Aceptar.",salir; cambios no guardados; cancelar; aceptar,"Al salir del alta de insumo, una advertencia avisa que se perderán cambios no guardados y ofrece Cancelar y Aceptar.",VISIBLE,HIGH,NOT_TESTABLE,Auditoría de evidencia fuente; la comparación funcional de la plataforma corresponde al hilo principal.,Evento localizado una sola vez en las hojas de contacto y contrastado con references/video-audit/chapters/CH15_acuse_de_inventario_y_catalogos_de_items/event_frames/CH15-E0071_00h47m09s600ms_abrupt_change.jpg.
CH15-E0072,00:47:10.200,references/video-audit/chapters/CH15_acuse_de_inventario_y_catalogos_de_items/event_frames/CH15-E0072_00h47m10s200ms_stable_change.jpg,,Items / Insumo nuevo,"CH15-E0072 @ 00:47:10.200: Al salir del alta de insumo, una advertencia avisa que se perderán cambios no guardados y ofrece Cancelar y Aceptar.",salir; cambios no guardados; cancelar; aceptar,"Al salir del alta de insumo, una advertencia avisa que se perderán cambios no guardados y ofrece Cancelar y Aceptar.",VISIBLE,HIGH,NOT_TESTABLE,Auditoría de evidencia fuente; la comparación funcional de la plataforma corresponde al hilo principal.,Evento localizado una sola vez en las hojas de contacto y contrastado con references/video-audit/chapters/CH15_acuse_de_inventario_y_catalogos_de_items/event_frames/CH15-E0072_00h47m10s200ms_stable_change.jpg.
CH15-E0073,00:47:12.600,references/video-audit/chapters/CH15_acuse_de_inventario_y_catalogos_de_items/event_frames/CH15-E0073_00h47m12s600ms_abrupt_change.jpg,,Items / Insumo nuevo,CH15-E0073 @ 00:47:12.600: El formulario de insumo permanece con datos ingresados y la advertencia de salida vuelve a mostrarse antes de cerrarse.,código; nombre; tipo de insumo; fabricante; atrás; guardar; salir; cancelar; aceptar,El formulario de insumo permanece con datos ingresados y la advertencia de salida vuelve a mostrarse antes de cerrarse.,VISIBLE,HIGH,NOT_TESTABLE,Auditoría de evidencia fuente; la comparación funcional de la plataforma corresponde al hilo principal.,Evento localizado una sola vez en las hojas de contacto y contrastado con references/video-audit/chapters/CH15_acuse_de_inventario_y_catalogos_de_items/event_frames/CH15-E0073_00h47m12s600ms_abrupt_change.jpg.
CH15-E0074,00:47:13.200,references/video-audit/chapters/CH15_acuse_de_inventario_y_catalogos_de_items/event_frames/CH15-E0074_00h47m13s200ms_stable_change.jpg,,Items / Insumo nuevo,CH15-E0074 @ 00:47:13.200: El formulario de insumo permanece con datos ingresados y la advertencia de salida vuelve a mostrarse antes de cerrarse.,código; nombre; tipo de insumo; fabricante; atrás; guardar; salir; cancelar; aceptar,El formulario de insumo permanece con datos ingresados y la advertencia de salida vuelve a mostrarse antes de cerrarse.,VISIBLE,HIGH,NOT_TESTABLE,Auditoría de evidencia fuente; la comparación funcional de la plataforma corresponde al hilo principal.,Evento localizado una sola vez en las hojas de contacto y contrastado con references/video-audit/chapters/CH15_acuse_de_inventario_y_catalogos_de_items/event_frames/CH15-E0074_00h47m13s200ms_stable_change.jpg.
CH15-E0075,00:47:13.600,references/video-audit/chapters/CH15_acuse_de_inventario_y_catalogos_de_items/event_frames/CH15-E0075_00h47m13s600ms_abrupt_change.jpg,,Items / Insumo nuevo,CH15-E0075 @ 00:47:13.600: El formulario de insumo permanece con datos ingresados y la advertencia de salida vuelve a mostrarse antes de cerrarse.,código; nombre; tipo de insumo; fabricante; atrás; guardar; salir; cancelar; aceptar,El formulario de insumo permanece con datos ingresados y la advertencia de salida vuelve a mostrarse antes de cerrarse.,VISIBLE,HIGH,NOT_TESTABLE,Auditoría de evidencia fuente; la comparación funcional de la plataforma corresponde al hilo principal.,Evento localizado una sola vez en las hojas de contacto y contrastado con references/video-audit/chapters/CH15_acuse_de_inventario_y_catalogos_de_items/event_frames/CH15-E0075_00h47m13s600ms_abrupt_change.jpg.
CH15-E0076,00:47:14.200,references/video-audit/chapters/CH15_acuse_de_inventario_y_catalogos_de_items/event_frames/CH15-E0076_00h47m14s200ms_abrupt_change.jpg,,Items / Insumo nuevo,CH15-E0076 @ 00:47:14.200: El formulario de insumo permanece con datos ingresados y la advertencia de salida vuelve a mostrarse antes de cerrarse.,código; nombre; tipo de insumo; fabricante; atrás; guardar; salir; cancelar; aceptar,El formulario de insumo permanece con datos ingresados y la advertencia de salida vuelve a mostrarse antes de cerrarse.,VISIBLE,HIGH,NOT_TESTABLE,Auditoría de evidencia fuente; la comparación funcional de la plataforma corresponde al hilo principal.,Evento localizado una sola vez en las hojas de contacto y contrastado con references/video-audit/chapters/CH15_acuse_de_inventario_y_catalogos_de_items/event_frames/CH15-E0076_00h47m14s200ms_abrupt_change.jpg.
CH15-E0077,00:47:14.600,references/video-audit/chapters/CH15_acuse_de_inventario_y_catalogos_de_items/event_frames/CH15-E0077_00h47m14s600ms_abrupt_change.jpg,,Items / Insumos,"CH15-E0077 @ 00:47:14.600: Se vuelve al catálogo de Insumos, que recarga filas activas; el submenú Items se abre para seleccionar Estudios Dx.",insumos; código; nombre; tipo; impuesto; descuento; lotes; estado; estudios dx,"Se vuelve al catálogo de Insumos, que recarga filas activas; el submenú Items se abre para seleccionar Estudios Dx.",VISIBLE,HIGH,NOT_TESTABLE,Auditoría de evidencia fuente; la comparación funcional de la plataforma corresponde al hilo principal.,Evento localizado una sola vez en las hojas de contacto y contrastado con references/video-audit/chapters/CH15_acuse_de_inventario_y_catalogos_de_items/event_frames/CH15-E0077_00h47m14s600ms_abrupt_change.jpg.
CH15-E0078,00:47:15.000,references/video-audit/chapters/CH15_acuse_de_inventario_y_catalogos_de_items/event_frames/CH15-E0078_00h47m15s000ms_abrupt_change.jpg,,Items / Insumos,"CH15-E0078 @ 00:47:15.000: Se vuelve al catálogo de Insumos, que recarga filas activas; el submenú Items se abre para seleccionar Estudios Dx.",insumos; código; nombre; tipo; impuesto; descuento; lotes; estado; estudios dx,"Se vuelve al catálogo de Insumos, que recarga filas activas; el submenú Items se abre para seleccionar Estudios Dx.",VISIBLE,HIGH,NOT_TESTABLE,Auditoría de evidencia fuente; la comparación funcional de la plataforma corresponde al hilo principal.,Evento localizado una sola vez en las hojas de contacto y contrastado con references/video-audit/chapters/CH15_acuse_de_inventario_y_catalogos_de_items/event_frames/CH15-E0078_00h47m15s000ms_abrupt_change.jpg.
CH15-E0079,00:47:15.400,references/video-audit/chapters/CH15_acuse_de_inventario_y_catalogos_de_items/event_frames/CH15-E0079_00h47m15s400ms_abrupt_change.jpg,,Items / Insumos,"CH15-E0079 @ 00:47:15.400: Se vuelve al catálogo de Insumos, que recarga filas activas; el submenú Items se abre para seleccionar Estudios Dx.",insumos; código; nombre; tipo; impuesto; descuento; lotes; estado; estudios dx,"Se vuelve al catálogo de Insumos, que recarga filas activas; el submenú Items se abre para seleccionar Estudios Dx.",VISIBLE,HIGH,NOT_TESTABLE,Auditoría de evidencia fuente; la comparación funcional de la plataforma corresponde al hilo principal.,Evento localizado una sola vez en las hojas de contacto y contrastado con references/video-audit/chapters/CH15_acuse_de_inventario_y_catalogos_de_items/event_frames/CH15-E0079_00h47m15s400ms_abrupt_change.jpg.
CH15-E0080,00:47:16.000,references/video-audit/chapters/CH15_acuse_de_inventario_y_catalogos_de_items/event_frames/CH15-E0080_00h47m16s000ms_abrupt_change.jpg,references/video-audit/chapters/CH15_acuse_de_inventario_y_catalogos_de_items/detail_crops/CH15-E0080_00h47m16s000ms_DETAIL.jpg,Items / Insumos,"CH15-E0080 @ 00:47:16.000: Se vuelve al catálogo de Insumos, que recarga filas activas; el submenú Items se abre para seleccionar Estudios Dx.",insumos; código; nombre; tipo; impuesto; descuento; lotes; estado; estudios dx,"Se vuelve al catálogo de Insumos, que recarga filas activas; el submenú Items se abre para seleccionar Estudios Dx.",VISIBLE,HIGH,NOT_TESTABLE,Auditoría de evidencia fuente; la comparación funcional de la plataforma corresponde al hilo principal.,Evento localizado una sola vez en las hojas de contacto y contrastado con references/video-audit/chapters/CH15_acuse_de_inventario_y_catalogos_de_items/event_frames/CH15-E0080_00h47m16s000ms_abrupt_change.jpg; el recorte asociado references/video-audit/chapters/CH15_acuse_de_inventario_y_catalogos_de_items/detail_crops/CH15-E0080_00h47m16s000ms_DETAIL.jpg se abrió para comprobar el detalle.
CH15-E0081,00:47:19.200,references/video-audit/chapters/CH15_acuse_de_inventario_y_catalogos_de_items/event_frames/CH15-E0081_00h47m19s200ms_abrupt_change.jpg,,Items / Estudios Dx,"CH15-E0081 @ 00:47:19.200: Items / Estudios Dx pasa de pantalla vacía y carga a un catálogo con Código, Nombre, Descripción, Impuesto, Descuento y Estado.",código; nombre; descripción; impuesto; descuento; estado; búsqueda; paginación; excel; nuevo,"Items / Estudios Dx pasa de pantalla vacía y carga a un catálogo con Código, Nombre, Descripción, Impuesto, Descuento y Estado.",VISIBLE,HIGH,NOT_TESTABLE,Auditoría de evidencia fuente; la comparación funcional de la plataforma corresponde al hilo principal.,Evento localizado una sola vez en las hojas de contacto y contrastado con references/video-audit/chapters/CH15_acuse_de_inventario_y_catalogos_de_items/event_frames/CH15-E0081_00h47m19s200ms_abrupt_change.jpg.
CH15-E0082,00:47:19.600,references/video-audit/chapters/CH15_acuse_de_inventario_y_catalogos_de_items/event_frames/CH15-E0082_00h47m19s600ms_abrupt_change.jpg,,Items / Estudios Dx,"CH15-E0082 @ 00:47:19.600: Items / Estudios Dx pasa de pantalla vacía y carga a un catálogo con Código, Nombre, Descripción, Impuesto, Descuento y Estado.",código; nombre; descripción; impuesto; descuento; estado; búsqueda; paginación; excel; nuevo,"Items / Estudios Dx pasa de pantalla vacía y carga a un catálogo con Código, Nombre, Descripción, Impuesto, Descuento y Estado.",VISIBLE,HIGH,NOT_TESTABLE,Auditoría de evidencia fuente; la comparación funcional de la plataforma corresponde al hilo principal.,Evento localizado una sola vez en las hojas de contacto y contrastado con references/video-audit/chapters/CH15_acuse_de_inventario_y_catalogos_de_items/event_frames/CH15-E0082_00h47m19s600ms_abrupt_change.jpg.
CH15-E0083,00:47:20.200,references/video-audit/chapters/CH15_acuse_de_inventario_y_catalogos_de_items/event_frames/CH15-E0083_00h47m20s200ms_abrupt_change.jpg,,Items / Estudios Dx,"CH15-E0083 @ 00:47:20.200: Items / Estudios Dx pasa de pantalla vacía y carga a un catálogo con Código, Nombre, Descripción, Impuesto, Descuento y Estado.",código; nombre; descripción; impuesto; descuento; estado; búsqueda; paginación; excel; nuevo,"Items / Estudios Dx pasa de pantalla vacía y carga a un catálogo con Código, Nombre, Descripción, Impuesto, Descuento y Estado.",VISIBLE,HIGH,NOT_TESTABLE,Auditoría de evidencia fuente; la comparación funcional de la plataforma corresponde al hilo principal.,Evento localizado una sola vez en las hojas de contacto y contrastado con references/video-audit/chapters/CH15_acuse_de_inventario_y_catalogos_de_items/event_frames/CH15-E0083_00h47m20s200ms_abrupt_change.jpg.
CH15-E0084,00:47:20.600,references/video-audit/chapters/CH15_acuse_de_inventario_y_catalogos_de_items/event_frames/CH15-E0084_00h47m20s600ms_abrupt_change.jpg,references/video-audit/chapters/CH15_acuse_de_inventario_y_catalogos_de_items/detail_crops/CH15-E0084_00h47m20s600ms_DETAIL.jpg,Items / Estudios Dx,"CH15-E0084 @ 00:47:20.600: Items / Estudios Dx pasa de pantalla vacía y carga a un catálogo con Código, Nombre, Descripción, Impuesto, Descuento y Estado.",código; nombre; descripción; impuesto; descuento; estado; búsqueda; paginación; excel; nuevo,"Items / Estudios Dx pasa de pantalla vacía y carga a un catálogo con Código, Nombre, Descripción, Impuesto, Descuento y Estado.",VISIBLE,HIGH,NOT_TESTABLE,Auditoría de evidencia fuente; la comparación funcional de la plataforma corresponde al hilo principal.,Evento localizado una sola vez en las hojas de contacto y contrastado con references/video-audit/chapters/CH15_acuse_de_inventario_y_catalogos_de_items/event_frames/CH15-E0084_00h47m20s600ms_abrupt_change.jpg; el recorte asociado references/video-audit/chapters/CH15_acuse_de_inventario_y_catalogos_de_items/detail_crops/CH15-E0084_00h47m20s600ms_DETAIL.jpg se abrió para comprobar el detalle.
CH15-E0085,00:47:24.800,references/video-audit/chapters/CH15_acuse_de_inventario_y_catalogos_de_items/event_frames/CH15-E0085_00h47m24s800ms_abrupt_change.jpg,references/video-audit/chapters/CH15_acuse_de_inventario_y_catalogos_de_items/detail_crops/CH15-E0085_00h47m24s800ms_DETAIL.jpg,Items / Estudios Dx,"CH15-E0085 @ 00:47:24.800: La tabla de Estudios Dx se desplaza por múltiples pruebas diagnósticas activas y mantiene visibles impuesto, descuento, búsqueda, paginación y exportación.",código; nombre; descripción; impuesto; descuento; estado activo; búsqueda; paginación; excel,"La tabla de Estudios Dx se desplaza por múltiples pruebas diagnósticas activas y mantiene visibles impuesto, descuento, búsqueda, paginación y exportación.",VISIBLE,HIGH,NOT_TESTABLE,Auditoría de evidencia fuente; la comparación funcional de la plataforma corresponde al hilo principal.,Evento localizado una sola vez en las hojas de contacto y contrastado con references/video-audit/chapters/CH15_acuse_de_inventario_y_catalogos_de_items/event_frames/CH15-E0085_00h47m24s800ms_abrupt_change.jpg; el recorte asociado references/video-audit/chapters/CH15_acuse_de_inventario_y_catalogos_de_items/detail_crops/CH15-E0085_00h47m24s800ms_DETAIL.jpg se abrió para comprobar el detalle.
CH15-E0086,00:47:25.400,references/video-audit/chapters/CH15_acuse_de_inventario_y_catalogos_de_items/event_frames/CH15-E0086_00h47m25s400ms_abrupt_change.jpg,,Items / Estudios Dx,"CH15-E0086 @ 00:47:25.400: La tabla de Estudios Dx se desplaza por múltiples pruebas diagnósticas activas y mantiene visibles impuesto, descuento, búsqueda, paginación y exportación.",código; nombre; descripción; impuesto; descuento; estado activo; búsqueda; paginación; excel,"La tabla de Estudios Dx se desplaza por múltiples pruebas diagnósticas activas y mantiene visibles impuesto, descuento, búsqueda, paginación y exportación.",VISIBLE,HIGH,NOT_TESTABLE,Auditoría de evidencia fuente; la comparación funcional de la plataforma corresponde al hilo principal.,Evento localizado una sola vez en las hojas de contacto y contrastado con references/video-audit/chapters/CH15_acuse_de_inventario_y_catalogos_de_items/event_frames/CH15-E0086_00h47m25s400ms_abrupt_change.jpg.
CH15-E0087,00:47:25.800,references/video-audit/chapters/CH15_acuse_de_inventario_y_catalogos_de_items/event_frames/CH15-E0087_00h47m25s800ms_abrupt_change.jpg,,Items / Estudios Dx,"CH15-E0087 @ 00:47:25.800: La tabla de Estudios Dx se desplaza por múltiples pruebas diagnósticas activas y mantiene visibles impuesto, descuento, búsqueda, paginación y exportación.",código; nombre; descripción; impuesto; descuento; estado activo; búsqueda; paginación; excel,"La tabla de Estudios Dx se desplaza por múltiples pruebas diagnósticas activas y mantiene visibles impuesto, descuento, búsqueda, paginación y exportación.",VISIBLE,HIGH,NOT_TESTABLE,Auditoría de evidencia fuente; la comparación funcional de la plataforma corresponde al hilo principal.,Evento localizado una sola vez en las hojas de contacto y contrastado con references/video-audit/chapters/CH15_acuse_de_inventario_y_catalogos_de_items/event_frames/CH15-E0087_00h47m25s800ms_abrupt_change.jpg.
CH15-E0088,00:47:26.600,references/video-audit/chapters/CH15_acuse_de_inventario_y_catalogos_de_items/event_frames/CH15-E0088_00h47m26s600ms_abrupt_change.jpg,,Items / Estudios Dx,"CH15-E0088 @ 00:47:26.600: La tabla de Estudios Dx se desplaza por múltiples pruebas diagnósticas activas y mantiene visibles impuesto, descuento, búsqueda, paginación y exportación.",código; nombre; descripción; impuesto; descuento; estado activo; búsqueda; paginación; excel,"La tabla de Estudios Dx se desplaza por múltiples pruebas diagnósticas activas y mantiene visibles impuesto, descuento, búsqueda, paginación y exportación.",VISIBLE,HIGH,NOT_TESTABLE,Auditoría de evidencia fuente; la comparación funcional de la plataforma corresponde al hilo principal.,Evento localizado una sola vez en las hojas de contacto y contrastado con references/video-audit/chapters/CH15_acuse_de_inventario_y_catalogos_de_items/event_frames/CH15-E0088_00h47m26s600ms_abrupt_change.jpg.
CH15-E0089,00:47:27.200,references/video-audit/chapters/CH15_acuse_de_inventario_y_catalogos_de_items/event_frames/CH15-E0089_00h47m27s200ms_abrupt_change.jpg,references/video-audit/chapters/CH15_acuse_de_inventario_y_catalogos_de_items/detail_crops/CH15-E0089_00h47m27s200ms_DETAIL.jpg,Items / Estudios Dx,"CH15-E0089 @ 00:47:27.200: La tabla de Estudios Dx se desplaza por múltiples pruebas diagnósticas activas y mantiene visibles impuesto, descuento, búsqueda, paginación y exportación.",código; nombre; descripción; impuesto; descuento; estado activo; búsqueda; paginación; excel,"La tabla de Estudios Dx se desplaza por múltiples pruebas diagnósticas activas y mantiene visibles impuesto, descuento, búsqueda, paginación y exportación.",VISIBLE,HIGH,NOT_TESTABLE,Auditoría de evidencia fuente; la comparación funcional de la plataforma corresponde al hilo principal.,Evento localizado una sola vez en las hojas de contacto y contrastado con references/video-audit/chapters/CH15_acuse_de_inventario_y_catalogos_de_items/event_frames/CH15-E0089_00h47m27s200ms_abrupt_change.jpg; el recorte asociado references/video-audit/chapters/CH15_acuse_de_inventario_y_catalogos_de_items/detail_crops/CH15-E0089_00h47m27s200ms_DETAIL.jpg se abrió para comprobar el detalle.
CH15-E0090,00:47:27.800,references/video-audit/chapters/CH15_acuse_de_inventario_y_catalogos_de_items/event_frames/CH15-E0090_00h47m27s800ms_stable_change.jpg,references/video-audit/chapters/CH15_acuse_de_inventario_y_catalogos_de_items/detail_crops/CH15-E0090_00h47m27s800ms_DETAIL.jpg,Items / Estudios Dx,"CH15-E0090 @ 00:47:27.800: La tabla de Estudios Dx se desplaza por múltiples pruebas diagnósticas activas y mantiene visibles impuesto, descuento, búsqueda, paginación y exportación.",código; nombre; descripción; impuesto; descuento; estado activo; búsqueda; paginación; excel,"La tabla de Estudios Dx se desplaza por múltiples pruebas diagnósticas activas y mantiene visibles impuesto, descuento, búsqueda, paginación y exportación.",VISIBLE,HIGH,NOT_TESTABLE,Auditoría de evidencia fuente; la comparación funcional de la plataforma corresponde al hilo principal.,Evento localizado una sola vez en las hojas de contacto y contrastado con references/video-audit/chapters/CH15_acuse_de_inventario_y_catalogos_de_items/event_frames/CH15-E0090_00h47m27s800ms_stable_change.jpg; el recorte asociado references/video-audit/chapters/CH15_acuse_de_inventario_y_catalogos_de_items/detail_crops/CH15-E0090_00h47m27s800ms_DETAIL.jpg se abrió para comprobar el detalle.
CH15-E0091,00:47:29.000,references/video-audit/chapters/CH15_acuse_de_inventario_y_catalogos_de_items/event_frames/CH15-E0091_00h47m29s000ms_settled.jpg,references/video-audit/chapters/CH15_acuse_de_inventario_y_catalogos_de_items/detail_crops/CH15-E0091_00h47m29s000ms_DETAIL.jpg,Items / Estudios Dx,"CH15-E0091 @ 00:47:29.000: La tabla de Estudios Dx se desplaza por múltiples pruebas diagnósticas activas y mantiene visibles impuesto, descuento, búsqueda, paginación y exportación.",código; nombre; descripción; impuesto; descuento; estado activo; búsqueda; paginación; excel,"La tabla de Estudios Dx se desplaza por múltiples pruebas diagnósticas activas y mantiene visibles impuesto, descuento, búsqueda, paginación y exportación.",VISIBLE,HIGH,NOT_TESTABLE,Auditoría de evidencia fuente; la comparación funcional de la plataforma corresponde al hilo principal.,Evento localizado una sola vez en las hojas de contacto y contrastado con references/video-audit/chapters/CH15_acuse_de_inventario_y_catalogos_de_items/event_frames/CH15-E0091_00h47m29s000ms_settled.jpg; el recorte asociado references/video-audit/chapters/CH15_acuse_de_inventario_y_catalogos_de_items/detail_crops/CH15-E0091_00h47m29s000ms_DETAIL.jpg se abrió para comprobar el detalle.
CH15-E0092,00:47:30.800,references/video-audit/chapters/CH15_acuse_de_inventario_y_catalogos_de_items/event_frames/CH15-E0092_00h47m30s800ms_abrupt_change.jpg,,Items / Honorarios,"CH15-E0092 @ 00:47:30.800: La navegación abre Honorarios; la tabla pasa por carga y muestra Código, Nombre, Impuesto, Descuento y Estado, con Excel y Nuevo.",código; nombre; impuesto; descuento; estado; búsqueda; paginación; excel; nuevo,"La navegación abre Honorarios; la tabla pasa por carga y muestra Código, Nombre, Impuesto, Descuento y Estado, con Excel y Nuevo.",VISIBLE,HIGH,NOT_TESTABLE,Auditoría de evidencia fuente; la comparación funcional de la plataforma corresponde al hilo principal.,Evento localizado una sola vez en las hojas de contacto y contrastado con references/video-audit/chapters/CH15_acuse_de_inventario_y_catalogos_de_items/event_frames/CH15-E0092_00h47m30s800ms_abrupt_change.jpg.
CH15-E0093,00:47:31.200,references/video-audit/chapters/CH15_acuse_de_inventario_y_catalogos_de_items/event_frames/CH15-E0093_00h47m31s200ms_abrupt_change.jpg,,Items / Honorarios,"CH15-E0093 @ 00:47:31.200: La navegación abre Honorarios; la tabla pasa por carga y muestra Código, Nombre, Impuesto, Descuento y Estado, con Excel y Nuevo.",código; nombre; impuesto; descuento; estado; búsqueda; paginación; excel; nuevo,"La navegación abre Honorarios; la tabla pasa por carga y muestra Código, Nombre, Impuesto, Descuento y Estado, con Excel y Nuevo.",VISIBLE,HIGH,NOT_TESTABLE,Auditoría de evidencia fuente; la comparación funcional de la plataforma corresponde al hilo principal.,Evento localizado una sola vez en las hojas de contacto y contrastado con references/video-audit/chapters/CH15_acuse_de_inventario_y_catalogos_de_items/event_frames/CH15-E0093_00h47m31s200ms_abrupt_change.jpg.
CH15-E0094,00:47:31.600,references/video-audit/chapters/CH15_acuse_de_inventario_y_catalogos_de_items/event_frames/CH15-E0094_00h47m31s600ms_abrupt_change.jpg,references/video-audit/chapters/CH15_acuse_de_inventario_y_catalogos_de_items/detail_crops/CH15-E0094_00h47m31s600ms_DETAIL.jpg,Items / Honorarios,"CH15-E0094 @ 00:47:31.600: La navegación abre Honorarios; la tabla pasa por carga y muestra Código, Nombre, Impuesto, Descuento y Estado, con Excel y Nuevo.",código; nombre; impuesto; descuento; estado; búsqueda; paginación; excel; nuevo,"La navegación abre Honorarios; la tabla pasa por carga y muestra Código, Nombre, Impuesto, Descuento y Estado, con Excel y Nuevo.",VISIBLE,HIGH,NOT_TESTABLE,Auditoría de evidencia fuente; la comparación funcional de la plataforma corresponde al hilo principal.,Evento localizado una sola vez en las hojas de contacto y contrastado con references/video-audit/chapters/CH15_acuse_de_inventario_y_catalogos_de_items/event_frames/CH15-E0094_00h47m31s600ms_abrupt_change.jpg; el recorte asociado references/video-audit/chapters/CH15_acuse_de_inventario_y_catalogos_de_items/detail_crops/CH15-E0094_00h47m31s600ms_DETAIL.jpg se abrió para comprobar el detalle.
CH15-E0095,00:47:32.400,references/video-audit/chapters/CH15_acuse_de_inventario_y_catalogos_de_items/event_frames/CH15-E0095_00h47m32s400ms_settled.jpg,references/video-audit/chapters/CH15_acuse_de_inventario_y_catalogos_de_items/detail_crops/CH15-E0095_00h47m32s400ms_DETAIL.jpg,Items / Honorario nuevo,"CH15-E0095 @ 00:47:32.400: Honorario nuevo exige Código y Nombre, permite asociar un Recurso y configurar Descuento, Impuesto y Giftcard; el selector de recurso muestra profesionales disponibles.",código; nombre; recurso; descuento; impuesto; giftcard; atrás; guardar,"Honorario nuevo exige Código y Nombre, permite asociar un Recurso y configurar Descuento, Impuesto y Giftcard; el selector de recurso muestra profesionales disponibles.",VISIBLE,HIGH,NOT_TESTABLE,Auditoría de evidencia fuente; la comparación funcional de la plataforma corresponde al hilo principal.,Evento localizado una sola vez en las hojas de contacto y contrastado con references/video-audit/chapters/CH15_acuse_de_inventario_y_catalogos_de_items/event_frames/CH15-E0095_00h47m32s400ms_settled.jpg; el recorte asociado references/video-audit/chapters/CH15_acuse_de_inventario_y_catalogos_de_items/detail_crops/CH15-E0095_00h47m32s400ms_DETAIL.jpg se abrió para comprobar el detalle.
CH15-E0096,00:47:41.000,references/video-audit/chapters/CH15_acuse_de_inventario_y_catalogos_de_items/event_frames/CH15-E0096_00h47m41s000ms_abrupt_change.jpg,,Items / Honorario nuevo,"CH15-E0096 @ 00:47:41.000: Honorario nuevo exige Código y Nombre, permite asociar un Recurso y configurar Descuento, Impuesto y Giftcard; el selector de recurso muestra profesionales disponibles.",código; nombre; recurso; descuento; impuesto; giftcard; atrás; guardar,"Honorario nuevo exige Código y Nombre, permite asociar un Recurso y configurar Descuento, Impuesto y Giftcard; el selector de recurso muestra profesionales disponibles.",VISIBLE,HIGH,NOT_TESTABLE,Auditoría de evidencia fuente; la comparación funcional de la plataforma corresponde al hilo principal.,Evento localizado una sola vez en las hojas de contacto y contrastado con references/video-audit/chapters/CH15_acuse_de_inventario_y_catalogos_de_items/event_frames/CH15-E0096_00h47m41s000ms_abrupt_change.jpg.
CH15-E0097,00:47:42.000,references/video-audit/chapters/CH15_acuse_de_inventario_y_catalogos_de_items/event_frames/CH15-E0097_00h47m42s000ms_stable_change.jpg,,Items / Honorario nuevo,"CH15-E0097 @ 00:47:42.000: Honorario nuevo exige Código y Nombre, permite asociar un Recurso y configurar Descuento, Impuesto y Giftcard; el selector de recurso muestra profesionales disponibles.",código; nombre; recurso; descuento; impuesto; giftcard; atrás; guardar,"Honorario nuevo exige Código y Nombre, permite asociar un Recurso y configurar Descuento, Impuesto y Giftcard; el selector de recurso muestra profesionales disponibles.",VISIBLE,HIGH,NOT_TESTABLE,Auditoría de evidencia fuente; la comparación funcional de la plataforma corresponde al hilo principal.,Evento localizado una sola vez en las hojas de contacto y contrastado con references/video-audit/chapters/CH15_acuse_de_inventario_y_catalogos_de_items/event_frames/CH15-E0097_00h47m42s000ms_stable_change.jpg.
CH15-E0098,00:48:03.600,references/video-audit/chapters/CH15_acuse_de_inventario_y_catalogos_de_items/event_frames/CH15-E0098_00h48m03s600ms_motion_progress.jpg,references/video-audit/chapters/CH15_acuse_de_inventario_y_catalogos_de_items/detail_crops/CH15-E0098_00h48m03s600ms_DETAIL.jpg,Items / Honorario nuevo,"CH15-E0098 @ 00:48:03.600: Honorario nuevo exige Código y Nombre, permite asociar un Recurso y configurar Descuento, Impuesto y Giftcard; el selector de recurso muestra profesionales disponibles.",código; nombre; recurso; descuento; impuesto; giftcard; atrás; guardar,"Honorario nuevo exige Código y Nombre, permite asociar un Recurso y configurar Descuento, Impuesto y Giftcard; el selector de recurso muestra profesionales disponibles.",VISIBLE,HIGH,NOT_TESTABLE,Auditoría de evidencia fuente; la comparación funcional de la plataforma corresponde al hilo principal.,Evento localizado una sola vez en las hojas de contacto y contrastado con references/video-audit/chapters/CH15_acuse_de_inventario_y_catalogos_de_items/event_frames/CH15-E0098_00h48m03s600ms_motion_progress.jpg; el recorte asociado references/video-audit/chapters/CH15_acuse_de_inventario_y_catalogos_de_items/detail_crops/CH15-E0098_00h48m03s600ms_DETAIL.jpg se abrió para comprobar el detalle.
CH15-E0099,00:48:05.600,references/video-audit/chapters/CH15_acuse_de_inventario_y_catalogos_de_items/event_frames/CH15-E0099_00h48m05s600ms_motion_progress.jpg,references/video-audit/chapters/CH15_acuse_de_inventario_y_catalogos_de_items/detail_crops/CH15-E0099_00h48m05s600ms_DETAIL.jpg,Items / Honorario nuevo,"CH15-E0099 @ 00:48:05.600: Honorario nuevo exige Código y Nombre, permite asociar un Recurso y configurar Descuento, Impuesto y Giftcard; el selector de recurso muestra profesionales disponibles.",código; nombre; recurso; descuento; impuesto; giftcard; atrás; guardar,"Honorario nuevo exige Código y Nombre, permite asociar un Recurso y configurar Descuento, Impuesto y Giftcard; el selector de recurso muestra profesionales disponibles.",VISIBLE,HIGH,NOT_TESTABLE,Auditoría de evidencia fuente; la comparación funcional de la plataforma corresponde al hilo principal.,Evento localizado una sola vez en las hojas de contacto y contrastado con references/video-audit/chapters/CH15_acuse_de_inventario_y_catalogos_de_items/event_frames/CH15-E0099_00h48m05s600ms_motion_progress.jpg; el recorte asociado references/video-audit/chapters/CH15_acuse_de_inventario_y_catalogos_de_items/detail_crops/CH15-E0099_00h48m05s600ms_DETAIL.jpg se abrió para comprobar el detalle.
CH15-E0100,00:48:10.400,references/video-audit/chapters/CH15_acuse_de_inventario_y_catalogos_de_items/event_frames/CH15-E0100_00h48m10s400ms_abrupt_change.jpg,,Items / Honorario nuevo,CH15-E0100 @ 00:48:10.400: Una superposición Procesando aparece al guardar el honorario.,guardar; procesando,Una superposición Procesando aparece al guardar el honorario.,VISIBLE,HIGH,NOT_TESTABLE,Auditoría de evidencia fuente; la comparación funcional de la plataforma corresponde al hilo principal.,Evento localizado una sola vez en las hojas de contacto y contrastado con references/video-audit/chapters/CH15_acuse_de_inventario_y_catalogos_de_items/event_frames/CH15-E0100_00h48m10s400ms_abrupt_change.jpg.
CH15-E0101,00:48:11.000,references/video-audit/chapters/CH15_acuse_de_inventario_y_catalogos_de_items/event_frames/CH15-E0101_00h48m11s000ms_abrupt_change.jpg,,Items / Honorario nuevo,CH15-E0101 @ 00:48:11.000: El diálogo Buen trabajo confirma Honorario médico guardado exitosamente y ofrece OK.,buen trabajo; honorario médico guardado exitosamente; ok,El diálogo Buen trabajo confirma Honorario médico guardado exitosamente y ofrece OK.,VISIBLE,HIGH,NOT_TESTABLE,Auditoría de evidencia fuente; la comparación funcional de la plataforma corresponde al hilo principal.,Evento localizado una sola vez en las hojas de contacto y contrastado con references/video-audit/chapters/CH15_acuse_de_inventario_y_catalogos_de_items/event_frames/CH15-E0101_00h48m11s000ms_abrupt_change.jpg.
CH15-E0102,00:48:13.000,references/video-audit/chapters/CH15_acuse_de_inventario_y_catalogos_de_items/event_frames/CH15-E0102_00h48m13s000ms_abrupt_change.jpg,,Items / Honorario nuevo,"CH15-E0102 @ 00:48:13.000: Tras confirmar el mensaje, el formulario de Honorario nuevo queda visible.",código; nombre; recurso; descuento; impuesto; giftcard; atrás; guardar,"Tras confirmar el mensaje, el formulario de Honorario nuevo queda visible.",VISIBLE,HIGH,NOT_TESTABLE,Auditoría de evidencia fuente; la comparación funcional de la plataforma corresponde al hilo principal.,Evento localizado una sola vez en las hojas de contacto y contrastado con references/video-audit/chapters/CH15_acuse_de_inventario_y_catalogos_de_items/event_frames/CH15-E0102_00h48m13s000ms_abrupt_change.jpg.
CH15-E0103,00:48:13.400,references/video-audit/chapters/CH15_acuse_de_inventario_y_catalogos_de_items/event_frames/CH15-E0103_00h48m13s400ms_abrupt_change.jpg,,Items / Honorarios,"CH15-E0103 @ 00:48:13.400: El catálogo de Honorarios recarga; una búsqueda textual reduce la tabla a honorarios coincidentes y mantiene Código, Nombre, Impuesto, Descuento y Estado.",búsqueda; código; nombre; impuesto; descuento; estado; paginación,"El catálogo de Honorarios recarga; una búsqueda textual reduce la tabla a honorarios coincidentes y mantiene Código, Nombre, Impuesto, Descuento y Estado.",VISIBLE,HIGH,NOT_TESTABLE,Auditoría de evidencia fuente; la comparación funcional de la plataforma corresponde al hilo principal.,Evento localizado una sola vez en las hojas de contacto y contrastado con references/video-audit/chapters/CH15_acuse_de_inventario_y_catalogos_de_items/event_frames/CH15-E0103_00h48m13s400ms_abrupt_change.jpg.
CH15-E0104,00:48:13.800,references/video-audit/chapters/CH15_acuse_de_inventario_y_catalogos_de_items/event_frames/CH15-E0104_00h48m13s800ms_abrupt_change.jpg,references/video-audit/chapters/CH15_acuse_de_inventario_y_catalogos_de_items/detail_crops/CH15-E0104_00h48m13s800ms_DETAIL.jpg,Items / Honorarios,"CH15-E0104 @ 00:48:13.800: El catálogo de Honorarios recarga; una búsqueda textual reduce la tabla a honorarios coincidentes y mantiene Código, Nombre, Impuesto, Descuento y Estado.",búsqueda; código; nombre; impuesto; descuento; estado; paginación,"El catálogo de Honorarios recarga; una búsqueda textual reduce la tabla a honorarios coincidentes y mantiene Código, Nombre, Impuesto, Descuento y Estado.",VISIBLE,HIGH,NOT_TESTABLE,Auditoría de evidencia fuente; la comparación funcional de la plataforma corresponde al hilo principal.,Evento localizado una sola vez en las hojas de contacto y contrastado con references/video-audit/chapters/CH15_acuse_de_inventario_y_catalogos_de_items/event_frames/CH15-E0104_00h48m13s800ms_abrupt_change.jpg; el recorte asociado references/video-audit/chapters/CH15_acuse_de_inventario_y_catalogos_de_items/detail_crops/CH15-E0104_00h48m13s800ms_DETAIL.jpg se abrió para comprobar el detalle.
CH15-E0105,00:48:14.400,references/video-audit/chapters/CH15_acuse_de_inventario_y_catalogos_de_items/event_frames/CH15-E0105_00h48m14s400ms_abrupt_change.jpg,,Items / Honorarios,"CH15-E0105 @ 00:48:14.400: El catálogo de Honorarios recarga; una búsqueda textual reduce la tabla a honorarios coincidentes y mantiene Código, Nombre, Impuesto, Descuento y Estado.",búsqueda; código; nombre; impuesto; descuento; estado; paginación,"El catálogo de Honorarios recarga; una búsqueda textual reduce la tabla a honorarios coincidentes y mantiene Código, Nombre, Impuesto, Descuento y Estado.",VISIBLE,HIGH,NOT_TESTABLE,Auditoría de evidencia fuente; la comparación funcional de la plataforma corresponde al hilo principal.,Evento localizado una sola vez en las hojas de contacto y contrastado con references/video-audit/chapters/CH15_acuse_de_inventario_y_catalogos_de_items/event_frames/CH15-E0105_00h48m14s400ms_abrupt_change.jpg.
CH15-E0106,00:48:16.800,references/video-audit/chapters/CH15_acuse_de_inventario_y_catalogos_de_items/event_frames/CH15-E0106_00h48m16s800ms_settled.jpg,references/video-audit/chapters/CH15_acuse_de_inventario_y_catalogos_de_items/detail_crops/CH15-E0106_00h48m16s800ms_DETAIL.jpg,Items / Honorarios,"CH15-E0106 @ 00:48:16.800: El catálogo de Honorarios recarga; una búsqueda textual reduce la tabla a honorarios coincidentes y mantiene Código, Nombre, Impuesto, Descuento y Estado.",búsqueda; código; nombre; impuesto; descuento; estado; paginación,"El catálogo de Honorarios recarga; una búsqueda textual reduce la tabla a honorarios coincidentes y mantiene Código, Nombre, Impuesto, Descuento y Estado.",VISIBLE,HIGH,NOT_TESTABLE,Auditoría de evidencia fuente; la comparación funcional de la plataforma corresponde al hilo principal.,Evento localizado una sola vez en las hojas de contacto y contrastado con references/video-audit/chapters/CH15_acuse_de_inventario_y_catalogos_de_items/event_frames/CH15-E0106_00h48m16s800ms_settled.jpg; el recorte asociado references/video-audit/chapters/CH15_acuse_de_inventario_y_catalogos_de_items/detail_crops/CH15-E0106_00h48m16s800ms_DETAIL.jpg se abrió para comprobar el detalle.
CH15-E0107,00:48:20.400,references/video-audit/chapters/CH15_acuse_de_inventario_y_catalogos_de_items/event_frames/CH15-E0107_00h48m20s400ms_abrupt_change.jpg,,Items / Honorarios,"CH15-E0107 @ 00:48:20.400: El catálogo de Honorarios recarga; una búsqueda textual reduce la tabla a honorarios coincidentes y mantiene Código, Nombre, Impuesto, Descuento y Estado.",búsqueda; código; nombre; impuesto; descuento; estado; paginación,"El catálogo de Honorarios recarga; una búsqueda textual reduce la tabla a honorarios coincidentes y mantiene Código, Nombre, Impuesto, Descuento y Estado.",VISIBLE,HIGH,NOT_TESTABLE,Auditoría de evidencia fuente; la comparación funcional de la plataforma corresponde al hilo principal.,Evento localizado una sola vez en las hojas de contacto y contrastado con references/video-audit/chapters/CH15_acuse_de_inventario_y_catalogos_de_items/event_frames/CH15-E0107_00h48m20s400ms_abrupt_change.jpg.
CH15-E0108,00:48:21.000,references/video-audit/chapters/CH15_acuse_de_inventario_y_catalogos_de_items/event_frames/CH15-E0108_00h48m21s000ms_stable_change.jpg,,Items / Honorarios,"CH15-E0108 @ 00:48:21.000: El catálogo de Honorarios recarga; una búsqueda textual reduce la tabla a honorarios coincidentes y mantiene Código, Nombre, Impuesto, Descuento y Estado.",búsqueda; código; nombre; impuesto; descuento; estado; paginación,"El catálogo de Honorarios recarga; una búsqueda textual reduce la tabla a honorarios coincidentes y mantiene Código, Nombre, Impuesto, Descuento y Estado.",VISIBLE,HIGH,NOT_TESTABLE,Auditoría de evidencia fuente; la comparación funcional de la plataforma corresponde al hilo principal.,Evento localizado una sola vez en las hojas de contacto y contrastado con references/video-audit/chapters/CH15_acuse_de_inventario_y_catalogos_de_items/event_frames/CH15-E0108_00h48m21s000ms_stable_change.jpg.
CH15-E0109,00:48:23.000,references/video-audit/chapters/CH15_acuse_de_inventario_y_catalogos_de_items/event_frames/CH15-E0109_00h48m23s000ms_settled.jpg,references/video-audit/chapters/CH15_acuse_de_inventario_y_catalogos_de_items/detail_crops/CH15-E0109_00h48m23s000ms_DETAIL.jpg,Items / Honorarios,"CH15-E0109 @ 00:48:23.000: El catálogo de Honorarios recarga; una búsqueda textual reduce la tabla a honorarios coincidentes y mantiene Código, Nombre, Impuesto, Descuento y Estado.",búsqueda; código; nombre; impuesto; descuento; estado; paginación,"El catálogo de Honorarios recarga; una búsqueda textual reduce la tabla a honorarios coincidentes y mantiene Código, Nombre, Impuesto, Descuento y Estado.",VISIBLE,HIGH,NOT_TESTABLE,Auditoría de evidencia fuente; la comparación funcional de la plataforma corresponde al hilo principal.,Evento localizado una sola vez en las hojas de contacto y contrastado con references/video-audit/chapters/CH15_acuse_de_inventario_y_catalogos_de_items/event_frames/CH15-E0109_00h48m23s000ms_settled.jpg; el recorte asociado references/video-audit/chapters/CH15_acuse_de_inventario_y_catalogos_de_items/detail_crops/CH15-E0109_00h48m23s000ms_DETAIL.jpg se abrió para comprobar el detalle.
CH15-E0110,00:48:27.800,references/video-audit/chapters/CH15_acuse_de_inventario_y_catalogos_de_items/event_frames/CH15-E0110_00h48m27s800ms_abrupt_change.jpg,,Items / Honorarios,"CH15-E0110 @ 00:48:27.800: El menú de un honorario ofrece Editar, Ver costos de compra, Ver precios de venta, Cuentas e Inactivar.",editar; ver costos de compra; ver precios de venta; cuentas; inactivar,"El menú de un honorario ofrece Editar, Ver costos de compra, Ver precios de venta, Cuentas e Inactivar.",VISIBLE,HIGH,NOT_TESTABLE,Auditoría de evidencia fuente; la comparación funcional de la plataforma corresponde al hilo principal.,Evento localizado una sola vez en las hojas de contacto y contrastado con references/video-audit/chapters/CH15_acuse_de_inventario_y_catalogos_de_items/event_frames/CH15-E0110_00h48m27s800ms_abrupt_change.jpg.
CH15-E0111,00:48:28.200,references/video-audit/chapters/CH15_acuse_de_inventario_y_catalogos_de_items/event_frames/CH15-E0111_00h48m28s200ms_abrupt_change.jpg,,Items / Honorario editar,"CH15-E0111 @ 00:48:28.200: Honorario editar carga Código, Nombre, Recurso y las banderas Descuento, Impuesto y Giftcard, con Atrás y Guardar.",código; nombre; recurso; descuento; impuesto; giftcard; atrás; guardar,"Honorario editar carga Código, Nombre, Recurso y las banderas Descuento, Impuesto y Giftcard, con Atrás y Guardar.",VISIBLE,HIGH,NOT_TESTABLE,Auditoría de evidencia fuente; la comparación funcional de la plataforma corresponde al hilo principal.,Evento localizado una sola vez en las hojas de contacto y contrastado con references/video-audit/chapters/CH15_acuse_de_inventario_y_catalogos_de_items/event_frames/CH15-E0111_00h48m28s200ms_abrupt_change.jpg.
CH15-E0112,00:48:29.000,references/video-audit/chapters/CH15_acuse_de_inventario_y_catalogos_de_items/event_frames/CH15-E0112_00h48m29s000ms_settled.jpg,references/video-audit/chapters/CH15_acuse_de_inventario_y_catalogos_de_items/detail_crops/CH15-E0112_00h48m29s000ms_DETAIL.jpg,Items / Honorario editar,"CH15-E0112 @ 00:48:29.000: Honorario editar carga Código, Nombre, Recurso y las banderas Descuento, Impuesto y Giftcard, con Atrás y Guardar.",código; nombre; recurso; descuento; impuesto; giftcard; atrás; guardar,"Honorario editar carga Código, Nombre, Recurso y las banderas Descuento, Impuesto y Giftcard, con Atrás y Guardar.",VISIBLE,HIGH,NOT_TESTABLE,Auditoría de evidencia fuente; la comparación funcional de la plataforma corresponde al hilo principal.,Evento localizado una sola vez en las hojas de contacto y contrastado con references/video-audit/chapters/CH15_acuse_de_inventario_y_catalogos_de_items/event_frames/CH15-E0112_00h48m29s000ms_settled.jpg; el recorte asociado references/video-audit/chapters/CH15_acuse_de_inventario_y_catalogos_de_items/detail_crops/CH15-E0112_00h48m29s000ms_DETAIL.jpg se abrió para comprobar el detalle.
CH15-E0113,00:48:56.600,references/video-audit/chapters/CH15_acuse_de_inventario_y_catalogos_de_items/event_frames/CH15-E0113_00h48m56s600ms_abrupt_change.jpg,,Items / Honorario editar,"CH15-E0113 @ 00:48:56.600: Honorario editar carga Código, Nombre, Recurso y las banderas Descuento, Impuesto y Giftcard, con Atrás y Guardar.",código; nombre; recurso; descuento; impuesto; giftcard; atrás; guardar,"Honorario editar carga Código, Nombre, Recurso y las banderas Descuento, Impuesto y Giftcard, con Atrás y Guardar.",VISIBLE,HIGH,NOT_TESTABLE,Auditoría de evidencia fuente; la comparación funcional de la plataforma corresponde al hilo principal.,Evento localizado una sola vez en las hojas de contacto y contrastado con references/video-audit/chapters/CH15_acuse_de_inventario_y_catalogos_de_items/event_frames/CH15-E0113_00h48m56s600ms_abrupt_change.jpg.
CH15-E0114,00:48:57.200,references/video-audit/chapters/CH15_acuse_de_inventario_y_catalogos_de_items/event_frames/CH15-E0114_00h48m57s200ms_stable_change.jpg,references/video-audit/chapters/CH15_acuse_de_inventario_y_catalogos_de_items/detail_crops/CH15-E0114_00h48m57s200ms_DETAIL.jpg,Items / Honorario editar,CH15-E0114 @ 00:48:57.200: Al intentar abandonar la edición se presenta la advertencia de pérdida de cambios no guardados con Cancelar y Aceptar.,salir; cambios no guardados; cancelar; aceptar,Al intentar abandonar la edición se presenta la advertencia de pérdida de cambios no guardados con Cancelar y Aceptar.,VISIBLE,HIGH,NOT_TESTABLE,Auditoría de evidencia fuente; la comparación funcional de la plataforma corresponde al hilo principal.,Evento localizado una sola vez en las hojas de contacto y contrastado con references/video-audit/chapters/CH15_acuse_de_inventario_y_catalogos_de_items/event_frames/CH15-E0114_00h48m57s200ms_stable_change.jpg; el recorte asociado references/video-audit/chapters/CH15_acuse_de_inventario_y_catalogos_de_items/detail_crops/CH15-E0114_00h48m57s200ms_DETAIL.jpg se abrió para comprobar el detalle.
CH15-E0115,00:48:58.000,references/video-audit/chapters/CH15_acuse_de_inventario_y_catalogos_de_items/event_frames/CH15-E0115_00h48m58s000ms_abrupt_change.jpg,,Items / Honorario editar,CH15-E0115 @ 00:48:58.000: Al intentar abandonar la edición se presenta la advertencia de pérdida de cambios no guardados con Cancelar y Aceptar.,salir; cambios no guardados; cancelar; aceptar,Al intentar abandonar la edición se presenta la advertencia de pérdida de cambios no guardados con Cancelar y Aceptar.,VISIBLE,HIGH,NOT_TESTABLE,Auditoría de evidencia fuente; la comparación funcional de la plataforma corresponde al hilo principal.,Evento localizado una sola vez en las hojas de contacto y contrastado con references/video-audit/chapters/CH15_acuse_de_inventario_y_catalogos_de_items/event_frames/CH15-E0115_00h48m58s000ms_abrupt_change.jpg.
CH15-E0116,00:48:58.400,references/video-audit/chapters/CH15_acuse_de_inventario_y_catalogos_de_items/event_frames/CH15-E0116_00h48m58s400ms_abrupt_change.jpg,,Items / Honorario editar,CH15-E0116 @ 00:48:58.400: La advertencia se cierra y el formulario de edición permanece abierto.,formulario; atrás; guardar,La advertencia se cierra y el formulario de edición permanece abierto.,VISIBLE,HIGH,NOT_TESTABLE,Auditoría de evidencia fuente; la comparación funcional de la plataforma corresponde al hilo principal.,Evento localizado una sola vez en las hojas de contacto y contrastado con references/video-audit/chapters/CH15_acuse_de_inventario_y_catalogos_de_items/event_frames/CH15-E0116_00h48m58s400ms_abrupt_change.jpg.
CH15-E0117,00:48:58.800,references/video-audit/chapters/CH15_acuse_de_inventario_y_catalogos_de_items/event_frames/CH15-E0117_00h48m58s800ms_abrupt_change.jpg,,Items / Honorarios,CH15-E0117 @ 00:48:58.800: Se vuelve al listado de Honorarios y se abre la navegación de Items para cambiar a Servicios.,honorarios; servicios; código; nombre; impuesto; descuento; estado,Se vuelve al listado de Honorarios y se abre la navegación de Items para cambiar a Servicios.,VISIBLE,HIGH,NOT_TESTABLE,Auditoría de evidencia fuente; la comparación funcional de la plataforma corresponde al hilo principal.,Evento localizado una sola vez en las hojas de contacto y contrastado con references/video-audit/chapters/CH15_acuse_de_inventario_y_catalogos_de_items/event_frames/CH15-E0117_00h48m58s800ms_abrupt_change.jpg.
CH15-E0118,00:48:59.400,references/video-audit/chapters/CH15_acuse_de_inventario_y_catalogos_de_items/event_frames/CH15-E0118_00h48m59s400ms_abrupt_change.jpg,,Items / Honorarios,CH15-E0118 @ 00:48:59.400: Se vuelve al listado de Honorarios y se abre la navegación de Items para cambiar a Servicios.,honorarios; servicios; código; nombre; impuesto; descuento; estado,Se vuelve al listado de Honorarios y se abre la navegación de Items para cambiar a Servicios.,VISIBLE,HIGH,NOT_TESTABLE,Auditoría de evidencia fuente; la comparación funcional de la plataforma corresponde al hilo principal.,Evento localizado una sola vez en las hojas de contacto y contrastado con references/video-audit/chapters/CH15_acuse_de_inventario_y_catalogos_de_items/event_frames/CH15-E0118_00h48m59s400ms_abrupt_change.jpg.
CH15-E0119,00:49:02.600,references/video-audit/chapters/CH15_acuse_de_inventario_y_catalogos_de_items/event_frames/CH15-E0119_00h49m02s600ms_settled.jpg,references/video-audit/chapters/CH15_acuse_de_inventario_y_catalogos_de_items/detail_crops/CH15-E0119_00h49m02s600ms_DETAIL.jpg,Items / Honorarios,CH15-E0119 @ 00:49:02.600: Se vuelve al listado de Honorarios y se abre la navegación de Items para cambiar a Servicios.,honorarios; servicios; código; nombre; impuesto; descuento; estado,Se vuelve al listado de Honorarios y se abre la navegación de Items para cambiar a Servicios.,VISIBLE,HIGH,NOT_TESTABLE,Auditoría de evidencia fuente; la comparación funcional de la plataforma corresponde al hilo principal.,Evento localizado una sola vez en las hojas de contacto y contrastado con references/video-audit/chapters/CH15_acuse_de_inventario_y_catalogos_de_items/event_frames/CH15-E0119_00h49m02s600ms_settled.jpg; el recorte asociado references/video-audit/chapters/CH15_acuse_de_inventario_y_catalogos_de_items/detail_crops/CH15-E0119_00h49m02s600ms_DETAIL.jpg se abrió para comprobar el detalle.
CH15-E0120,00:49:04.800,references/video-audit/chapters/CH15_acuse_de_inventario_y_catalogos_de_items/event_frames/CH15-E0120_00h49m04s800ms_abrupt_change.jpg,,Items / Servicios,"CH15-E0120 @ 00:49:04.800: Items / Servicios pasa de tabla vacía y carga a un catálogo con Código, Nombre, Tipo de producto, Categoría, Impuesto, Descuento y Estado.",código; nombre; tipo de producto; categoría; impuesto; descuento; estado; búsqueda; paginación; excel; nuevo,"Items / Servicios pasa de tabla vacía y carga a un catálogo con Código, Nombre, Tipo de producto, Categoría, Impuesto, Descuento y Estado.",VISIBLE,HIGH,NOT_TESTABLE,Auditoría de evidencia fuente; la comparación funcional de la plataforma corresponde al hilo principal.,Evento localizado una sola vez en las hojas de contacto y contrastado con references/video-audit/chapters/CH15_acuse_de_inventario_y_catalogos_de_items/event_frames/CH15-E0120_00h49m04s800ms_abrupt_change.jpg.
CH15-E0121,00:49:05.200,references/video-audit/chapters/CH15_acuse_de_inventario_y_catalogos_de_items/event_frames/CH15-E0121_00h49m05s200ms_abrupt_change.jpg,,Items / Servicios,"CH15-E0121 @ 00:49:05.200: Items / Servicios pasa de tabla vacía y carga a un catálogo con Código, Nombre, Tipo de producto, Categoría, Impuesto, Descuento y Estado.",código; nombre; tipo de producto; categoría; impuesto; descuento; estado; búsqueda; paginación; excel; nuevo,"Items / Servicios pasa de tabla vacía y carga a un catálogo con Código, Nombre, Tipo de producto, Categoría, Impuesto, Descuento y Estado.",VISIBLE,HIGH,NOT_TESTABLE,Auditoría de evidencia fuente; la comparación funcional de la plataforma corresponde al hilo principal.,Evento localizado una sola vez en las hojas de contacto y contrastado con references/video-audit/chapters/CH15_acuse_de_inventario_y_catalogos_de_items/event_frames/CH15-E0121_00h49m05s200ms_abrupt_change.jpg.
CH15-E0122,00:49:05.800,references/video-audit/chapters/CH15_acuse_de_inventario_y_catalogos_de_items/event_frames/CH15-E0122_00h49m05s800ms_abrupt_change.jpg,,Items / Servicios,"CH15-E0122 @ 00:49:05.800: Items / Servicios pasa de tabla vacía y carga a un catálogo con Código, Nombre, Tipo de producto, Categoría, Impuesto, Descuento y Estado.",código; nombre; tipo de producto; categoría; impuesto; descuento; estado; búsqueda; paginación; excel; nuevo,"Items / Servicios pasa de tabla vacía y carga a un catálogo con Código, Nombre, Tipo de producto, Categoría, Impuesto, Descuento y Estado.",VISIBLE,HIGH,NOT_TESTABLE,Auditoría de evidencia fuente; la comparación funcional de la plataforma corresponde al hilo principal.,Evento localizado una sola vez en las hojas de contacto y contrastado con references/video-audit/chapters/CH15_acuse_de_inventario_y_catalogos_de_items/event_frames/CH15-E0122_00h49m05s800ms_abrupt_change.jpg.
CH15-E0123,00:49:06.600,references/video-audit/chapters/CH15_acuse_de_inventario_y_catalogos_de_items/event_frames/CH15-E0123_00h49m06s600ms_abrupt_change.jpg,,Items / Servicios,"CH15-E0123 @ 00:49:06.600: El catálogo de Servicios se desplaza por prestaciones activas de enfermería, nutrición, terapias, transporte, alquiler de equipo y atención médica; conserva Tipo de producto, Categoría, Impuesto y Descuento.",código; nombre; tipo de producto; categoría; impuesto; descuento; estado activo; búsqueda; paginación,"El catálogo de Servicios se desplaza por prestaciones activas de enfermería, nutrición, terapias, transporte, alquiler de equipo y atención médica; conserva Tipo de producto, Categoría, Impuesto y Descuento.",VISIBLE,HIGH,NOT_TESTABLE,Auditoría de evidencia fuente; la comparación funcional de la plataforma corresponde al hilo principal.,Evento localizado una sola vez en las hojas de contacto y contrastado con references/video-audit/chapters/CH15_acuse_de_inventario_y_catalogos_de_items/event_frames/CH15-E0123_00h49m06s600ms_abrupt_change.jpg.
CH15-E0124,00:49:07.200,references/video-audit/chapters/CH15_acuse_de_inventario_y_catalogos_de_items/event_frames/CH15-E0124_00h49m07s200ms_stable_change.jpg,,Items / Servicios,"CH15-E0124 @ 00:49:07.200: El catálogo de Servicios se desplaza por prestaciones activas de enfermería, nutrición, terapias, transporte, alquiler de equipo y atención médica; conserva Tipo de producto, Categoría, Impuesto y Descuento.",código; nombre; tipo de producto; categoría; impuesto; descuento; estado activo; búsqueda; paginación,"El catálogo de Servicios se desplaza por prestaciones activas de enfermería, nutrición, terapias, transporte, alquiler de equipo y atención médica; conserva Tipo de producto, Categoría, Impuesto y Descuento.",VISIBLE,HIGH,NOT_TESTABLE,Auditoría de evidencia fuente; la comparación funcional de la plataforma corresponde al hilo principal.,Evento localizado una sola vez en las hojas de contacto y contrastado con references/video-audit/chapters/CH15_acuse_de_inventario_y_catalogos_de_items/event_frames/CH15-E0124_00h49m07s200ms_stable_change.jpg.
CH15-E0125,00:49:07.600,references/video-audit/chapters/CH15_acuse_de_inventario_y_catalogos_de_items/event_frames/CH15-E0125_00h49m07s600ms_abrupt_change.jpg,,Items / Servicios,"CH15-E0125 @ 00:49:07.600: El catálogo de Servicios se desplaza por prestaciones activas de enfermería, nutrición, terapias, transporte, alquiler de equipo y atención médica; conserva Tipo de producto, Categoría, Impuesto y Descuento.",código; nombre; tipo de producto; categoría; impuesto; descuento; estado activo; búsqueda; paginación,"El catálogo de Servicios se desplaza por prestaciones activas de enfermería, nutrición, terapias, transporte, alquiler de equipo y atención médica; conserva Tipo de producto, Categoría, Impuesto y Descuento.",VISIBLE,HIGH,NOT_TESTABLE,Auditoría de evidencia fuente; la comparación funcional de la plataforma corresponde al hilo principal.,Evento localizado una sola vez en las hojas de contacto y contrastado con references/video-audit/chapters/CH15_acuse_de_inventario_y_catalogos_de_items/event_frames/CH15-E0125_00h49m07s600ms_abrupt_change.jpg.
CH15-E0126,00:49:08.000,references/video-audit/chapters/CH15_acuse_de_inventario_y_catalogos_de_items/event_frames/CH15-E0126_00h49m08s000ms_abrupt_change.jpg,references/video-audit/chapters/CH15_acuse_de_inventario_y_catalogos_de_items/detail_crops/CH15-E0126_00h49m08s000ms_DETAIL.jpg,Items / Servicios,"CH15-E0126 @ 00:49:08.000: El catálogo de Servicios se desplaza por prestaciones activas de enfermería, nutrición, terapias, transporte, alquiler de equipo y atención médica; conserva Tipo de producto, Categoría, Impuesto y Descuento.",código; nombre; tipo de producto; categoría; impuesto; descuento; estado activo; búsqueda; paginación,"El catálogo de Servicios se desplaza por prestaciones activas de enfermería, nutrición, terapias, transporte, alquiler de equipo y atención médica; conserva Tipo de producto, Categoría, Impuesto y Descuento.",VISIBLE,HIGH,NOT_TESTABLE,Auditoría de evidencia fuente; la comparación funcional de la plataforma corresponde al hilo principal.,Evento localizado una sola vez en las hojas de contacto y contrastado con references/video-audit/chapters/CH15_acuse_de_inventario_y_catalogos_de_items/event_frames/CH15-E0126_00h49m08s000ms_abrupt_change.jpg; el recorte asociado references/video-audit/chapters/CH15_acuse_de_inventario_y_catalogos_de_items/detail_crops/CH15-E0126_00h49m08s000ms_DETAIL.jpg se abrió para comprobar el detalle.
CH15-E0127,00:49:08.600,references/video-audit/chapters/CH15_acuse_de_inventario_y_catalogos_de_items/event_frames/CH15-E0127_00h49m08s600ms_abrupt_change.jpg,references/video-audit/chapters/CH15_acuse_de_inventario_y_catalogos_de_items/detail_crops/CH15-E0127_00h49m08s600ms_DETAIL.jpg,Items / Servicios,"CH15-E0127 @ 00:49:08.600: El catálogo de Servicios se desplaza por prestaciones activas de enfermería, nutrición, terapias, transporte, alquiler de equipo y atención médica; conserva Tipo de producto, Categoría, Impuesto y Descuento.",código; nombre; tipo de producto; categoría; impuesto; descuento; estado activo; búsqueda; paginación,"El catálogo de Servicios se desplaza por prestaciones activas de enfermería, nutrición, terapias, transporte, alquiler de equipo y atención médica; conserva Tipo de producto, Categoría, Impuesto y Descuento.",VISIBLE,HIGH,NOT_TESTABLE,Auditoría de evidencia fuente; la comparación funcional de la plataforma corresponde al hilo principal.,Evento localizado una sola vez en las hojas de contacto y contrastado con references/video-audit/chapters/CH15_acuse_de_inventario_y_catalogos_de_items/event_frames/CH15-E0127_00h49m08s600ms_abrupt_change.jpg; el recorte asociado references/video-audit/chapters/CH15_acuse_de_inventario_y_catalogos_de_items/detail_crops/CH15-E0127_00h49m08s600ms_DETAIL.jpg se abrió para comprobar el detalle.
CH15-E0128,00:49:09.000,references/video-audit/chapters/CH15_acuse_de_inventario_y_catalogos_de_items/event_frames/CH15-E0128_00h49m09s000ms_abrupt_change.jpg,references/video-audit/chapters/CH15_acuse_de_inventario_y_catalogos_de_items/detail_crops/CH15-E0128_00h49m09s000ms_DETAIL.jpg,Items / Servicios,"CH15-E0128 @ 00:49:09.000: El catálogo de Servicios se desplaza por prestaciones activas de enfermería, nutrición, terapias, transporte, alquiler de equipo y atención médica; conserva Tipo de producto, Categoría, Impuesto y Descuento.",código; nombre; tipo de producto; categoría; impuesto; descuento; estado activo; búsqueda; paginación,"El catálogo de Servicios se desplaza por prestaciones activas de enfermería, nutrición, terapias, transporte, alquiler de equipo y atención médica; conserva Tipo de producto, Categoría, Impuesto y Descuento.",VISIBLE,HIGH,NOT_TESTABLE,Auditoría de evidencia fuente; la comparación funcional de la plataforma corresponde al hilo principal.,Evento localizado una sola vez en las hojas de contacto y contrastado con references/video-audit/chapters/CH15_acuse_de_inventario_y_catalogos_de_items/event_frames/CH15-E0128_00h49m09s000ms_abrupt_change.jpg; el recorte asociado references/video-audit/chapters/CH15_acuse_de_inventario_y_catalogos_de_items/detail_crops/CH15-E0128_00h49m09s000ms_DETAIL.jpg se abrió para comprobar el detalle.
CH15-E0129,00:49:10.400,references/video-audit/chapters/CH15_acuse_de_inventario_y_catalogos_de_items/event_frames/CH15-E0129_00h49m10s400ms_abrupt_change.jpg,references/video-audit/chapters/CH15_acuse_de_inventario_y_catalogos_de_items/detail_crops/CH15-E0129_00h49m10s400ms_DETAIL.jpg,Items / Servicios,"CH15-E0129 @ 00:49:10.400: El catálogo de Servicios se desplaza por prestaciones activas de enfermería, nutrición, terapias, transporte, alquiler de equipo y atención médica; conserva Tipo de producto, Categoría, Impuesto y Descuento.",código; nombre; tipo de producto; categoría; impuesto; descuento; estado activo; búsqueda; paginación,"El catálogo de Servicios se desplaza por prestaciones activas de enfermería, nutrición, terapias, transporte, alquiler de equipo y atención médica; conserva Tipo de producto, Categoría, Impuesto y Descuento.",VISIBLE,HIGH,NOT_TESTABLE,Auditoría de evidencia fuente; la comparación funcional de la plataforma corresponde al hilo principal.,Evento localizado una sola vez en las hojas de contacto y contrastado con references/video-audit/chapters/CH15_acuse_de_inventario_y_catalogos_de_items/event_frames/CH15-E0129_00h49m10s400ms_abrupt_change.jpg; el recorte asociado references/video-audit/chapters/CH15_acuse_de_inventario_y_catalogos_de_items/detail_crops/CH15-E0129_00h49m10s400ms_DETAIL.jpg se abrió para comprobar el detalle.
CH15-E0130,00:49:10.800,references/video-audit/chapters/CH15_acuse_de_inventario_y_catalogos_de_items/event_frames/CH15-E0130_00h49m10s800ms_abrupt_change.jpg,,Items / Servicios,"CH15-E0130 @ 00:49:10.800: El catálogo de Servicios se desplaza por prestaciones activas de enfermería, nutrición, terapias, transporte, alquiler de equipo y atención médica; conserva Tipo de producto, Categoría, Impuesto y Descuento.",código; nombre; tipo de producto; categoría; impuesto; descuento; estado activo; búsqueda; paginación,"El catálogo de Servicios se desplaza por prestaciones activas de enfermería, nutrición, terapias, transporte, alquiler de equipo y atención médica; conserva Tipo de producto, Categoría, Impuesto y Descuento.",VISIBLE,HIGH,NOT_TESTABLE,Auditoría de evidencia fuente; la comparación funcional de la plataforma corresponde al hilo principal.,Evento localizado una sola vez en las hojas de contacto y contrastado con references/video-audit/chapters/CH15_acuse_de_inventario_y_catalogos_de_items/event_frames/CH15-E0130_00h49m10s800ms_abrupt_change.jpg.
CH15-E0131,00:49:11.600,references/video-audit/chapters/CH15_acuse_de_inventario_y_catalogos_de_items/event_frames/CH15-E0131_00h49m11s600ms_stable_change.jpg,,Items / Servicios,"CH15-E0131 @ 00:49:11.600: El catálogo de Servicios se desplaza por prestaciones activas de enfermería, nutrición, terapias, transporte, alquiler de equipo y atención médica; conserva Tipo de producto, Categoría, Impuesto y Descuento.",código; nombre; tipo de producto; categoría; impuesto; descuento; estado activo; búsqueda; paginación,"El catálogo de Servicios se desplaza por prestaciones activas de enfermería, nutrición, terapias, transporte, alquiler de equipo y atención médica; conserva Tipo de producto, Categoría, Impuesto y Descuento.",VISIBLE,HIGH,NOT_TESTABLE,Auditoría de evidencia fuente; la comparación funcional de la plataforma corresponde al hilo principal.,Evento localizado una sola vez en las hojas de contacto y contrastado con references/video-audit/chapters/CH15_acuse_de_inventario_y_catalogos_de_items/event_frames/CH15-E0131_00h49m11s600ms_stable_change.jpg.
CH15-E0132,00:49:12.400,references/video-audit/chapters/CH15_acuse_de_inventario_y_catalogos_de_items/event_frames/CH15-E0132_00h49m12s400ms_abrupt_change.jpg,,Items / Servicios,"CH15-E0132 @ 00:49:12.400: El catálogo de Servicios se desplaza por prestaciones activas de enfermería, nutrición, terapias, transporte, alquiler de equipo y atención médica; conserva Tipo de producto, Categoría, Impuesto y Descuento.",código; nombre; tipo de producto; categoría; impuesto; descuento; estado activo; búsqueda; paginación,"El catálogo de Servicios se desplaza por prestaciones activas de enfermería, nutrición, terapias, transporte, alquiler de equipo y atención médica; conserva Tipo de producto, Categoría, Impuesto y Descuento.",VISIBLE,HIGH,NOT_TESTABLE,Auditoría de evidencia fuente; la comparación funcional de la plataforma corresponde al hilo principal.,Evento localizado una sola vez en las hojas de contacto y contrastado con references/video-audit/chapters/CH15_acuse_de_inventario_y_catalogos_de_items/event_frames/CH15-E0132_00h49m12s400ms_abrupt_change.jpg.
CH15-E0133,00:49:13.200,references/video-audit/chapters/CH15_acuse_de_inventario_y_catalogos_de_items/event_frames/CH15-E0133_00h49m13s200ms_abrupt_change.jpg,,Items / Servicios,"CH15-E0133 @ 00:49:13.200: El catálogo de Servicios se desplaza por prestaciones activas de enfermería, nutrición, terapias, transporte, alquiler de equipo y atención médica; conserva Tipo de producto, Categoría, Impuesto y Descuento.",código; nombre; tipo de producto; categoría; impuesto; descuento; estado activo; búsqueda; paginación,"El catálogo de Servicios se desplaza por prestaciones activas de enfermería, nutrición, terapias, transporte, alquiler de equipo y atención médica; conserva Tipo de producto, Categoría, Impuesto y Descuento.",VISIBLE,HIGH,NOT_TESTABLE,Auditoría de evidencia fuente; la comparación funcional de la plataforma corresponde al hilo principal.,Evento localizado una sola vez en las hojas de contacto y contrastado con references/video-audit/chapters/CH15_acuse_de_inventario_y_catalogos_de_items/event_frames/CH15-E0133_00h49m13s200ms_abrupt_change.jpg.
CH15-E0134,00:49:13.600,references/video-audit/chapters/CH15_acuse_de_inventario_y_catalogos_de_items/event_frames/CH15-E0134_00h49m13s600ms_abrupt_change.jpg,,Items / Servicios,"CH15-E0134 @ 00:49:13.600: El catálogo de Servicios se desplaza por prestaciones activas de enfermería, nutrición, terapias, transporte, alquiler de equipo y atención médica; conserva Tipo de producto, Categoría, Impuesto y Descuento.",código; nombre; tipo de producto; categoría; impuesto; descuento; estado activo; búsqueda; paginación,"El catálogo de Servicios se desplaza por prestaciones activas de enfermería, nutrición, terapias, transporte, alquiler de equipo y atención médica; conserva Tipo de producto, Categoría, Impuesto y Descuento.",VISIBLE,HIGH,NOT_TESTABLE,Auditoría de evidencia fuente; la comparación funcional de la plataforma corresponde al hilo principal.,Evento localizado una sola vez en las hojas de contacto y contrastado con references/video-audit/chapters/CH15_acuse_de_inventario_y_catalogos_de_items/event_frames/CH15-E0134_00h49m13s600ms_abrupt_change.jpg.
CH15-E0135,00:49:14.000,references/video-audit/chapters/CH15_acuse_de_inventario_y_catalogos_de_items/event_frames/CH15-E0135_00h49m14s000ms_abrupt_change.jpg,,Items / Servicios,"CH15-E0135 @ 00:49:14.000: El catálogo de Servicios se desplaza por prestaciones activas de enfermería, nutrición, terapias, transporte, alquiler de equipo y atención médica; conserva Tipo de producto, Categoría, Impuesto y Descuento.",código; nombre; tipo de producto; categoría; impuesto; descuento; estado activo; búsqueda; paginación,"El catálogo de Servicios se desplaza por prestaciones activas de enfermería, nutrición, terapias, transporte, alquiler de equipo y atención médica; conserva Tipo de producto, Categoría, Impuesto y Descuento.",VISIBLE,HIGH,NOT_TESTABLE,Auditoría de evidencia fuente; la comparación funcional de la plataforma corresponde al hilo principal.,Evento localizado una sola vez en las hojas de contacto y contrastado con references/video-audit/chapters/CH15_acuse_de_inventario_y_catalogos_de_items/event_frames/CH15-E0135_00h49m14s000ms_abrupt_change.jpg.
CH15-E0136,00:49:14.800,references/video-audit/chapters/CH15_acuse_de_inventario_y_catalogos_de_items/event_frames/CH15-E0136_00h49m14s800ms_abrupt_change.jpg,,Items / Servicios,"CH15-E0136 @ 00:49:14.800: El catálogo de Servicios se desplaza por prestaciones activas de enfermería, nutrición, terapias, transporte, alquiler de equipo y atención médica; conserva Tipo de producto, Categoría, Impuesto y Descuento.",código; nombre; tipo de producto; categoría; impuesto; descuento; estado activo; búsqueda; paginación,"El catálogo de Servicios se desplaza por prestaciones activas de enfermería, nutrición, terapias, transporte, alquiler de equipo y atención médica; conserva Tipo de producto, Categoría, Impuesto y Descuento.",VISIBLE,HIGH,NOT_TESTABLE,Auditoría de evidencia fuente; la comparación funcional de la plataforma corresponde al hilo principal.,Evento localizado una sola vez en las hojas de contacto y contrastado con references/video-audit/chapters/CH15_acuse_de_inventario_y_catalogos_de_items/event_frames/CH15-E0136_00h49m14s800ms_abrupt_change.jpg.
CH15-E0137,00:49:15.200,references/video-audit/chapters/CH15_acuse_de_inventario_y_catalogos_de_items/event_frames/CH15-E0137_00h49m15s200ms_abrupt_change.jpg,,Items / Servicios,"CH15-E0137 @ 00:49:15.200: El catálogo de Servicios se desplaza por prestaciones activas de enfermería, nutrición, terapias, transporte, alquiler de equipo y atención médica; conserva Tipo de producto, Categoría, Impuesto y Descuento.",código; nombre; tipo de producto; categoría; impuesto; descuento; estado activo; búsqueda; paginación,"El catálogo de Servicios se desplaza por prestaciones activas de enfermería, nutrición, terapias, transporte, alquiler de equipo y atención médica; conserva Tipo de producto, Categoría, Impuesto y Descuento.",VISIBLE,HIGH,NOT_TESTABLE,Auditoría de evidencia fuente; la comparación funcional de la plataforma corresponde al hilo principal.,Evento localizado una sola vez en las hojas de contacto y contrastado con references/video-audit/chapters/CH15_acuse_de_inventario_y_catalogos_de_items/event_frames/CH15-E0137_00h49m15s200ms_abrupt_change.jpg.
CH15-E0138,00:49:15.800,references/video-audit/chapters/CH15_acuse_de_inventario_y_catalogos_de_items/event_frames/CH15-E0138_00h49m15s800ms_stable_change.jpg,,Items / Servicios,"CH15-E0138 @ 00:49:15.800: El catálogo de Servicios se desplaza por prestaciones activas de enfermería, nutrición, terapias, transporte, alquiler de equipo y atención médica; conserva Tipo de producto, Categoría, Impuesto y Descuento.",código; nombre; tipo de producto; categoría; impuesto; descuento; estado activo; búsqueda; paginación,"El catálogo de Servicios se desplaza por prestaciones activas de enfermería, nutrición, terapias, transporte, alquiler de equipo y atención médica; conserva Tipo de producto, Categoría, Impuesto y Descuento.",VISIBLE,HIGH,NOT_TESTABLE,Auditoría de evidencia fuente; la comparación funcional de la plataforma corresponde al hilo principal.,Evento localizado una sola vez en las hojas de contacto y contrastado con references/video-audit/chapters/CH15_acuse_de_inventario_y_catalogos_de_items/event_frames/CH15-E0138_00h49m15s800ms_stable_change.jpg.
CH15-E0139,00:49:17.600,references/video-audit/chapters/CH15_acuse_de_inventario_y_catalogos_de_items/event_frames/CH15-E0139_00h49m17s600ms_settled.jpg,references/video-audit/chapters/CH15_acuse_de_inventario_y_catalogos_de_items/detail_crops/CH15-E0139_00h49m17s600ms_DETAIL.jpg,Items / Servicios,"CH15-E0139 @ 00:49:17.600: El catálogo de Servicios se desplaza por prestaciones activas de enfermería, nutrición, terapias, transporte, alquiler de equipo y atención médica; conserva Tipo de producto, Categoría, Impuesto y Descuento.",código; nombre; tipo de producto; categoría; impuesto; descuento; estado activo; búsqueda; paginación,"El catálogo de Servicios se desplaza por prestaciones activas de enfermería, nutrición, terapias, transporte, alquiler de equipo y atención médica; conserva Tipo de producto, Categoría, Impuesto y Descuento.",VISIBLE,HIGH,NOT_TESTABLE,Auditoría de evidencia fuente; la comparación funcional de la plataforma corresponde al hilo principal.,Evento localizado una sola vez en las hojas de contacto y contrastado con references/video-audit/chapters/CH15_acuse_de_inventario_y_catalogos_de_items/event_frames/CH15-E0139_00h49m17s600ms_settled.jpg; el recorte asociado references/video-audit/chapters/CH15_acuse_de_inventario_y_catalogos_de_items/detail_crops/CH15-E0139_00h49m17s600ms_DETAIL.jpg se abrió para comprobar el detalle.
CH15-E0140,00:49:23.200,references/video-audit/chapters/CH15_acuse_de_inventario_y_catalogos_de_items/event_frames/CH15-E0140_00h49m23s200ms_settled.jpg,references/video-audit/chapters/CH15_acuse_de_inventario_y_catalogos_de_items/detail_crops/CH15-E0140_00h49m23s200ms_DETAIL.jpg,Items / Servicios,"CH15-E0140 @ 00:49:23.200: El catálogo de Servicios se desplaza por prestaciones activas de enfermería, nutrición, terapias, transporte, alquiler de equipo y atención médica; conserva Tipo de producto, Categoría, Impuesto y Descuento.",código; nombre; tipo de producto; categoría; impuesto; descuento; estado activo; búsqueda; paginación,"El catálogo de Servicios se desplaza por prestaciones activas de enfermería, nutrición, terapias, transporte, alquiler de equipo y atención médica; conserva Tipo de producto, Categoría, Impuesto y Descuento.",VISIBLE,HIGH,NOT_TESTABLE,Auditoría de evidencia fuente; la comparación funcional de la plataforma corresponde al hilo principal.,Evento localizado una sola vez en las hojas de contacto y contrastado con references/video-audit/chapters/CH15_acuse_de_inventario_y_catalogos_de_items/event_frames/CH15-E0140_00h49m23s200ms_settled.jpg; el recorte asociado references/video-audit/chapters/CH15_acuse_de_inventario_y_catalogos_de_items/detail_crops/CH15-E0140_00h49m23s200ms_DETAIL.jpg se abrió para comprobar el detalle.
CH15-E0141,00:49:26.000,references/video-audit/chapters/CH15_acuse_de_inventario_y_catalogos_de_items/event_frames/CH15-E0141_00h49m26s000ms_settled.jpg,references/video-audit/chapters/CH15_acuse_de_inventario_y_catalogos_de_items/detail_crops/CH15-E0141_00h49m26s000ms_DETAIL.jpg,Items / Servicios,"CH15-E0141 @ 00:49:26.000: El catálogo de Servicios se desplaza por prestaciones activas de enfermería, nutrición, terapias, transporte, alquiler de equipo y atención médica; conserva Tipo de producto, Categoría, Impuesto y Descuento.",código; nombre; tipo de producto; categoría; impuesto; descuento; estado activo; búsqueda; paginación,"El catálogo de Servicios se desplaza por prestaciones activas de enfermería, nutrición, terapias, transporte, alquiler de equipo y atención médica; conserva Tipo de producto, Categoría, Impuesto y Descuento.",VISIBLE,HIGH,NOT_TESTABLE,Auditoría de evidencia fuente; la comparación funcional de la plataforma corresponde al hilo principal.,Evento localizado una sola vez en las hojas de contacto y contrastado con references/video-audit/chapters/CH15_acuse_de_inventario_y_catalogos_de_items/event_frames/CH15-E0141_00h49m26s000ms_settled.jpg; el recorte asociado references/video-audit/chapters/CH15_acuse_de_inventario_y_catalogos_de_items/detail_crops/CH15-E0141_00h49m26s000ms_DETAIL.jpg se abrió para comprobar el detalle.
CH15-E0142,00:49:32.000,references/video-audit/chapters/CH15_acuse_de_inventario_y_catalogos_de_items/event_frames/CH15-E0142_00h49m32s000ms_abrupt_change.jpg,,Descuentos,CH15-E0142 @ 00:49:32.000: La navegación abre Descuentos y la matriz aparece vacía mientras carga.,descuentos; acciones; nombre; descripción; servicios; laboratorios; medicamentos; equipos; insumos; honorarios,La navegación abre Descuentos y la matriz aparece vacía mientras carga.,VISIBLE,HIGH,NOT_TESTABLE,Auditoría de evidencia fuente; la comparación funcional de la plataforma corresponde al hilo principal.,Evento localizado una sola vez en las hojas de contacto y contrastado con references/video-audit/chapters/CH15_acuse_de_inventario_y_catalogos_de_items/event_frames/CH15-E0142_00h49m32s000ms_abrupt_change.jpg.
CH15-E0143,00:49:32.600,references/video-audit/chapters/CH15_acuse_de_inventario_y_catalogos_de_items/event_frames/CH15-E0143_00h49m32s600ms_abrupt_change.jpg,,Descuentos,CH15-E0143 @ 00:49:32.600: La navegación abre Descuentos y la matriz aparece vacía mientras carga.,descuentos; acciones; nombre; descripción; servicios; laboratorios; medicamentos; equipos; insumos; honorarios,La navegación abre Descuentos y la matriz aparece vacía mientras carga.,VISIBLE,HIGH,NOT_TESTABLE,Auditoría de evidencia fuente; la comparación funcional de la plataforma corresponde al hilo principal.,Evento localizado una sola vez en las hojas de contacto y contrastado con references/video-audit/chapters/CH15_acuse_de_inventario_y_catalogos_de_items/event_frames/CH15-E0143_00h49m32s600ms_abrupt_change.jpg.
CH15-E0144,00:49:33.200,references/video-audit/chapters/CH15_acuse_de_inventario_y_catalogos_de_items/event_frames/CH15-E0144_00h49m33s200ms_abrupt_change.jpg,references/video-audit/chapters/CH15_acuse_de_inventario_y_catalogos_de_items/detail_crops/CH15-E0144_00h49m33s200ms_DETAIL.jpg,Descuentos,"CH15-E0144 @ 00:49:33.200: La matriz de descuentos carga perfiles con columnas separadas para Servicios, Laboratorios, Medicamentos, Equipos, Insumos y Honorarios, además de Acciones, Nombre y Descripción.",acciones; nombre; descripción; servicios; laboratorios; medicamentos; equipos; insumos; honorarios; búsqueda; paginación; excel,"La matriz de descuentos carga perfiles con columnas separadas para Servicios, Laboratorios, Medicamentos, Equipos, Insumos y Honorarios, además de Acciones, Nombre y Descripción.",VISIBLE,HIGH,NOT_TESTABLE,Auditoría de evidencia fuente; la comparación funcional de la plataforma corresponde al hilo principal.,Evento localizado una sola vez en las hojas de contacto y contrastado con references/video-audit/chapters/CH15_acuse_de_inventario_y_catalogos_de_items/event_frames/CH15-E0144_00h49m33s200ms_abrupt_change.jpg; el recorte asociado references/video-audit/chapters/CH15_acuse_de_inventario_y_catalogos_de_items/detail_crops/CH15-E0144_00h49m33s200ms_DETAIL.jpg se abrió para comprobar el detalle.
CH15-E0145,00:49:34.000,references/video-audit/chapters/CH15_acuse_de_inventario_y_catalogos_de_items/event_frames/CH15-E0145_00h49m34s000ms_settled.jpg,references/video-audit/chapters/CH15_acuse_de_inventario_y_catalogos_de_items/detail_crops/CH15-E0145_00h49m34s000ms_DETAIL.jpg,Descuentos,"CH15-E0145 @ 00:49:34.000: La matriz de descuentos carga perfiles con columnas separadas para Servicios, Laboratorios, Medicamentos, Equipos, Insumos y Honorarios, además de Acciones, Nombre y Descripción.",acciones; nombre; descripción; servicios; laboratorios; medicamentos; equipos; insumos; honorarios; búsqueda; paginación; excel,"La matriz de descuentos carga perfiles con columnas separadas para Servicios, Laboratorios, Medicamentos, Equipos, Insumos y Honorarios, además de Acciones, Nombre y Descripción.",VISIBLE,HIGH,NOT_TESTABLE,Auditoría de evidencia fuente; la comparación funcional de la plataforma corresponde al hilo principal.,Evento localizado una sola vez en las hojas de contacto y contrastado con references/video-audit/chapters/CH15_acuse_de_inventario_y_catalogos_de_items/event_frames/CH15-E0145_00h49m34s000ms_settled.jpg; el recorte asociado references/video-audit/chapters/CH15_acuse_de_inventario_y_catalogos_de_items/detail_crops/CH15-E0145_00h49m34s000ms_DETAIL.jpg se abrió para comprobar el detalle.
CH15-E0146,00:49:37.400,references/video-audit/chapters/CH15_acuse_de_inventario_y_catalogos_de_items/event_frames/CH15-E0146_00h49m37s400ms_abrupt_change.jpg,,Descuentos,"CH15-E0146 @ 00:49:37.400: La matriz de descuentos carga perfiles con columnas separadas para Servicios, Laboratorios, Medicamentos, Equipos, Insumos y Honorarios, además de Acciones, Nombre y Descripción.",acciones; nombre; descripción; servicios; laboratorios; medicamentos; equipos; insumos; honorarios; búsqueda; paginación; excel,"La matriz de descuentos carga perfiles con columnas separadas para Servicios, Laboratorios, Medicamentos, Equipos, Insumos y Honorarios, además de Acciones, Nombre y Descripción.",VISIBLE,HIGH,NOT_TESTABLE,Auditoría de evidencia fuente; la comparación funcional de la plataforma corresponde al hilo principal.,Evento localizado una sola vez en las hojas de contacto y contrastado con references/video-audit/chapters/CH15_acuse_de_inventario_y_catalogos_de_items/event_frames/CH15-E0146_00h49m37s400ms_abrupt_change.jpg.
CH15-E0147,00:49:38.200,references/video-audit/chapters/CH15_acuse_de_inventario_y_catalogos_de_items/event_frames/CH15-E0147_00h49m38s200ms_stable_change.jpg,,Descuentos,"CH15-E0147 @ 00:49:38.200: La matriz de descuentos carga perfiles con columnas separadas para Servicios, Laboratorios, Medicamentos, Equipos, Insumos y Honorarios, además de Acciones, Nombre y Descripción.",acciones; nombre; descripción; servicios; laboratorios; medicamentos; equipos; insumos; honorarios; búsqueda; paginación; excel,"La matriz de descuentos carga perfiles con columnas separadas para Servicios, Laboratorios, Medicamentos, Equipos, Insumos y Honorarios, además de Acciones, Nombre y Descripción.",VISIBLE,HIGH,NOT_TESTABLE,Auditoría de evidencia fuente; la comparación funcional de la plataforma corresponde al hilo principal.,Evento localizado una sola vez en las hojas de contacto y contrastado con references/video-audit/chapters/CH15_acuse_de_inventario_y_catalogos_de_items/event_frames/CH15-E0147_00h49m38s200ms_stable_change.jpg.
CH15-E0148,00:49:41.400,references/video-audit/chapters/CH15_acuse_de_inventario_y_catalogos_de_items/event_frames/CH15-E0148_00h49m41s400ms_settled.jpg,references/video-audit/chapters/CH15_acuse_de_inventario_y_catalogos_de_items/detail_crops/CH15-E0148_00h49m41s400ms_DETAIL.jpg,Descuentos,"CH15-E0148 @ 00:49:41.400: La matriz de descuentos carga perfiles con columnas separadas para Servicios, Laboratorios, Medicamentos, Equipos, Insumos y Honorarios, además de Acciones, Nombre y Descripción.",acciones; nombre; descripción; servicios; laboratorios; medicamentos; equipos; insumos; honorarios; búsqueda; paginación; excel,"La matriz de descuentos carga perfiles con columnas separadas para Servicios, Laboratorios, Medicamentos, Equipos, Insumos y Honorarios, además de Acciones, Nombre y Descripción.",VISIBLE,HIGH,NOT_TESTABLE,Auditoría de evidencia fuente; la comparación funcional de la plataforma corresponde al hilo principal.,Evento localizado una sola vez en las hojas de contacto y contrastado con references/video-audit/chapters/CH15_acuse_de_inventario_y_catalogos_de_items/event_frames/CH15-E0148_00h49m41s400ms_settled.jpg; el recorte asociado references/video-audit/chapters/CH15_acuse_de_inventario_y_catalogos_de_items/detail_crops/CH15-E0148_00h49m41s400ms_DETAIL.jpg se abrió para comprobar el detalle.
