"requirement_id","requirement_type","chapter_id","event_ids","timestamps","feature_group","page","tab","control_type","visible_label","expected_behavior","expected_data","expected_validation","expected_permission","expected_state_changes","expected_error_behavior","expected_print_behavior","source_evidence","current_implementation_file","current_implementation_function","current_data_contract","current_test","status","defect_ids","client_blocker_ids","acceptance_criteria"
"CH01-R001","VIDEO_REQUIREMENT","CH01","CH01-E0002 | CH01-E0003","00:00:05.600 | 00:00:06.200","navigation","Paciente","","deep_link","/pacientes.php","Un enlace profundo abre Pacientes con sesión; sin sesión muestra login y conserva un retorno seguro.","Datos sintéticos y alcance de la organización activa.","Entrada válida, estado vacío y error accionable sin revelar existencia de registros.","Permiso explícito de lectura o escritura aplicado en navegación, control, store y persistencia.","El estado visible cambia sólo después de completar la operación autorizada.","Error accesible y genérico; no mostrar éxito anticipado.","NO_APLICA","{""chapter_id"":""CH01"",""event_id"":""CH01-E0002"",""timestamp"":""00:00:05.600"",""image"":""references/video-audit/chapters/CH01_contexto_inicial_acceso_dashboard_y_listado_de_pacientes/event_frames/CH01-E0002_00h00m05s600ms_abrupt_change.jpg"",""detail_crop"":""references/video-audit/chapters/CH01_contexto_inicial_acceso_dashboard_y_listado_de_pacientes/detail_crops/CH01-E0002_00h00m05s600ms_DETAIL.jpg"",""transcript"":""references/video-audit/chapters/CH01_contexto_inicial_acceso_dashboard_y_listado_de_pacientes/transcript_raw.txt""} | {""chapter_id"":""CH01"",""event_id"":""CH01-E0003"",""timestamp"":""00:00:06.200"",""image"":""references/video-audit/chapters/CH01_contexto_inicial_acceso_dashboard_y_listado_de_pacientes/event_frames/CH01-E0003_00h00m06s200ms_stable_change.jpg"",""detail_crop"":""references/video-audit/chapters/CH01_contexto_inicial_acceso_dashboard_y_listado_de_pacientes/detail_crops/CH01-E0003_00h00m06s200ms_DETAIL.jpg"",""transcript"":""references/video-audit/chapters/CH01_contexto_inicial_acceso_dashboard_y_listado_de_pacientes/transcript_raw.txt""}","app/main.js","routeFromHash","Estado mock persistido en localStorage; Supabase todavía no validado en runtime.","NONE","IMPLEMENTED_PARTIAL","BASE-P1-014","","Un enlace profundo abre Pacientes con sesión; sin sesión muestra login y conserva un retorno seguro. | Persiste después de recargar cuando la acción modifica datos. | Respeta rol y organización. | Tiene prueba automatizada específica y prueba de navegador cuando corresponde."
"CH01-R002","VIDEO_REQUIREMENT","CH01","CH01-E0009","00:00:56.200","patients_tabs","Pacientes","Activos","tab","Activos","Selecciona y pagina únicamente pacientes activos.","Datos sintéticos y alcance de la organización activa.","Entrada válida, estado vacío y error accionable sin revelar existencia de registros.","Permiso explícito de lectura o escritura aplicado en navegación, control, store y persistencia.","El estado visible cambia sólo después de completar la operación autorizada.","Error accesible y genérico; no mostrar éxito anticipado.","NO_APLICA","{""chapter_id"":""CH01"",""event_id"":""CH01-E0009"",""timestamp"":""00:00:56.200"",""image"":""references/video-audit/chapters/CH01_contexto_inicial_acceso_dashboard_y_listado_de_pacientes/event_frames/CH01-E0009_00h00m56s200ms_abrupt_change.jpg"",""detail_crop"":"""",""transcript"":""references/video-audit/chapters/CH01_contexto_inicial_acceso_dashboard_y_listado_de_pacientes/transcript_raw.txt""}","app/views.js","renderPatients","Estado mock persistido en localStorage; Supabase todavía no validado en runtime.","tests/e2e/ch01.spec.mjs","IMPLEMENTED_PARTIAL","BASE-P1-006","","Selecciona y pagina únicamente pacientes activos. | Persiste después de recargar cuando la acción modifica datos. | Respeta rol y organización. | Tiene prueba automatizada específica y prueba de navegador cuando corresponde."
"CH01-R003","VIDEO_REQUIREMENT","CH01","CH01-E0009","00:00:56.200","patients_tabs","Pacientes","Inactivos","tab","Inactivos","Selecciona y pagina únicamente pacientes inactivos.","Datos sintéticos y alcance de la organización activa.","Entrada válida, estado vacío y error accionable sin revelar existencia de registros.","Permiso explícito de lectura o escritura aplicado en navegación, control, store y persistencia.","El estado visible cambia sólo después de completar la operación autorizada.","Error accesible y genérico; no mostrar éxito anticipado.","NO_APLICA","{""chapter_id"":""CH01"",""event_id"":""CH01-E0009"",""timestamp"":""00:00:56.200"",""image"":""references/video-audit/chapters/CH01_contexto_inicial_acceso_dashboard_y_listado_de_pacientes/event_frames/CH01-E0009_00h00m56s200ms_abrupt_change.jpg"",""detail_crop"":"""",""transcript"":""references/video-audit/chapters/CH01_contexto_inicial_acceso_dashboard_y_listado_de_pacientes/transcript_raw.txt""}","app/views.js","renderPatients","Estado mock persistido en localStorage; Supabase todavía no validado en runtime.","tests/e2e/ch01.spec.mjs","IMPLEMENTED_PARTIAL","BASE-P1-006","","Selecciona y pagina únicamente pacientes inactivos. | Persiste después de recargar cuando la acción modifica datos. | Respeta rol y organización. | Tiene prueba automatizada específica y prueba de navegador cuando corresponde."
"CH01-R004","VIDEO_REQUIREMENT","CH01","CH01-E0009","00:00:56.200","patients_tabs","Pacientes","Carga masiva","tab","Carga masiva","Abre el flujo real de carga masiva con validación por fila y resumen de errores.","Datos sintéticos y alcance de la organización activa.","Entrada válida, estado vacío y error accionable sin revelar existencia de registros.","Permiso explícito de lectura o escritura aplicado en navegación, control, store y persistencia.","El estado visible cambia sólo después de completar la operación autorizada.","Error accesible y genérico; no mostrar éxito anticipado.","NO_APLICA","{""chapter_id"":""CH01"",""event_id"":""CH01-E0009"",""timestamp"":""00:00:56.200"",""image"":""references/video-audit/chapters/CH01_contexto_inicial_acceso_dashboard_y_listado_de_pacientes/event_frames/CH01-E0009_00h00m56s200ms_abrupt_change.jpg"",""detail_crop"":"""",""transcript"":""references/video-audit/chapters/CH01_contexto_inicial_acceso_dashboard_y_listado_de_pacientes/transcript_raw.txt""}","app/store.js","importPatients","Estado mock persistido en localStorage; Supabase todavía no validado en runtime.","tests/ch01-parity.test.mjs; tests/e2e/ch01.spec.mjs","IMPLEMENTED_PARTIAL","BASE-P1-006 | BASE-P0-017","","Abre el flujo real de carga masiva con validación por fila y resumen de errores. | Persiste después de recargar cuando la acción modifica datos. | Respeta rol y organización. | Tiene prueba automatizada específica y prueba de navegador cuando corresponde."
"CH01-R005","VIDEO_REQUIREMENT","CH01","CH01-E0009","00:00:56.200","patients_actions","Pacientes","","button","Excel","Exporta el conjunto filtrado autorizado en un archivo utilizable.","Datos sintéticos y alcance de la organización activa.","Entrada válida, estado vacío y error accionable sin revelar existencia de registros.","Permiso explícito de lectura o escritura aplicado en navegación, control, store y persistencia.","El estado visible cambia sólo después de completar la operación autorizada.","Error accesible y genérico; no mostrar éxito anticipado.","NO_APLICA","{""chapter_id"":""CH01"",""event_id"":""CH01-E0009"",""timestamp"":""00:00:56.200"",""image"":""references/video-audit/chapters/CH01_contexto_inicial_acceso_dashboard_y_listado_de_pacientes/event_frames/CH01-E0009_00h00m56s200ms_abrupt_change.jpg"",""detail_crop"":"""",""transcript"":""references/video-audit/chapters/CH01_contexto_inicial_acceso_dashboard_y_listado_de_pacientes/transcript_raw.txt""}","app/main.js","exportPatients","Estado mock persistido en localStorage; Supabase todavía no validado en runtime.","QA static only","IMPLEMENTED_PARTIAL","","","Exporta el conjunto filtrado autorizado en un archivo utilizable. | Persiste después de recargar cuando la acción modifica datos. | Respeta rol y organización. | Tiene prueba automatizada específica y prueba de navegador cuando corresponde."
"CH01-R006","VIDEO_REQUIREMENT","CH01","CH01-E0009","00:00:56.200","patients_actions","Pacientes","","button","Nuevo","Abre el alta de paciente únicamente para roles con patients:write.","Datos sintéticos y alcance de la organización activa.","Entrada válida, estado vacío y error accionable sin revelar existencia de registros.","Permiso explícito de lectura o escritura aplicado en navegación, control, store y persistencia.","El estado visible cambia sólo después de completar la operación autorizada.","Error accesible y genérico; no mostrar éxito anticipado.","NO_APLICA","{""chapter_id"":""CH01"",""event_id"":""CH01-E0009"",""timestamp"":""00:00:56.200"",""image"":""references/video-audit/chapters/CH01_contexto_inicial_acceso_dashboard_y_listado_de_pacientes/event_frames/CH01-E0009_00h00m56s200ms_abrupt_change.jpg"",""detail_crop"":"""",""transcript"":""references/video-audit/chapters/CH01_contexto_inicial_acceso_dashboard_y_listado_de_pacientes/transcript_raw.txt""}","app/main.js","openPatientForm","Estado mock persistido en localStorage; Supabase todavía no validado en runtime.","NONE","IMPLEMENTED_PARTIAL","","","Abre el alta de paciente únicamente para roles con patients:write. | Persiste después de recargar cuando la acción modifica datos. | Respeta rol y organización. | Tiene prueba automatizada específica y prueba de navegador cuando corresponde."
"CH01-R007","VIDEO_REQUIREMENT","CH01","CH01-E0009 | CH01-E0013","00:00:56.200 | 00:01:26.800","patients_filters","Pacientes","","search","Buscar","Filtra por los campos autorizados, conserva foco y combina con tab, orden y paginación.","Datos sintéticos y alcance de la organización activa.","Entrada válida, estado vacío y error accionable sin revelar existencia de registros.","Permiso explícito de lectura o escritura aplicado en navegación, control, store y persistencia.","El estado visible cambia sólo después de completar la operación autorizada.","Error accesible y genérico; no mostrar éxito anticipado.","NO_APLICA","{""chapter_id"":""CH01"",""event_id"":""CH01-E0009"",""timestamp"":""00:00:56.200"",""image"":""references/video-audit/chapters/CH01_contexto_inicial_acceso_dashboard_y_listado_de_pacientes/event_frames/CH01-E0009_00h00m56s200ms_abrupt_change.jpg"",""detail_crop"":"""",""transcript"":""references/video-audit/chapters/CH01_contexto_inicial_acceso_dashboard_y_listado_de_pacientes/transcript_raw.txt""} | {""chapter_id"":""CH01"",""event_id"":""CH01-E0013"",""timestamp"":""00:01:26.800"",""image"":""references/video-audit/chapters/CH01_contexto_inicial_acceso_dashboard_y_listado_de_pacientes/event_frames/CH01-E0013_00h01m26s800ms_settled.jpg"",""detail_crop"":""references/video-audit/chapters/CH01_contexto_inicial_acceso_dashboard_y_listado_de_pacientes/detail_crops/CH01-E0013_00h01m26s800ms_DETAIL.jpg"",""transcript"":""references/video-audit/chapters/CH01_contexto_inicial_acceso_dashboard_y_listado_de_pacientes/transcript_raw.txt""}","app/views.js","renderPatients","Estado mock persistido en localStorage; Supabase todavía no validado en runtime.","NONE","IMPLEMENTED_PARTIAL","","","Filtra por los campos autorizados, conserva foco y combina con tab, orden y paginación. | Persiste después de recargar cuando la acción modifica datos. | Respeta rol y organización. | Tiene prueba automatizada específica y prueba de navegador cuando corresponde."
"CH01-R008","VIDEO_REQUIREMENT","CH01","CH01-E0013","00:01:26.800","patients_pagination","Pacientes","","select","Registros","Cambia el tamaño de página sin perder filtros ni orden.","Datos sintéticos y alcance de la organización activa.","Entrada válida, estado vacío y error accionable sin revelar existencia de registros.","Permiso explícito de lectura o escritura aplicado en navegación, control, store y persistencia.","El estado visible cambia sólo después de completar la operación autorizada.","Error accesible y genérico; no mostrar éxito anticipado.","NO_APLICA","{""chapter_id"":""CH01"",""event_id"":""CH01-E0013"",""timestamp"":""00:01:26.800"",""image"":""references/video-audit/chapters/CH01_contexto_inicial_acceso_dashboard_y_listado_de_pacientes/event_frames/CH01-E0013_00h01m26s800ms_settled.jpg"",""detail_crop"":""references/video-audit/chapters/CH01_contexto_inicial_acceso_dashboard_y_listado_de_pacientes/detail_crops/CH01-E0013_00h01m26s800ms_DETAIL.jpg"",""transcript"":""references/video-audit/chapters/CH01_contexto_inicial_acceso_dashboard_y_listado_de_pacientes/transcript_raw.txt""}","app/main.js","patientPageSize change","Estado mock persistido en localStorage; Supabase todavía no validado en runtime.","tests/e2e/ch01.spec.mjs","IMPLEMENTED_EXACT","","","Cambia el tamaño de página sin perder filtros ni orden. | Persiste después de recargar cuando la acción modifica datos. | Respeta rol y organización. | Tiene prueba automatizada específica y prueba de navegador cuando corresponde."
"CH01-R009","VIDEO_REQUIREMENT","CH01","CH01-E0013","00:01:26.800","patients_pagination","Pacientes","","pagination","Anterior / 1 / 2 / 3 / Siguiente","Navega páginas reales, deshabilita límites y anuncia la página activa.","Datos sintéticos y alcance de la organización activa.","Entrada válida, estado vacío y error accionable sin revelar existencia de registros.","Permiso explícito de lectura o escritura aplicado en navegación, control, store y persistencia.","El estado visible cambia sólo después de completar la operación autorizada.","Error accesible y genérico; no mostrar éxito anticipado.","NO_APLICA","{""chapter_id"":""CH01"",""event_id"":""CH01-E0013"",""timestamp"":""00:01:26.800"",""image"":""references/video-audit/chapters/CH01_contexto_inicial_acceso_dashboard_y_listado_de_pacientes/event_frames/CH01-E0013_00h01m26s800ms_settled.jpg"",""detail_crop"":""references/video-audit/chapters/CH01_contexto_inicial_acceso_dashboard_y_listado_de_pacientes/detail_crops/CH01-E0013_00h01m26s800ms_DETAIL.jpg"",""transcript"":""references/video-audit/chapters/CH01_contexto_inicial_acceso_dashboard_y_listado_de_pacientes/transcript_raw.txt""}","app/views.js","renderPatients","Estado mock persistido en localStorage; Supabase todavía no validado en runtime.","tests/e2e/ch01.spec.mjs","IMPLEMENTED_EXACT","BASE-P1-008","","Navega páginas reales, deshabilita límites y anuncia la página activa. | Persiste después de recargar cuando la acción modifica datos. | Respeta rol y organización. | Tiene prueba automatizada específica y prueba de navegador cuando corresponde."
"CH01-R010","VIDEO_REQUIREMENT","CH01","CH01-E0012","00:01:25.000","patients_sort","Pacientes","","column_sort","Encabezados ordenables","Ordena ascendente/descendente y expone aria-sort.","Datos sintéticos y alcance de la organización activa.","Entrada válida, estado vacío y error accionable sin revelar existencia de registros.","Permiso explícito de lectura o escritura aplicado en navegación, control, store y persistencia.","El estado visible cambia sólo después de completar la operación autorizada.","Error accesible y genérico; no mostrar éxito anticipado.","NO_APLICA","{""chapter_id"":""CH01"",""event_id"":""CH01-E0012"",""timestamp"":""00:01:25.000"",""image"":""references/video-audit/chapters/CH01_contexto_inicial_acceso_dashboard_y_listado_de_pacientes/event_frames/CH01-E0012_00h01m25s000ms_abrupt_change.jpg"",""detail_crop"":"""",""transcript"":""references/video-audit/chapters/CH01_contexto_inicial_acceso_dashboard_y_listado_de_pacientes/transcript_raw.txt""}","app/views.js","renderPatients","Estado mock persistido en localStorage; Supabase todavía no validado en runtime.","tests/e2e/ch01.spec.mjs","IMPLEMENTED_EXACT","BASE-P1-008","","Ordena ascendente/descendente y expone aria-sort. | Persiste después de recargar cuando la acción modifica datos. | Respeta rol y organización. | Tiene prueba automatizada específica y prueba de navegador cuando corresponde."
"CH01-R011","VIDEO_REQUIREMENT","CH01","CH01-E0012 | CH01-E0013","00:01:25.000 | 00:01:26.800","patients_columns","Pacientes","","table_column","Acciones","Muestra acciones contextuales autorizadas por fila sin revelar controles no permitidos.","Datos sintéticos y alcance de la organización activa.","Entrada válida, estado vacío y error accionable sin revelar existencia de registros.","Permiso explícito de lectura o escritura aplicado en navegación, control, store y persistencia.","El estado visible cambia sólo después de completar la operación autorizada.","Error accesible y genérico; no mostrar éxito anticipado.","NO_APLICA","{""chapter_id"":""CH01"",""event_id"":""CH01-E0012"",""timestamp"":""00:01:25.000"",""image"":""references/video-audit/chapters/CH01_contexto_inicial_acceso_dashboard_y_listado_de_pacientes/event_frames/CH01-E0012_00h01m25s000ms_abrupt_change.jpg"",""detail_crop"":"""",""transcript"":""references/video-audit/chapters/CH01_contexto_inicial_acceso_dashboard_y_listado_de_pacientes/transcript_raw.txt""} | {""chapter_id"":""CH01"",""event_id"":""CH01-E0013"",""timestamp"":""00:01:26.800"",""image"":""references/video-audit/chapters/CH01_contexto_inicial_acceso_dashboard_y_listado_de_pacientes/event_frames/CH01-E0013_00h01m26s800ms_settled.jpg"",""detail_crop"":""references/video-audit/chapters/CH01_contexto_inicial_acceso_dashboard_y_listado_de_pacientes/detail_crops/CH01-E0013_00h01m26s800ms_DETAIL.jpg"",""transcript"":""references/video-audit/chapters/CH01_contexto_inicial_acceso_dashboard_y_listado_de_pacientes/transcript_raw.txt""}","app/views.js","renderPatients","Estado mock persistido en localStorage; Supabase todavía no validado en runtime.","NONE","IMPLEMENTED_PARTIAL","","","Muestra acciones contextuales autorizadas por fila sin revelar controles no permitidos. | Persiste después de recargar cuando la acción modifica datos. | Respeta rol y organización. | Tiene prueba automatizada específica y prueba de navegador cuando corresponde."
"CH01-R012","VIDEO_REQUIREMENT","CH01","CH01-E0012","00:01:25.000","patients_columns","Pacientes","","table_column","Documento","Muestra tipo y documento sintético normalizado.","Datos sintéticos y alcance de la organización activa.","Entrada válida, estado vacío y error accionable sin revelar existencia de registros.","Permiso explícito de lectura o escritura aplicado en navegación, control, store y persistencia.","El estado visible cambia sólo después de completar la operación autorizada.","Error accesible y genérico; no mostrar éxito anticipado.","NO_APLICA","{""chapter_id"":""CH01"",""event_id"":""CH01-E0012"",""timestamp"":""00:01:25.000"",""image"":""references/video-audit/chapters/CH01_contexto_inicial_acceso_dashboard_y_listado_de_pacientes/event_frames/CH01-E0012_00h01m25s000ms_abrupt_change.jpg"",""detail_crop"":"""",""transcript"":""references/video-audit/chapters/CH01_contexto_inicial_acceso_dashboard_y_listado_de_pacientes/transcript_raw.txt""}","app/views.js","renderPatients","Estado mock persistido en localStorage; Supabase todavía no validado en runtime.","NONE","IMPLEMENTED_PARTIAL","","","Muestra tipo y documento sintético normalizado. | Persiste después de recargar cuando la acción modifica datos. | Respeta rol y organización. | Tiene prueba automatizada específica y prueba de navegador cuando corresponde."
"CH01-R013","VIDEO_REQUIREMENT","CH01","CH01-E0012","00:01:25.000","patients_columns","Pacientes","","table_column","Nombre completo","Muestra el nombre completo y enlaza al detalle autorizado.","Datos sintéticos y alcance de la organización activa.","Entrada válida, estado vacío y error accionable sin revelar existencia de registros.","Permiso explícito de lectura o escritura aplicado en navegación, control, store y persistencia.","El estado visible cambia sólo después de completar la operación autorizada.","Error accesible y genérico; no mostrar éxito anticipado.","NO_APLICA","{""chapter_id"":""CH01"",""event_id"":""CH01-E0012"",""timestamp"":""00:01:25.000"",""image"":""references/video-audit/chapters/CH01_contexto_inicial_acceso_dashboard_y_listado_de_pacientes/event_frames/CH01-E0012_00h01m25s000ms_abrupt_change.jpg"",""detail_crop"":"""",""transcript"":""references/video-audit/chapters/CH01_contexto_inicial_acceso_dashboard_y_listado_de_pacientes/transcript_raw.txt""}","app/views.js","renderPatients","Estado mock persistido en localStorage; Supabase todavía no validado en runtime.","NONE","IMPLEMENTED_PARTIAL","","","Muestra el nombre completo y enlaza al detalle autorizado. | Persiste después de recargar cuando la acción modifica datos. | Respeta rol y organización. | Tiene prueba automatizada específica y prueba de navegador cuando corresponde."
"CH01-R014","VIDEO_REQUIREMENT","CH01","CH01-E0012","00:01:25.000","patients_columns","Pacientes","","table_column","Edad","Calcula edad desde fecha de nacimiento sin persistir un valor obsoleto.","Datos sintéticos y alcance de la organización activa.","Entrada válida, estado vacío y error accionable sin revelar existencia de registros.","Permiso explícito de lectura o escritura aplicado en navegación, control, store y persistencia.","El estado visible cambia sólo después de completar la operación autorizada.","Error accesible y genérico; no mostrar éxito anticipado.","NO_APLICA","{""chapter_id"":""CH01"",""event_id"":""CH01-E0012"",""timestamp"":""00:01:25.000"",""image"":""references/video-audit/chapters/CH01_contexto_inicial_acceso_dashboard_y_listado_de_pacientes/event_frames/CH01-E0012_00h01m25s000ms_abrupt_change.jpg"",""detail_crop"":"""",""transcript"":""references/video-audit/chapters/CH01_contexto_inicial_acceso_dashboard_y_listado_de_pacientes/transcript_raw.txt""}","app/domain.js","ageFromBirthDate","Estado mock persistido en localStorage; Supabase todavía no validado en runtime.","NONE","IMPLEMENTED_PARTIAL","","","Calcula edad desde fecha de nacimiento sin persistir un valor obsoleto. | Persiste después de recargar cuando la acción modifica datos. | Respeta rol y organización. | Tiene prueba automatizada específica y prueba de navegador cuando corresponde."
"CH01-R015","VIDEO_REQUIREMENT","CH01","CH01-E0012","00:01:25.000","patients_columns","Pacientes","","table_column","Empresa","Muestra la empresa de la organización autorizada o un estado explícito sin empresa.","Datos sintéticos y alcance de la organización activa.","Entrada válida, estado vacío y error accionable sin revelar existencia de registros.","Permiso explícito de lectura o escritura aplicado en navegación, control, store y persistencia.","El estado visible cambia sólo después de completar la operación autorizada.","Error accesible y genérico; no mostrar éxito anticipado.","NO_APLICA","{""chapter_id"":""CH01"",""event_id"":""CH01-E0012"",""timestamp"":""00:01:25.000"",""image"":""references/video-audit/chapters/CH01_contexto_inicial_acceso_dashboard_y_listado_de_pacientes/event_frames/CH01-E0012_00h01m25s000ms_abrupt_change.jpg"",""detail_crop"":"""",""transcript"":""references/video-audit/chapters/CH01_contexto_inicial_acceso_dashboard_y_listado_de_pacientes/transcript_raw.txt""}","app/views.js","renderPatients","Estado mock persistido en localStorage; Supabase todavía no validado en runtime.","tests/e2e/ch01.spec.mjs","IMPLEMENTED_PARTIAL","BASE-P1-007","","Muestra la empresa de la organización autorizada o un estado explícito sin empresa. | Persiste después de recargar cuando la acción modifica datos. | Respeta rol y organización. | Tiene prueba automatizada específica y prueba de navegador cuando corresponde."
"CH01-R016","VIDEO_REQUIREMENT","CH01","CH01-E0012","00:01:25.000","patients_columns","Pacientes","","status_badge","Triage","Muestra el valor configurado sin inventar significado ni umbrales clínicos.","Datos sintéticos y alcance de la organización activa.","Entrada válida, estado vacío y error accionable sin revelar existencia de registros.","Permiso explícito de lectura o escritura aplicado en navegación, control, store y persistencia.","El estado visible cambia sólo después de completar la operación autorizada.","Error accesible y genérico; no mostrar éxito anticipado.","NO_APLICA","{""chapter_id"":""CH01"",""event_id"":""CH01-E0012"",""timestamp"":""00:01:25.000"",""image"":""references/video-audit/chapters/CH01_contexto_inicial_acceso_dashboard_y_listado_de_pacientes/event_frames/CH01-E0012_00h01m25s000ms_abrupt_change.jpg"",""detail_crop"":"""",""transcript"":""references/video-audit/chapters/CH01_contexto_inicial_acceso_dashboard_y_listado_de_pacientes/transcript_raw.txt""}","app/views.js","renderPatients","Estado mock persistido en localStorage; Supabase todavía no validado en runtime.","tests/e2e/ch01.spec.mjs","IMPLEMENTED_PARTIAL","","","Muestra el valor configurado sin inventar significado ni umbrales clínicos. | Persiste después de recargar cuando la acción modifica datos. | Respeta rol y organización. | Tiene prueba automatizada específica y prueba de navegador cuando corresponde."
"CH01-R017","VIDEO_REQUIREMENT","CH01","CH01-E0012","00:01:25.000","patients_columns","Pacientes","","notification_status","Notif. Botmaker","Muestra estado de consentimiento/canal sin enviar contenido clínico y permite acciones sólo con permiso.","Datos sintéticos y alcance de la organización activa.","Entrada válida, estado vacío y error accionable sin revelar existencia de registros.","Permiso explícito de lectura o escritura aplicado en navegación, control, store y persistencia.","El estado visible cambia sólo después de completar la operación autorizada.","Error accesible y genérico; no mostrar éxito anticipado.","NO_APLICA","{""chapter_id"":""CH01"",""event_id"":""CH01-E0012"",""timestamp"":""00:01:25.000"",""image"":""references/video-audit/chapters/CH01_contexto_inicial_acceso_dashboard_y_listado_de_pacientes/event_frames/CH01-E0012_00h01m25s000ms_abrupt_change.jpg"",""detail_crop"":"""",""transcript"":""references/video-audit/chapters/CH01_contexto_inicial_acceso_dashboard_y_listado_de_pacientes/transcript_raw.txt""}","app/views.js","","Estado mock persistido en localStorage; Supabase todavía no validado en runtime.","NONE","NEEDS_CLIENT_CONFIRMATION","BASE-P1-007","CH01-Q005","Muestra estado de consentimiento/canal sin enviar contenido clínico y permite acciones sólo con permiso. | Persiste después de recargar cuando la acción modifica datos. | Respeta rol y organización. | Tiene prueba automatizada específica y prueba de navegador cuando corresponde."
"CH01-R018","VIDEO_REQUIREMENT","CH01","CH01-E0012","00:01:25.000","patients_columns","Pacientes","","status_badge","Estado","Muestra Activo/Inactivo y coincide con el tab seleccionado.","Datos sintéticos y alcance de la organización activa.","Entrada válida, estado vacío y error accionable sin revelar existencia de registros.","Permiso explícito de lectura o escritura aplicado en navegación, control, store y persistencia.","El estado visible cambia sólo después de completar la operación autorizada.","Error accesible y genérico; no mostrar éxito anticipado.","NO_APLICA","{""chapter_id"":""CH01"",""event_id"":""CH01-E0012"",""timestamp"":""00:01:25.000"",""image"":""references/video-audit/chapters/CH01_contexto_inicial_acceso_dashboard_y_listado_de_pacientes/event_frames/CH01-E0012_00h01m25s000ms_abrupt_change.jpg"",""detail_crop"":"""",""transcript"":""references/video-audit/chapters/CH01_contexto_inicial_acceso_dashboard_y_listado_de_pacientes/transcript_raw.txt""}","app/views.js","renderPatients","Estado mock persistido en localStorage; Supabase todavía no validado en runtime.","NONE","IMPLEMENTED_PARTIAL","","","Muestra Activo/Inactivo y coincide con el tab seleccionado. | Persiste después de recargar cuando la acción modifica datos. | Respeta rol y organización. | Tiene prueba automatizada específica y prueba de navegador cuando corresponde."
"CH01-R019","VIDEO_REQUIREMENT","CH01","CH01-E0010 | CH01-E0011","00:01:24.200 | 00:01:24.600","patients_states","Pacientes","","loading_state","Cargando...","Muestra sólo el estado de carga, con anuncio accesible, sin coexistir con vacío.","Datos sintéticos y alcance de la organización activa.","Entrada válida, estado vacío y error accionable sin revelar existencia de registros.","Permiso explícito de lectura o escritura aplicado en navegación, control, store y persistencia.","El estado visible cambia sólo después de completar la operación autorizada.","Error accesible y genérico; no mostrar éxito anticipado.","NO_APLICA","{""chapter_id"":""CH01"",""event_id"":""CH01-E0010"",""timestamp"":""00:01:24.200"",""image"":""references/video-audit/chapters/CH01_contexto_inicial_acceso_dashboard_y_listado_de_pacientes/event_frames/CH01-E0010_00h01m24s200ms_abrupt_change.jpg"",""detail_crop"":"""",""transcript"":""references/video-audit/chapters/CH01_contexto_inicial_acceso_dashboard_y_listado_de_pacientes/transcript_raw.txt""} | {""chapter_id"":""CH01"",""event_id"":""CH01-E0011"",""timestamp"":""00:01:24.600"",""image"":""references/video-audit/chapters/CH01_contexto_inicial_acceso_dashboard_y_listado_de_pacientes/event_frames/CH01-E0011_00h01m24s600ms_abrupt_change.jpg"",""detail_crop"":"""",""transcript"":""references/video-audit/chapters/CH01_contexto_inicial_acceso_dashboard_y_listado_de_pacientes/transcript_raw.txt""}","app/views.js","renderPatients","Estado mock persistido en localStorage; Supabase todavía no validado en runtime.","tests/ch01-parity.test.mjs","IMPLEMENTED_PARTIAL","BASE-P1-011","","Muestra sólo el estado de carga, con anuncio accesible, sin coexistir con vacío. | Persiste después de recargar cuando la acción modifica datos. | Respeta rol y organización. | Tiene prueba automatizada específica y prueba de navegador cuando corresponde."
"CH01-R020","VIDEO_REQUIREMENT","CH01","CH01-E0011","00:01:24.600","patients_states","Pacientes","","empty_state","No hay registros disponibles","Aparece únicamente tras una respuesta exitosa sin filas y conserva filtros accionables.","Datos sintéticos y alcance de la organización activa.","Entrada válida, estado vacío y error accionable sin revelar existencia de registros.","Permiso explícito de lectura o escritura aplicado en navegación, control, store y persistencia.","El estado visible cambia sólo después de completar la operación autorizada.","Error accesible y genérico; no mostrar éxito anticipado.","NO_APLICA","{""chapter_id"":""CH01"",""event_id"":""CH01-E0011"",""timestamp"":""00:01:24.600"",""image"":""references/video-audit/chapters/CH01_contexto_inicial_acceso_dashboard_y_listado_de_pacientes/event_frames/CH01-E0011_00h01m24s600ms_abrupt_change.jpg"",""detail_crop"":"""",""transcript"":""references/video-audit/chapters/CH01_contexto_inicial_acceso_dashboard_y_listado_de_pacientes/transcript_raw.txt""}","app/views.js","emptyState","Estado mock persistido en localStorage; Supabase todavía no validado en runtime.","NONE","IMPLEMENTED_PARTIAL","BASE-P1-011","","Aparece únicamente tras una respuesta exitosa sin filas y conserva filtros accionables. | Persiste después de recargar cuando la acción modifica datos. | Respeta rol y organización. | Tiene prueba automatizada específica y prueba de navegador cuando corresponde."
"CH01-R021","VIDEO_REQUIREMENT","CH01","CH01-E0011","00:01:24.600","patients_states","Pacientes","","error_state","Error de carga","Distingue un error de red/persistencia del estado vacío y permite reintentar.","Datos sintéticos y alcance de la organización activa.","Entrada válida, estado vacío y error accionable sin revelar existencia de registros.","Permiso explícito de lectura o escritura aplicado en navegación, control, store y persistencia.","El estado visible cambia sólo después de completar la operación autorizada.","Error accesible y genérico; no mostrar éxito anticipado.","NO_APLICA","{""chapter_id"":""CH01"",""event_id"":""CH01-E0011"",""timestamp"":""00:01:24.600"",""image"":""references/video-audit/chapters/CH01_contexto_inicial_acceso_dashboard_y_listado_de_pacientes/event_frames/CH01-E0011_00h01m24s600ms_abrupt_change.jpg"",""detail_crop"":"""",""transcript"":""references/video-audit/chapters/CH01_contexto_inicial_acceso_dashboard_y_listado_de_pacientes/transcript_raw.txt""}","app/views.js","renderPatients","Estado mock persistido en localStorage; Supabase todavía no validado en runtime.","NONE","IMPLEMENTED_PARTIAL","BASE-P1-011","","Distingue un error de red/persistencia del estado vacío y permite reintentar. | Persiste después de recargar cuando la acción modifica datos. | Respeta rol y organización. | Tiene prueba automatizada específica y prueba de navegador cuando corresponde."
"CH01-R022","VIDEO_REQUIREMENT","CH01","CH01-E0010 | CH01-E0014 | CH01-E0015","00:01:24.200 | 00:01:28.800 | 00:01:29.200","navigation","Shell","","sidebar_toggle","Menú","Alterna sidebar compacto/expandido en escritorio, conserva ruta y expone aria-expanded.","Datos sintéticos y alcance de la organización activa.","Entrada válida, estado vacío y error accionable sin revelar existencia de registros.","Permiso explícito de lectura o escritura aplicado en navegación, control, store y persistencia.","El estado visible cambia sólo después de completar la operación autorizada.","Error accesible y genérico; no mostrar éxito anticipado.","NO_APLICA","{""chapter_id"":""CH01"",""event_id"":""CH01-E0010"",""timestamp"":""00:01:24.200"",""image"":""references/video-audit/chapters/CH01_contexto_inicial_acceso_dashboard_y_listado_de_pacientes/event_frames/CH01-E0010_00h01m24s200ms_abrupt_change.jpg"",""detail_crop"":"""",""transcript"":""references/video-audit/chapters/CH01_contexto_inicial_acceso_dashboard_y_listado_de_pacientes/transcript_raw.txt""} | {""chapter_id"":""CH01"",""event_id"":""CH01-E0014"",""timestamp"":""00:01:28.800"",""image"":""references/video-audit/chapters/CH01_contexto_inicial_acceso_dashboard_y_listado_de_pacientes/event_frames/CH01-E0014_00h01m28s800ms_abrupt_change.jpg"",""detail_crop"":"""",""transcript"":""references/video-audit/chapters/CH01_contexto_inicial_acceso_dashboard_y_listado_de_pacientes/transcript_raw.txt""} | {""chapter_id"":""CH01"",""event_id"":""CH01-E0015"",""timestamp"":""00:01:29.200"",""image"":""references/video-audit/chapters/CH01_contexto_inicial_acceso_dashboard_y_listado_de_pacientes/event_frames/CH01-E0015_00h01m29s200ms_abrupt_change.jpg"",""detail_crop"":"""",""transcript"":""references/video-audit/chapters/CH01_contexto_inicial_acceso_dashboard_y_listado_de_pacientes/transcript_raw.txt""}","app/main.js","toggle-sidebar","Estado mock persistido en localStorage; Supabase todavía no validado en runtime.","NONE","IMPLEMENTED_PARTIAL","","","Alterna sidebar compacto/expandido en escritorio, conserva ruta y expone aria-expanded. | Persiste después de recargar cuando la acción modifica datos. | Respeta rol y organización. | Tiene prueba automatizada específica y prueba de navegador cuando corresponde."
"CH01-R023","VIDEO_REQUIREMENT","CH01","CH01-E0014 | CH01-E0016","00:01:28.800 | 00:01:30.200","navigation","Shell","","navigation_group","Facturación / Clínica / Operaciones / Inventario / RRHH / Items y Maestros","Grupos jerárquicos se expanden por teclado/puntero y filtran submódulos por rol.","Datos sintéticos y alcance de la organización activa.","Entrada válida, estado vacío y error accionable sin revelar existencia de registros.","Permiso explícito de lectura o escritura aplicado en navegación, control, store y persistencia.","El estado visible cambia sólo después de completar la operación autorizada.","Error accesible y genérico; no mostrar éxito anticipado.","NO_APLICA","{""chapter_id"":""CH01"",""event_id"":""CH01-E0014"",""timestamp"":""00:01:28.800"",""image"":""references/video-audit/chapters/CH01_contexto_inicial_acceso_dashboard_y_listado_de_pacientes/event_frames/CH01-E0014_00h01m28s800ms_abrupt_change.jpg"",""detail_crop"":"""",""transcript"":""references/video-audit/chapters/CH01_contexto_inicial_acceso_dashboard_y_listado_de_pacientes/transcript_raw.txt""} | {""chapter_id"":""CH01"",""event_id"":""CH01-E0016"",""timestamp"":""00:01:30.200"",""image"":""references/video-audit/chapters/CH01_contexto_inicial_acceso_dashboard_y_listado_de_pacientes/event_frames/CH01-E0016_00h01m30s200ms_motion_progress.jpg"",""detail_crop"":""references/video-audit/chapters/CH01_contexto_inicial_acceso_dashboard_y_listado_de_pacientes/detail_crops/CH01-E0016_00h01m30s200ms_DETAIL.jpg"",""transcript"":""references/video-audit/chapters/CH01_contexto_inicial_acceso_dashboard_y_listado_de_pacientes/transcript_raw.txt""}","app/views.js","renderNavigation","Estado mock persistido en localStorage; Supabase todavía no validado en runtime.","tests/e2e/ch01.spec.mjs","IMPLEMENTED_EXACT","","","Grupos jerárquicos se expanden por teclado/puntero y filtran submódulos por rol. | Persiste después de recargar cuando la acción modifica datos. | Respeta rol y organización. | Tiene prueba automatizada específica y prueba de navegador cuando corresponde."
"CH01-R024","VIDEO_REQUIREMENT","CH01","CH01-E0013 | CH01-E0017","00:01:26.800 | 00:01:30.800","navigation","Shell","","active_route","Módulo activo","Hover/foco no reemplaza el estado activo; la navegación actualiza aria-current.","Datos sintéticos y alcance de la organización activa.","Entrada válida, estado vacío y error accionable sin revelar existencia de registros.","Permiso explícito de lectura o escritura aplicado en navegación, control, store y persistencia.","El estado visible cambia sólo después de completar la operación autorizada.","Error accesible y genérico; no mostrar éxito anticipado.","NO_APLICA","{""chapter_id"":""CH01"",""event_id"":""CH01-E0013"",""timestamp"":""00:01:26.800"",""image"":""references/video-audit/chapters/CH01_contexto_inicial_acceso_dashboard_y_listado_de_pacientes/event_frames/CH01-E0013_00h01m26s800ms_settled.jpg"",""detail_crop"":""references/video-audit/chapters/CH01_contexto_inicial_acceso_dashboard_y_listado_de_pacientes/detail_crops/CH01-E0013_00h01m26s800ms_DETAIL.jpg"",""transcript"":""references/video-audit/chapters/CH01_contexto_inicial_acceso_dashboard_y_listado_de_pacientes/transcript_raw.txt""} | {""chapter_id"":""CH01"",""event_id"":""CH01-E0017"",""timestamp"":""00:01:30.800"",""image"":""references/video-audit/chapters/CH01_contexto_inicial_acceso_dashboard_y_listado_de_pacientes/event_frames/CH01-E0017_00h01m30s800ms_stable_change.jpg"",""detail_crop"":""references/video-audit/chapters/CH01_contexto_inicial_acceso_dashboard_y_listado_de_pacientes/detail_crops/CH01-E0017_00h01m30s800ms_DETAIL.jpg"",""transcript"":""references/video-audit/chapters/CH01_contexto_inicial_acceso_dashboard_y_listado_de_pacientes/transcript_raw.txt""}","app/views.js","renderNavigation","Estado mock persistido en localStorage; Supabase todavía no validado en runtime.","NONE","IMPLEMENTED_PARTIAL","","","Hover/foco no reemplaza el estado activo; la navegación actualiza aria-current. | Persiste después de recargar cuando la acción modifica datos. | Respeta rol y organización. | Tiene prueba automatizada específica y prueba de navegador cuando corresponde."
"CH01-R025","VIDEO_REQUIREMENT","CH01","CH01-E0018","00:01:31.400","dashboard_metrics","Dashboard","","metric","Pacientes con alertas","Calcula el indicador desde reglas configuradas y muestra período/fuente.","Datos sintéticos y alcance de la organización activa.","Entrada válida, estado vacío y error accionable sin revelar existencia de registros.","Permiso explícito de lectura o escritura aplicado en navegación, control, store y persistencia.","El estado visible cambia sólo después de completar la operación autorizada.","Error accesible y genérico; no mostrar éxito anticipado.","NO_APLICA","{""chapter_id"":""CH01"",""event_id"":""CH01-E0018"",""timestamp"":""00:01:31.400"",""image"":""references/video-audit/chapters/CH01_contexto_inicial_acceso_dashboard_y_listado_de_pacientes/event_frames/CH01-E0018_00h01m31s400ms_abrupt_change.jpg"",""detail_crop"":"""",""transcript"":""references/video-audit/chapters/CH01_contexto_inicial_acceso_dashboard_y_listado_de_pacientes/transcript_raw.txt""}","app/views.js","renderDashboard","Estado mock persistido en localStorage; Supabase todavía no validado en runtime.","tests/e2e/ch01.spec.mjs","NEEDS_CLIENT_CONFIRMATION","BASE-P1-012","CH01-Q002 | CH01-Q003","Calcula el indicador desde reglas configuradas y muestra período/fuente. | Persiste después de recargar cuando la acción modifica datos. | Respeta rol y organización. | Tiene prueba automatizada específica y prueba de navegador cuando corresponde."
"CH01-R026","VIDEO_REQUIREMENT","CH01","CH01-E0018","00:01:31.400","dashboard_metrics","Dashboard","","metric","Pacientes activos","Calcula pacientes activos del alcance organizacional.","Datos sintéticos y alcance de la organización activa.","Entrada válida, estado vacío y error accionable sin revelar existencia de registros.","Permiso explícito de lectura o escritura aplicado en navegación, control, store y persistencia.","El estado visible cambia sólo después de completar la operación autorizada.","Error accesible y genérico; no mostrar éxito anticipado.","NO_APLICA","{""chapter_id"":""CH01"",""event_id"":""CH01-E0018"",""timestamp"":""00:01:31.400"",""image"":""references/video-audit/chapters/CH01_contexto_inicial_acceso_dashboard_y_listado_de_pacientes/event_frames/CH01-E0018_00h01m31s400ms_abrupt_change.jpg"",""detail_crop"":"""",""transcript"":""references/video-audit/chapters/CH01_contexto_inicial_acceso_dashboard_y_listado_de_pacientes/transcript_raw.txt""}","app/views.js","renderDashboard","Estado mock persistido en localStorage; Supabase todavía no validado en runtime.","NONE","IMPLEMENTED_PARTIAL","BASE-P1-012","","Calcula pacientes activos del alcance organizacional. | Persiste después de recargar cuando la acción modifica datos. | Respeta rol y organización. | Tiene prueba automatizada específica y prueba de navegador cuando corresponde."
"CH01-R027","VIDEO_REQUIREMENT","CH01","CH01-E0018","00:01:31.400","dashboard_metrics","Dashboard","","metric","Tratamientos actualizados","Calcula tratamientos actualizados según regla configurable.","Datos sintéticos y alcance de la organización activa.","Entrada válida, estado vacío y error accionable sin revelar existencia de registros.","Permiso explícito de lectura o escritura aplicado en navegación, control, store y persistencia.","El estado visible cambia sólo después de completar la operación autorizada.","Error accesible y genérico; no mostrar éxito anticipado.","NO_APLICA","{""chapter_id"":""CH01"",""event_id"":""CH01-E0018"",""timestamp"":""00:01:31.400"",""image"":""references/video-audit/chapters/CH01_contexto_inicial_acceso_dashboard_y_listado_de_pacientes/event_frames/CH01-E0018_00h01m31s400ms_abrupt_change.jpg"",""detail_crop"":"""",""transcript"":""references/video-audit/chapters/CH01_contexto_inicial_acceso_dashboard_y_listado_de_pacientes/transcript_raw.txt""}","app/views.js","","Estado mock persistido en localStorage; Supabase todavía no validado en runtime.","NONE","NEEDS_CLIENT_CONFIRMATION","BASE-P1-012","CH01-Q002","Calcula tratamientos actualizados según regla configurable. | Persiste después de recargar cuando la acción modifica datos. | Respeta rol y organización. | Tiene prueba automatizada específica y prueba de navegador cuando corresponde."
"CH01-R028","VIDEO_REQUIREMENT","CH01","CH01-E0018","00:01:31.400","dashboard_metrics","Dashboard","","metric","Tratamientos por finalizar","Calcula tratamientos próximos a finalizar según ventana configurable.","Datos sintéticos y alcance de la organización activa.","Entrada válida, estado vacío y error accionable sin revelar existencia de registros.","Permiso explícito de lectura o escritura aplicado en navegación, control, store y persistencia.","El estado visible cambia sólo después de completar la operación autorizada.","Error accesible y genérico; no mostrar éxito anticipado.","NO_APLICA","{""chapter_id"":""CH01"",""event_id"":""CH01-E0018"",""timestamp"":""00:01:31.400"",""image"":""references/video-audit/chapters/CH01_contexto_inicial_acceso_dashboard_y_listado_de_pacientes/event_frames/CH01-E0018_00h01m31s400ms_abrupt_change.jpg"",""detail_crop"":"""",""transcript"":""references/video-audit/chapters/CH01_contexto_inicial_acceso_dashboard_y_listado_de_pacientes/transcript_raw.txt""}","app/views.js","","Estado mock persistido en localStorage; Supabase todavía no validado en runtime.","NONE","NEEDS_CLIENT_CONFIRMATION","BASE-P1-012","CH01-Q002","Calcula tratamientos próximos a finalizar según ventana configurable. | Persiste después de recargar cuando la acción modifica datos. | Respeta rol y organización. | Tiene prueba automatizada específica y prueba de navegador cuando corresponde."
"CH01-R029","VIDEO_REQUIREMENT","CH01","CH01-E0018","00:01:31.400","dashboard_metrics","Dashboard","","metric","Planes de cuidado","Calcula planes de cuidado relevantes del alcance organizacional.","Datos sintéticos y alcance de la organización activa.","Entrada válida, estado vacío y error accionable sin revelar existencia de registros.","Permiso explícito de lectura o escritura aplicado en navegación, control, store y persistencia.","El estado visible cambia sólo después de completar la operación autorizada.","Error accesible y genérico; no mostrar éxito anticipado.","NO_APLICA","{""chapter_id"":""CH01"",""event_id"":""CH01-E0018"",""timestamp"":""00:01:31.400"",""image"":""references/video-audit/chapters/CH01_contexto_inicial_acceso_dashboard_y_listado_de_pacientes/event_frames/CH01-E0018_00h01m31s400ms_abrupt_change.jpg"",""detail_crop"":"""",""transcript"":""references/video-audit/chapters/CH01_contexto_inicial_acceso_dashboard_y_listado_de_pacientes/transcript_raw.txt""}","app/views.js","renderDashboard","Estado mock persistido en localStorage; Supabase todavía no validado en runtime.","tests/e2e/ch01.spec.mjs","IMPLEMENTED_PARTIAL","BASE-P1-012","","Calcula planes de cuidado relevantes del alcance organizacional. | Persiste después de recargar cuando la acción modifica datos. | Respeta rol y organización. | Tiene prueba automatizada específica y prueba de navegador cuando corresponde."
"CH01-R030","VIDEO_REQUIREMENT","CH01","CH01-E0018","00:01:31.400","dashboard_metrics","Dashboard","","metric","Incidentes","Calcula incidentes desde registros auditables y período explícito.","Datos sintéticos y alcance de la organización activa.","Entrada válida, estado vacío y error accionable sin revelar existencia de registros.","Permiso explícito de lectura o escritura aplicado en navegación, control, store y persistencia.","El estado visible cambia sólo después de completar la operación autorizada.","Error accesible y genérico; no mostrar éxito anticipado.","NO_APLICA","{""chapter_id"":""CH01"",""event_id"":""CH01-E0018"",""timestamp"":""00:01:31.400"",""image"":""references/video-audit/chapters/CH01_contexto_inicial_acceso_dashboard_y_listado_de_pacientes/event_frames/CH01-E0018_00h01m31s400ms_abrupt_change.jpg"",""detail_crop"":"""",""transcript"":""references/video-audit/chapters/CH01_contexto_inicial_acceso_dashboard_y_listado_de_pacientes/transcript_raw.txt""}","app/views.js","","Estado mock persistido en localStorage; Supabase todavía no validado en runtime.","NONE","NEEDS_CLIENT_CONFIRMATION","BASE-P1-012","CH01-Q002","Calcula incidentes desde registros auditables y período explícito. | Persiste después de recargar cuando la acción modifica datos. | Respeta rol y organización. | Tiene prueba automatizada específica y prueba de navegador cuando corresponde."
"CH01-R031","VIDEO_REQUIREMENT","CH01","CH01-E0019","00:01:32.000","dashboard_alerts","Dashboard","","table","Pacientes con valores fuera de rango","Tabla con Acciones, Paciente, FC, FR, Oxígeno, Sistólica, Diastólica, Temp, Dolor, Glicemia, Fecha y Recurso.","Datos sintéticos y alcance de la organización activa.","Entrada válida, estado vacío y error accionable sin revelar existencia de registros.","Permiso explícito de lectura o escritura aplicado en navegación, control, store y persistencia.","El estado visible cambia sólo después de completar la operación autorizada.","Error accesible y genérico; no mostrar éxito anticipado.","NO_APLICA","{""chapter_id"":""CH01"",""event_id"":""CH01-E0019"",""timestamp"":""00:01:32.000"",""image"":""references/video-audit/chapters/CH01_contexto_inicial_acceso_dashboard_y_listado_de_pacientes/event_frames/CH01-E0019_00h01m32s000ms_stable_change.jpg"",""detail_crop"":"""",""transcript"":""references/video-audit/chapters/CH01_contexto_inicial_acceso_dashboard_y_listado_de_pacientes/transcript_raw.txt""}","app/views.js","renderDashboard","Estado mock persistido en localStorage; Supabase todavía no validado en runtime.","tests/e2e/ch01.spec.mjs","IMPLEMENTED_PARTIAL","BASE-P1-013","CH01-Q003","Tabla con Acciones, Paciente, FC, FR, Oxígeno, Sistólica, Diastólica, Temp, Dolor, Glicemia, Fecha y Recurso. | Persiste después de recargar cuando la acción modifica datos. | Respeta rol y organización. | Tiene prueba automatizada específica y prueba de navegador cuando corresponde."
"CH01-R032","VIDEO_REQUIREMENT","CH01","CH01-E0019","00:01:32.000","dashboard_alerts","Dashboard","","filter_status","Normales","Filtra/identifica valores normales según reglas configuradas; queda deshabilitado hasta definir umbrales.","Datos sintéticos y alcance de la organización activa.","Entrada válida, estado vacío y error accionable sin revelar existencia de registros.","Permiso explícito de lectura o escritura aplicado en navegación, control, store y persistencia.","El estado visible cambia sólo después de completar la operación autorizada.","Error accesible y genérico; no mostrar éxito anticipado.","NO_APLICA","{""chapter_id"":""CH01"",""event_id"":""CH01-E0019"",""timestamp"":""00:01:32.000"",""image"":""references/video-audit/chapters/CH01_contexto_inicial_acceso_dashboard_y_listado_de_pacientes/event_frames/CH01-E0019_00h01m32s000ms_stable_change.jpg"",""detail_crop"":"""",""transcript"":""references/video-audit/chapters/CH01_contexto_inicial_acceso_dashboard_y_listado_de_pacientes/transcript_raw.txt""}","app/views.js","","Estado mock persistido en localStorage; Supabase todavía no validado en runtime.","NONE","NEEDS_CLIENT_CONFIRMATION","","CH01-Q003","Filtra/identifica valores normales según reglas configuradas; queda deshabilitado hasta definir umbrales. | Persiste después de recargar cuando la acción modifica datos. | Respeta rol y organización. | Tiene prueba automatizada específica y prueba de navegador cuando corresponde."
"CH01-R033","VIDEO_REQUIREMENT","CH01","CH01-E0020","00:01:38.400","user_menu","Shell","","organization_context","Organización","Muestra la organización activa derivada del servidor sin permitir cruce de datos.","Datos sintéticos y alcance de la organización activa.","Entrada válida, estado vacío y error accionable sin revelar existencia de registros.","Permiso explícito de lectura o escritura aplicado en navegación, control, store y persistencia.","El estado visible cambia sólo después de completar la operación autorizada.","Error accesible y genérico; no mostrar éxito anticipado.","NO_APLICA","{""chapter_id"":""CH01"",""event_id"":""CH01-E0020"",""timestamp"":""00:01:38.400"",""image"":""references/video-audit/chapters/CH01_contexto_inicial_acceso_dashboard_y_listado_de_pacientes/event_frames/CH01-E0020_00h01m38s400ms_motion_progress.jpg"",""detail_crop"":""references/video-audit/chapters/CH01_contexto_inicial_acceso_dashboard_y_listado_de_pacientes/detail_crops/CH01-E0020_00h01m38s400ms_DETAIL.jpg"",""transcript"":""references/video-audit/chapters/CH01_contexto_inicial_acceso_dashboard_y_listado_de_pacientes/transcript_raw.txt""}","app/views.js","renderUserMenu","Estado mock persistido en localStorage; Supabase todavía no validado en runtime.","tests/e2e/ch01.spec.mjs","IMPLEMENTED_PARTIAL","BASE-P1-015","","Muestra la organización activa derivada del servidor sin permitir cruce de datos. | Persiste después de recargar cuando la acción modifica datos. | Respeta rol y organización. | Tiene prueba automatizada específica y prueba de navegador cuando corresponde."
"CH01-R034","VIDEO_REQUIREMENT","CH01","CH01-E0020","00:01:38.400","user_menu","Shell","","menu_item","Mi usuario","Abre un perfil de usuario de sólo su propio contexto.","Datos sintéticos y alcance de la organización activa.","Entrada válida, estado vacío y error accionable sin revelar existencia de registros.","Permiso explícito de lectura o escritura aplicado en navegación, control, store y persistencia.","El estado visible cambia sólo después de completar la operación autorizada.","Error accesible y genérico; no mostrar éxito anticipado.","NO_APLICA","{""chapter_id"":""CH01"",""event_id"":""CH01-E0020"",""timestamp"":""00:01:38.400"",""image"":""references/video-audit/chapters/CH01_contexto_inicial_acceso_dashboard_y_listado_de_pacientes/event_frames/CH01-E0020_00h01m38s400ms_motion_progress.jpg"",""detail_crop"":""references/video-audit/chapters/CH01_contexto_inicial_acceso_dashboard_y_listado_de_pacientes/detail_crops/CH01-E0020_00h01m38s400ms_DETAIL.jpg"",""transcript"":""references/video-audit/chapters/CH01_contexto_inicial_acceso_dashboard_y_listado_de_pacientes/transcript_raw.txt""}","app/main.js","open-my-user","Estado mock persistido en localStorage; Supabase todavía no validado en runtime.","tests/e2e/ch01.spec.mjs","IMPLEMENTED_EXACT","BASE-P1-015","","Abre un perfil de usuario de sólo su propio contexto. | Persiste después de recargar cuando la acción modifica datos. | Respeta rol y organización. | Tiene prueba automatizada específica y prueba de navegador cuando corresponde."
"CH01-R035","VIDEO_REQUIREMENT","CH01","CH01-E0020 | CH01-E0022","00:01:38.400 | 00:01:41.800","authentication","Shell","","button","Cerrar sesión","Invalida la sesión, audita y vuelve al login sin contenido protegido en historial.","Datos sintéticos y alcance de la organización activa.","Entrada válida, estado vacío y error accionable sin revelar existencia de registros.","Permiso explícito de lectura o escritura aplicado en navegación, control, store y persistencia.","El estado visible cambia sólo después de completar la operación autorizada.","Error accesible y genérico; no mostrar éxito anticipado.","NO_APLICA","{""chapter_id"":""CH01"",""event_id"":""CH01-E0020"",""timestamp"":""00:01:38.400"",""image"":""references/video-audit/chapters/CH01_contexto_inicial_acceso_dashboard_y_listado_de_pacientes/event_frames/CH01-E0020_00h01m38s400ms_motion_progress.jpg"",""detail_crop"":""references/video-audit/chapters/CH01_contexto_inicial_acceso_dashboard_y_listado_de_pacientes/detail_crops/CH01-E0020_00h01m38s400ms_DETAIL.jpg"",""transcript"":""references/video-audit/chapters/CH01_contexto_inicial_acceso_dashboard_y_listado_de_pacientes/transcript_raw.txt""} | {""chapter_id"":""CH01"",""event_id"":""CH01-E0022"",""timestamp"":""00:01:41.800"",""image"":""references/video-audit/chapters/CH01_contexto_inicial_acceso_dashboard_y_listado_de_pacientes/event_frames/CH01-E0022_00h01m41s800ms_abrupt_change.jpg"",""detail_crop"":"""",""transcript"":""references/video-audit/chapters/CH01_contexto_inicial_acceso_dashboard_y_listado_de_pacientes/transcript_raw.txt""}","app/store.js","logout","Estado mock persistido en localStorage; Supabase todavía no validado en runtime.","NONE","IMPLEMENTED_PARTIAL","","","Invalida la sesión, audita y vuelve al login sin contenido protegido en historial. | Persiste después de recargar cuando la acción modifica datos. | Respeta rol y organización. | Tiene prueba automatizada específica y prueba de navegador cuando corresponde."
"CH01-R036","VIDEO_REQUIREMENT","CH01","CH01-E0022 | CH01-E0024","00:01:41.800 | 00:01:44.400","authentication","Login","","input","Usuario / correo","Acepta el identificador configurado, normaliza y no enumera usuarios.","Datos sintéticos y alcance de la organización activa.","Entrada válida, estado vacío y error accionable sin revelar existencia de registros.","Permiso explícito de lectura o escritura aplicado en navegación, control, store y persistencia.","El estado visible cambia sólo después de completar la operación autorizada.","Error accesible y genérico; no mostrar éxito anticipado.","NO_APLICA","{""chapter_id"":""CH01"",""event_id"":""CH01-E0022"",""timestamp"":""00:01:41.800"",""image"":""references/video-audit/chapters/CH01_contexto_inicial_acceso_dashboard_y_listado_de_pacientes/event_frames/CH01-E0022_00h01m41s800ms_abrupt_change.jpg"",""detail_crop"":"""",""transcript"":""references/video-audit/chapters/CH01_contexto_inicial_acceso_dashboard_y_listado_de_pacientes/transcript_raw.txt""} | {""chapter_id"":""CH01"",""event_id"":""CH01-E0024"",""timestamp"":""00:01:44.400"",""image"":""references/video-audit/chapters/CH01_contexto_inicial_acceso_dashboard_y_listado_de_pacientes/event_frames/CH01-E0024_00h01m44s400ms_settled.jpg"",""detail_crop"":""references/video-audit/chapters/CH01_contexto_inicial_acceso_dashboard_y_listado_de_pacientes/detail_crops/CH01-E0024_00h01m44s400ms_DETAIL.jpg"",""transcript"":""references/video-audit/chapters/CH01_contexto_inicial_acceso_dashboard_y_listado_de_pacientes/transcript_raw.txt""}","app/views.js","renderLogin","Estado mock persistido en localStorage; Supabase todavía no validado en runtime.","tests/ch01-parity.test.mjs; tests/e2e/ch01.spec.mjs","IMPLEMENTED_PARTIAL","","","Acepta el identificador configurado, normaliza y no enumera usuarios. | Persiste después de recargar cuando la acción modifica datos. | Respeta rol y organización. | Tiene prueba automatizada específica y prueba de navegador cuando corresponde."
"CH01-R037","VIDEO_REQUIREMENT","CH01","CH01-E0022 | CH01-E0023","00:01:41.800 | 00:01:42.400","authentication","Login","","password","Clave","Campo obligatorio; el modo demo exige exactamente Demo2026! y producción delega en Supabase Auth.","Datos sintéticos y alcance de la organización activa.","Entrada válida, estado vacío y error accionable sin revelar existencia de registros.","Permiso explícito de lectura o escritura aplicado en navegación, control, store y persistencia.","El estado visible cambia sólo después de completar la operación autorizada.","Error accesible y genérico; no mostrar éxito anticipado.","NO_APLICA","{""chapter_id"":""CH01"",""event_id"":""CH01-E0022"",""timestamp"":""00:01:41.800"",""image"":""references/video-audit/chapters/CH01_contexto_inicial_acceso_dashboard_y_listado_de_pacientes/event_frames/CH01-E0022_00h01m41s800ms_abrupt_change.jpg"",""detail_crop"":"""",""transcript"":""references/video-audit/chapters/CH01_contexto_inicial_acceso_dashboard_y_listado_de_pacientes/transcript_raw.txt""} | {""chapter_id"":""CH01"",""event_id"":""CH01-E0023"",""timestamp"":""00:01:42.400"",""image"":""references/video-audit/chapters/CH01_contexto_inicial_acceso_dashboard_y_listado_de_pacientes/event_frames/CH01-E0023_00h01m42s400ms_stable_change.jpg"",""detail_crop"":""references/video-audit/chapters/CH01_contexto_inicial_acceso_dashboard_y_listado_de_pacientes/detail_crops/CH01-E0023_00h01m42s400ms_DETAIL.jpg"",""transcript"":""references/video-audit/chapters/CH01_contexto_inicial_acceso_dashboard_y_listado_de_pacientes/transcript_raw.txt""}","app/main.js","login-form submit","Estado mock persistido en localStorage; Supabase todavía no validado en runtime.","tests/ch01-parity.test.mjs; tests/e2e/ch01.spec.mjs","IMPLEMENTED_PARTIAL","BASE-P0-001 | BASE-P0-002 | BASE-P0-003","","Campo obligatorio; el modo demo exige exactamente Demo2026! y producción delega en Supabase Auth. | Persiste después de recargar cuando la acción modifica datos. | Respeta rol y organización. | Tiene prueba automatizada específica y prueba de navegador cuando corresponde."
"CH01-R038","VIDEO_REQUIREMENT","CH01","CH01-E0023","00:01:42.400","authentication","Login","","password_toggle","Mostrar/ocultar clave","Alterna visibilidad sin cambiar valor, foco ni nombre accesible.","Datos sintéticos y alcance de la organización activa.","Entrada válida, estado vacío y error accionable sin revelar existencia de registros.","Permiso explícito de lectura o escritura aplicado en navegación, control, store y persistencia.","El estado visible cambia sólo después de completar la operación autorizada.","Error accesible y genérico; no mostrar éxito anticipado.","NO_APLICA","{""chapter_id"":""CH01"",""event_id"":""CH01-E0023"",""timestamp"":""00:01:42.400"",""image"":""references/video-audit/chapters/CH01_contexto_inicial_acceso_dashboard_y_listado_de_pacientes/event_frames/CH01-E0023_00h01m42s400ms_stable_change.jpg"",""detail_crop"":""references/video-audit/chapters/CH01_contexto_inicial_acceso_dashboard_y_listado_de_pacientes/detail_crops/CH01-E0023_00h01m42s400ms_DETAIL.jpg"",""transcript"":""references/video-audit/chapters/CH01_contexto_inicial_acceso_dashboard_y_listado_de_pacientes/transcript_raw.txt""}","app/main.js","toggle-password","Estado mock persistido en localStorage; Supabase todavía no validado en runtime.","NONE","IMPLEMENTED_PARTIAL","","","Alterna visibilidad sin cambiar valor, foco ni nombre accesible. | Persiste después de recargar cuando la acción modifica datos. | Respeta rol y organización. | Tiene prueba automatizada específica y prueba de navegador cuando corresponde."
"CH01-R039","VIDEO_REQUIREMENT","CH01","CH01-E0022 | CH01-E0023","00:01:41.800 | 00:01:42.400","authentication","Login","","submit","Iniciar sesión","Crea sesión sólo con credenciales válidas y muestra error genérico en caso contrario.","Datos sintéticos y alcance de la organización activa.","Entrada válida, estado vacío y error accionable sin revelar existencia de registros.","Permiso explícito de lectura o escritura aplicado en navegación, control, store y persistencia.","El estado visible cambia sólo después de completar la operación autorizada.","Error accesible y genérico; no mostrar éxito anticipado.","NO_APLICA","{""chapter_id"":""CH01"",""event_id"":""CH01-E0022"",""timestamp"":""00:01:41.800"",""image"":""references/video-audit/chapters/CH01_contexto_inicial_acceso_dashboard_y_listado_de_pacientes/event_frames/CH01-E0022_00h01m41s800ms_abrupt_change.jpg"",""detail_crop"":"""",""transcript"":""references/video-audit/chapters/CH01_contexto_inicial_acceso_dashboard_y_listado_de_pacientes/transcript_raw.txt""} | {""chapter_id"":""CH01"",""event_id"":""CH01-E0023"",""timestamp"":""00:01:42.400"",""image"":""references/video-audit/chapters/CH01_contexto_inicial_acceso_dashboard_y_listado_de_pacientes/event_frames/CH01-E0023_00h01m42s400ms_stable_change.jpg"",""detail_crop"":""references/video-audit/chapters/CH01_contexto_inicial_acceso_dashboard_y_listado_de_pacientes/detail_crops/CH01-E0023_00h01m42s400ms_DETAIL.jpg"",""transcript"":""references/video-audit/chapters/CH01_contexto_inicial_acceso_dashboard_y_listado_de_pacientes/transcript_raw.txt""}","app/store.js","authenticate","Estado mock persistido en localStorage; Supabase todavía no validado en runtime.","tests/ch01-parity.test.mjs; tests/e2e/ch01.spec.mjs","IMPLEMENTED_PARTIAL","BASE-P0-001 | BASE-P0-002 | BASE-P0-003","","Crea sesión sólo con credenciales válidas y muestra error genérico en caso contrario. | Persiste después de recargar cuando la acción modifica datos. | Respeta rol y organización. | Tiene prueba automatizada específica y prueba de navegador cuando corresponde."
"CH01-R040","VIDEO_REQUIREMENT","CH01","CH01-E0022 | CH01-E0023","00:01:41.800 | 00:01:42.400","authentication","Login","","link","Recuperar contraseña","Inicia recuperación real en server mode y una simulación no entregada en demo, siempre anti-enumeración.","Datos sintéticos y alcance de la organización activa.","Entrada válida, estado vacío y error accionable sin revelar existencia de registros.","Permiso explícito de lectura o escritura aplicado en navegación, control, store y persistencia.","El estado visible cambia sólo después de completar la operación autorizada.","Error accesible y genérico; no mostrar éxito anticipado.","NO_APLICA","{""chapter_id"":""CH01"",""event_id"":""CH01-E0022"",""timestamp"":""00:01:41.800"",""image"":""references/video-audit/chapters/CH01_contexto_inicial_acceso_dashboard_y_listado_de_pacientes/event_frames/CH01-E0022_00h01m41s800ms_abrupt_change.jpg"",""detail_crop"":"""",""transcript"":""references/video-audit/chapters/CH01_contexto_inicial_acceso_dashboard_y_listado_de_pacientes/transcript_raw.txt""} | {""chapter_id"":""CH01"",""event_id"":""CH01-E0023"",""timestamp"":""00:01:42.400"",""image"":""references/video-audit/chapters/CH01_contexto_inicial_acceso_dashboard_y_listado_de_pacientes/event_frames/CH01-E0023_00h01m42s400ms_stable_change.jpg"",""detail_crop"":""references/video-audit/chapters/CH01_contexto_inicial_acceso_dashboard_y_listado_de_pacientes/detail_crops/CH01-E0023_00h01m42s400ms_DETAIL.jpg"",""transcript"":""references/video-audit/chapters/CH01_contexto_inicial_acceso_dashboard_y_listado_de_pacientes/transcript_raw.txt""}","app/store.js","recoverPassword","Estado mock persistido en localStorage; Supabase todavía no validado en runtime.","tests/e2e/ch01.spec.mjs","IMPLEMENTED_PARTIAL","BASE-P1-014","","Inicia recuperación real en server mode y una simulación no entregada en demo, siempre anti-enumeración. | Persiste después de recargar cuando la acción modifica datos. | Respeta rol y organización. | Tiene prueba automatizada específica y prueba de navegador cuando corresponde."
"CH01-R041","VIDEO_REQUIREMENT","CH01","CH01-E0023","00:01:42.400","pwa","Login","","button","Instalar en dispositivo","Aparece sólo cuando beforeinstallprompt está disponible y maneja aceptación/rechazo/instalado.","Datos sintéticos y alcance de la organización activa.","Entrada válida, estado vacío y error accionable sin revelar existencia de registros.","Permiso explícito de lectura o escritura aplicado en navegación, control, store y persistencia.","El estado visible cambia sólo después de completar la operación autorizada.","Error accesible y genérico; no mostrar éxito anticipado.","NO_APLICA","{""chapter_id"":""CH01"",""event_id"":""CH01-E0023"",""timestamp"":""00:01:42.400"",""image"":""references/video-audit/chapters/CH01_contexto_inicial_acceso_dashboard_y_listado_de_pacientes/event_frames/CH01-E0023_00h01m42s400ms_stable_change.jpg"",""detail_crop"":""references/video-audit/chapters/CH01_contexto_inicial_acceso_dashboard_y_listado_de_pacientes/detail_crops/CH01-E0023_00h01m42s400ms_DETAIL.jpg"",""transcript"":""references/video-audit/chapters/CH01_contexto_inicial_acceso_dashboard_y_listado_de_pacientes/transcript_raw.txt""}","app/main.js","beforeinstallprompt/install-pwa/appinstalled","Estado mock persistido en localStorage; Supabase todavía no validado en runtime.","NONE","IMPLEMENTED_PARTIAL","BASE-P1-016","","Aparece sólo cuando beforeinstallprompt está disponible y maneja aceptación/rechazo/instalado. | Persiste después de recargar cuando la acción modifica datos. | Respeta rol y organización. | Tiene prueba automatizada específica y prueba de navegador cuando corresponde."
"CH01-H001","PLATFORM_HARDENING","CH01","CH01-E0022 | CH01-E0023","00:01:41.800 | 00:01:42.400","authentication","Login","","security_rule","Credenciales demo exactas","Ningún correo desconocido ni contraseña incorrecta crea sesión; no existe fallback a ADMIN.","Datos sintéticos y alcance de la organización activa.","Entrada válida, estado vacío y error accionable sin revelar existencia de registros.","Permiso explícito de lectura o escritura aplicado en navegación, control, store y persistencia.","El estado visible cambia sólo después de completar la operación autorizada.","Error accesible y genérico; no mostrar éxito anticipado.","NO_APLICA","{""chapter_id"":""CH01"",""event_id"":""CH01-E0022"",""timestamp"":""00:01:41.800"",""image"":""references/video-audit/chapters/CH01_contexto_inicial_acceso_dashboard_y_listado_de_pacientes/event_frames/CH01-E0022_00h01m41s800ms_abrupt_change.jpg"",""detail_crop"":"""",""transcript"":""references/video-audit/chapters/CH01_contexto_inicial_acceso_dashboard_y_listado_de_pacientes/transcript_raw.txt""} | {""chapter_id"":""CH01"",""event_id"":""CH01-E0023"",""timestamp"":""00:01:42.400"",""image"":""references/video-audit/chapters/CH01_contexto_inicial_acceso_dashboard_y_listado_de_pacientes/event_frames/CH01-E0023_00h01m42s400ms_stable_change.jpg"",""detail_crop"":""references/video-audit/chapters/CH01_contexto_inicial_acceso_dashboard_y_listado_de_pacientes/detail_crops/CH01-E0023_00h01m42s400ms_DETAIL.jpg"",""transcript"":""references/video-audit/chapters/CH01_contexto_inicial_acceso_dashboard_y_listado_de_pacientes/transcript_raw.txt""}","app/store.js","authenticate","Estado mock persistido en localStorage; Supabase todavía no validado en runtime.","tests/ch01-parity.test.mjs; tests/e2e/ch01.spec.mjs","IMPLEMENTED_EXACT","BASE-P0-001 | BASE-P0-002 | BASE-P0-003","","Ningún correo desconocido ni contraseña incorrecta crea sesión; no existe fallback a ADMIN. | Persiste después de recargar cuando la acción modifica datos. | Respeta rol y organización. | Tiene prueba automatizada específica y prueba de navegador cuando corresponde."
"CH01-H002","PLATFORM_HARDENING","CH01","CH01-E0023","00:01:42.400","authentication","Login","","mode_boundary","Modo demostración","La UI identifica el modo demo y no mezcla autenticación demo con Supabase Auth.","Datos sintéticos y alcance de la organización activa.","Entrada válida, estado vacío y error accionable sin revelar existencia de registros.","Permiso explícito de lectura o escritura aplicado en navegación, control, store y persistencia.","El estado visible cambia sólo después de completar la operación autorizada.","Error accesible y genérico; no mostrar éxito anticipado.","NO_APLICA","{""chapter_id"":""CH01"",""event_id"":""CH01-E0023"",""timestamp"":""00:01:42.400"",""image"":""references/video-audit/chapters/CH01_contexto_inicial_acceso_dashboard_y_listado_de_pacientes/event_frames/CH01-E0023_00h01m42s400ms_stable_change.jpg"",""detail_crop"":""references/video-audit/chapters/CH01_contexto_inicial_acceso_dashboard_y_listado_de_pacientes/detail_crops/CH01-E0023_00h01m42s400ms_DETAIL.jpg"",""transcript"":""references/video-audit/chapters/CH01_contexto_inicial_acceso_dashboard_y_listado_de_pacientes/transcript_raw.txt""}","app/config.js","","Estado mock persistido en localStorage; Supabase todavía no validado en runtime.","NONE","IMPLEMENTED_PARTIAL","","","La UI identifica el modo demo y no mezcla autenticación demo con Supabase Auth. | Persiste después de recargar cuando la acción modifica datos. | Respeta rol y organización. | Tiene prueba automatizada específica y prueba de navegador cuando corresponde."
"CH01-H003","PLATFORM_HARDENING","CH01","CH01-E0022","00:01:41.800","authorization","Shell","","route_guard","Protección de rutas","Sin sesión, toda ruta protegida vuelve al login y conserva un retorno permitido.","Datos sintéticos y alcance de la organización activa.","Entrada válida, estado vacío y error accionable sin revelar existencia de registros.","Permiso explícito de lectura o escritura aplicado en navegación, control, store y persistencia.","El estado visible cambia sólo después de completar la operación autorizada.","Error accesible y genérico; no mostrar éxito anticipado.","NO_APLICA","{""chapter_id"":""CH01"",""event_id"":""CH01-E0022"",""timestamp"":""00:01:41.800"",""image"":""references/video-audit/chapters/CH01_contexto_inicial_acceso_dashboard_y_listado_de_pacientes/event_frames/CH01-E0022_00h01m41s800ms_abrupt_change.jpg"",""detail_crop"":"""",""transcript"":""references/video-audit/chapters/CH01_contexto_inicial_acceso_dashboard_y_listado_de_pacientes/transcript_raw.txt""}","app/main.js","render","Estado mock persistido en localStorage; Supabase todavía no validado en runtime.","NONE","IMPLEMENTED_PARTIAL","","","Sin sesión, toda ruta protegida vuelve al login y conserva un retorno permitido. | Persiste después de recargar cuando la acción modifica datos. | Respeta rol y organización. | Tiene prueba automatizada específica y prueba de navegador cuando corresponde."
"CH01-H004","PLATFORM_HARDENING","CH01","CH01-E0020","00:01:38.400","authorization","Shell","","role_permission","Permisos por rol","Cada acción aplica permiso en navegación, botón, formulario, store, API/RPC y RLS; AUDITOR es sólo lectura.","Datos sintéticos y alcance de la organización activa.","Entrada válida, estado vacío y error accionable sin revelar existencia de registros.","Permiso explícito de lectura o escritura aplicado en navegación, control, store y persistencia.","El estado visible cambia sólo después de completar la operación autorizada.","Error accesible y genérico; no mostrar éxito anticipado.","NO_APLICA","{""chapter_id"":""CH01"",""event_id"":""CH01-E0020"",""timestamp"":""00:01:38.400"",""image"":""references/video-audit/chapters/CH01_contexto_inicial_acceso_dashboard_y_listado_de_pacientes/event_frames/CH01-E0020_00h01m38s400ms_motion_progress.jpg"",""detail_crop"":""references/video-audit/chapters/CH01_contexto_inicial_acceso_dashboard_y_listado_de_pacientes/detail_crops/CH01-E0020_00h01m38s400ms_DETAIL.jpg"",""transcript"":""references/video-audit/chapters/CH01_contexto_inicial_acceso_dashboard_y_listado_de_pacientes/transcript_raw.txt""}","app/main.js","ACTION_PERMISSIONS/applyActionPermissions","Estado mock persistido en localStorage; Supabase todavía no validado en runtime.","tests/ch01-parity.test.mjs; tests/e2e/ch01.spec.mjs","IMPLEMENTED_PARTIAL","BASE-P0-005","","Cada acción aplica permiso en navegación, botón, formulario, store, API/RPC y RLS; AUDITOR es sólo lectura. | Persiste después de recargar cuando la acción modifica datos. | Respeta rol y organización. | Tiene prueba automatizada específica y prueba de navegador cuando corresponde."
"CH01-H005","PLATFORM_HARDENING","CH01","CH01-E0019","00:01:32.000","clinical_safety","Dashboard","","configuration","Umbrales clínicos configurables","No clasifica valores como normales/fuera de rango hasta contar con reglas aprobadas y versionadas.","Datos sintéticos y alcance de la organización activa.","Entrada válida, estado vacío y error accionable sin revelar existencia de registros.","Permiso explícito de lectura o escritura aplicado en navegación, control, store y persistencia.","El estado visible cambia sólo después de completar la operación autorizada.","Error accesible y genérico; no mostrar éxito anticipado.","NO_APLICA","{""chapter_id"":""CH01"",""event_id"":""CH01-E0019"",""timestamp"":""00:01:32.000"",""image"":""references/video-audit/chapters/CH01_contexto_inicial_acceso_dashboard_y_listado_de_pacientes/event_frames/CH01-E0019_00h01m32s000ms_stable_change.jpg"",""detail_crop"":"""",""transcript"":""references/video-audit/chapters/CH01_contexto_inicial_acceso_dashboard_y_listado_de_pacientes/transcript_raw.txt""}","app/views.js","","Estado mock persistido en localStorage; Supabase todavía no validado en runtime.","NONE","NEEDS_CLIENT_CONFIRMATION","","CH01-Q003","No clasifica valores como normales/fuera de rango hasta contar con reglas aprobadas y versionadas. | Persiste después de recargar cuando la acción modifica datos. | Respeta rol y organización. | Tiene prueba automatizada específica y prueba de navegador cuando corresponde."
"CH02-R001","VIDEO_REQUIREMENT","CH02","CH02-E0001 | CH02-E0003 | CH02-E0005","00:01:51.000 | 00:01:57.400 | 00:02:05.200","patients_access","Pacientes","","route","Pacientes","Una sesión autorizada abre el directorio de Pacientes desde el dashboard.","Datos sintéticos y alcance de la organización activa.","Entrada válida, estado vacío y error accionable sin revelar existencia de registros.","Permiso explícito de lectura o escritura aplicado en navegación, control, store y persistencia.","El estado visible cambia sólo después de completar la operación autorizada.","Error accesible y genérico; no mostrar éxito anticipado.","NO_APLICA","{""chapter_id"":""CH02"",""event_id"":""CH02-E0001"",""timestamp"":""00:01:51.000"",""image"":""references/video-audit/chapters/CH02_alta_y_edicion_de_pacientes/event_frames/CH02-E0001_00h01m51s000ms_abrupt_change.jpg"",""detail_crop"":""references/video-audit/chapters/CH02_alta_y_edicion_de_pacientes/detail_crops/CH02-E0001_00h01m51s000ms_DETAIL.jpg"",""transcript"":""references/video-audit/chapters/CH02_alta_y_edicion_de_pacientes/transcript_raw.txt""} | {""chapter_id"":""CH02"",""event_id"":""CH02-E0003"",""timestamp"":""00:01:57.400"",""image"":""references/video-audit/chapters/CH02_alta_y_edicion_de_pacientes/event_frames/CH02-E0003_00h01m57s400ms_abrupt_change.jpg"",""detail_crop"":"""",""transcript"":""references/video-audit/chapters/CH02_alta_y_edicion_de_pacientes/transcript_raw.txt""} | {""chapter_id"":""CH02"",""event_id"":""CH02-E0005"",""timestamp"":""00:02:05.200"",""image"":""references/video-audit/chapters/CH02_alta_y_edicion_de_pacientes/event_frames/CH02-E0005_00h02m05s200ms_abrupt_change.jpg"",""detail_crop"":"""",""transcript"":""references/video-audit/chapters/CH02_alta_y_edicion_de_pacientes/transcript_raw.txt""}","app/main.js","render/routeFromHash","Estado mock persistido en localStorage; Supabase todavía no validado en runtime.","tests/e2e/ch01.spec.mjs; tests/e2e/ch02.spec.mjs","IMPLEMENTED_EXACT","","","Una sesión autorizada abre el directorio de Pacientes desde el dashboard. | Persiste después de recargar cuando la acción modifica datos. | Respeta rol y organización. | Tiene prueba automatizada específica y prueba de navegador cuando corresponde."
"CH02-R002","VIDEO_REQUIREMENT","CH02","CH02-E0006 | CH02-E0008","00:02:05.800 | 00:02:07.000","patients_directory","Pacientes","","directory","Activos / Inactivos / Carga masiva / Excel / Nuevo","El directorio ofrece pestañas, búsqueda, tabla, tamaño de página, paginación, exportación y alta; carga, vacío y resultado son estados excluyentes.","Datos sintéticos y alcance de la organización activa.","Entrada válida, estado vacío y error accionable sin revelar existencia de registros.","Permiso explícito de lectura o escritura aplicado en navegación, control, store y persistencia.","El estado visible cambia sólo después de completar la operación autorizada.","Error accesible y genérico; no mostrar éxito anticipado.","NO_APLICA","{""chapter_id"":""CH02"",""event_id"":""CH02-E0006"",""timestamp"":""00:02:05.800"",""image"":""references/video-audit/chapters/CH02_alta_y_edicion_de_pacientes/event_frames/CH02-E0006_00h02m05s800ms_abrupt_change.jpg"",""detail_crop"":"""",""transcript"":""references/video-audit/chapters/CH02_alta_y_edicion_de_pacientes/transcript_raw.txt""} | {""chapter_id"":""CH02"",""event_id"":""CH02-E0008"",""timestamp"":""00:02:07.000"",""image"":""references/video-audit/chapters/CH02_alta_y_edicion_de_pacientes/event_frames/CH02-E0008_00h02m07s000ms_stable_change.jpg"",""detail_crop"":"""",""transcript"":""references/video-audit/chapters/CH02_alta_y_edicion_de_pacientes/transcript_raw.txt""}","app/views.js","renderPatients","Estado mock persistido en localStorage; Supabase todavía no validado en runtime.","tests/ch01-parity.test.mjs; tests/e2e/ch01.spec.mjs","IMPLEMENTED_PARTIAL","","","El directorio ofrece pestañas, búsqueda, tabla, tamaño de página, paginación, exportación y alta; carga, vacío y resultado son estados excluyentes. | Persiste después de recargar cuando la acción modifica datos. | Respeta rol y organización. | Tiene prueba automatizada específica y prueba de navegador cuando corresponde."
"CH02-R003","VIDEO_REQUIREMENT","CH02","CH02-E0009 | CH02-E0011 | CH02-E0068 | CH02-E0071 | CH02-E0082","00:02:17.000 | 00:02:17.800 | 00:04:11.000 | 00:04:19.600 | 00:04:39.000","patient_form_structure","Paciente nuevo","","form","Datos del paciente / Información de seguro / Información de contactos / Información de dirección","El alta se presenta como página completa con las cuatro secciones observadas y acciones Atrás/Guardar.","Datos sintéticos y alcance de la organización activa.","Entrada válida, estado vacío y error accionable sin revelar existencia de registros.","Permiso explícito de lectura o escritura aplicado en navegación, control, store y persistencia.","El estado visible cambia sólo después de completar la operación autorizada.","Error accesible y genérico; no mostrar éxito anticipado.","NO_APLICA","{""chapter_id"":""CH02"",""event_id"":""CH02-E0009"",""timestamp"":""00:02:17.000"",""image"":""references/video-audit/chapters/CH02_alta_y_edicion_de_pacientes/event_frames/CH02-E0009_00h02m17s000ms_abrupt_change.jpg"",""detail_crop"":"""",""transcript"":""references/video-audit/chapters/CH02_alta_y_edicion_de_pacientes/transcript_raw.txt""} | {""chapter_id"":""CH02"",""event_id"":""CH02-E0011"",""timestamp"":""00:02:17.800"",""image"":""references/video-audit/chapters/CH02_alta_y_edicion_de_pacientes/event_frames/CH02-E0011_00h02m17s800ms_abrupt_change.jpg"",""detail_crop"":"""",""transcript"":""references/video-audit/chapters/CH02_alta_y_edicion_de_pacientes/transcript_raw.txt""} | {""chapter_id"":""CH02"",""event_id"":""CH02-E0068"",""timestamp"":""00:04:11.000"",""image"":""references/video-audit/chapters/CH02_alta_y_edicion_de_pacientes/event_frames/CH02-E0068_00h04m11s000ms_stable_change.jpg"",""detail_crop"":"""",""transcript"":""references/video-audit/chapters/CH02_alta_y_edicion_de_pacientes/transcript_raw.txt""} | {""chapter_id"":""CH02"",""event_id"":""CH02-E0071"",""timestamp"":""00:04:19.600"",""image"":""references/video-audit/chapters/CH02_alta_y_edicion_de_pacientes/event_frames/CH02-E0071_00h04m19s600ms_abrupt_change.jpg"",""detail_crop"":"""",""transcript"":""references/video-audit/chapters/CH02_alta_y_edicion_de_pacientes/transcript_raw.txt""} | {""chapter_id"":""CH02"",""event_id"":""CH02-E0082"",""timestamp"":""00:04:39.000"",""image"":""references/video-audit/chapters/CH02_alta_y_edicion_de_pacientes/event_frames/CH02-E0082_00h04m39s000ms_stable_change.jpg"",""detail_crop"":""references/video-audit/chapters/CH02_alta_y_edicion_de_pacientes/detail_crops/CH02-E0082_00h04m39s000ms_DETAIL.jpg"",""transcript"":""references/video-audit/chapters/CH02_alta_y_edicion_de_pacientes/transcript_raw.txt""}","app/views.js","renderPatientForm","Estado mock persistido en localStorage; Supabase todavía no validado en runtime.","tests/ch02-patient.test.mjs; tests/e2e/ch02.spec.mjs","IMPLEMENTED_EXACT","","","El alta se presenta como página completa con las cuatro secciones observadas y acciones Atrás/Guardar. | Persiste después de recargar cuando la acción modifica datos. | Respeta rol y organización. | Tiene prueba automatizada específica y prueba de navegador cuando corresponde."
"CH02-R004","VIDEO_REQUIREMENT","CH02","CH02-E0011 | CH02-E0066 | CH02-E0071","00:02:17.800 | 00:04:10.000 | 00:04:19.600","patient_validation","Paciente nuevo","","required_fields","Campos marcados con *","Tipo/documento, nombre, nacimiento, sexo, celular, empresa, seguro, dirección y comentarios se validan; una cobertura exige titularidad, póliza e identidad del asegurado.","Datos sintéticos y alcance de la organización activa.","Entrada válida, estado vacío y error accionable sin revelar existencia de registros.","Permiso explícito de lectura o escritura aplicado en navegación, control, store y persistencia.","El estado visible cambia sólo después de completar la operación autorizada.","Error accesible y genérico; no mostrar éxito anticipado.","NO_APLICA","{""chapter_id"":""CH02"",""event_id"":""CH02-E0011"",""timestamp"":""00:02:17.800"",""image"":""references/video-audit/chapters/CH02_alta_y_edicion_de_pacientes/event_frames/CH02-E0011_00h02m17s800ms_abrupt_change.jpg"",""detail_crop"":"""",""transcript"":""references/video-audit/chapters/CH02_alta_y_edicion_de_pacientes/transcript_raw.txt""} | {""chapter_id"":""CH02"",""event_id"":""CH02-E0066"",""timestamp"":""00:04:10.000"",""image"":""references/video-audit/chapters/CH02_alta_y_edicion_de_pacientes/event_frames/CH02-E0066_00h04m10s000ms_abrupt_change.jpg"",""detail_crop"":""references/video-audit/chapters/CH02_alta_y_edicion_de_pacientes/detail_crops/CH02-E0066_00h04m10s000ms_DETAIL.jpg"",""transcript"":""references/video-audit/chapters/CH02_alta_y_edicion_de_pacientes/transcript_raw.txt""} | {""chapter_id"":""CH02"",""event_id"":""CH02-E0071"",""timestamp"":""00:04:19.600"",""image"":""references/video-audit/chapters/CH02_alta_y_edicion_de_pacientes/event_frames/CH02-E0071_00h04m19s600ms_abrupt_change.jpg"",""detail_crop"":"""",""transcript"":""references/video-audit/chapters/CH02_alta_y_edicion_de_pacientes/transcript_raw.txt""}","app/main.js","patient-form submit/patient-insurance-change","Estado mock persistido en localStorage; Supabase todavía no validado en runtime.","tests/ch02-patient.test.mjs; tests/e2e/ch02.spec.mjs","IMPLEMENTED_EXACT","","CH02-Q001 | CH02-Q002 | CH02-Q005","Tipo/documento, nombre, nacimiento, sexo, celular, empresa, seguro, dirección y comentarios se validan; una cobertura exige titularidad, póliza e identidad del asegurado. | Persiste después de recargar cuando la acción modifica datos. | Respeta rol y organización. | Tiene prueba automatizada específica y prueba de navegador cuando corresponde."
"CH02-R005","VIDEO_REQUIREMENT","CH02","CH02-E0012 | CH02-E0014 | CH02-E0015","00:02:23.400 | 00:02:36.600 | 00:02:40.000","document_and_dates","Paciente nuevo","","input","Tipo de documento / Fecha de nacimiento","Permite Cédula/Pasaporte y selección de fecha; las máscaras, normalización y fechas futuras dependen de reglas aprobadas.","Datos sintéticos y alcance de la organización activa.","Entrada válida, estado vacío y error accionable sin revelar existencia de registros.","Permiso explícito de lectura o escritura aplicado en navegación, control, store y persistencia.","El estado visible cambia sólo después de completar la operación autorizada.","Error accesible y genérico; no mostrar éxito anticipado.","NO_APLICA","{""chapter_id"":""CH02"",""event_id"":""CH02-E0012"",""timestamp"":""00:02:23.400"",""image"":""references/video-audit/chapters/CH02_alta_y_edicion_de_pacientes/event_frames/CH02-E0012_00h02m23s400ms_motion_progress.jpg"",""detail_crop"":""references/video-audit/chapters/CH02_alta_y_edicion_de_pacientes/detail_crops/CH02-E0012_00h02m23s400ms_DETAIL.jpg"",""transcript"":""references/video-audit/chapters/CH02_alta_y_edicion_de_pacientes/transcript_raw.txt""} | {""chapter_id"":""CH02"",""event_id"":""CH02-E0014"",""timestamp"":""00:02:36.600"",""image"":""references/video-audit/chapters/CH02_alta_y_edicion_de_pacientes/event_frames/CH02-E0014_00h02m36s600ms_settled.jpg"",""detail_crop"":""references/video-audit/chapters/CH02_alta_y_edicion_de_pacientes/detail_crops/CH02-E0014_00h02m36s600ms_DETAIL.jpg"",""transcript"":""references/video-audit/chapters/CH02_alta_y_edicion_de_pacientes/transcript_raw.txt""} | {""chapter_id"":""CH02"",""event_id"":""CH02-E0015"",""timestamp"":""00:02:40.000"",""image"":""references/video-audit/chapters/CH02_alta_y_edicion_de_pacientes/event_frames/CH02-E0015_00h02m40s000ms_settled.jpg"",""detail_crop"":""references/video-audit/chapters/CH02_alta_y_edicion_de_pacientes/detail_crops/CH02-E0015_00h02m40s000ms_DETAIL.jpg"",""transcript"":""references/video-audit/chapters/CH02_alta_y_edicion_de_pacientes/transcript_raw.txt""}","app/views.js","renderPatientForm","Estado mock persistido en localStorage; Supabase todavía no validado en runtime.","tests/e2e/ch02.spec.mjs","IMPLEMENTED_PARTIAL","","CH02-Q001 | CH02-Q002","Permite Cédula/Pasaporte y selección de fecha; las máscaras, normalización y fechas futuras dependen de reglas aprobadas. | Persiste después de recargar cuando la acción modifica datos. | Respeta rol y organización. | Tiene prueba automatizada específica y prueba de navegador cuando corresponde."
"CH02-R006","VIDEO_REQUIREMENT","CH02","CH02-E0016 | CH02-E0023 | CH02-E0024 | CH02-E0025","00:02:53.200 | 00:02:58.200 | 00:03:00.400 | 00:03:03.600","demographic_catalogs","Paciente nuevo","","catalog","Sangre / Estado civil / Nacionalidad / Empresa","Expone catálogos buscables y organizacionales sin presentar valores demo como maestros productivos.","Datos sintéticos y alcance de la organización activa.","Entrada válida, estado vacío y error accionable sin revelar existencia de registros.","Permiso explícito de lectura o escritura aplicado en navegación, control, store y persistencia.","El estado visible cambia sólo después de completar la operación autorizada.","Error accesible y genérico; no mostrar éxito anticipado.","NO_APLICA","{""chapter_id"":""CH02"",""event_id"":""CH02-E0016"",""timestamp"":""00:02:53.200"",""image"":""references/video-audit/chapters/CH02_alta_y_edicion_de_pacientes/event_frames/CH02-E0016_00h02m53s200ms_settled.jpg"",""detail_crop"":""references/video-audit/chapters/CH02_alta_y_edicion_de_pacientes/detail_crops/CH02-E0016_00h02m53s200ms_DETAIL.jpg"",""transcript"":""references/video-audit/chapters/CH02_alta_y_edicion_de_pacientes/transcript_raw.txt""} | {""chapter_id"":""CH02"",""event_id"":""CH02-E0023"",""timestamp"":""00:02:58.200"",""image"":""references/video-audit/chapters/CH02_alta_y_edicion_de_pacientes/event_frames/CH02-E0023_00h02m58s200ms_settled.jpg"",""detail_crop"":""references/video-audit/chapters/CH02_alta_y_edicion_de_pacientes/detail_crops/CH02-E0023_00h02m58s200ms_DETAIL.jpg"",""transcript"":""references/video-audit/chapters/CH02_alta_y_edicion_de_pacientes/transcript_raw.txt""} | {""chapter_id"":""CH02"",""event_id"":""CH02-E0024"",""timestamp"":""00:03:00.400"",""image"":""references/video-audit/chapters/CH02_alta_y_edicion_de_pacientes/event_frames/CH02-E0024_00h03m00s400ms_abrupt_change.jpg"",""detail_crop"":""references/video-audit/chapters/CH02_alta_y_edicion_de_pacientes/detail_crops/CH02-E0024_00h03m00s400ms_DETAIL.jpg"",""transcript"":""references/video-audit/chapters/CH02_alta_y_edicion_de_pacientes/transcript_raw.txt""} | {""chapter_id"":""CH02"",""event_id"":""CH02-E0025"",""timestamp"":""00:03:03.600"",""image"":""references/video-audit/chapters/CH02_alta_y_edicion_de_pacientes/event_frames/CH02-E0025_00h03m03s600ms_motion_progress.jpg"",""detail_crop"":""references/video-audit/chapters/CH02_alta_y_edicion_de_pacientes/detail_crops/CH02-E0025_00h03m03s600ms_DETAIL.jpg"",""transcript"":""references/video-audit/chapters/CH02_alta_y_edicion_de_pacientes/transcript_raw.txt""}","app/views.js","renderPatientForm","Estado mock persistido en localStorage; Supabase todavía no validado en runtime.","tests/ch02-patient.test.mjs","IMPLEMENTED_PARTIAL","","CH02-Q002 | CH02-Q004","Expone catálogos buscables y organizacionales sin presentar valores demo como maestros productivos. | Persiste después de recargar cuando la acción modifica datos. | Respeta rol y organización. | Tiene prueba automatizada específica y prueba de navegador cuando corresponde."
"CH02-R007","VIDEO_REQUIREMENT","CH02","CH02-E0013","00:02:25.000","international_phone","Paciente nuevo","","telephone","Teléfono celular","El país, prefijo, máscara y normalización telefónica son configurables por organización; no se adopta +507 sin confirmación.","Datos sintéticos y alcance de la organización activa.","Entrada válida, estado vacío y error accionable sin revelar existencia de registros.","Permiso explícito de lectura o escritura aplicado en navegación, control, store y persistencia.","El estado visible cambia sólo después de completar la operación autorizada.","Error accesible y genérico; no mostrar éxito anticipado.","NO_APLICA","{""chapter_id"":""CH02"",""event_id"":""CH02-E0013"",""timestamp"":""00:02:25.000"",""image"":""references/video-audit/chapters/CH02_alta_y_edicion_de_pacientes/event_frames/CH02-E0013_00h02m25s000ms_settled.jpg"",""detail_crop"":""references/video-audit/chapters/CH02_alta_y_edicion_de_pacientes/detail_crops/CH02-E0013_00h02m25s000ms_DETAIL.jpg"",""transcript"":""references/video-audit/chapters/CH02_alta_y_edicion_de_pacientes/transcript_raw.txt""}","app/views.js","renderPatientForm","Estado mock persistido en localStorage; Supabase todavía no validado en runtime.","tests/e2e/ch02.spec.mjs","NEEDS_CLIENT_CONFIRMATION","","CH02-Q002","El país, prefijo, máscara y normalización telefónica son configurables por organización; no se adopta +507 sin confirmación. | Persiste después de recargar cuando la acción modifica datos. | Respeta rol y organización. | Tiene prueba automatizada específica y prueba de navegador cuando corresponde."
"CH02-R008","VIDEO_REQUIREMENT","CH02","CH02-E0022","00:02:57.200","messaging_consent","Paciente nuevo","","checkbox","Botmaker / WhatsApp","No presupone consentimiento, registra elección/revocación y nunca envía contenido clínico por canales inseguros.","Datos sintéticos y alcance de la organización activa.","Entrada válida, estado vacío y error accionable sin revelar existencia de registros.","Permiso explícito de lectura o escritura aplicado en navegación, control, store y persistencia.","El estado visible cambia sólo después de completar la operación autorizada.","Error accesible y genérico; no mostrar éxito anticipado.","NO_APLICA","{""chapter_id"":""CH02"",""event_id"":""CH02-E0022"",""timestamp"":""00:02:57.200"",""image"":""references/video-audit/chapters/CH02_alta_y_edicion_de_pacientes/event_frames/CH02-E0022_00h02m57s200ms_settled.jpg"",""detail_crop"":""references/video-audit/chapters/CH02_alta_y_edicion_de_pacientes/detail_crops/CH02-E0022_00h02m57s200ms_DETAIL.jpg"",""transcript"":""references/video-audit/chapters/CH02_alta_y_edicion_de_pacientes/transcript_raw.txt""}","app/views.js","renderPatientForm","Estado mock persistido en localStorage; Supabase todavía no validado en runtime.","tests/ch02-patient.test.mjs; tests/e2e/ch02.spec.mjs","NEEDS_CLIENT_CONFIRMATION","","CH02-Q003","No presupone consentimiento, registra elección/revocación y nunca envía contenido clínico por canales inseguros. | Persiste después de recargar cuando la acción modifica datos. | Respeta rol y organización. | Tiene prueba automatizada específica y prueba de navegador cuando corresponde."
"CH02-R009","VIDEO_REQUIREMENT","CH02","CH02-E0029 | CH02-E0061 | CH02-E0064","00:03:20.600 | 00:03:49.200 | 00:03:53.600","patient_insurance","Paciente nuevo","","conditional_section","Paciente regular / aseguradora","Inicia como Paciente regular y revela la rama de cobertura sólo al seleccionar aseguradora.","Datos sintéticos y alcance de la organización activa.","Entrada válida, estado vacío y error accionable sin revelar existencia de registros.","Permiso explícito de lectura o escritura aplicado en navegación, control, store y persistencia.","El estado visible cambia sólo después de completar la operación autorizada.","Error accesible y genérico; no mostrar éxito anticipado.","NO_APLICA","{""chapter_id"":""CH02"",""event_id"":""CH02-E0029"",""timestamp"":""00:03:20.600"",""image"":""references/video-audit/chapters/CH02_alta_y_edicion_de_pacientes/event_frames/CH02-E0029_00h03m20s600ms_abrupt_change.jpg"",""detail_crop"":"""",""transcript"":""references/video-audit/chapters/CH02_alta_y_edicion_de_pacientes/transcript_raw.txt""} | {""chapter_id"":""CH02"",""event_id"":""CH02-E0061"",""timestamp"":""00:03:49.200"",""image"":""references/video-audit/chapters/CH02_alta_y_edicion_de_pacientes/event_frames/CH02-E0061_00h03m49s200ms_abrupt_change.jpg"",""detail_crop"":"""",""transcript"":""references/video-audit/chapters/CH02_alta_y_edicion_de_pacientes/transcript_raw.txt""} | {""chapter_id"":""CH02"",""event_id"":""CH02-E0064"",""timestamp"":""00:03:53.600"",""image"":""references/video-audit/chapters/CH02_alta_y_edicion_de_pacientes/event_frames/CH02-E0064_00h03m53s600ms_stable_change.jpg"",""detail_crop"":"""",""transcript"":""references/video-audit/chapters/CH02_alta_y_edicion_de_pacientes/transcript_raw.txt""}","app/main.js","patient-insurance-change","Estado mock persistido en localStorage; Supabase todavía no validado en runtime.","tests/e2e/ch02.spec.mjs","IMPLEMENTED_EXACT","","","Inicia como Paciente regular y revela la rama de cobertura sólo al seleccionar aseguradora. | Persiste después de recargar cuando la acción modifica datos. | Respeta rol y organización. | Tiene prueba automatizada específica y prueba de navegador cuando corresponde."
"CH02-R010","VIDEO_REQUIREMENT","CH02","CH02-E0031 | CH02-E0057 | CH02-E0060","00:03:26.000 | 00:03:46.000 | 00:03:48.800","insurer_catalog","Paciente nuevo","","searchable_select","Seguro","Busca y filtra un catálogo de aseguradoras activo y autorizado para la organización.","Datos sintéticos y alcance de la organización activa.","Entrada válida, estado vacío y error accionable sin revelar existencia de registros.","Permiso explícito de lectura o escritura aplicado en navegación, control, store y persistencia.","El estado visible cambia sólo después de completar la operación autorizada.","Error accesible y genérico; no mostrar éxito anticipado.","NO_APLICA","{""chapter_id"":""CH02"",""event_id"":""CH02-E0031"",""timestamp"":""00:03:26.000"",""image"":""references/video-audit/chapters/CH02_alta_y_edicion_de_pacientes/event_frames/CH02-E0031_00h03m26s000ms_abrupt_change.jpg"",""detail_crop"":""references/video-audit/chapters/CH02_alta_y_edicion_de_pacientes/detail_crops/CH02-E0031_00h03m26s000ms_DETAIL.jpg"",""transcript"":""references/video-audit/chapters/CH02_alta_y_edicion_de_pacientes/transcript_raw.txt""} | {""chapter_id"":""CH02"",""event_id"":""CH02-E0057"",""timestamp"":""00:03:46.000"",""image"":""references/video-audit/chapters/CH02_alta_y_edicion_de_pacientes/event_frames/CH02-E0057_00h03m46s000ms_abrupt_change.jpg"",""detail_crop"":""references/video-audit/chapters/CH02_alta_y_edicion_de_pacientes/detail_crops/CH02-E0057_00h03m46s000ms_DETAIL.jpg"",""transcript"":""references/video-audit/chapters/CH02_alta_y_edicion_de_pacientes/transcript_raw.txt""} | {""chapter_id"":""CH02"",""event_id"":""CH02-E0060"",""timestamp"":""00:03:48.800"",""image"":""references/video-audit/chapters/CH02_alta_y_edicion_de_pacientes/event_frames/CH02-E0060_00h03m48s800ms_stable_change.jpg"",""detail_crop"":""references/video-audit/chapters/CH02_alta_y_edicion_de_pacientes/detail_crops/CH02-E0060_00h03m48s800ms_DETAIL.jpg"",""transcript"":""references/video-audit/chapters/CH02_alta_y_edicion_de_pacientes/transcript_raw.txt""}","app/views.js","renderPatientForm","Estado mock persistido en localStorage; Supabase todavía no validado en runtime.","tests/e2e/ch02.spec.mjs","IMPLEMENTED_PARTIAL","","CH02-Q004","Busca y filtra un catálogo de aseguradoras activo y autorizado para la organización. | Persiste después de recargar cuando la acción modifica datos. | Respeta rol y organización. | Tiene prueba automatizada específica y prueba de navegador cuando corresponde."
"CH02-R011","VIDEO_REQUIREMENT","CH02","CH02-E0041 | CH02-E0058 | CH02-E0059","00:03:34.600 | 00:03:46.600 | 00:03:48.200","catalog_quality","Paciente nuevo","","data_quality","ASEG22/23/28/29","No copia entradas dudosas del video; requiere fuente maestra, orden y reglas de limpieza aprobadas.","Datos sintéticos y alcance de la organización activa.","Entrada válida, estado vacío y error accionable sin revelar existencia de registros.","Permiso explícito de lectura o escritura aplicado en navegación, control, store y persistencia.","El estado visible cambia sólo después de completar la operación autorizada.","Error accesible y genérico; no mostrar éxito anticipado.","NO_APLICA","{""chapter_id"":""CH02"",""event_id"":""CH02-E0041"",""timestamp"":""00:03:34.600"",""image"":""references/video-audit/chapters/CH02_alta_y_edicion_de_pacientes/event_frames/CH02-E0041_00h03m34s600ms_abrupt_change.jpg"",""detail_crop"":""references/video-audit/chapters/CH02_alta_y_edicion_de_pacientes/detail_crops/CH02-E0041_00h03m34s600ms_DETAIL.jpg"",""transcript"":""references/video-audit/chapters/CH02_alta_y_edicion_de_pacientes/transcript_raw.txt""} | {""chapter_id"":""CH02"",""event_id"":""CH02-E0058"",""timestamp"":""00:03:46.600"",""image"":""references/video-audit/chapters/CH02_alta_y_edicion_de_pacientes/event_frames/CH02-E0058_00h03m46s600ms_stable_change.jpg"",""detail_crop"":""references/video-audit/chapters/CH02_alta_y_edicion_de_pacientes/detail_crops/CH02-E0058_00h03m46s600ms_DETAIL.jpg"",""transcript"":""references/video-audit/chapters/CH02_alta_y_edicion_de_pacientes/transcript_raw.txt""} | {""chapter_id"":""CH02"",""event_id"":""CH02-E0059"",""timestamp"":""00:03:48.200"",""image"":""references/video-audit/chapters/CH02_alta_y_edicion_de_pacientes/event_frames/CH02-E0059_00h03m48s200ms_abrupt_change.jpg"",""detail_crop"":""references/video-audit/chapters/CH02_alta_y_edicion_de_pacientes/detail_crops/CH02-E0059_00h03m48s200ms_DETAIL.jpg"",""transcript"":""references/video-audit/chapters/CH02_alta_y_edicion_de_pacientes/transcript_raw.txt""}","app/data.js","","Catálogo asegurador sintético deliberadamente reducido.","NONE","NEEDS_CLIENT_CONFIRMATION","","CH02-Q004","No copia entradas dudosas del video; requiere fuente maestra, orden y reglas de limpieza aprobadas. | Persiste después de recargar cuando la acción modifica datos. | Respeta rol y organización. | Tiene prueba automatizada específica y prueba de navegador cuando corresponde."
"CH02-R012","VIDEO_REQUIREMENT","CH02","CH02-E0062 | CH02-E0063","00:03:49.800 | 00:03:53.000","policy_holder","Paciente nuevo","","choice","¿Paciente es el asegurado titular?","Solicita Sí/No al elegir aseguradora; Sí copia documento, nombre y nacimiento sin impedir corrección posterior.","Datos sintéticos y alcance de la organización activa.","Entrada válida, estado vacío y error accionable sin revelar existencia de registros.","Permiso explícito de lectura o escritura aplicado en navegación, control, store y persistencia.","El estado visible cambia sólo después de completar la operación autorizada.","Error accesible y genérico; no mostrar éxito anticipado.","NO_APLICA","{""chapter_id"":""CH02"",""event_id"":""CH02-E0062"",""timestamp"":""00:03:49.800"",""image"":""references/video-audit/chapters/CH02_alta_y_edicion_de_pacientes/event_frames/CH02-E0062_00h03m49s800ms_stable_change.jpg"",""detail_crop"":"""",""transcript"":""references/video-audit/chapters/CH02_alta_y_edicion_de_pacientes/transcript_raw.txt""} | {""chapter_id"":""CH02"",""event_id"":""CH02-E0063"",""timestamp"":""00:03:53.000"",""image"":""references/video-audit/chapters/CH02_alta_y_edicion_de_pacientes/event_frames/CH02-E0063_00h03m53s000ms_abrupt_change.jpg"",""detail_crop"":""references/video-audit/chapters/CH02_alta_y_edicion_de_pacientes/detail_crops/CH02-E0063_00h03m53s000ms_DETAIL.jpg"",""transcript"":""references/video-audit/chapters/CH02_alta_y_edicion_de_pacientes/transcript_raw.txt""}","app/main.js","patient-holder-change","Estado mock persistido en localStorage; Supabase todavía no validado en runtime.","tests/e2e/ch02.spec.mjs","IMPLEMENTED_PARTIAL","","CH02-Q005","Solicita Sí/No al elegir aseguradora; Sí copia documento, nombre y nacimiento sin impedir corrección posterior. | Persiste después de recargar cuando la acción modifica datos. | Respeta rol y organización. | Tiene prueba automatizada específica y prueba de navegador cuando corresponde."
"CH02-R013","VIDEO_REQUIREMENT","CH02","CH02-E0064 | CH02-E0066","00:03:53.600 | 00:04:10.000","insurance_coverage","Paciente nuevo","","coverage_fields","Póliza / Certificado / Fecha efectiva / Asegurado / Agregar","Captura la cobertura observada; múltiples coberturas, vigencia y Agregar permanecen bloqueados hasta definir reglas.","Datos sintéticos y alcance de la organización activa.","Entrada válida, estado vacío y error accionable sin revelar existencia de registros.","Permiso explícito de lectura o escritura aplicado en navegación, control, store y persistencia.","El estado visible cambia sólo después de completar la operación autorizada.","Error accesible y genérico; no mostrar éxito anticipado.","NO_APLICA","{""chapter_id"":""CH02"",""event_id"":""CH02-E0064"",""timestamp"":""00:03:53.600"",""image"":""references/video-audit/chapters/CH02_alta_y_edicion_de_pacientes/event_frames/CH02-E0064_00h03m53s600ms_stable_change.jpg"",""detail_crop"":"""",""transcript"":""references/video-audit/chapters/CH02_alta_y_edicion_de_pacientes/transcript_raw.txt""} | {""chapter_id"":""CH02"",""event_id"":""CH02-E0066"",""timestamp"":""00:04:10.000"",""image"":""references/video-audit/chapters/CH02_alta_y_edicion_de_pacientes/event_frames/CH02-E0066_00h04m10s000ms_abrupt_change.jpg"",""detail_crop"":""references/video-audit/chapters/CH02_alta_y_edicion_de_pacientes/detail_crops/CH02-E0066_00h04m10s000ms_DETAIL.jpg"",""transcript"":""references/video-audit/chapters/CH02_alta_y_edicion_de_pacientes/transcript_raw.txt""}","app/views.js","renderPatientForm","Estado mock persistido en localStorage; Supabase todavía no validado en runtime.","tests/e2e/ch02.spec.mjs","IMPLEMENTED_PARTIAL","","CH02-Q005","Captura la cobertura observada; múltiples coberturas, vigencia y Agregar permanecen bloqueados hasta definir reglas. | Persiste después de recargar cuando la acción modifica datos. | Respeta rol y organización. | Tiene prueba automatizada específica y prueba de navegador cuando corresponde."
"CH02-R014","VIDEO_REQUIREMENT","CH02","CH02-E0068 | CH02-E0069","00:04:11.000 | 00:04:17.600","patient_contacts","Paciente nuevo","","repeatable_fields","Información de contactos","Captura nombre, teléfono, correo, parentesco, rol y país; multiplicidad y catálogos esperan reglas del cliente.","Datos sintéticos y alcance de la organización activa.","Entrada válida, estado vacío y error accionable sin revelar existencia de registros.","Permiso explícito de lectura o escritura aplicado en navegación, control, store y persistencia.","El estado visible cambia sólo después de completar la operación autorizada.","Error accesible y genérico; no mostrar éxito anticipado.","NO_APLICA","{""chapter_id"":""CH02"",""event_id"":""CH02-E0068"",""timestamp"":""00:04:11.000"",""image"":""references/video-audit/chapters/CH02_alta_y_edicion_de_pacientes/event_frames/CH02-E0068_00h04m11s000ms_stable_change.jpg"",""detail_crop"":"""",""transcript"":""references/video-audit/chapters/CH02_alta_y_edicion_de_pacientes/transcript_raw.txt""} | {""chapter_id"":""CH02"",""event_id"":""CH02-E0069"",""timestamp"":""00:04:17.600"",""image"":""references/video-audit/chapters/CH02_alta_y_edicion_de_pacientes/event_frames/CH02-E0069_00h04m17s600ms_abrupt_change.jpg"",""detail_crop"":"""",""transcript"":""references/video-audit/chapters/CH02_alta_y_edicion_de_pacientes/transcript_raw.txt""}","app/store.js","createPatient/updatePatient","Estado mock persistido en localStorage; Supabase todavía no validado en runtime.","tests/ch02-patient.test.mjs","IMPLEMENTED_PARTIAL","","CH02-Q006","Captura nombre, teléfono, correo, parentesco, rol y país; multiplicidad y catálogos esperan reglas del cliente. | Persiste después de recargar cuando la acción modifica datos. | Respeta rol y organización. | Tiene prueba automatizada específica y prueba de navegador cuando corresponde."
"CH02-R015","VIDEO_REQUIREMENT","CH02","CH02-E0071 | CH02-E0072","00:04:19.600 | 00:04:20.000","patient_address","Paciente nuevo","","address_fields","Pegar enlace / Limpiar / Dirección / Ubicación / Comentarios / Cámara","Presenta y persiste los campos administrativos; Limpiar borra la captura local y Cámara no simula éxito.","Datos sintéticos y alcance de la organización activa.","Entrada válida, estado vacío y error accionable sin revelar existencia de registros.","Permiso explícito de lectura o escritura aplicado en navegación, control, store y persistencia.","El estado visible cambia sólo después de completar la operación autorizada.","Error accesible y genérico; no mostrar éxito anticipado.","NO_APLICA","{""chapter_id"":""CH02"",""event_id"":""CH02-E0071"",""timestamp"":""00:04:19.600"",""image"":""references/video-audit/chapters/CH02_alta_y_edicion_de_pacientes/event_frames/CH02-E0071_00h04m19s600ms_abrupt_change.jpg"",""detail_crop"":"""",""transcript"":""references/video-audit/chapters/CH02_alta_y_edicion_de_pacientes/transcript_raw.txt""} | {""chapter_id"":""CH02"",""event_id"":""CH02-E0072"",""timestamp"":""00:04:20.000"",""image"":""references/video-audit/chapters/CH02_alta_y_edicion_de_pacientes/event_frames/CH02-E0072_00h04m20s000ms_abrupt_change.jpg"",""detail_crop"":"""",""transcript"":""references/video-audit/chapters/CH02_alta_y_edicion_de_pacientes/transcript_raw.txt""}","app/main.js","clear-patient-location","Estado mock persistido en localStorage; Supabase todavía no validado en runtime.","tests/e2e/ch02.spec.mjs","IMPLEMENTED_PARTIAL","","CH02-Q007","Presenta y persiste los campos administrativos; Limpiar borra la captura local y Cámara no simula éxito. | Persiste después de recargar cuando la acción modifica datos. | Respeta rol y organización. | Tiene prueba automatizada específica y prueba de navegador cuando corresponde."
"CH02-R016","VIDEO_REQUIREMENT","CH02","CH02-E0073 | CH02-E0075 | CH02-E0076","00:04:20.600 | 00:04:33.800 | 00:04:35.800","patient_map","Paciente nuevo","","map","Mapa / Satellite / fullscreen / Ctrl+scroll","Un proveedor aprobado resuelve mapa, marcador, capas, zoom accesible y licencia; mientras tanto se muestra un placeholder inequívoco sin geocodificar.","Datos sintéticos y alcance de la organización activa.","Entrada válida, estado vacío y error accionable sin revelar existencia de registros.","Permiso explícito de lectura o escritura aplicado en navegación, control, store y persistencia.","El estado visible cambia sólo después de completar la operación autorizada.","Error accesible y genérico; no mostrar éxito anticipado.","NO_APLICA","{""chapter_id"":""CH02"",""event_id"":""CH02-E0073"",""timestamp"":""00:04:20.600"",""image"":""references/video-audit/chapters/CH02_alta_y_edicion_de_pacientes/event_frames/CH02-E0073_00h04m20s600ms_stable_change.jpg"",""detail_crop"":"""",""transcript"":""references/video-audit/chapters/CH02_alta_y_edicion_de_pacientes/transcript_raw.txt""} | {""chapter_id"":""CH02"",""event_id"":""CH02-E0075"",""timestamp"":""00:04:33.800"",""image"":""references/video-audit/chapters/CH02_alta_y_edicion_de_pacientes/event_frames/CH02-E0075_00h04m33s800ms_abrupt_change.jpg"",""detail_crop"":"""",""transcript"":""references/video-audit/chapters/CH02_alta_y_edicion_de_pacientes/transcript_raw.txt""} | {""chapter_id"":""CH02"",""event_id"":""CH02-E0076"",""timestamp"":""00:04:35.800"",""image"":""references/video-audit/chapters/CH02_alta_y_edicion_de_pacientes/event_frames/CH02-E0076_00h04m35s800ms_abrupt_change.jpg"",""detail_crop"":""references/video-audit/chapters/CH02_alta_y_edicion_de_pacientes/detail_crops/CH02-E0076_00h04m35s800ms_DETAIL.jpg"",""transcript"":""references/video-audit/chapters/CH02_alta_y_edicion_de_pacientes/transcript_raw.txt""}","app/views.js","renderPatientForm","Estado mock persistido en localStorage; Supabase todavía no validado en runtime.","tests/e2e/ch02.spec.mjs","NEEDS_CLIENT_CONFIRMATION","","CH02-Q007","Un proveedor aprobado resuelve mapa, marcador, capas, zoom accesible y licencia; mientras tanto se muestra un placeholder inequívoco sin geocodificar. | Persiste después de recargar cuando la acción modifica datos. | Respeta rol y organización. | Tiene prueba automatizada específica y prueba de navegador cuando corresponde."
"CH02-R017","VIDEO_REQUIREMENT","CH02","CH02-E0079 | CH02-E0082","00:04:37.200 | 00:04:39.000","patient_save","Paciente nuevo","","submit","Guardar","Valida, persiste en el alcance organizacional, audita y evita duplicados; el video no demuestra resultado, errores ni idempotencia exactos.","Datos sintéticos y alcance de la organización activa.","Entrada válida, estado vacío y error accionable sin revelar existencia de registros.","Permiso explícito de lectura o escritura aplicado en navegación, control, store y persistencia.","El estado visible cambia sólo después de completar la operación autorizada.","Error accesible y genérico; no mostrar éxito anticipado.","NO_APLICA","{""chapter_id"":""CH02"",""event_id"":""CH02-E0079"",""timestamp"":""00:04:37.200"",""image"":""references/video-audit/chapters/CH02_alta_y_edicion_de_pacientes/event_frames/CH02-E0079_00h04m37s200ms_stable_change.jpg"",""detail_crop"":"""",""transcript"":""references/video-audit/chapters/CH02_alta_y_edicion_de_pacientes/transcript_raw.txt""} | {""chapter_id"":""CH02"",""event_id"":""CH02-E0082"",""timestamp"":""00:04:39.000"",""image"":""references/video-audit/chapters/CH02_alta_y_edicion_de_pacientes/event_frames/CH02-E0082_00h04m39s000ms_stable_change.jpg"",""detail_crop"":""references/video-audit/chapters/CH02_alta_y_edicion_de_pacientes/detail_crops/CH02-E0082_00h04m39s000ms_DETAIL.jpg"",""transcript"":""references/video-audit/chapters/CH02_alta_y_edicion_de_pacientes/transcript_raw.txt""}","app/store.js","createPatient","Estado mock persistido en localStorage; Supabase todavía no validado en runtime.","tests/ch02-patient.test.mjs; tests/e2e/ch02.spec.mjs","NOT_TESTABLE","","CH02-Q008","Valida, persiste en el alcance organizacional, audita y evita duplicados; el video no demuestra resultado, errores ni idempotencia exactos. | Persiste después de recargar cuando la acción modifica datos. | Respeta rol y organización. | Tiene prueba automatizada específica y prueba de navegador cuando corresponde."
"CH02-R018","VIDEO_REQUIREMENT","CH02","CH02-E0082","00:04:39.000","patient_edit","Editar paciente","","form","Edición de paciente","Carga, actualiza y audita el paciente autorizado; el capítulo titula edición pero no muestra ese flujo.","Datos sintéticos y alcance de la organización activa.","Entrada válida, estado vacío y error accionable sin revelar existencia de registros.","Permiso explícito de lectura o escritura aplicado en navegación, control, store y persistencia.","El estado visible cambia sólo después de completar la operación autorizada.","Error accesible y genérico; no mostrar éxito anticipado.","NO_APLICA","{""chapter_id"":""CH02"",""event_id"":""CH02-E0082"",""timestamp"":""00:04:39.000"",""image"":""references/video-audit/chapters/CH02_alta_y_edicion_de_pacientes/event_frames/CH02-E0082_00h04m39s000ms_stable_change.jpg"",""detail_crop"":""references/video-audit/chapters/CH02_alta_y_edicion_de_pacientes/detail_crops/CH02-E0082_00h04m39s000ms_DETAIL.jpg"",""transcript"":""references/video-audit/chapters/CH02_alta_y_edicion_de_pacientes/transcript_raw.txt""}","app/store.js","updatePatient","Estado mock persistido en localStorage; Supabase todavía no validado en runtime.","tests/ch02-patient.test.mjs; tests/e2e/ch02.spec.mjs","NOT_TESTABLE","","CH02-Q008","Carga, actualiza y audita el paciente autorizado; el capítulo titula edición pero no muestra ese flujo. | Persiste después de recargar cuando la acción modifica datos. | Respeta rol y organización. | Tiene prueba automatizada específica y prueba de navegador cuando corresponde."
"CH02-R019","VIDEO_REQUIREMENT","CH02","CH02-E0001 | CH02-E0009","00:01:51.000 | 00:02:17.000","patient_permissions","Paciente nuevo","","permission","Nancy Vasquez","Sólo roles aprobados pueden crear/editar; el rol técnico del usuario observado no aparece en la evidencia.","Datos sintéticos y alcance de la organización activa.","Entrada válida, estado vacío y error accionable sin revelar existencia de registros.","Permiso explícito de lectura o escritura aplicado en navegación, control, store y persistencia.","El estado visible cambia sólo después de completar la operación autorizada.","Error accesible y genérico; no mostrar éxito anticipado.","NO_APLICA","{""chapter_id"":""CH02"",""event_id"":""CH02-E0001"",""timestamp"":""00:01:51.000"",""image"":""references/video-audit/chapters/CH02_alta_y_edicion_de_pacientes/event_frames/CH02-E0001_00h01m51s000ms_abrupt_change.jpg"",""detail_crop"":""references/video-audit/chapters/CH02_alta_y_edicion_de_pacientes/detail_crops/CH02-E0001_00h01m51s000ms_DETAIL.jpg"",""transcript"":""references/video-audit/chapters/CH02_alta_y_edicion_de_pacientes/transcript_raw.txt""} | {""chapter_id"":""CH02"",""event_id"":""CH02-E0009"",""timestamp"":""00:02:17.000"",""image"":""references/video-audit/chapters/CH02_alta_y_edicion_de_pacientes/event_frames/CH02-E0009_00h02m17s000ms_abrupt_change.jpg"",""detail_crop"":"""",""transcript"":""references/video-audit/chapters/CH02_alta_y_edicion_de_pacientes/transcript_raw.txt""}","app/domain.js","ROLE_PERMISSIONS","Estado mock persistido en localStorage; Supabase todavía no validado en runtime.","tests/ch02-patient.test.mjs","NEEDS_CLIENT_CONFIRMATION","","CH02-Q008","Sólo roles aprobados pueden crear/editar; el rol técnico del usuario observado no aparece en la evidencia. | Persiste después de recargar cuando la acción modifica datos. | Respeta rol y organización. | Tiene prueba automatizada específica y prueba de navegador cuando corresponde."
"CH02-R020","VIDEO_REQUIREMENT","CH02","CH02-E0082","00:04:39.000","patient_print","Paciente nuevo","","print","Impresión","CH02 no evidencia acción ni documento imprimible de alta; no se inventa ninguno.","Datos sintéticos y alcance de la organización activa.","Entrada válida, estado vacío y error accionable sin revelar existencia de registros.","Permiso explícito de lectura o escritura aplicado en navegación, control, store y persistencia.","El estado visible cambia sólo después de completar la operación autorizada.","Error accesible y genérico; no mostrar éxito anticipado.","Sin evidencia de impresión en CH02.","{""chapter_id"":""CH02"",""event_id"":""CH02-E0082"",""timestamp"":""00:04:39.000"",""image"":""references/video-audit/chapters/CH02_alta_y_edicion_de_pacientes/event_frames/CH02-E0082_00h04m39s000ms_stable_change.jpg"",""detail_crop"":""references/video-audit/chapters/CH02_alta_y_edicion_de_pacientes/detail_crops/CH02-E0082_00h04m39s000ms_DETAIL.jpg"",""transcript"":""references/video-audit/chapters/CH02_alta_y_edicion_de_pacientes/transcript_raw.txt""}","app/views.js","","Estado mock persistido en localStorage; Supabase todavía no validado en runtime.","NONE","NOT_TESTABLE","","","CH02 no evidencia acción ni documento imprimible de alta; no se inventa ninguno. | Persiste después de recargar cuando la acción modifica datos. | Respeta rol y organización. | Tiene prueba automatizada específica y prueba de navegador cuando corresponde."
"CH02-H001","PLATFORM_HARDENING","CH02","CH02-E0011 | CH02-E0082","00:02:17.800 | 00:04:39.000","form_integrity","Paciente nuevo","","validation","Integridad del envío","El manejador identifica el formulario por atributo aunque exista input name=id, ejecuta reportValidity y no emite éxito sin persistencia.","Datos sintéticos y alcance de la organización activa.","Entrada válida, estado vacío y error accionable sin revelar existencia de registros.","Permiso explícito de lectura o escritura aplicado en navegación, control, store y persistencia.","El estado visible cambia sólo después de completar la operación autorizada.","Error accesible y genérico; no mostrar éxito anticipado.","NO_APLICA","{""chapter_id"":""CH02"",""event_id"":""CH02-E0011"",""timestamp"":""00:02:17.800"",""image"":""references/video-audit/chapters/CH02_alta_y_edicion_de_pacientes/event_frames/CH02-E0011_00h02m17s800ms_abrupt_change.jpg"",""detail_crop"":"""",""transcript"":""references/video-audit/chapters/CH02_alta_y_edicion_de_pacientes/transcript_raw.txt""} | {""chapter_id"":""CH02"",""event_id"":""CH02-E0082"",""timestamp"":""00:04:39.000"",""image"":""references/video-audit/chapters/CH02_alta_y_edicion_de_pacientes/event_frames/CH02-E0082_00h04m39s000ms_stable_change.jpg"",""detail_crop"":""references/video-audit/chapters/CH02_alta_y_edicion_de_pacientes/detail_crops/CH02-E0082_00h04m39s000ms_DETAIL.jpg"",""transcript"":""references/video-audit/chapters/CH02_alta_y_edicion_de_pacientes/transcript_raw.txt""}","app/main.js","submit listener","Estado mock persistido en localStorage; Supabase todavía no validado en runtime.","tests/e2e/ch02.spec.mjs","IMPLEMENTED_EXACT","","","El manejador identifica el formulario por atributo aunque exista input name=id, ejecuta reportValidity y no emite éxito sin persistencia. | Persiste después de recargar cuando la acción modifica datos. | Respeta rol y organización. | Tiene prueba automatizada específica y prueba de navegador cuando corresponde."
"CH02-H002","PLATFORM_HARDENING","CH02","CH02-E0082","00:04:39.000","organization_boundary","Paciente nuevo","","authorization","Alcance organizacional","Crear, actualizar y detectar duplicados se limita a la organización derivada de sesión y se audita.","Datos sintéticos y alcance de la organización activa.","Entrada válida, estado vacío y error accionable sin revelar existencia de registros.","Permiso explícito de lectura o escritura aplicado en navegación, control, store y persistencia.","El estado visible cambia sólo después de completar la operación autorizada.","Error accesible y genérico; no mostrar éxito anticipado.","NO_APLICA","{""chapter_id"":""CH02"",""event_id"":""CH02-E0082"",""timestamp"":""00:04:39.000"",""image"":""references/video-audit/chapters/CH02_alta_y_edicion_de_pacientes/event_frames/CH02-E0082_00h04m39s000ms_stable_change.jpg"",""detail_crop"":""references/video-audit/chapters/CH02_alta_y_edicion_de_pacientes/detail_crops/CH02-E0082_00h04m39s000ms_DETAIL.jpg"",""transcript"":""references/video-audit/chapters/CH02_alta_y_edicion_de_pacientes/transcript_raw.txt""}","app/store.js","createPatient/updatePatient","Estado mock persistido en localStorage; Supabase todavía no validado en runtime.","tests/ch02-patient.test.mjs","IMPLEMENTED_PARTIAL","","","Crear, actualizar y detectar duplicados se limita a la organización derivada de sesión y se audita. | Persiste después de recargar cuando la acción modifica datos. | Respeta rol y organización. | Tiene prueba automatizada específica y prueba de navegador cuando corresponde."
"CH03-R001","VIDEO_REQUIREMENT","CH03","CH03-E0005 | CH03-E0035","00:04:48.200 | 00:05:31.200","billing_navigation","Shell","","navigation_group","Hospitalización / Cuentas por cobrar / Preautorizaciones & Reclamos","El grupo Facturación expone las tres rutas observadas con etiquetas y orden consistentes.","Datos sintéticos y alcance de la organización activa.","Entrada válida, estado vacío y error accionable sin revelar existencia de registros.","Permiso explícito de lectura o escritura aplicado en navegación, control, store y persistencia.","El estado visible cambia sólo después de completar la operación autorizada.","Error accesible y genérico; no mostrar éxito anticipado.","NO_APLICA","{""chapter_id"":""CH03"",""event_id"":""CH03-E0005"",""timestamp"":""00:04:48.200"",""image"":""references/video-audit/chapters/CH03_hospitalizacion_y_navegacion_de_preautorizaciones/event_frames/CH03-E0005_00h04m48s200ms_settled.jpg"",""detail_crop"":""references/video-audit/chapters/CH03_hospitalizacion_y_navegacion_de_preautorizaciones/detail_crops/CH03-E0005_00h04m48s200ms_DETAIL.jpg"",""transcript"":""references/video-audit/chapters/CH03_hospitalizacion_y_navegacion_de_preautorizaciones/transcript_raw.txt""} | {""chapter_id"":""CH03"",""event_id"":""CH03-E0035"",""timestamp"":""00:05:31.200"",""image"":""references/video-audit/chapters/CH03_hospitalizacion_y_navegacion_de_preautorizaciones/event_frames/CH03-E0035_00h05m31s200ms_settled.jpg"",""detail_crop"":""references/video-audit/chapters/CH03_hospitalizacion_y_navegacion_de_preautorizaciones/detail_crops/CH03-E0035_00h05m31s200ms_DETAIL.jpg"",""transcript"":""references/video-audit/chapters/CH03_hospitalizacion_y_navegacion_de_preautorizaciones/transcript_raw.txt""}","app/views.js","navigation/renderNavigation","Estado mock persistido en localStorage; Supabase todavía no validado en runtime.","tests/ch03-hospitalization.test.mjs; tests/e2e/ch03.spec.mjs","IMPLEMENTED_EXACT","","","El grupo Facturación expone las tres rutas observadas con etiquetas y orden consistentes. | Persiste después de recargar cuando la acción modifica datos. | Respeta rol y organización. | Tiene prueba automatizada específica y prueba de navegador cuando corresponde."
"CH03-R002","VIDEO_REQUIREMENT","CH03","CH03-E0009 | CH03-E0010 | CH03-E0040","00:04:53.200 | 00:04:57.600 | 00:05:39.200","hospitalization_surface","Hospitalización","","tabs","Relación de pacientes por empresa / Activos / Cotizaciones / PIC Ejecución","La página integra panel, tres pestañas estables y contenido por pestaña; los contadores no se inventan sin fórmula aprobada.","Datos sintéticos y alcance de la organización activa.","Entrada válida, estado vacío y error accionable sin revelar existencia de registros.","Permiso explícito de lectura o escritura aplicado en navegación, control, store y persistencia.","El estado visible cambia sólo después de completar la operación autorizada.","Error accesible y genérico; no mostrar éxito anticipado.","NO_APLICA","{""chapter_id"":""CH03"",""event_id"":""CH03-E0009"",""timestamp"":""00:04:53.200"",""image"":""references/video-audit/chapters/CH03_hospitalizacion_y_navegacion_de_preautorizaciones/event_frames/CH03-E0009_00h04m53s200ms_stable_change.jpg"",""detail_crop"":"""",""transcript"":""references/video-audit/chapters/CH03_hospitalizacion_y_navegacion_de_preautorizaciones/transcript_raw.txt""} | {""chapter_id"":""CH03"",""event_id"":""CH03-E0010"",""timestamp"":""00:04:57.600"",""image"":""references/video-audit/chapters/CH03_hospitalizacion_y_navegacion_de_preautorizaciones/event_frames/CH03-E0010_00h04m57s600ms_abrupt_change.jpg"",""detail_crop"":""references/video-audit/chapters/CH03_hospitalizacion_y_navegacion_de_preautorizaciones/detail_crops/CH03-E0010_00h04m57s600ms_DETAIL.jpg"",""transcript"":""references/video-audit/chapters/CH03_hospitalizacion_y_navegacion_de_preautorizaciones/transcript_raw.txt""} | {""chapter_id"":""CH03"",""event_id"":""CH03-E0040"",""timestamp"":""00:05:39.200"",""image"":""references/video-audit/chapters/CH03_hospitalizacion_y_navegacion_de_preautorizaciones/event_frames/CH03-E0040_00h05m39s200ms_stable_change.jpg"",""detail_crop"":""references/video-audit/chapters/CH03_hospitalizacion_y_navegacion_de_preautorizaciones/detail_crops/CH03-E0040_00h05m39s200ms_DETAIL.jpg"",""transcript"":""references/video-audit/chapters/CH03_hospitalizacion_y_navegacion_de_preautorizaciones/transcript_raw.txt""}","app/views.js","renderCases","Estado mock persistido en localStorage; Supabase todavía no validado en runtime.","tests/e2e/ch03.spec.mjs","IMPLEMENTED_PARTIAL","","CH03-Q003","La página integra panel, tres pestañas estables y contenido por pestaña; los contadores no se inventan sin fórmula aprobada. | Persiste después de recargar cuando la acción modifica datos. | Respeta rol y organización. | Tiene prueba automatizada específica y prueba de navegador cuando corresponde."
"CH03-R003","VIDEO_REQUIREMENT","CH03","CH03-E0006 | CH03-E0007 | CH03-E0008 | CH03-E0036 | CH03-E0037 | CH03-E0038","00:04:51.800 | 00:04:52.200 | 00:04:52.600 | 00:05:37.000 | 00:05:37.400 | 00:05:38.000","preadmission_transient","Hospitalización","","transient_tab","Preadmisión","No se convierte en una pestaña estable hasta confirmar si es feature flag, permiso, ruta incompleta o residuo de pintura.","Datos sintéticos y alcance de la organización activa.","Entrada válida, estado vacío y error accionable sin revelar existencia de registros.","Permiso explícito de lectura o escritura aplicado en navegación, control, store y persistencia.","El estado visible cambia sólo después de completar la operación autorizada.","Error accesible y genérico; no mostrar éxito anticipado.","NO_APLICA","{""chapter_id"":""CH03"",""event_id"":""CH03-E0006"",""timestamp"":""00:04:51.800"",""image"":""references/video-audit/chapters/CH03_hospitalizacion_y_navegacion_de_preautorizaciones/event_frames/CH03-E0006_00h04m51s800ms_abrupt_change.jpg"",""detail_crop"":"""",""transcript"":""references/video-audit/chapters/CH03_hospitalizacion_y_navegacion_de_preautorizaciones/transcript_raw.txt""} | {""chapter_id"":""CH03"",""event_id"":""CH03-E0007"",""timestamp"":""00:04:52.200"",""image"":""references/video-audit/chapters/CH03_hospitalizacion_y_navegacion_de_preautorizaciones/event_frames/CH03-E0007_00h04m52s200ms_abrupt_change.jpg"",""detail_crop"":"""",""transcript"":""references/video-audit/chapters/CH03_hospitalizacion_y_navegacion_de_preautorizaciones/transcript_raw.txt""} | {""chapter_id"":""CH03"",""event_id"":""CH03-E0008"",""timestamp"":""00:04:52.600"",""image"":""references/video-audit/chapters/CH03_hospitalizacion_y_navegacion_de_preautorizaciones/event_frames/CH03-E0008_00h04m52s600ms_abrupt_change.jpg"",""detail_crop"":"""",""transcript"":""references/video-audit/chapters/CH03_hospitalizacion_y_navegacion_de_preautorizaciones/transcript_raw.txt""} | {""chapter_id"":""CH03"",""event_id"":""CH03-E0036"",""timestamp"":""00:05:37.000"",""image"":""references/video-audit/chapters/CH03_hospitalizacion_y_navegacion_de_preautorizaciones/event_frames/CH03-E0036_00h05m37s000ms_abrupt_change.jpg"",""detail_crop"":"""",""transcript"":""references/video-audit/chapters/CH03_hospitalizacion_y_navegacion_de_preautorizaciones/transcript_raw.txt""} | {""chapter_id"":""CH03"",""event_id"":""CH03-E0037"",""timestamp"":""00:05:37.400"",""image"":""references/video-audit/chapters/CH03_hospitalizacion_y_navegacion_de_preautorizaciones/event_frames/CH03-E0037_00h05m37s400ms_abrupt_change.jpg"",""detail_crop"":"""",""transcript"":""references/video-audit/chapters/CH03_hospitalizacion_y_navegacion_de_preautorizaciones/transcript_raw.txt""} | {""chapter_id"":""CH03"",""event_id"":""CH03-E0038"",""timestamp"":""00:05:38.000"",""image"":""references/video-audit/chapters/CH03_hospitalizacion_y_navegacion_de_preautorizaciones/event_frames/CH03-E0038_00h05m38s000ms_abrupt_change.jpg"",""detail_crop"":"""",""transcript"":""references/video-audit/chapters/CH03_hospitalizacion_y_navegacion_de_preautorizaciones/transcript_raw.txt""}","app/views.js","renderCases","Estado mock persistido en localStorage; Supabase todavía no validado en runtime.","tests/ch03-hospitalization.test.mjs","NEEDS_CLIENT_CONFIRMATION","","CH03-Q001","No se convierte en una pestaña estable hasta confirmar si es feature flag, permiso, ruta incompleta o residuo de pintura. | Persiste después de recargar cuando la acción modifica datos. | Respeta rol y organización. | Tiene prueba automatizada específica y prueba de navegador cuando corresponde."
"CH03-R004","VIDEO_REQUIREMENT","CH03","CH03-E0009 | CH03-E0025 | CH03-E0040","00:04:53.200 | 00:05:16.400 | 00:05:39.200","active_filters","Hospitalización","Activos","filters","Estado Administrativo / Fecha de inicio / Tipo de cuenta / Aplicar / Limpiar","Inicia en Activo, combina filtros y Limpiar restaura el estado inicial; catálogos y operadores quedan configurables.","Datos sintéticos y alcance de la organización activa.","Entrada válida, estado vacío y error accionable sin revelar existencia de registros.","Permiso explícito de lectura o escritura aplicado en navegación, control, store y persistencia.","El estado visible cambia sólo después de completar la operación autorizada.","Error accesible y genérico; no mostrar éxito anticipado.","NO_APLICA","{""chapter_id"":""CH03"",""event_id"":""CH03-E0009"",""timestamp"":""00:04:53.200"",""image"":""references/video-audit/chapters/CH03_hospitalizacion_y_navegacion_de_preautorizaciones/event_frames/CH03-E0009_00h04m53s200ms_stable_change.jpg"",""detail_crop"":"""",""transcript"":""references/video-audit/chapters/CH03_hospitalizacion_y_navegacion_de_preautorizaciones/transcript_raw.txt""} | {""chapter_id"":""CH03"",""event_id"":""CH03-E0025"",""timestamp"":""00:05:16.400"",""image"":""references/video-audit/chapters/CH03_hospitalizacion_y_navegacion_de_preautorizaciones/event_frames/CH03-E0025_00h05m16s400ms_abrupt_change.jpg"",""detail_crop"":""references/video-audit/chapters/CH03_hospitalizacion_y_navegacion_de_preautorizaciones/detail_crops/CH03-E0025_00h05m16s400ms_DETAIL.jpg"",""transcript"":""references/video-audit/chapters/CH03_hospitalizacion_y_navegacion_de_preautorizaciones/transcript_raw.txt""} | {""chapter_id"":""CH03"",""event_id"":""CH03-E0040"",""timestamp"":""00:05:39.200"",""image"":""references/video-audit/chapters/CH03_hospitalizacion_y_navegacion_de_preautorizaciones/event_frames/CH03-E0040_00h05m39s200ms_stable_change.jpg"",""detail_crop"":""references/video-audit/chapters/CH03_hospitalizacion_y_navegacion_de_preautorizaciones/detail_crops/CH03-E0040_00h05m39s200ms_DETAIL.jpg"",""transcript"":""references/video-audit/chapters/CH03_hospitalizacion_y_navegacion_de_preautorizaciones/transcript_raw.txt""}","app/views.js","renderCases","Estado mock persistido en localStorage; Supabase todavía no validado en runtime.","tests/e2e/ch03.spec.mjs","IMPLEMENTED_PARTIAL","","CH03-Q004","Inicia en Activo, combina filtros y Limpiar restaura el estado inicial; catálogos y operadores quedan configurables. | Persiste después de recargar cuando la acción modifica datos. | Respeta rol y organización. | Tiene prueba automatizada específica y prueba de navegador cuando corresponde."
"CH03-R005","VIDEO_REQUIREMENT","CH03","CH03-E0010 | CH03-E0011 | CH03-E0018 | CH03-E0023 | CH03-E0025","00:04:57.600 | 00:04:59.400 | 00:05:06.800 | 00:05:09.600 | 00:05:16.400","active_table","Hospitalización","Activos","table","Hospitalización / DUI/NIT / Paciente / Empresa / Tipo Cuenta / Administrativo / Duración","Muestra columnas, búsqueda, tamaño y paginación observados; las acciones contextuales no se inventan.","Datos sintéticos y alcance de la organización activa.","Entrada válida, estado vacío y error accionable sin revelar existencia de registros.","Permiso explícito de lectura o escritura aplicado en navegación, control, store y persistencia.","El estado visible cambia sólo después de completar la operación autorizada.","Error accesible y genérico; no mostrar éxito anticipado.","NO_APLICA","{""chapter_id"":""CH03"",""event_id"":""CH03-E0010"",""timestamp"":""00:04:57.600"",""image"":""references/video-audit/chapters/CH03_hospitalizacion_y_navegacion_de_preautorizaciones/event_frames/CH03-E0010_00h04m57s600ms_abrupt_change.jpg"",""detail_crop"":""references/video-audit/chapters/CH03_hospitalizacion_y_navegacion_de_preautorizaciones/detail_crops/CH03-E0010_00h04m57s600ms_DETAIL.jpg"",""transcript"":""references/video-audit/chapters/CH03_hospitalizacion_y_navegacion_de_preautorizaciones/transcript_raw.txt""} | {""chapter_id"":""CH03"",""event_id"":""CH03-E0011"",""timestamp"":""00:04:59.400"",""image"":""references/video-audit/chapters/CH03_hospitalizacion_y_navegacion_de_preautorizaciones/event_frames/CH03-E0011_00h04m59s400ms_abrupt_change.jpg"",""detail_crop"":"""",""transcript"":""references/video-audit/chapters/CH03_hospitalizacion_y_navegacion_de_preautorizaciones/transcript_raw.txt""} | {""chapter_id"":""CH03"",""event_id"":""CH03-E0018"",""timestamp"":""00:05:06.800"",""image"":""references/video-audit/chapters/CH03_hospitalizacion_y_navegacion_de_preautorizaciones/event_frames/CH03-E0018_00h05m06s800ms_abrupt_change.jpg"",""detail_crop"":"""",""transcript"":""references/video-audit/chapters/CH03_hospitalizacion_y_navegacion_de_preautorizaciones/transcript_raw.txt""} | {""chapter_id"":""CH03"",""event_id"":""CH03-E0023"",""timestamp"":""00:05:09.600"",""image"":""references/video-audit/chapters/CH03_hospitalizacion_y_navegacion_de_preautorizaciones/event_frames/CH03-E0023_00h05m09s600ms_stable_change.jpg"",""detail_crop"":"""",""transcript"":""references/video-audit/chapters/CH03_hospitalizacion_y_navegacion_de_preautorizaciones/transcript_raw.txt""} | {""chapter_id"":""CH03"",""event_id"":""CH03-E0025"",""timestamp"":""00:05:16.400"",""image"":""references/video-audit/chapters/CH03_hospitalizacion_y_navegacion_de_preautorizaciones/event_frames/CH03-E0025_00h05m16s400ms_abrupt_change.jpg"",""detail_crop"":""references/video-audit/chapters/CH03_hospitalizacion_y_navegacion_de_preautorizaciones/detail_crops/CH03-E0025_00h05m16s400ms_DETAIL.jpg"",""transcript"":""references/video-audit/chapters/CH03_hospitalizacion_y_navegacion_de_preautorizaciones/transcript_raw.txt""}","app/views.js","renderCases","Estado mock persistido en localStorage; Supabase todavía no validado en runtime.","tests/e2e/ch03.spec.mjs","IMPLEMENTED_PARTIAL","","CH03-Q008","Muestra columnas, búsqueda, tamaño y paginación observados; las acciones contextuales no se inventan. | Persiste después de recargar cuando la acción modifica datos. | Respeta rol y organización. | Tiene prueba automatizada específica y prueba de navegador cuando corresponde."
"CH03-R006","VIDEO_REQUIREMENT","CH03","CH03-E0017","00:05:06.400","active_semantics","Hospitalización","Activos","business_rule","Activo","La transición formal a Activo/Inactivo no se implementa desde la narración; requiere regla, permiso y auditoría aprobados.","Datos sintéticos y alcance de la organización activa.","Entrada válida, estado vacío y error accionable sin revelar existencia de registros.","Permiso explícito de lectura o escritura aplicado en navegación, control, store y persistencia.","El estado visible cambia sólo después de completar la operación autorizada.","Error accesible y genérico; no mostrar éxito anticipado.","NO_APLICA","{""chapter_id"":""CH03"",""event_id"":""CH03-E0017"",""timestamp"":""00:05:06.400"",""image"":""references/video-audit/chapters/CH03_hospitalizacion_y_navegacion_de_preautorizaciones/event_frames/CH03-E0017_00h05m06s400ms_abrupt_change.jpg"",""detail_crop"":"""",""transcript"":""references/video-audit/chapters/CH03_hospitalizacion_y_navegacion_de_preautorizaciones/transcript_raw.txt""}","app/store.js","","Estado mock persistido en localStorage; Supabase todavía no validado en runtime.","NONE","NEEDS_CLIENT_CONFIRMATION","","CH03-Q002","La transición formal a Activo/Inactivo no se implementa desde la narración; requiere regla, permiso y auditoría aprobados. | Persiste después de recargar cuando la acción modifica datos. | Respeta rol y organización. | Tiene prueba automatizada específica y prueba de navegador cuando corresponde."
"CH03-R007","VIDEO_REQUIREMENT","CH03","CH03-E0026 | CH03-E0029 | CH03-E0030 | CH03-E0032 | CH03-E0034","00:05:23.800 | 00:05:26.800 | 00:05:27.200 | 00:05:29.200 | 00:05:30.000","inactive_patients","Pacientes","Inactivos","table","Inactivos","El tab filtra pacientes inactivos y conserva búsqueda, tamaño de página y paginación.","Datos sintéticos y alcance de la organización activa.","Entrada válida, estado vacío y error accionable sin revelar existencia de registros.","Permiso explícito de lectura o escritura aplicado en navegación, control, store y persistencia.","El estado visible cambia sólo después de completar la operación autorizada.","Error accesible y genérico; no mostrar éxito anticipado.","NO_APLICA","{""chapter_id"":""CH03"",""event_id"":""CH03-E0026"",""timestamp"":""00:05:23.800"",""image"":""references/video-audit/chapters/CH03_hospitalizacion_y_navegacion_de_preautorizaciones/event_frames/CH03-E0026_00h05m23s800ms_abrupt_change.jpg"",""detail_crop"":"""",""transcript"":""references/video-audit/chapters/CH03_hospitalizacion_y_navegacion_de_preautorizaciones/transcript_raw.txt""} | {""chapter_id"":""CH03"",""event_id"":""CH03-E0029"",""timestamp"":""00:05:26.800"",""image"":""references/video-audit/chapters/CH03_hospitalizacion_y_navegacion_de_preautorizaciones/event_frames/CH03-E0029_00h05m26s800ms_abrupt_change.jpg"",""detail_crop"":""references/video-audit/chapters/CH03_hospitalizacion_y_navegacion_de_preautorizaciones/detail_crops/CH03-E0029_00h05m26s800ms_DETAIL.jpg"",""transcript"":""references/video-audit/chapters/CH03_hospitalizacion_y_navegacion_de_preautorizaciones/transcript_raw.txt""} | {""chapter_id"":""CH03"",""event_id"":""CH03-E0030"",""timestamp"":""00:05:27.200"",""image"":""references/video-audit/chapters/CH03_hospitalizacion_y_navegacion_de_preautorizaciones/event_frames/CH03-E0030_00h05m27s200ms_abrupt_change.jpg"",""detail_crop"":""references/video-audit/chapters/CH03_hospitalizacion_y_navegacion_de_preautorizaciones/detail_crops/CH03-E0030_00h05m27s200ms_DETAIL.jpg"",""transcript"":""references/video-audit/chapters/CH03_hospitalizacion_y_navegacion_de_preautorizaciones/transcript_raw.txt""} | {""chapter_id"":""CH03"",""event_id"":""CH03-E0032"",""timestamp"":""00:05:29.200"",""image"":""references/video-audit/chapters/CH03_hospitalizacion_y_navegacion_de_preautorizaciones/event_frames/CH03-E0032_00h05m29s200ms_abrupt_change.jpg"",""detail_crop"":"""",""transcript"":""references/video-audit/chapters/CH03_hospitalizacion_y_navegacion_de_preautorizaciones/transcript_raw.txt""} | {""chapter_id"":""CH03"",""event_id"":""CH03-E0034"",""timestamp"":""00:05:30.000"",""image"":""references/video-audit/chapters/CH03_hospitalizacion_y_navegacion_de_preautorizaciones/event_frames/CH03-E0034_00h05m30s000ms_abrupt_change.jpg"",""detail_crop"":"""",""transcript"":""references/video-audit/chapters/CH03_hospitalizacion_y_navegacion_de_preautorizaciones/transcript_raw.txt""}","app/views.js","renderPatients","Estado mock persistido en localStorage; Supabase todavía no validado en runtime.","tests/e2e/ch01.spec.mjs","IMPLEMENTED_PARTIAL","","","El tab filtra pacientes inactivos y conserva búsqueda, tamaño de página y paginación. | Persiste después de recargar cuando la acción modifica datos. | Respeta rol y organización. | Tiene prueba automatizada específica y prueba de navegador cuando corresponde."
"CH03-R008","VIDEO_REQUIREMENT","CH03","CH03-E0003 | CH03-E0008 | CH03-E0038","00:04:44.400 | 00:04:52.600 | 00:05:38.000","loading_state","Hospitalización","","loading_state","Cargando + No hay registros","La aplicación conserva estados de carga y vacío mutuamente excluyentes; reproducir el defecto simultáneo requiere una exclusión del cliente.","Datos sintéticos y alcance de la organización activa.","Entrada válida, estado vacío y error accionable sin revelar existencia de registros.","Permiso explícito de lectura o escritura aplicado en navegación, control, store y persistencia.","El estado visible cambia sólo después de completar la operación autorizada.","Error accesible y genérico; no mostrar éxito anticipado.","NO_APLICA","{""chapter_id"":""CH03"",""event_id"":""CH03-E0003"",""timestamp"":""00:04:44.400"",""image"":""references/video-audit/chapters/CH03_hospitalizacion_y_navegacion_de_preautorizaciones/event_frames/CH03-E0003_00h04m44s400ms_abrupt_change.jpg"",""detail_crop"":"""",""transcript"":""references/video-audit/chapters/CH03_hospitalizacion_y_navegacion_de_preautorizaciones/transcript_raw.txt""} | {""chapter_id"":""CH03"",""event_id"":""CH03-E0008"",""timestamp"":""00:04:52.600"",""image"":""references/video-audit/chapters/CH03_hospitalizacion_y_navegacion_de_preautorizaciones/event_frames/CH03-E0008_00h04m52s600ms_abrupt_change.jpg"",""detail_crop"":"""",""transcript"":""references/video-audit/chapters/CH03_hospitalizacion_y_navegacion_de_preautorizaciones/transcript_raw.txt""} | {""chapter_id"":""CH03"",""event_id"":""CH03-E0038"",""timestamp"":""00:05:38.000"",""image"":""references/video-audit/chapters/CH03_hospitalizacion_y_navegacion_de_preautorizaciones/event_frames/CH03-E0038_00h05m38s000ms_abrupt_change.jpg"",""detail_crop"":"""",""transcript"":""references/video-audit/chapters/CH03_hospitalizacion_y_navegacion_de_preautorizaciones/transcript_raw.txt""}","app/views.js","renderCases","Estado mock persistido en localStorage; Supabase todavía no validado en runtime.","NONE","NEEDS_CLIENT_CONFIRMATION","","CH03-Q001","La aplicación conserva estados de carga y vacío mutuamente excluyentes; reproducir el defecto simultáneo requiere una exclusión del cliente. | Persiste después de recargar cuando la acción modifica datos. | Respeta rol y organización. | Tiene prueba automatizada específica y prueba de navegador cuando corresponde."
"CH03-R009","VIDEO_REQUIREMENT","CH03","CH03-E0041 | CH03-E0042 | CH03-E0044","00:05:55.200 | 00:05:55.800 | 00:05:59.600","quote_list","Hospitalización","Cotizaciones","table","Estado / Fecha de creación / Aplicar / Limpiar / Nuevo","Filtra, busca y pagina cotizaciones; Nuevo navega al formulario de página completa.","Datos sintéticos y alcance de la organización activa.","Entrada válida, estado vacío y error accionable sin revelar existencia de registros.","Permiso explícito de lectura o escritura aplicado en navegación, control, store y persistencia.","El estado visible cambia sólo después de completar la operación autorizada.","Error accesible y genérico; no mostrar éxito anticipado.","NO_APLICA","{""chapter_id"":""CH03"",""event_id"":""CH03-E0041"",""timestamp"":""00:05:55.200"",""image"":""references/video-audit/chapters/CH03_hospitalizacion_y_navegacion_de_preautorizaciones/event_frames/CH03-E0041_00h05m55s200ms_abrupt_change.jpg"",""detail_crop"":""references/video-audit/chapters/CH03_hospitalizacion_y_navegacion_de_preautorizaciones/detail_crops/CH03-E0041_00h05m55s200ms_DETAIL.jpg"",""transcript"":""references/video-audit/chapters/CH03_hospitalizacion_y_navegacion_de_preautorizaciones/transcript_raw.txt""} | {""chapter_id"":""CH03"",""event_id"":""CH03-E0042"",""timestamp"":""00:05:55.800"",""image"":""references/video-audit/chapters/CH03_hospitalizacion_y_navegacion_de_preautorizaciones/event_frames/CH03-E0042_00h05m55s800ms_stable_change.jpg"",""detail_crop"":""references/video-audit/chapters/CH03_hospitalizacion_y_navegacion_de_preautorizaciones/detail_crops/CH03-E0042_00h05m55s800ms_DETAIL.jpg"",""transcript"":""references/video-audit/chapters/CH03_hospitalizacion_y_navegacion_de_preautorizaciones/transcript_raw.txt""} | {""chapter_id"":""CH03"",""event_id"":""CH03-E0044"",""timestamp"":""00:05:59.600"",""image"":""references/video-audit/chapters/CH03_hospitalizacion_y_navegacion_de_preautorizaciones/event_frames/CH03-E0044_00h05m59s600ms_stable_change.jpg"",""detail_crop"":"""",""transcript"":""references/video-audit/chapters/CH03_hospitalizacion_y_navegacion_de_preautorizaciones/transcript_raw.txt""}","app/views.js","renderCases","Estado mock persistido en localStorage; Supabase todavía no validado en runtime.","tests/e2e/ch03.spec.mjs","IMPLEMENTED_EXACT","","","Filtra, busca y pagina cotizaciones; Nuevo navega al formulario de página completa. | Persiste después de recargar cuando la acción modifica datos. | Respeta rol y organización. | Tiene prueba automatizada específica y prueba de navegador cuando corresponde."
"CH03-R010","VIDEO_REQUIREMENT","CH03","CH03-E0042 | CH03-E0043 | CH03-E0044","00:05:55.800 | 00:05:59.000 | 00:05:59.600","insurance_tracking","Hospitalización","Cotizaciones","status_columns","Envío preautorización / Respuesta seguro / Envío de reclamo","Muestra sólo estados persistidos explícitos; sin máquina aprobada presenta Regla pendiente y nunca infiere desde quote.status.","Datos sintéticos y alcance de la organización activa.","Entrada válida, estado vacío y error accionable sin revelar existencia de registros.","Permiso explícito de lectura o escritura aplicado en navegación, control, store y persistencia.","El estado visible cambia sólo después de completar la operación autorizada.","Error accesible y genérico; no mostrar éxito anticipado.","NO_APLICA","{""chapter_id"":""CH03"",""event_id"":""CH03-E0042"",""timestamp"":""00:05:55.800"",""image"":""references/video-audit/chapters/CH03_hospitalizacion_y_navegacion_de_preautorizaciones/event_frames/CH03-E0042_00h05m55s800ms_stable_change.jpg"",""detail_crop"":""references/video-audit/chapters/CH03_hospitalizacion_y_navegacion_de_preautorizaciones/detail_crops/CH03-E0042_00h05m55s800ms_DETAIL.jpg"",""transcript"":""references/video-audit/chapters/CH03_hospitalizacion_y_navegacion_de_preautorizaciones/transcript_raw.txt""} | {""chapter_id"":""CH03"",""event_id"":""CH03-E0043"",""timestamp"":""00:05:59.000"",""image"":""references/video-audit/chapters/CH03_hospitalizacion_y_navegacion_de_preautorizaciones/event_frames/CH03-E0043_00h05m59s000ms_abrupt_change.jpg"",""detail_crop"":"""",""transcript"":""references/video-audit/chapters/CH03_hospitalizacion_y_navegacion_de_preautorizaciones/transcript_raw.txt""} | {""chapter_id"":""CH03"",""event_id"":""CH03-E0044"",""timestamp"":""00:05:59.600"",""image"":""references/video-audit/chapters/CH03_hospitalizacion_y_navegacion_de_preautorizaciones/event_frames/CH03-E0044_00h05m59s600ms_stable_change.jpg"",""detail_crop"":"""",""transcript"":""references/video-audit/chapters/CH03_hospitalizacion_y_navegacion_de_preautorizaciones/transcript_raw.txt""}","app/views.js","renderCases","Estado mock persistido en localStorage; Supabase todavía no validado en runtime.","tests/ch03-hospitalization.test.mjs; tests/e2e/ch03.spec.mjs","NEEDS_CLIENT_CONFIRMATION","","CH03-Q005","Muestra sólo estados persistidos explícitos; sin máquina aprobada presenta Regla pendiente y nunca infiere desde quote.status. | Persiste después de recargar cuando la acción modifica datos. | Respeta rol y organización. | Tiene prueba automatizada específica y prueba de navegador cuando corresponde."
"CH03-R011","VIDEO_REQUIREMENT","CH03","CH03-E0042 | CH03-E0044","00:05:55.800 | 00:05:59.600","quote_amounts","Hospitalización","Cotizaciones","financial_data","Creación / Total","Muestra fecha y total calculado sin adoptar del video precios, impuestos, descuentos, cobertura o redondeo.","Datos sintéticos y alcance de la organización activa.","Entrada válida, estado vacío y error accionable sin revelar existencia de registros.","Permiso explícito de lectura o escritura aplicado en navegación, control, store y persistencia.","El estado visible cambia sólo después de completar la operación autorizada.","Error accesible y genérico; no mostrar éxito anticipado.","NO_APLICA","{""chapter_id"":""CH03"",""event_id"":""CH03-E0042"",""timestamp"":""00:05:55.800"",""image"":""references/video-audit/chapters/CH03_hospitalizacion_y_navegacion_de_preautorizaciones/event_frames/CH03-E0042_00h05m55s800ms_stable_change.jpg"",""detail_crop"":""references/video-audit/chapters/CH03_hospitalizacion_y_navegacion_de_preautorizaciones/detail_crops/CH03-E0042_00h05m55s800ms_DETAIL.jpg"",""transcript"":""references/video-audit/chapters/CH03_hospitalizacion_y_navegacion_de_preautorizaciones/transcript_raw.txt""} | {""chapter_id"":""CH03"",""event_id"":""CH03-E0044"",""timestamp"":""00:05:59.600"",""image"":""references/video-audit/chapters/CH03_hospitalizacion_y_navegacion_de_preautorizaciones/event_frames/CH03-E0044_00h05m59s600ms_stable_change.jpg"",""detail_crop"":"""",""transcript"":""references/video-audit/chapters/CH03_hospitalizacion_y_navegacion_de_preautorizaciones/transcript_raw.txt""}","app/domain.js","calculateQuote","Estado mock persistido en localStorage; Supabase todavía no validado en runtime.","tests/domain.test.mjs","NEEDS_CLIENT_CONFIRMATION","","CH03-Q006","Muestra fecha y total calculado sin adoptar del video precios, impuestos, descuentos, cobertura o redondeo. | Persiste después de recargar cuando la acción modifica datos. | Respeta rol y organización. | Tiene prueba automatizada específica y prueba de navegador cuando corresponde."
"CH03-R012","VIDEO_REQUIREMENT","CH03","CH03-E0045 | CH03-E0046","00:06:08.600 | 00:06:09.600","new_quote_navigation","Nueva cotización","","page_route","Nueva cotización","Nuevo abre una ruta de página completa y no un diálogo.","Datos sintéticos y alcance de la organización activa.","Entrada válida, estado vacío y error accionable sin revelar existencia de registros.","Permiso explícito de lectura o escritura aplicado en navegación, control, store y persistencia.","El estado visible cambia sólo después de completar la operación autorizada.","Error accesible y genérico; no mostrar éxito anticipado.","NO_APLICA","{""chapter_id"":""CH03"",""event_id"":""CH03-E0045"",""timestamp"":""00:06:08.600"",""image"":""references/video-audit/chapters/CH03_hospitalizacion_y_navegacion_de_preautorizaciones/event_frames/CH03-E0045_00h06m08s600ms_abrupt_change.jpg"",""detail_crop"":"""",""transcript"":""references/video-audit/chapters/CH03_hospitalizacion_y_navegacion_de_preautorizaciones/transcript_raw.txt""} | {""chapter_id"":""CH03"",""event_id"":""CH03-E0046"",""timestamp"":""00:06:09.600"",""image"":""references/video-audit/chapters/CH03_hospitalizacion_y_navegacion_de_preautorizaciones/event_frames/CH03-E0046_00h06m09s600ms_settled.jpg"",""detail_crop"":""references/video-audit/chapters/CH03_hospitalizacion_y_navegacion_de_preautorizaciones/detail_crops/CH03-E0046_00h06m09s600ms_DETAIL.jpg"",""transcript"":""references/video-audit/chapters/CH03_hospitalizacion_y_navegacion_de_preautorizaciones/transcript_raw.txt""}","app/main.js","openQuoteForm/renderQuoteModal","Estado mock persistido en localStorage; Supabase todavía no validado en runtime.","tests/e2e/ch03.spec.mjs","IMPLEMENTED_EXACT","","","Nuevo abre una ruta de página completa y no un diálogo. | Persiste después de recargar cuando la acción modifica datos. | Respeta rol y organización. | Tiene prueba automatizada específica y prueba de navegador cuando corresponde."
"CH03-R013","VIDEO_REQUIREMENT","CH03","CH03-E0045 | CH03-E0046","00:06:08.600 | 00:06:09.600","new_quote_fields","Nueva cotización","","form","Paciente / DUI-NIT / Teléfono / Correo / Fecha / Grupo descuento / Referido por / Giftcard / Comentarios","Presenta los campos observados, deriva datos del paciente seleccionado y valida los obligatorios; catálogos y reglas permanecen configurables.","Datos sintéticos y alcance de la organización activa.","Entrada válida, estado vacío y error accionable sin revelar existencia de registros.","Permiso explícito de lectura o escritura aplicado en navegación, control, store y persistencia.","El estado visible cambia sólo después de completar la operación autorizada.","Error accesible y genérico; no mostrar éxito anticipado.","NO_APLICA","{""chapter_id"":""CH03"",""event_id"":""CH03-E0045"",""timestamp"":""00:06:08.600"",""image"":""references/video-audit/chapters/CH03_hospitalizacion_y_navegacion_de_preautorizaciones/event_frames/CH03-E0045_00h06m08s600ms_abrupt_change.jpg"",""detail_crop"":"""",""transcript"":""references/video-audit/chapters/CH03_hospitalizacion_y_navegacion_de_preautorizaciones/transcript_raw.txt""} | {""chapter_id"":""CH03"",""event_id"":""CH03-E0046"",""timestamp"":""00:06:09.600"",""image"":""references/video-audit/chapters/CH03_hospitalizacion_y_navegacion_de_preautorizaciones/event_frames/CH03-E0046_00h06m09s600ms_settled.jpg"",""detail_crop"":""references/video-audit/chapters/CH03_hospitalizacion_y_navegacion_de_preautorizaciones/detail_crops/CH03-E0046_00h06m09s600ms_DETAIL.jpg"",""transcript"":""references/video-audit/chapters/CH03_hospitalizacion_y_navegacion_de_preautorizaciones/transcript_raw.txt""}","app/main.js","renderQuoteModal/syncQuoteHead","Estado mock persistido en localStorage; Supabase todavía no validado en runtime.","tests/ch03-hospitalization.test.mjs; tests/e2e/ch03.spec.mjs","IMPLEMENTED_PARTIAL","","CH03-Q007","Presenta los campos observados, deriva datos del paciente seleccionado y valida los obligatorios; catálogos y reglas permanecen configurables. | Persiste después de recargar cuando la acción modifica datos. | Respeta rol y organización. | Tiene prueba automatizada específica y prueba de navegador cuando corresponde."
"CH03-R014","VIDEO_REQUIREMENT","CH03","CH03-E0046","00:06:09.600","permissions","Hospitalización","","permission","Permisos por rol","CH03 no demuestra ACL; se conservan guardas por rol y organización sin atribuirlas al video.","Datos sintéticos y alcance de la organización activa.","Entrada válida, estado vacío y error accionable sin revelar existencia de registros.","Permiso explícito de lectura o escritura aplicado en navegación, control, store y persistencia.","El estado visible cambia sólo después de completar la operación autorizada.","Error accesible y genérico; no mostrar éxito anticipado.","NO_APLICA","{""chapter_id"":""CH03"",""event_id"":""CH03-E0046"",""timestamp"":""00:06:09.600"",""image"":""references/video-audit/chapters/CH03_hospitalizacion_y_navegacion_de_preautorizaciones/event_frames/CH03-E0046_00h06m09s600ms_settled.jpg"",""detail_crop"":""references/video-audit/chapters/CH03_hospitalizacion_y_navegacion_de_preautorizaciones/detail_crops/CH03-E0046_00h06m09s600ms_DETAIL.jpg"",""transcript"":""references/video-audit/chapters/CH03_hospitalizacion_y_navegacion_de_preautorizaciones/transcript_raw.txt""}","app/domain.js","ROLE_PERMISSIONS","Estado mock persistido en localStorage; Supabase todavía no validado en runtime.","tests/ch03-hospitalization.test.mjs","NOT_TESTABLE","","","CH03 no demuestra ACL; se conservan guardas por rol y organización sin atribuirlas al video. | Persiste después de recargar cuando la acción modifica datos. | Respeta rol y organización. | Tiene prueba automatizada específica y prueba de navegador cuando corresponde."
"CH03-R015","VIDEO_REQUIREMENT","CH03","CH03-E0046","00:06:09.600","error_recovery","Hospitalización","","error_state","Errores y recuperación","El capítulo no provoca errores de red, validación, duplicado, aseguradora, reclamo o guardado.","Datos sintéticos y alcance de la organización activa.","Entrada válida, estado vacío y error accionable sin revelar existencia de registros.","Permiso explícito de lectura o escritura aplicado en navegación, control, store y persistencia.","El estado visible cambia sólo después de completar la operación autorizada.","Error accesible y genérico; no mostrar éxito anticipado.","NO_APLICA","{""chapter_id"":""CH03"",""event_id"":""CH03-E0046"",""timestamp"":""00:06:09.600"",""image"":""references/video-audit/chapters/CH03_hospitalizacion_y_navegacion_de_preautorizaciones/event_frames/CH03-E0046_00h06m09s600ms_settled.jpg"",""detail_crop"":""references/video-audit/chapters/CH03_hospitalizacion_y_navegacion_de_preautorizaciones/detail_crops/CH03-E0046_00h06m09s600ms_DETAIL.jpg"",""transcript"":""references/video-audit/chapters/CH03_hospitalizacion_y_navegacion_de_preautorizaciones/transcript_raw.txt""}","app/main.js","","Estado mock persistido en localStorage; Supabase todavía no validado en runtime.","NONE","NOT_TESTABLE","","","El capítulo no provoca errores de red, validación, duplicado, aseguradora, reclamo o guardado. | Persiste después de recargar cuando la acción modifica datos. | Respeta rol y organización. | Tiene prueba automatizada específica y prueba de navegador cuando corresponde."
"CH03-R016","VIDEO_REQUIREMENT","CH03","CH03-E0046","00:06:09.600","printing","Hospitalización","","print","Impresión / exportación","CH03 no evidencia flujo de impresión o exportación; no se inventa uno.","Datos sintéticos y alcance de la organización activa.","Entrada válida, estado vacío y error accionable sin revelar existencia de registros.","Permiso explícito de lectura o escritura aplicado en navegación, control, store y persistencia.","El estado visible cambia sólo después de completar la operación autorizada.","Error accesible y genérico; no mostrar éxito anticipado.","Sin evidencia de impresión en CH03.","{""chapter_id"":""CH03"",""event_id"":""CH03-E0046"",""timestamp"":""00:06:09.600"",""image"":""references/video-audit/chapters/CH03_hospitalizacion_y_navegacion_de_preautorizaciones/event_frames/CH03-E0046_00h06m09s600ms_settled.jpg"",""detail_crop"":""references/video-audit/chapters/CH03_hospitalizacion_y_navegacion_de_preautorizaciones/detail_crops/CH03-E0046_00h06m09s600ms_DETAIL.jpg"",""transcript"":""references/video-audit/chapters/CH03_hospitalizacion_y_navegacion_de_preautorizaciones/transcript_raw.txt""}","app/views.js","","Estado mock persistido en localStorage; Supabase todavía no validado en runtime.","NONE","NOT_TESTABLE","","","CH03 no evidencia flujo de impresión o exportación; no se inventa uno. | Persiste después de recargar cuando la acción modifica datos. | Respeta rol y organización. | Tiene prueba automatizada específica y prueba de navegador cuando corresponde."
"CH03-H001","PLATFORM_HARDENING","CH03","CH03-E0041 | CH03-E0046","00:05:55.200 | 00:06:09.600","organization_boundary","Hospitalización","","authorization","Alcance organizacional","Crear o actualizar hospitalizaciones y cotizaciones valida paciente/caso de la organización y audita la mutación.","Datos sintéticos y alcance de la organización activa.","Entrada válida, estado vacío y error accionable sin revelar existencia de registros.","Permiso explícito de lectura o escritura aplicado en navegación, control, store y persistencia.","El estado visible cambia sólo después de completar la operación autorizada.","Error accesible y genérico; no mostrar éxito anticipado.","NO_APLICA","{""chapter_id"":""CH03"",""event_id"":""CH03-E0041"",""timestamp"":""00:05:55.200"",""image"":""references/video-audit/chapters/CH03_hospitalizacion_y_navegacion_de_preautorizaciones/event_frames/CH03-E0041_00h05m55s200ms_abrupt_change.jpg"",""detail_crop"":""references/video-audit/chapters/CH03_hospitalizacion_y_navegacion_de_preautorizaciones/detail_crops/CH03-E0041_00h05m55s200ms_DETAIL.jpg"",""transcript"":""references/video-audit/chapters/CH03_hospitalizacion_y_navegacion_de_preautorizaciones/transcript_raw.txt""} | {""chapter_id"":""CH03"",""event_id"":""CH03-E0046"",""timestamp"":""00:06:09.600"",""image"":""references/video-audit/chapters/CH03_hospitalizacion_y_navegacion_de_preautorizaciones/event_frames/CH03-E0046_00h06m09s600ms_settled.jpg"",""detail_crop"":""references/video-audit/chapters/CH03_hospitalizacion_y_navegacion_de_preautorizaciones/detail_crops/CH03-E0046_00h06m09s600ms_DETAIL.jpg"",""transcript"":""references/video-audit/chapters/CH03_hospitalizacion_y_navegacion_de_preautorizaciones/transcript_raw.txt""}","app/store.js","createCase/updateCase/createQuote","Estado mock persistido en localStorage; Supabase todavía no validado en runtime.","tests/ch03-hospitalization.test.mjs","IMPLEMENTED_PARTIAL","","","Crear o actualizar hospitalizaciones y cotizaciones valida paciente/caso de la organización y audita la mutación. | Persiste después de recargar cuando la acción modifica datos. | Respeta rol y organización. | Tiene prueba automatizada específica y prueba de navegador cuando corresponde."
"CH03-H002","PLATFORM_HARDENING","CH03","CH03-E0042 | CH03-E0044","00:05:55.800 | 00:05:59.600","insurance_integrity","Hospitalización","","state_integrity","Estados explícitos de seguro","La UI no inventa envíos ni respuestas a partir del estado general de cotización y muestra un placeholder seguro sin datos persistidos.","Datos sintéticos y alcance de la organización activa.","Entrada válida, estado vacío y error accionable sin revelar existencia de registros.","Permiso explícito de lectura o escritura aplicado en navegación, control, store y persistencia.","El estado visible cambia sólo después de completar la operación autorizada.","Error accesible y genérico; no mostrar éxito anticipado.","NO_APLICA","{""chapter_id"":""CH03"",""event_id"":""CH03-E0042"",""timestamp"":""00:05:55.800"",""image"":""references/video-audit/chapters/CH03_hospitalizacion_y_navegacion_de_preautorizaciones/event_frames/CH03-E0042_00h05m55s800ms_stable_change.jpg"",""detail_crop"":""references/video-audit/chapters/CH03_hospitalizacion_y_navegacion_de_preautorizaciones/detail_crops/CH03-E0042_00h05m55s800ms_DETAIL.jpg"",""transcript"":""references/video-audit/chapters/CH03_hospitalizacion_y_navegacion_de_preautorizaciones/transcript_raw.txt""} | {""chapter_id"":""CH03"",""event_id"":""CH03-E0044"",""timestamp"":""00:05:59.600"",""image"":""references/video-audit/chapters/CH03_hospitalizacion_y_navegacion_de_preautorizaciones/event_frames/CH03-E0044_00h05m59s600ms_stable_change.jpg"",""detail_crop"":"""",""transcript"":""references/video-audit/chapters/CH03_hospitalizacion_y_navegacion_de_preautorizaciones/transcript_raw.txt""}","app/views.js","renderCases","Estado mock persistido en localStorage; Supabase todavía no validado en runtime.","tests/ch03-hospitalization.test.mjs; tests/e2e/ch03.spec.mjs","IMPLEMENTED_EXACT","","CH03-Q005","La UI no inventa envíos ni respuestas a partir del estado general de cotización y muestra un placeholder seguro sin datos persistidos. | Persiste después de recargar cuando la acción modifica datos. | Respeta rol y organización. | Tiene prueba automatizada específica y prueba de navegador cuando corresponde."
"CH04-R001","VIDEO_REQUIREMENT","CH04","CH04-E0005 | CH04-E0006","00:06:21.800 | 00:06:27.600","quote_page","Nueva cotización","","page_route","Nueva cotización","Presenta Datos del paciente, Datos de la factura y conceptos dentro de una página completa.","Datos sintéticos y alcance de la organización activa.","Entrada válida, estado vacío y error accionable sin revelar existencia de registros.","Permiso explícito de lectura o escritura aplicado en navegación, control, store y persistencia.","El estado visible cambia sólo después de completar la operación autorizada.","Error accesible y genérico; no mostrar éxito anticipado.","NO_APLICA","{""chapter_id"":""CH04"",""event_id"":""CH04-E0005"",""timestamp"":""00:06:21.800"",""image"":""references/video-audit/chapters/CH04_cotizacion_datos_generales/event_frames/CH04-E0005_00h06m21s800ms_stable_change.jpg"",""detail_crop"":""references/video-audit/chapters/CH04_cotizacion_datos_generales/detail_crops/CH04-E0005_00h06m21s800ms_DETAIL.jpg"",""transcript"":""references/video-audit/chapters/CH04_cotizacion_datos_generales/transcript_raw.txt""} | {""chapter_id"":""CH04"",""event_id"":""CH04-E0006"",""timestamp"":""00:06:27.600"",""image"":""references/video-audit/chapters/CH04_cotizacion_datos_generales/event_frames/CH04-E0006_00h06m27s600ms_abrupt_change.jpg"",""detail_crop"":"""",""transcript"":""references/video-audit/chapters/CH04_cotizacion_datos_generales/transcript_raw.txt""}","app/main.js","renderQuoteModal","Estado mock persistido en localStorage; Supabase todavía no validado en runtime.","tests/e2e/ch04.spec.mjs","IMPLEMENTED_EXACT","","","Presenta Datos del paciente, Datos de la factura y conceptos dentro de una página completa. | Persiste después de recargar cuando la acción modifica datos. | Respeta rol y organización. | Tiene prueba automatizada específica y prueba de navegador cuando corresponde."
"CH04-R002","VIDEO_REQUIREMENT","CH04","CH04-E0001 | CH04-E0002 | CH04-E0004","00:06:15.200 | 00:06:18.200 | 00:06:21.200","patient_search","Nueva cotización","","searchable_select","Paciente *","Busca por documento o nombre, acepta sólo coincidencia autorizada y limpia entradas no coincidentes.","Datos sintéticos y alcance de la organización activa.","Entrada válida, estado vacío y error accionable sin revelar existencia de registros.","Permiso explícito de lectura o escritura aplicado en navegación, control, store y persistencia.","El estado visible cambia sólo después de completar la operación autorizada.","Error accesible y genérico; no mostrar éxito anticipado.","NO_APLICA","{""chapter_id"":""CH04"",""event_id"":""CH04-E0001"",""timestamp"":""00:06:15.200"",""image"":""references/video-audit/chapters/CH04_cotizacion_datos_generales/event_frames/CH04-E0001_00h06m15s200ms_motion_progress.jpg"",""detail_crop"":""references/video-audit/chapters/CH04_cotizacion_datos_generales/detail_crops/CH04-E0001_00h06m15s200ms_DETAIL.jpg"",""transcript"":""references/video-audit/chapters/CH04_cotizacion_datos_generales/transcript_raw.txt""} | {""chapter_id"":""CH04"",""event_id"":""CH04-E0002"",""timestamp"":""00:06:18.200"",""image"":""references/video-audit/chapters/CH04_cotizacion_datos_generales/event_frames/CH04-E0002_00h06m18s200ms_motion_progress.jpg"",""detail_crop"":""references/video-audit/chapters/CH04_cotizacion_datos_generales/detail_crops/CH04-E0002_00h06m18s200ms_DETAIL.jpg"",""transcript"":""references/video-audit/chapters/CH04_cotizacion_datos_generales/transcript_raw.txt""} | {""chapter_id"":""CH04"",""event_id"":""CH04-E0004"",""timestamp"":""00:06:21.200"",""image"":""references/video-audit/chapters/CH04_cotizacion_datos_generales/event_frames/CH04-E0004_00h06m21s200ms_motion_progress.jpg"",""detail_crop"":""references/video-audit/chapters/CH04_cotizacion_datos_generales/detail_crops/CH04-E0004_00h06m21s200ms_DETAIL.jpg"",""transcript"":""references/video-audit/chapters/CH04_cotizacion_datos_generales/transcript_raw.txt""}","app/main.js","quotePatientLabel/syncQuoteHead","Estado mock persistido en localStorage; Supabase todavía no validado en runtime.","tests/e2e/ch04.spec.mjs","IMPLEMENTED_PARTIAL","","","Busca por documento o nombre, acepta sólo coincidencia autorizada y limpia entradas no coincidentes. | Persiste después de recargar cuando la acción modifica datos. | Respeta rol y organización. | Tiene prueba automatizada específica y prueba de navegador cuando corresponde."
"CH04-R003","VIDEO_REQUIREMENT","CH04","CH04-E0003","00:06:18.800","open_quote_patient","Nueva cotización","","data_quality","Resultados rotulados Cotización","No se crea un paciente genérico ni se replica una identificación cero hasta confirmar la semántica y controles anti-enumeración.","Datos sintéticos y alcance de la organización activa.","Entrada válida, estado vacío y error accionable sin revelar existencia de registros.","Permiso explícito de lectura o escritura aplicado en navegación, control, store y persistencia.","El estado visible cambia sólo después de completar la operación autorizada.","Error accesible y genérico; no mostrar éxito anticipado.","NO_APLICA","{""chapter_id"":""CH04"",""event_id"":""CH04-E0003"",""timestamp"":""00:06:18.800"",""image"":""references/video-audit/chapters/CH04_cotizacion_datos_generales/event_frames/CH04-E0003_00h06m18s800ms_stable_change.jpg"",""detail_crop"":""references/video-audit/chapters/CH04_cotizacion_datos_generales/detail_crops/CH04-E0003_00h06m18s800ms_DETAIL.jpg"",""transcript"":""references/video-audit/chapters/CH04_cotizacion_datos_generales/transcript_raw.txt""}","app/main.js","","Estado mock persistido en localStorage; Supabase todavía no validado en runtime.","NONE","NEEDS_CLIENT_CONFIRMATION","","CH04-Q001","No se crea un paciente genérico ni se replica una identificación cero hasta confirmar la semántica y controles anti-enumeración. | Persiste después de recargar cuando la acción modifica datos. | Respeta rol y organización. | Tiene prueba automatizada específica y prueba de navegador cuando corresponde."
"CH04-R004","VIDEO_REQUIREMENT","CH04","CH04-E0005","00:06:21.800","patient_autofill","Nueva cotización","","derived_fields","DUI/NIT / Teléfono / Correo","Autocompleta los tres valores del paciente seleccionado y los presenta sin edición directa.","Datos sintéticos y alcance de la organización activa.","Entrada válida, estado vacío y error accionable sin revelar existencia de registros.","Permiso explícito de lectura o escritura aplicado en navegación, control, store y persistencia.","El estado visible cambia sólo después de completar la operación autorizada.","Error accesible y genérico; no mostrar éxito anticipado.","NO_APLICA","{""chapter_id"":""CH04"",""event_id"":""CH04-E0005"",""timestamp"":""00:06:21.800"",""image"":""references/video-audit/chapters/CH04_cotizacion_datos_generales/event_frames/CH04-E0005_00h06m21s800ms_stable_change.jpg"",""detail_crop"":""references/video-audit/chapters/CH04_cotizacion_datos_generales/detail_crops/CH04-E0005_00h06m21s800ms_DETAIL.jpg"",""transcript"":""references/video-audit/chapters/CH04_cotizacion_datos_generales/transcript_raw.txt""}","app/main.js","renderQuoteModal","Estado mock persistido en localStorage; Supabase todavía no validado en runtime.","tests/e2e/ch04.spec.mjs","IMPLEMENTED_EXACT","","CH04-Q002","Autocompleta los tres valores del paciente seleccionado y los presenta sin edición directa. | Persiste después de recargar cuando la acción modifica datos. | Respeta rol y organización. | Tiene prueba automatizada específica y prueba de navegador cuando corresponde."
"CH04-R005","VIDEO_REQUIREMENT","CH04","CH04-E0006 | CH04-E0007 | CH04-E0008","00:06:27.600 | 00:06:30.600 | 00:06:33.000","invoice_date","Nueva cotización","","date_picker","Fecha * / Cancelar / Seleccionar","Muestra fecha requerida y un selector con Cancelar/Seleccionar; zona horaria y rangos siguen configurables.","Datos sintéticos y alcance de la organización activa.","Entrada válida, estado vacío y error accionable sin revelar existencia de registros.","Permiso explícito de lectura o escritura aplicado en navegación, control, store y persistencia.","El estado visible cambia sólo después de completar la operación autorizada.","Error accesible y genérico; no mostrar éxito anticipado.","NO_APLICA","{""chapter_id"":""CH04"",""event_id"":""CH04-E0006"",""timestamp"":""00:06:27.600"",""image"":""references/video-audit/chapters/CH04_cotizacion_datos_generales/event_frames/CH04-E0006_00h06m27s600ms_abrupt_change.jpg"",""detail_crop"":"""",""transcript"":""references/video-audit/chapters/CH04_cotizacion_datos_generales/transcript_raw.txt""} | {""chapter_id"":""CH04"",""event_id"":""CH04-E0007"",""timestamp"":""00:06:30.600"",""image"":""references/video-audit/chapters/CH04_cotizacion_datos_generales/event_frames/CH04-E0007_00h06m30s600ms_settled.jpg"",""detail_crop"":""references/video-audit/chapters/CH04_cotizacion_datos_generales/detail_crops/CH04-E0007_00h06m30s600ms_DETAIL.jpg"",""transcript"":""references/video-audit/chapters/CH04_cotizacion_datos_generales/transcript_raw.txt""} | {""chapter_id"":""CH04"",""event_id"":""CH04-E0008"",""timestamp"":""00:06:33.000"",""image"":""references/video-audit/chapters/CH04_cotizacion_datos_generales/event_frames/CH04-E0008_00h06m33s000ms_settled.jpg"",""detail_crop"":""references/video-audit/chapters/CH04_cotizacion_datos_generales/detail_crops/CH04-E0008_00h06m33s000ms_DETAIL.jpg"",""transcript"":""references/video-audit/chapters/CH04_cotizacion_datos_generales/transcript_raw.txt""}","app/main.js","openQuoteDatePicker","Estado mock persistido en localStorage; Supabase todavía no validado en runtime.","tests/ch04-quote-general.test.mjs; tests/e2e/ch04.spec.mjs","IMPLEMENTED_PARTIAL","","CH04-Q003","Muestra fecha requerida y un selector con Cancelar/Seleccionar; zona horaria y rangos siguen configurables. | Persiste después de recargar cuando la acción modifica datos. | Respeta rol y organización. | Tiene prueba automatizada específica y prueba de navegador cuando corresponde."
"CH04-R006","VIDEO_REQUIREMENT","CH04","CH04-E0008","00:06:33.000","discount_group","Nueva cotización","","select","Grupo de descuento * / Regular","Inicia con Regular y sólo acepta una regla activa autorizada; fórmulas y elegibilidad no se infieren.","Datos sintéticos y alcance de la organización activa.","Entrada válida, estado vacío y error accionable sin revelar existencia de registros.","Permiso explícito de lectura o escritura aplicado en navegación, control, store y persistencia.","El estado visible cambia sólo después de completar la operación autorizada.","Error accesible y genérico; no mostrar éxito anticipado.","NO_APLICA","{""chapter_id"":""CH04"",""event_id"":""CH04-E0008"",""timestamp"":""00:06:33.000"",""image"":""references/video-audit/chapters/CH04_cotizacion_datos_generales/event_frames/CH04-E0008_00h06m33s000ms_settled.jpg"",""detail_crop"":""references/video-audit/chapters/CH04_cotizacion_datos_generales/detail_crops/CH04-E0008_00h06m33s000ms_DETAIL.jpg"",""transcript"":""references/video-audit/chapters/CH04_cotizacion_datos_generales/transcript_raw.txt""}","app/store.js","validateQuoteGeneral","Estado mock persistido en localStorage; Supabase todavía no validado en runtime.","tests/ch04-quote-general.test.mjs","IMPLEMENTED_PARTIAL","","CH04-Q004","Inicia con Regular y sólo acepta una regla activa autorizada; fórmulas y elegibilidad no se infieren. | Persiste después de recargar cuando la acción modifica datos. | Respeta rol y organización. | Tiene prueba automatizada específica y prueba de navegador cuando corresponde."
"CH04-R007","VIDEO_REQUIREMENT","CH04","CH04-E0021 | CH04-E0022 | CH04-E0028 | CH04-E0032 | CH04-E0033","00:06:46.800 | 00:06:51.200 | 00:06:56.200 | 00:06:59.600 | 00:07:00.600","referrals","Nueva cotización","","multi_select","Referido por *","Busca valores autorizados, conserva múltiples chips, deduplica y permite quitarlos.","Datos sintéticos y alcance de la organización activa.","Entrada válida, estado vacío y error accionable sin revelar existencia de registros.","Permiso explícito de lectura o escritura aplicado en navegación, control, store y persistencia.","El estado visible cambia sólo después de completar la operación autorizada.","Error accesible y genérico; no mostrar éxito anticipado.","NO_APLICA","{""chapter_id"":""CH04"",""event_id"":""CH04-E0021"",""timestamp"":""00:06:46.800"",""image"":""references/video-audit/chapters/CH04_cotizacion_datos_generales/event_frames/CH04-E0021_00h06m46s800ms_abrupt_change.jpg"",""detail_crop"":""references/video-audit/chapters/CH04_cotizacion_datos_generales/detail_crops/CH04-E0021_00h06m46s800ms_DETAIL.jpg"",""transcript"":""references/video-audit/chapters/CH04_cotizacion_datos_generales/transcript_raw.txt""} | {""chapter_id"":""CH04"",""event_id"":""CH04-E0022"",""timestamp"":""00:06:51.200"",""image"":""references/video-audit/chapters/CH04_cotizacion_datos_generales/event_frames/CH04-E0022_00h06m51s200ms_abrupt_change.jpg"",""detail_crop"":""references/video-audit/chapters/CH04_cotizacion_datos_generales/detail_crops/CH04-E0022_00h06m51s200ms_DETAIL.jpg"",""transcript"":""references/video-audit/chapters/CH04_cotizacion_datos_generales/transcript_raw.txt""} | {""chapter_id"":""CH04"",""event_id"":""CH04-E0028"",""timestamp"":""00:06:56.200"",""image"":""references/video-audit/chapters/CH04_cotizacion_datos_generales/event_frames/CH04-E0028_00h06m56s200ms_abrupt_change.jpg"",""detail_crop"":""references/video-audit/chapters/CH04_cotizacion_datos_generales/detail_crops/CH04-E0028_00h06m56s200ms_DETAIL.jpg"",""transcript"":""references/video-audit/chapters/CH04_cotizacion_datos_generales/transcript_raw.txt""} | {""chapter_id"":""CH04"",""event_id"":""CH04-E0032"",""timestamp"":""00:06:59.600"",""image"":""references/video-audit/chapters/CH04_cotizacion_datos_generales/event_frames/CH04-E0032_00h06m59s600ms_abrupt_change.jpg"",""detail_crop"":""references/video-audit/chapters/CH04_cotizacion_datos_generales/detail_crops/CH04-E0032_00h06m59s600ms_DETAIL.jpg"",""transcript"":""references/video-audit/chapters/CH04_cotizacion_datos_generales/transcript_raw.txt""} | {""chapter_id"":""CH04"",""event_id"":""CH04-E0033"",""timestamp"":""00:07:00.600"",""image"":""references/video-audit/chapters/CH04_cotizacion_datos_generales/event_frames/CH04-E0033_00h07m00s600ms_motion_progress.jpg"",""detail_crop"":""references/video-audit/chapters/CH04_cotizacion_datos_generales/detail_crops/CH04-E0033_00h07m00s600ms_DETAIL.jpg"",""transcript"":""references/video-audit/chapters/CH04_cotizacion_datos_generales/transcript_raw.txt""}","app/main.js","quote-referral-add/quote-remove-referral","Estado mock persistido en localStorage; Supabase todavía no validado en runtime.","tests/e2e/ch04.spec.mjs","IMPLEMENTED_EXACT","","CH04-Q005","Busca valores autorizados, conserva múltiples chips, deduplica y permite quitarlos. | Persiste después de recargar cuando la acción modifica datos. | Respeta rol y organización. | Tiene prueba automatizada específica y prueba de navegador cuando corresponde."
"CH04-R008","VIDEO_REQUIREMENT","CH04","CH04-E0009 | CH04-E0012 | CH04-E0014 | CH04-E0018","00:06:34.800 | 00:06:39.000 | 00:06:42.000 | 00:06:44.800","referral_catalog","Nueva cotización","","catalog","Canales / aseguradora / paciente recurrente / personas / VACIO","No se copian ni normalizan valores observados hasta definir tipos, alcance, máximo y gobierno del catálogo.","Datos sintéticos y alcance de la organización activa.","Entrada válida, estado vacío y error accionable sin revelar existencia de registros.","Permiso explícito de lectura o escritura aplicado en navegación, control, store y persistencia.","El estado visible cambia sólo después de completar la operación autorizada.","Error accesible y genérico; no mostrar éxito anticipado.","NO_APLICA","{""chapter_id"":""CH04"",""event_id"":""CH04-E0009"",""timestamp"":""00:06:34.800"",""image"":""references/video-audit/chapters/CH04_cotizacion_datos_generales/event_frames/CH04-E0009_00h06m34s800ms_abrupt_change.jpg"",""detail_crop"":""references/video-audit/chapters/CH04_cotizacion_datos_generales/detail_crops/CH04-E0009_00h06m34s800ms_DETAIL.jpg"",""transcript"":""references/video-audit/chapters/CH04_cotizacion_datos_generales/transcript_raw.txt""} | {""chapter_id"":""CH04"",""event_id"":""CH04-E0012"",""timestamp"":""00:06:39.000"",""image"":""references/video-audit/chapters/CH04_cotizacion_datos_generales/event_frames/CH04-E0012_00h06m39s000ms_abrupt_change.jpg"",""detail_crop"":""references/video-audit/chapters/CH04_cotizacion_datos_generales/detail_crops/CH04-E0012_00h06m39s000ms_DETAIL.jpg"",""transcript"":""references/video-audit/chapters/CH04_cotizacion_datos_generales/transcript_raw.txt""} | {""chapter_id"":""CH04"",""event_id"":""CH04-E0014"",""timestamp"":""00:06:42.000"",""image"":""references/video-audit/chapters/CH04_cotizacion_datos_generales/event_frames/CH04-E0014_00h06m42s000ms_abrupt_change.jpg"",""detail_crop"":""references/video-audit/chapters/CH04_cotizacion_datos_generales/detail_crops/CH04-E0014_00h06m42s000ms_DETAIL.jpg"",""transcript"":""references/video-audit/chapters/CH04_cotizacion_datos_generales/transcript_raw.txt""} | {""chapter_id"":""CH04"",""event_id"":""CH04-E0018"",""timestamp"":""00:06:44.800"",""image"":""references/video-audit/chapters/CH04_cotizacion_datos_generales/event_frames/CH04-E0018_00h06m44s800ms_abrupt_change.jpg"",""detail_crop"":""references/video-audit/chapters/CH04_cotizacion_datos_generales/detail_crops/CH04-E0018_00h06m44s800ms_DETAIL.jpg"",""transcript"":""references/video-audit/chapters/CH04_cotizacion_datos_generales/transcript_raw.txt""}","app/main.js","","Estado mock persistido en localStorage; Supabase todavía no validado en runtime.","NONE","NEEDS_CLIENT_CONFIRMATION","","CH04-Q005","No se copian ni normalizan valores observados hasta definir tipos, alcance, máximo y gobierno del catálogo. | Persiste después de recargar cuando la acción modifica datos. | Respeta rol y organización. | Tiene prueba automatizada específica y prueba de navegador cuando corresponde."
"CH04-R009","VIDEO_REQUIREMENT","CH04","CH04-E0009","00:06:34.800","referral_quick_add","Nueva cotización","","button","+","Abre alta provisional explícita para la cotización sin crear un maestro productivo ni aceptar contenido clínico.","Datos sintéticos y alcance de la organización activa.","Entrada válida, estado vacío y error accionable sin revelar existencia de registros.","Permiso explícito de lectura o escritura aplicado en navegación, control, store y persistencia.","El estado visible cambia sólo después de completar la operación autorizada.","Error accesible y genérico; no mostrar éxito anticipado.","NO_APLICA","{""chapter_id"":""CH04"",""event_id"":""CH04-E0009"",""timestamp"":""00:06:34.800"",""image"":""references/video-audit/chapters/CH04_cotizacion_datos_generales/event_frames/CH04-E0009_00h06m34s800ms_abrupt_change.jpg"",""detail_crop"":""references/video-audit/chapters/CH04_cotizacion_datos_generales/detail_crops/CH04-E0009_00h06m34s800ms_DETAIL.jpg"",""transcript"":""references/video-audit/chapters/CH04_cotizacion_datos_generales/transcript_raw.txt""}","app/main.js","openQuoteReferralForm","Estado mock persistido en localStorage; Supabase todavía no validado en runtime.","tests/e2e/ch04.spec.mjs","IMPLEMENTED_PARTIAL","","CH04-Q006","Abre alta provisional explícita para la cotización sin crear un maestro productivo ni aceptar contenido clínico. | Persiste después de recargar cuando la acción modifica datos. | Respeta rol y organización. | Tiene prueba automatizada específica y prueba de navegador cuando corresponde."
"CH04-R010","VIDEO_REQUIREMENT","CH04","CH04-E0034","00:07:01.000","giftcard","Nueva cotización","","input","Giftcard / limpiar","Captura o limpia el valor sin aplicarlo financieramente hasta aprobar unicidad, vigencia, saldo, idempotencia y auditoría.","Datos sintéticos y alcance de la organización activa.","Entrada válida, estado vacío y error accionable sin revelar existencia de registros.","Permiso explícito de lectura o escritura aplicado en navegación, control, store y persistencia.","El estado visible cambia sólo después de completar la operación autorizada.","Error accesible y genérico; no mostrar éxito anticipado.","NO_APLICA","{""chapter_id"":""CH04"",""event_id"":""CH04-E0034"",""timestamp"":""00:07:01.000"",""image"":""references/video-audit/chapters/CH04_cotizacion_datos_generales/event_frames/CH04-E0034_00h07m01s000ms_abrupt_change.jpg"",""detail_crop"":"""",""transcript"":""references/video-audit/chapters/CH04_cotizacion_datos_generales/transcript_raw.txt""}","app/main.js","clear-quote-giftcard","Estado mock persistido en localStorage; Supabase todavía no validado en runtime.","tests/ch04-quote-general.test.mjs","IMPLEMENTED_PARTIAL","","CH04-Q007","Captura o limpia el valor sin aplicarlo financieramente hasta aprobar unicidad, vigencia, saldo, idempotencia y auditoría. | Persiste después de recargar cuando la acción modifica datos. | Respeta rol y organización. | Tiene prueba automatizada específica y prueba de navegador cuando corresponde."
"CH04-R011","VIDEO_REQUIREMENT","CH04","CH04-E0034","00:07:01.000","comments","Nueva cotización","","textarea","Comentarios *","Requiere comentario administrativo en UI, store y persistencia; finalidad y visibilidad dependen del cliente.","Datos sintéticos y alcance de la organización activa.","Entrada válida, estado vacío y error accionable sin revelar existencia de registros.","Permiso explícito de lectura o escritura aplicado en navegación, control, store y persistencia.","El estado visible cambia sólo después de completar la operación autorizada.","Error accesible y genérico; no mostrar éxito anticipado.","NO_APLICA","{""chapter_id"":""CH04"",""event_id"":""CH04-E0034"",""timestamp"":""00:07:01.000"",""image"":""references/video-audit/chapters/CH04_cotizacion_datos_generales/event_frames/CH04-E0034_00h07m01s000ms_abrupt_change.jpg"",""detail_crop"":"""",""transcript"":""references/video-audit/chapters/CH04_cotizacion_datos_generales/transcript_raw.txt""}","app/store.js","validateQuoteGeneral","Estado mock persistido en localStorage; Supabase todavía no validado en runtime.","tests/ch04-quote-general.test.mjs","IMPLEMENTED_PARTIAL","","CH04-Q008","Requiere comentario administrativo en UI, store y persistencia; finalidad y visibilidad dependen del cliente. | Persiste después de recargar cuando la acción modifica datos. | Respeta rol y organización. | Tiene prueba automatizada específica y prueba de navegador cuando corresponde."
"CH04-R012","VIDEO_REQUIREMENT","CH04","CH04-E0034 | CH04-E0035","00:07:01.000 | 00:07:01.600","item_categories","Nueva cotización","","tabs","Servicios / Estudios Dx / Medicamentos / Insumos / Equipos / Honorarios / Extras","Expone y permite navegar las siete categorías observadas sin perder los generales.","Datos sintéticos y alcance de la organización activa.","Entrada válida, estado vacío y error accionable sin revelar existencia de registros.","Permiso explícito de lectura o escritura aplicado en navegación, control, store y persistencia.","El estado visible cambia sólo después de completar la operación autorizada.","Error accesible y genérico; no mostrar éxito anticipado.","NO_APLICA","{""chapter_id"":""CH04"",""event_id"":""CH04-E0034"",""timestamp"":""00:07:01.000"",""image"":""references/video-audit/chapters/CH04_cotizacion_datos_generales/event_frames/CH04-E0034_00h07m01s000ms_abrupt_change.jpg"",""detail_crop"":"""",""transcript"":""references/video-audit/chapters/CH04_cotizacion_datos_generales/transcript_raw.txt""} | {""chapter_id"":""CH04"",""event_id"":""CH04-E0035"",""timestamp"":""00:07:01.600"",""image"":""references/video-audit/chapters/CH04_cotizacion_datos_generales/event_frames/CH04-E0035_00h07m01s600ms_stable_change.jpg"",""detail_crop"":"""",""transcript"":""references/video-audit/chapters/CH04_cotizacion_datos_generales/transcript_raw.txt""}","app/main.js","quote-set-category","Estado mock persistido en localStorage; Supabase todavía no validado en runtime.","tests/e2e/ch04.spec.mjs","IMPLEMENTED_EXACT","","","Expone y permite navegar las siete categorías observadas sin perder los generales. | Persiste después de recargar cuando la acción modifica datos. | Respeta rol y organización. | Tiene prueba automatizada específica y prueba de navegador cuando corresponde."
"CH04-R013","VIDEO_REQUIREMENT","CH04","CH04-E0035","00:07:01.600","service_fields","Nueva cotización","Servicios","form","Socio de negocios / Servicios / Precio / Cantidad","Presenta la estructura inicial; socios, listas, precios, cantidades y disponibilidad se resuelven en CH05 sin inventar reglas.","Datos sintéticos y alcance de la organización activa.","Entrada válida, estado vacío y error accionable sin revelar existencia de registros.","Permiso explícito de lectura o escritura aplicado en navegación, control, store y persistencia.","El estado visible cambia sólo después de completar la operación autorizada.","Error accesible y genérico; no mostrar éxito anticipado.","NO_APLICA","{""chapter_id"":""CH04"",""event_id"":""CH04-E0035"",""timestamp"":""00:07:01.600"",""image"":""references/video-audit/chapters/CH04_cotizacion_datos_generales/event_frames/CH04-E0035_00h07m01s600ms_stable_change.jpg"",""detail_crop"":"""",""transcript"":""references/video-audit/chapters/CH04_cotizacion_datos_generales/transcript_raw.txt""}","app/main.js","renderQuoteModal","Estado mock persistido en localStorage; Supabase todavía no validado en runtime.","tests/e2e/ch04.spec.mjs","IMPLEMENTED_PARTIAL","","CH05-Q001 | CH05-Q003 | CH05-Q005","Presenta la estructura inicial; socios, listas, precios, cantidades y disponibilidad se resuelven en CH05 sin inventar reglas. | Persiste después de recargar cuando la acción modifica datos. | Respeta rol y organización. | Tiene prueba automatizada específica y prueba de navegador cuando corresponde."
"CH04-R014","VIDEO_REQUIREMENT","CH04","CH04-E0035","00:07:01.600","inventory_filter","Nueva cotización","","checkbox","Solo disponibles en inventario","Permanece visible y bloqueado hasta definir si filtra, bloquea o reserva existencias.","Datos sintéticos y alcance de la organización activa.","Entrada válida, estado vacío y error accionable sin revelar existencia de registros.","Permiso explícito de lectura o escritura aplicado en navegación, control, store y persistencia.","El estado visible cambia sólo después de completar la operación autorizada.","Error accesible y genérico; no mostrar éxito anticipado.","NO_APLICA","{""chapter_id"":""CH04"",""event_id"":""CH04-E0035"",""timestamp"":""00:07:01.600"",""image"":""references/video-audit/chapters/CH04_cotizacion_datos_generales/event_frames/CH04-E0035_00h07m01s600ms_stable_change.jpg"",""detail_crop"":"""",""transcript"":""references/video-audit/chapters/CH04_cotizacion_datos_generales/transcript_raw.txt""}","app/main.js","","Estado mock persistido en localStorage; Supabase todavía no validado en runtime.","NONE","NEEDS_CLIENT_CONFIRMATION","","CH05-Q005","Permanece visible y bloqueado hasta definir si filtra, bloquea o reserva existencias. | Persiste después de recargar cuando la acción modifica datos. | Respeta rol y organización. | Tiene prueba automatizada específica y prueba de navegador cuando corresponde."
"CH04-R015","VIDEO_REQUIREMENT","CH04","CH04-E0035","00:07:01.600","save_behavior","Nueva cotización","","submit","Guardar","CH04 no ejecuta Guardar ni demuestra mensaje, estado o error final.","Datos sintéticos y alcance de la organización activa.","Entrada válida, estado vacío y error accionable sin revelar existencia de registros.","Permiso explícito de lectura o escritura aplicado en navegación, control, store y persistencia.","El estado visible cambia sólo después de completar la operación autorizada.","Error accesible y genérico; no mostrar éxito anticipado.","NO_APLICA","{""chapter_id"":""CH04"",""event_id"":""CH04-E0035"",""timestamp"":""00:07:01.600"",""image"":""references/video-audit/chapters/CH04_cotizacion_datos_generales/event_frames/CH04-E0035_00h07m01s600ms_stable_change.jpg"",""detail_crop"":"""",""transcript"":""references/video-audit/chapters/CH04_cotizacion_datos_generales/transcript_raw.txt""}","app/store.js","createQuote","Estado mock persistido en localStorage; Supabase todavía no validado en runtime.","tests/ch04-quote-general.test.mjs","NOT_TESTABLE","","CH04-Q009","CH04 no ejecuta Guardar ni demuestra mensaje, estado o error final. | Persiste después de recargar cuando la acción modifica datos. | Respeta rol y organización. | Tiene prueba automatizada específica y prueba de navegador cuando corresponde."
"CH04-R016","VIDEO_REQUIREMENT","CH04","CH04-E0035","00:07:01.600","permissions","Nueva cotización","","permission","Permisos por rol","El capítulo no define ACL; se conserva quotes:write y alcance organizacional como hardening propio.","Datos sintéticos y alcance de la organización activa.","Entrada válida, estado vacío y error accionable sin revelar existencia de registros.","Permiso explícito de lectura o escritura aplicado en navegación, control, store y persistencia.","El estado visible cambia sólo después de completar la operación autorizada.","Error accesible y genérico; no mostrar éxito anticipado.","NO_APLICA","{""chapter_id"":""CH04"",""event_id"":""CH04-E0035"",""timestamp"":""00:07:01.600"",""image"":""references/video-audit/chapters/CH04_cotizacion_datos_generales/event_frames/CH04-E0035_00h07m01s600ms_stable_change.jpg"",""detail_crop"":"""",""transcript"":""references/video-audit/chapters/CH04_cotizacion_datos_generales/transcript_raw.txt""}","app/domain.js","ROLE_PERMISSIONS","Estado mock persistido en localStorage; Supabase todavía no validado en runtime.","tests/ch03-hospitalization.test.mjs","NOT_TESTABLE","","","El capítulo no define ACL; se conserva quotes:write y alcance organizacional como hardening propio. | Persiste después de recargar cuando la acción modifica datos. | Respeta rol y organización. | Tiene prueba automatizada específica y prueba de navegador cuando corresponde."
"CH04-R017","VIDEO_REQUIREMENT","CH04","CH04-E0035","00:07:01.600","printing","Nueva cotización","","print","Impresión","CH04 no muestra una acción ni documento impreso; no se atribuye ninguno al capítulo.","Datos sintéticos y alcance de la organización activa.","Entrada válida, estado vacío y error accionable sin revelar existencia de registros.","Permiso explícito de lectura o escritura aplicado en navegación, control, store y persistencia.","El estado visible cambia sólo después de completar la operación autorizada.","Error accesible y genérico; no mostrar éxito anticipado.","Sin evidencia de impresión en CH04.","{""chapter_id"":""CH04"",""event_id"":""CH04-E0035"",""timestamp"":""00:07:01.600"",""image"":""references/video-audit/chapters/CH04_cotizacion_datos_generales/event_frames/CH04-E0035_00h07m01s600ms_stable_change.jpg"",""detail_crop"":"""",""transcript"":""references/video-audit/chapters/CH04_cotizacion_datos_generales/transcript_raw.txt""}","app/templates.js","","Estado mock persistido en localStorage; Supabase todavía no validado en runtime.","NONE","NOT_TESTABLE","","","CH04 no muestra una acción ni documento impreso; no se atribuye ninguno al capítulo. | Persiste después de recargar cuando la acción modifica datos. | Respeta rol y organización. | Tiene prueba automatizada específica y prueba de navegador cuando corresponde."
"CH04-H001","PLATFORM_HARDENING","CH04","CH04-E0001 | CH04-E0005","00:06:15.200 | 00:06:21.800","patient_case_integrity","Nueva cotización","","authorization","Paciente coherente con hospitalización","Texto no coincidente se rechaza; UI, store y trigger verifican paciente, caso y organización.","Datos sintéticos y alcance de la organización activa.","Entrada válida, estado vacío y error accionable sin revelar existencia de registros.","Permiso explícito de lectura o escritura aplicado en navegación, control, store y persistencia.","El estado visible cambia sólo después de completar la operación autorizada.","Error accesible y genérico; no mostrar éxito anticipado.","NO_APLICA","{""chapter_id"":""CH04"",""event_id"":""CH04-E0001"",""timestamp"":""00:06:15.200"",""image"":""references/video-audit/chapters/CH04_cotizacion_datos_generales/event_frames/CH04-E0001_00h06m15s200ms_motion_progress.jpg"",""detail_crop"":""references/video-audit/chapters/CH04_cotizacion_datos_generales/detail_crops/CH04-E0001_00h06m15s200ms_DETAIL.jpg"",""transcript"":""references/video-audit/chapters/CH04_cotizacion_datos_generales/transcript_raw.txt""} | {""chapter_id"":""CH04"",""event_id"":""CH04-E0005"",""timestamp"":""00:06:21.800"",""image"":""references/video-audit/chapters/CH04_cotizacion_datos_generales/event_frames/CH04-E0005_00h06m21s800ms_stable_change.jpg"",""detail_crop"":""references/video-audit/chapters/CH04_cotizacion_datos_generales/detail_crops/CH04-E0005_00h06m21s800ms_DETAIL.jpg"",""transcript"":""references/video-audit/chapters/CH04_cotizacion_datos_generales/transcript_raw.txt""}","app/main.js; app/store.js; supabase/migrations/202608270001_ch04_quote_general_integrity.sql","syncQuoteHead/createQuote/validate_quote_general_integrity","Estado mock persistido en localStorage; Supabase todavía no validado en runtime.","tests/ch04-quote-general.test.mjs; tests/e2e/ch04.spec.mjs","IMPLEMENTED_EXACT","","","Texto no coincidente se rechaza; UI, store y trigger verifican paciente, caso y organización. | Persiste después de recargar cuando la acción modifica datos. | Respeta rol y organización. | Tiene prueba automatizada específica y prueba de navegador cuando corresponde."
"CH04-H002","PLATFORM_HARDENING","CH04","CH04-E0006 | CH04-E0034","00:06:27.600 | 00:07:01.000","general_integrity","Nueva cotización","","validation","Generales obligatorios","Fecha, grupo autorizado, referencia y comentarios se validan en navegador, store y base de datos.","Datos sintéticos y alcance de la organización activa.","Entrada válida, estado vacío y error accionable sin revelar existencia de registros.","Permiso explícito de lectura o escritura aplicado en navegación, control, store y persistencia.","El estado visible cambia sólo después de completar la operación autorizada.","Error accesible y genérico; no mostrar éxito anticipado.","NO_APLICA","{""chapter_id"":""CH04"",""event_id"":""CH04-E0006"",""timestamp"":""00:06:27.600"",""image"":""references/video-audit/chapters/CH04_cotizacion_datos_generales/event_frames/CH04-E0006_00h06m27s600ms_abrupt_change.jpg"",""detail_crop"":"""",""transcript"":""references/video-audit/chapters/CH04_cotizacion_datos_generales/transcript_raw.txt""} | {""chapter_id"":""CH04"",""event_id"":""CH04-E0034"",""timestamp"":""00:07:01.000"",""image"":""references/video-audit/chapters/CH04_cotizacion_datos_generales/event_frames/CH04-E0034_00h07m01s000ms_abrupt_change.jpg"",""detail_crop"":"""",""transcript"":""references/video-audit/chapters/CH04_cotizacion_datos_generales/transcript_raw.txt""}","app/store.js; supabase/migrations/202608270001_ch04_quote_general_integrity.sql","validateQuoteGeneral/validate_quote_general_integrity","Estado mock persistido en localStorage; Supabase todavía no validado en runtime.","tests/ch04-quote-general.test.mjs","IMPLEMENTED_EXACT","","","Fecha, grupo autorizado, referencia y comentarios se validan en navegador, store y base de datos. | Persiste después de recargar cuando la acción modifica datos. | Respeta rol y organización. | Tiene prueba automatizada específica y prueba de navegador cuando corresponde."
"CH04-H003","PLATFORM_HARDENING","CH04","CH04-E0009 | CH04-E0032","00:06:34.800 | 00:06:59.600","referral_integrity","Nueva cotización","","data_integrity","Referencias autorizadas","El selector normal rechaza texto libre; sólo el flujo + permite una etiqueta provisional trazada a la cotización.","Datos sintéticos y alcance de la organización activa.","Entrada válida, estado vacío y error accionable sin revelar existencia de registros.","Permiso explícito de lectura o escritura aplicado en navegación, control, store y persistencia.","El estado visible cambia sólo después de completar la operación autorizada.","Error accesible y genérico; no mostrar éxito anticipado.","NO_APLICA","{""chapter_id"":""CH04"",""event_id"":""CH04-E0009"",""timestamp"":""00:06:34.800"",""image"":""references/video-audit/chapters/CH04_cotizacion_datos_generales/event_frames/CH04-E0009_00h06m34s800ms_abrupt_change.jpg"",""detail_crop"":""references/video-audit/chapters/CH04_cotizacion_datos_generales/detail_crops/CH04-E0009_00h06m34s800ms_DETAIL.jpg"",""transcript"":""references/video-audit/chapters/CH04_cotizacion_datos_generales/transcript_raw.txt""} | {""chapter_id"":""CH04"",""event_id"":""CH04-E0032"",""timestamp"":""00:06:59.600"",""image"":""references/video-audit/chapters/CH04_cotizacion_datos_generales/event_frames/CH04-E0032_00h06m59s600ms_abrupt_change.jpg"",""detail_crop"":""references/video-audit/chapters/CH04_cotizacion_datos_generales/detail_crops/CH04-E0032_00h06m59s600ms_DETAIL.jpg"",""transcript"":""references/video-audit/chapters/CH04_cotizacion_datos_generales/transcript_raw.txt""}","app/main.js","quote-referral-add/openQuoteReferralForm","Estado mock persistido en localStorage; Supabase todavía no validado en runtime.","tests/e2e/ch04.spec.mjs","IMPLEMENTED_EXACT","","","El selector normal rechaza texto libre; sólo el flujo + permite una etiqueta provisional trazada a la cotización. | Persiste después de recargar cuando la acción modifica datos. | Respeta rol y organización. | Tiene prueba automatizada específica y prueba de navegador cuando corresponde."
"CH05-R001","VIDEO_REQUIREMENT","CH05","CH05-E0001","00:07:32.200","item_categories","Nueva cotización","","tabs","Servicios / Estudios Dx / Medicamentos / Insumos / Equipos / Honorarios / Extras","Mantiene navegables las siete categorías sin perder los datos generales ni las líneas agregadas.","Datos sintéticos y alcance de la organización activa.","Entrada válida, estado vacío y error accionable sin revelar existencia de registros.","Permiso explícito de lectura o escritura aplicado en navegación, control, store y persistencia.","El estado visible cambia sólo después de completar la operación autorizada.","Error accesible y genérico; no mostrar éxito anticipado.","NO_APLICA","{""chapter_id"":""CH05"",""event_id"":""CH05-E0001"",""timestamp"":""00:07:32.200"",""image"":""references/video-audit/chapters/CH05_cotizacion_servicios_estudios_y_medicamentos/event_frames/CH05-E0001_00h07m32s200ms_abrupt_change.jpg"",""detail_crop"":"""",""transcript"":""references/video-audit/chapters/CH05_cotizacion_servicios_estudios_y_medicamentos/transcript_raw.txt""}","app/main.js","quote-set-category","Estado mock persistido en localStorage; Supabase todavía no validado en runtime.","tests/e2e/ch04.spec.mjs; tests/e2e/ch05.spec.mjs","IMPLEMENTED_EXACT","","","Mantiene navegables las siete categorías sin perder los datos generales ni las líneas agregadas. | Persiste después de recargar cuando la acción modifica datos. | Respeta rol y organización. | Tiene prueba automatizada específica y prueba de navegador cuando corresponde."
"CH05-R002","VIDEO_REQUIREMENT","CH05","CH05-E0003 | CH05-E0022","00:07:49.400 | 00:08:15.200","business_partner_price_list","Nueva cotización","Servicios","select","Socio de negocios / lista de precios","Selecciona una lista vigente y autorizada para la organización y socio; no se habilita hasta confirmar elegibilidad, prioridad y moneda.","Datos sintéticos y alcance de la organización activa.","Entrada válida, estado vacío y error accionable sin revelar existencia de registros.","Permiso explícito de lectura o escritura aplicado en navegación, control, store y persistencia.","El estado visible cambia sólo después de completar la operación autorizada.","Error accesible y genérico; no mostrar éxito anticipado.","NO_APLICA","{""chapter_id"":""CH05"",""event_id"":""CH05-E0003"",""timestamp"":""00:07:49.400"",""image"":""references/video-audit/chapters/CH05_cotizacion_servicios_estudios_y_medicamentos/event_frames/CH05-E0003_00h07m49s400ms_motion_progress.jpg"",""detail_crop"":""references/video-audit/chapters/CH05_cotizacion_servicios_estudios_y_medicamentos/detail_crops/CH05-E0003_00h07m49s400ms_DETAIL.jpg"",""transcript"":""references/video-audit/chapters/CH05_cotizacion_servicios_estudios_y_medicamentos/transcript_raw.txt""} | {""chapter_id"":""CH05"",""event_id"":""CH05-E0022"",""timestamp"":""00:08:15.200"",""image"":""references/video-audit/chapters/CH05_cotizacion_servicios_estudios_y_medicamentos/event_frames/CH05-E0022_00h08m15s200ms_stable_change.jpg"",""detail_crop"":"""",""transcript"":""references/video-audit/chapters/CH05_cotizacion_servicios_estudios_y_medicamentos/transcript_raw.txt""}","app/main.js; supabase/migrations/202608270002_ch05_quote_catalog_integrity.sql","renderQuoteModal/apply_quote_draft_catalog","Estado mock persistido en localStorage; Supabase todavía no validado en runtime.","tests/ch05-quote-items.test.mjs","NEEDS_CLIENT_CONFIRMATION","","CH05-Q001","Selecciona una lista vigente y autorizada para la organización y socio; no se habilita hasta confirmar elegibilidad, prioridad y moneda. | Persiste después de recargar cuando la acción modifica datos. | Respeta rol y organización. | Tiene prueba automatizada específica y prueba de navegador cuando corresponde."
"CH05-R003","VIDEO_REQUIREMENT","CH05","CH05-E0021","00:08:14.600","processing_state","Nueva cotización","Servicios","loading_state","Procesando...","Al añadir una línea muestra un overlay de procesamiento accesible, bloquea la repetición inmediata y luego restablece el compositor.","Datos sintéticos y alcance de la organización activa.","Entrada válida, estado vacío y error accionable sin revelar existencia de registros.","Permiso explícito de lectura o escritura aplicado en navegación, control, store y persistencia.","El estado visible cambia sólo después de completar la operación autorizada.","Error accesible y genérico; no mostrar éxito anticipado.","NO_APLICA","{""chapter_id"":""CH05"",""event_id"":""CH05-E0021"",""timestamp"":""00:08:14.600"",""image"":""references/video-audit/chapters/CH05_cotizacion_servicios_estudios_y_medicamentos/event_frames/CH05-E0021_00h08m14s600ms_abrupt_change.jpg"",""detail_crop"":"""",""transcript"":""references/video-audit/chapters/CH05_cotizacion_servicios_estudios_y_medicamentos/transcript_raw.txt""}","app/main.js; app/styles.css","quote-add-item","Estado mock persistido en localStorage; Supabase todavía no validado en runtime.","tests/e2e/ch05.spec.mjs","IMPLEMENTED_EXACT","","","Al añadir una línea muestra un overlay de procesamiento accesible, bloquea la repetición inmediata y luego restablece el compositor. | Persiste después de recargar cuando la acción modifica datos. | Respeta rol y organización. | Tiene prueba automatizada específica y prueba de navegador cuando corresponde."
"CH05-R004","VIDEO_REQUIREMENT","CH05","CH05-E0025","00:08:27.200","service_search","Nueva cotización","Servicios","searchable_select","Servicios","Filtra incrementalmente el catálogo de Servicios y sólo acepta una coincidencia autorizada.","Datos sintéticos y alcance de la organización activa.","Entrada válida, estado vacío y error accionable sin revelar existencia de registros.","Permiso explícito de lectura o escritura aplicado en navegación, control, store y persistencia.","El estado visible cambia sólo después de completar la operación autorizada.","Error accesible y genérico; no mostrar éxito anticipado.","NO_APLICA","{""chapter_id"":""CH05"",""event_id"":""CH05-E0025"",""timestamp"":""00:08:27.200"",""image"":""references/video-audit/chapters/CH05_cotizacion_servicios_estudios_y_medicamentos/event_frames/CH05-E0025_00h08m27s200ms_settled.jpg"",""detail_crop"":""references/video-audit/chapters/CH05_cotizacion_servicios_estudios_y_medicamentos/detail_crops/CH05-E0025_00h08m27s200ms_DETAIL.jpg"",""transcript"":""references/video-audit/chapters/CH05_cotizacion_servicios_estudios_y_medicamentos/transcript_raw.txt""}","app/main.js","quote-item-select","Estado mock persistido en localStorage; Supabase todavía no validado en runtime.","tests/e2e/ch05.spec.mjs","IMPLEMENTED_EXACT","","","Filtra incrementalmente el catálogo de Servicios y sólo acepta una coincidencia autorizada. | Persiste después de recargar cuando la acción modifica datos. | Respeta rol y organización. | Tiene prueba automatizada específica y prueba de navegador cuando corresponde."
"CH05-R005","VIDEO_REQUIREMENT","CH05","CH05-E0050","00:09:16.200","catalog_price","Nueva cotización","Servicios","derived_field","Precio","La selección autocompleta un precio no editable; producción lo resuelve desde la lista organizacional vigente y nunca confía en el navegador.","Datos sintéticos y alcance de la organización activa.","Entrada válida, estado vacío y error accionable sin revelar existencia de registros.","Permiso explícito de lectura o escritura aplicado en navegación, control, store y persistencia.","El estado visible cambia sólo después de completar la operación autorizada.","Error accesible y genérico; no mostrar éxito anticipado.","NO_APLICA","{""chapter_id"":""CH05"",""event_id"":""CH05-E0050"",""timestamp"":""00:09:16.200"",""image"":""references/video-audit/chapters/CH05_cotizacion_servicios_estudios_y_medicamentos/event_frames/CH05-E0050_00h09m16s200ms_stable_change.jpg"",""detail_crop"":""references/video-audit/chapters/CH05_cotizacion_servicios_estudios_y_medicamentos/detail_crops/CH05-E0050_00h09m16s200ms_DETAIL.jpg"",""transcript"":""references/video-audit/chapters/CH05_cotizacion_servicios_estudios_y_medicamentos/transcript_raw.txt""}","app/main.js; app/store.js; supabase/migrations/202608270002_ch05_quote_catalog_integrity.sql","validateQuoteItems/apply_quote_draft_catalog","Estado mock persistido en localStorage; Supabase todavía no validado en runtime.","tests/ch05-quote-items.test.mjs; tests/e2e/ch05.spec.mjs","IMPLEMENTED_PARTIAL","","CH05-Q001","La selección autocompleta un precio no editable; producción lo resuelve desde la lista organizacional vigente y nunca confía en el navegador. | Persiste después de recargar cuando la acción modifica datos. | Respeta rol y organización. | Tiene prueba automatizada específica y prueba de navegador cuando corresponde."
"CH05-R006","VIDEO_REQUIREMENT","CH05","CH05-E0052","00:09:30.400","item_quantity","Nueva cotización","Servicios","number_input","Cantidad *","Exige una cantidad numérica mayor que cero en UI, dominio y persistencia; unidad, decimales y límites dependen del cliente.","Datos sintéticos y alcance de la organización activa.","Entrada válida, estado vacío y error accionable sin revelar existencia de registros.","Permiso explícito de lectura o escritura aplicado en navegación, control, store y persistencia.","El estado visible cambia sólo después de completar la operación autorizada.","Error accesible y genérico; no mostrar éxito anticipado.","NO_APLICA","{""chapter_id"":""CH05"",""event_id"":""CH05-E0052"",""timestamp"":""00:09:30.400"",""image"":""references/video-audit/chapters/CH05_cotizacion_servicios_estudios_y_medicamentos/event_frames/CH05-E0052_00h09m30s400ms_abrupt_change.jpg"",""detail_crop"":"""",""transcript"":""references/video-audit/chapters/CH05_cotizacion_servicios_estudios_y_medicamentos/transcript_raw.txt""}","app/main.js; app/store.js; supabase/migrations/202608270002_ch05_quote_catalog_integrity.sql","validateQuoteItems/apply_quote_draft_catalog","Estado mock persistido en localStorage; Supabase todavía no validado en runtime.","tests/ch05-quote-items.test.mjs; tests/e2e/ch05.spec.mjs","IMPLEMENTED_PARTIAL","","CH05-Q003","Exige una cantidad numérica mayor que cero en UI, dominio y persistencia; unidad, decimales y límites dependen del cliente. | Persiste después de recargar cuando la acción modifica datos. | Respeta rol y organización. | Tiene prueba automatizada específica y prueba de navegador cuando corresponde."
"CH05-R007","VIDEO_REQUIREMENT","CH05","CH05-E0052 | CH05-E0054","00:09:30.400 | 00:09:31.400","add_item","Nueva cotización","Servicios","button","Añadir","Añade el concepto seleccionado con cantidad válida, muestra procesamiento y evita una línea libre o sin catálogo.","Datos sintéticos y alcance de la organización activa.","Entrada válida, estado vacío y error accionable sin revelar existencia de registros.","Permiso explícito de lectura o escritura aplicado en navegación, control, store y persistencia.","El estado visible cambia sólo después de completar la operación autorizada.","Error accesible y genérico; no mostrar éxito anticipado.","NO_APLICA","{""chapter_id"":""CH05"",""event_id"":""CH05-E0052"",""timestamp"":""00:09:30.400"",""image"":""references/video-audit/chapters/CH05_cotizacion_servicios_estudios_y_medicamentos/event_frames/CH05-E0052_00h09m30s400ms_abrupt_change.jpg"",""detail_crop"":"""",""transcript"":""references/video-audit/chapters/CH05_cotizacion_servicios_estudios_y_medicamentos/transcript_raw.txt""} | {""chapter_id"":""CH05"",""event_id"":""CH05-E0054"",""timestamp"":""00:09:31.400"",""image"":""references/video-audit/chapters/CH05_cotizacion_servicios_estudios_y_medicamentos/event_frames/CH05-E0054_00h09m31s400ms_abrupt_change.jpg"",""detail_crop"":"""",""transcript"":""references/video-audit/chapters/CH05_cotizacion_servicios_estudios_y_medicamentos/transcript_raw.txt""}","app/main.js; app/store.js","quote-add-item/validateQuoteItems","Estado mock persistido en localStorage; Supabase todavía no validado en runtime.","tests/ch05-quote-items.test.mjs; tests/e2e/ch05.spec.mjs","IMPLEMENTED_EXACT","","","Añade el concepto seleccionado con cantidad válida, muestra procesamiento y evita una línea libre o sin catálogo. | Persiste después de recargar cuando la acción modifica datos. | Respeta rol y organización. | Tiene prueba automatizada específica y prueba de navegador cuando corresponde."
"CH05-R008","VIDEO_REQUIREMENT","CH05","CH05-E0054","00:09:31.400","item_ledger","Nueva cotización","","table","Concepto / Cantidad / Precio / Descuento / Impuesto / Total","Muestra las líneas agrupadas por categoría con todas las columnas financieras observadas.","Datos sintéticos y alcance de la organización activa.","Entrada válida, estado vacío y error accionable sin revelar existencia de registros.","Permiso explícito de lectura o escritura aplicado en navegación, control, store y persistencia.","El estado visible cambia sólo después de completar la operación autorizada.","Error accesible y genérico; no mostrar éxito anticipado.","NO_APLICA","{""chapter_id"":""CH05"",""event_id"":""CH05-E0054"",""timestamp"":""00:09:31.400"",""image"":""references/video-audit/chapters/CH05_cotizacion_servicios_estudios_y_medicamentos/event_frames/CH05-E0054_00h09m31s400ms_abrupt_change.jpg"",""detail_crop"":"""",""transcript"":""references/video-audit/chapters/CH05_cotizacion_servicios_estudios_y_medicamentos/transcript_raw.txt""}","app/main.js","renderQuoteModal","Estado mock persistido en localStorage; Supabase todavía no validado en runtime.","tests/ch05-quote-items.test.mjs; tests/e2e/ch05.spec.mjs","IMPLEMENTED_EXACT","","","Muestra las líneas agrupadas por categoría con todas las columnas financieras observadas. | Persiste después de recargar cuando la acción modifica datos. | Respeta rol y organización. | Tiene prueba automatizada específica y prueba de navegador cuando corresponde."
"CH05-R009","VIDEO_REQUIREMENT","CH05","CH05-E0054","00:09:31.400","item_mutation","Nueva cotización","","row_actions","Editar cantidad / eliminar línea","Permite modificar cantidad o quitar una línea sólo en borrador y recalcula; permisos y auditoría fina por acción siguen pendientes.","Datos sintéticos y alcance de la organización activa.","Entrada válida, estado vacío y error accionable sin revelar existencia de registros.","Permiso explícito de lectura o escritura aplicado en navegación, control, store y persistencia.","El estado visible cambia sólo después de completar la operación autorizada.","Error accesible y genérico; no mostrar éxito anticipado.","NO_APLICA","{""chapter_id"":""CH05"",""event_id"":""CH05-E0054"",""timestamp"":""00:09:31.400"",""image"":""references/video-audit/chapters/CH05_cotizacion_servicios_estudios_y_medicamentos/event_frames/CH05-E0054_00h09m31s400ms_abrupt_change.jpg"",""detail_crop"":"""",""transcript"":""references/video-audit/chapters/CH05_cotizacion_servicios_estudios_y_medicamentos/transcript_raw.txt""}","app/main.js; app/store.js","quote-item-qty-change/quote-remove-item/updateQuoteDraft","Estado mock persistido en localStorage; Supabase todavía no validado en runtime.","tests/p0-immutable-records.test.mjs","IMPLEMENTED_PARTIAL","","CH05-Q009","Permite modificar cantidad o quitar una línea sólo en borrador y recalcula; permisos y auditoría fina por acción siguen pendientes. | Persiste después de recargar cuando la acción modifica datos. | Respeta rol y organización. | Tiene prueba automatizada específica y prueba de navegador cuando corresponde."
"CH05-R010","VIDEO_REQUIREMENT","CH05","CH05-E0067","00:09:56.400","quote_summary","Nueva cotización","","financial_summary","Subtotal / Descuento / Impuesto / Total","Presenta los cuatro importes; impuesto queda explícitamente en cero y bloqueado hasta confirmar tasa, base, exenciones y redondeo.","Datos sintéticos y alcance de la organización activa.","Entrada válida, estado vacío y error accionable sin revelar existencia de registros.","Permiso explícito de lectura o escritura aplicado en navegación, control, store y persistencia.","El estado visible cambia sólo después de completar la operación autorizada.","Error accesible y genérico; no mostrar éxito anticipado.","NO_APLICA","{""chapter_id"":""CH05"",""event_id"":""CH05-E0067"",""timestamp"":""00:09:56.400"",""image"":""references/video-audit/chapters/CH05_cotizacion_servicios_estudios_y_medicamentos/event_frames/CH05-E0067_00h09m56s400ms_abrupt_change.jpg"",""detail_crop"":"""",""transcript"":""references/video-audit/chapters/CH05_cotizacion_servicios_estudios_y_medicamentos/transcript_raw.txt""}","app/main.js","renderQuoteModal","Estado mock persistido en localStorage; Supabase todavía no validado en runtime.","tests/ch05-quote-items.test.mjs","NEEDS_CLIENT_CONFIRMATION","","CH05-Q004","Presenta los cuatro importes; impuesto queda explícitamente en cero y bloqueado hasta confirmar tasa, base, exenciones y redondeo. | Persiste después de recargar cuando la acción modifica datos. | Respeta rol y organización. | Tiene prueba automatizada específica y prueba de navegador cuando corresponde."
"CH05-R011","VIDEO_REQUIREMENT","CH05","CH05-E0065","00:09:50.400","multiple_service_lines","Nueva cotización","Servicios","table_rows","Dos líneas de Servicios","Conserva múltiples líneas de Servicios simultáneas, acumula sus importes sin sobrescribir la anterior y permite filtrarlas por Item/Todos.","Datos sintéticos y alcance de la organización activa.","Entrada válida, estado vacío y error accionable sin revelar existencia de registros.","Permiso explícito de lectura o escritura aplicado en navegación, control, store y persistencia.","El estado visible cambia sólo después de completar la operación autorizada.","Error accesible y genérico; no mostrar éxito anticipado.","NO_APLICA","{""chapter_id"":""CH05"",""event_id"":""CH05-E0065"",""timestamp"":""00:09:50.400"",""image"":""references/video-audit/chapters/CH05_cotizacion_servicios_estudios_y_medicamentos/event_frames/CH05-E0065_00h09m50s400ms_abrupt_change.jpg"",""detail_crop"":""references/video-audit/chapters/CH05_cotizacion_servicios_estudios_y_medicamentos/detail_crops/CH05-E0065_00h09m50s400ms_DETAIL.jpg"",""transcript"":""references/video-audit/chapters/CH05_cotizacion_servicios_estudios_y_medicamentos/transcript_raw.txt""}","app/main.js; app/domain.js","quote-add-item/quote-item-filter/calculateQuote","Estado mock persistido en localStorage; Supabase todavía no validado en runtime.","tests/domain.test.mjs; tests/e2e/ch05.spec.mjs","IMPLEMENTED_EXACT","","","Conserva múltiples líneas de Servicios simultáneas, acumula sus importes sin sobrescribir la anterior y permite filtrarlas por Item/Todos. | Persiste después de recargar cuando la acción modifica datos. | Respeta rol y organización. | Tiene prueba automatizada específica y prueba de navegador cuando corresponde."
"CH05-R012","VIDEO_REQUIREMENT","CH05","CH05-E0071","00:10:42.400","medication_composer","Nueva cotización","Medicamentos","form","Medicamentos / Precio / Cantidad","Cambia al catálogo de Medicamentos, muestra código, nombre, unidad y fabricante configurable, selecciona un concepto y conserva el flujo seguro de precio, cantidad y añadido.","Datos sintéticos y alcance de la organización activa.","Entrada válida, estado vacío y error accionable sin revelar existencia de registros.","Permiso explícito de lectura o escritura aplicado en navegación, control, store y persistencia.","El estado visible cambia sólo después de completar la operación autorizada.","Error accesible y genérico; no mostrar éxito anticipado.","NO_APLICA","{""chapter_id"":""CH05"",""event_id"":""CH05-E0071"",""timestamp"":""00:10:42.400"",""image"":""references/video-audit/chapters/CH05_cotizacion_servicios_estudios_y_medicamentos/event_frames/CH05-E0071_00h10m42s400ms_settled.jpg"",""detail_crop"":""references/video-audit/chapters/CH05_cotizacion_servicios_estudios_y_medicamentos/detail_crops/CH05-E0071_00h10m42s400ms_DETAIL.jpg"",""transcript"":""references/video-audit/chapters/CH05_cotizacion_servicios_estudios_y_medicamentos/transcript_raw.txt""}","app/main.js; app/mock-data.js","quoteCatalogLabel/quote-set-category/quote-add-item","Estado mock persistido en localStorage; Supabase todavía no validado en runtime.","tests/e2e/ch05.spec.mjs","IMPLEMENTED_EXACT","","","Cambia al catálogo de Medicamentos, muestra código, nombre, unidad y fabricante configurable, selecciona un concepto y conserva el flujo seguro de precio, cantidad y añadido. | Persiste después de recargar cuando la acción modifica datos. | Respeta rol y organización. | Tiene prueba automatizada específica y prueba de navegador cuando corresponde."
"CH05-R013","VIDEO_REQUIREMENT","CH05","CH05-E0075","00:10:46.800","medication_inventory_count","Nueva cotización","Medicamentos","catalog_option","Conteo entre paréntesis","No muestra ni usa el conteo hasta confirmar su semántica, bodega, concurrencia y relación con disponibilidad.","Datos sintéticos y alcance de la organización activa.","Entrada válida, estado vacío y error accionable sin revelar existencia de registros.","Permiso explícito de lectura o escritura aplicado en navegación, control, store y persistencia.","El estado visible cambia sólo después de completar la operación autorizada.","Error accesible y genérico; no mostrar éxito anticipado.","NO_APLICA","{""chapter_id"":""CH05"",""event_id"":""CH05-E0075"",""timestamp"":""00:10:46.800"",""image"":""references/video-audit/chapters/CH05_cotizacion_servicios_estudios_y_medicamentos/event_frames/CH05-E0075_00h10m46s800ms_abrupt_change.jpg"",""detail_crop"":""references/video-audit/chapters/CH05_cotizacion_servicios_estudios_y_medicamentos/detail_crops/CH05-E0075_00h10m46s800ms_DETAIL.jpg"",""transcript"":""references/video-audit/chapters/CH05_cotizacion_servicios_estudios_y_medicamentos/transcript_raw.txt""}","app/main.js","","Estado mock persistido en localStorage; Supabase todavía no validado en runtime.","NONE","NEEDS_CLIENT_CONFIRMATION","","CH05-Q005","No muestra ni usa el conteo hasta confirmar su semántica, bodega, concurrencia y relación con disponibilidad. | Persiste después de recargar cuando la acción modifica datos. | Respeta rol y organización. | Tiene prueba automatizada específica y prueba de navegador cuando corresponde."
"CH05-R014","VIDEO_REQUIREMENT","CH05","CH05-E0077","00:10:48.800","catalog_empty_state","Nueva cotización","Medicamentos","empty_state","No results found","Muestra el estado sin resultados para texto no coincidente y se recupera al seleccionar una opción válida.","Datos sintéticos y alcance de la organización activa.","Entrada válida, estado vacío y error accionable sin revelar existencia de registros.","Permiso explícito de lectura o escritura aplicado en navegación, control, store y persistencia.","El estado visible cambia sólo después de completar la operación autorizada.","Error accesible y genérico; no mostrar éxito anticipado.","NO_APLICA","{""chapter_id"":""CH05"",""event_id"":""CH05-E0077"",""timestamp"":""00:10:48.800"",""image"":""references/video-audit/chapters/CH05_cotizacion_servicios_estudios_y_medicamentos/event_frames/CH05-E0077_00h10m48s800ms_abrupt_change.jpg"",""detail_crop"":""references/video-audit/chapters/CH05_cotizacion_servicios_estudios_y_medicamentos/detail_crops/CH05-E0077_00h10m48s800ms_DETAIL.jpg"",""transcript"":""references/video-audit/chapters/CH05_cotizacion_servicios_estudios_y_medicamentos/transcript_raw.txt""}","app/main.js","quote-item-select","Estado mock persistido en localStorage; Supabase todavía no validado en runtime.","tests/e2e/ch05.spec.mjs","IMPLEMENTED_EXACT","","","Muestra el estado sin resultados para texto no coincidente y se recupera al seleccionar una opción válida. | Persiste después de recargar cuando la acción modifica datos. | Respeta rol y organización. | Tiene prueba automatizada específica y prueba de navegador cuando corresponde."
"CH05-R015","VIDEO_REQUIREMENT","CH05","CH05-E0079","00:10:54.800","medication_price","Nueva cotización","Medicamentos","derived_field","Precio de medicamento","Autocompleta el precio autorizado sin tratar el importe de la grabación como tarifario fijo.","Datos sintéticos y alcance de la organización activa.","Entrada válida, estado vacío y error accionable sin revelar existencia de registros.","Permiso explícito de lectura o escritura aplicado en navegación, control, store y persistencia.","El estado visible cambia sólo después de completar la operación autorizada.","Error accesible y genérico; no mostrar éxito anticipado.","NO_APLICA","{""chapter_id"":""CH05"",""event_id"":""CH05-E0079"",""timestamp"":""00:10:54.800"",""image"":""references/video-audit/chapters/CH05_cotizacion_servicios_estudios_y_medicamentos/event_frames/CH05-E0079_00h10m54s800ms_abrupt_change.jpg"",""detail_crop"":""references/video-audit/chapters/CH05_cotizacion_servicios_estudios_y_medicamentos/detail_crops/CH05-E0079_00h10m54s800ms_DETAIL.jpg"",""transcript"":""references/video-audit/chapters/CH05_cotizacion_servicios_estudios_y_medicamentos/transcript_raw.txt""}","app/main.js; app/store.js; supabase/migrations/202608270002_ch05_quote_catalog_integrity.sql","validateQuoteItems/apply_quote_draft_catalog","Estado mock persistido en localStorage; Supabase todavía no validado en runtime.","tests/ch05-quote-items.test.mjs; tests/e2e/ch05.spec.mjs","IMPLEMENTED_PARTIAL","","CH05-Q001","Autocompleta el precio autorizado sin tratar el importe de la grabación como tarifario fijo. | Persiste después de recargar cuando la acción modifica datos. | Respeta rol y organización. | Tiene prueba automatizada específica y prueba de navegador cuando corresponde."
"CH05-R016","VIDEO_REQUIREMENT","CH05","CH05-E0080 | CH05-E0082","00:11:04.400 | 00:11:05.600","medication_add_result","Nueva cotización","Medicamentos","state_change","Añadir Invanz / restablecer compositor","La evidencia confirma procesamiento y restablecimiento, pero no demuestra la fila ni el total posterior; no se afirma esa inserción como paridad exacta.","Datos sintéticos y alcance de la organización activa.","Entrada válida, estado vacío y error accionable sin revelar existencia de registros.","Permiso explícito de lectura o escritura aplicado en navegación, control, store y persistencia.","El estado visible cambia sólo después de completar la operación autorizada.","Error accesible y genérico; no mostrar éxito anticipado.","NO_APLICA","{""chapter_id"":""CH05"",""event_id"":""CH05-E0080"",""timestamp"":""00:11:04.400"",""image"":""references/video-audit/chapters/CH05_cotizacion_servicios_estudios_y_medicamentos/event_frames/CH05-E0080_00h11m04s400ms_abrupt_change.jpg"",""detail_crop"":""references/video-audit/chapters/CH05_cotizacion_servicios_estudios_y_medicamentos/detail_crops/CH05-E0080_00h11m04s400ms_DETAIL.jpg"",""transcript"":""references/video-audit/chapters/CH05_cotizacion_servicios_estudios_y_medicamentos/transcript_raw.txt""} | {""chapter_id"":""CH05"",""event_id"":""CH05-E0082"",""timestamp"":""00:11:05.600"",""image"":""references/video-audit/chapters/CH05_cotizacion_servicios_estudios_y_medicamentos/event_frames/CH05-E0082_00h11m05s600ms_stable_change.jpg"",""detail_crop"":""references/video-audit/chapters/CH05_cotizacion_servicios_estudios_y_medicamentos/detail_crops/CH05-E0082_00h11m05s600ms_DETAIL.jpg"",""transcript"":""references/video-audit/chapters/CH05_cotizacion_servicios_estudios_y_medicamentos/transcript_raw.txt""}","app/main.js","quote-add-item","Estado mock persistido en localStorage; Supabase todavía no validado en runtime.","tests/e2e/ch05.spec.mjs","NEEDS_CLIENT_CONFIRMATION","","CH05-Q007","La evidencia confirma procesamiento y restablecimiento, pero no demuestra la fila ni el total posterior; no se afirma esa inserción como paridad exacta. | Persiste después de recargar cuando la acción modifica datos. | Respeta rol y organización. | Tiene prueba automatizada específica y prueba de navegador cuando corresponde."
"CH05-R017","VIDEO_REQUIREMENT","CH05","CH05-E0067","00:09:56.400","inventory_filter","Nueva cotización","","checkbox","Solo disponibles en inventario","Permanece visible y deshabilitado hasta definir si filtra, bloquea o reserva por bodega/lote y cómo maneja concurrencia.","Datos sintéticos y alcance de la organización activa.","Entrada válida, estado vacío y error accionable sin revelar existencia de registros.","Permiso explícito de lectura o escritura aplicado en navegación, control, store y persistencia.","El estado visible cambia sólo después de completar la operación autorizada.","Error accesible y genérico; no mostrar éxito anticipado.","NO_APLICA","{""chapter_id"":""CH05"",""event_id"":""CH05-E0067"",""timestamp"":""00:09:56.400"",""image"":""references/video-audit/chapters/CH05_cotizacion_servicios_estudios_y_medicamentos/event_frames/CH05-E0067_00h09m56s400ms_abrupt_change.jpg"",""detail_crop"":"""",""transcript"":""references/video-audit/chapters/CH05_cotizacion_servicios_estudios_y_medicamentos/transcript_raw.txt""}","app/main.js","","Estado mock persistido en localStorage; Supabase todavía no validado en runtime.","NONE","NEEDS_CLIENT_CONFIRMATION","","CH05-Q005","Permanece visible y deshabilitado hasta definir si filtra, bloquea o reserva por bodega/lote y cómo maneja concurrencia. | Persiste después de recargar cuando la acción modifica datos. | Respeta rol y organización. | Tiene prueba automatizada específica y prueba de navegador cuando corresponde."
"CH05-R018","VIDEO_REQUIREMENT","CH05","CH05-E0067","00:09:56.400","page_navigation","Nueva cotización","","link","Atrás","Regresa a Hospitalización sin ejecutar Guardar ni crear una cotización.","Datos sintéticos y alcance de la organización activa.","Entrada válida, estado vacío y error accionable sin revelar existencia de registros.","Permiso explícito de lectura o escritura aplicado en navegación, control, store y persistencia.","El estado visible cambia sólo después de completar la operación autorizada.","Error accesible y genérico; no mostrar éxito anticipado.","NO_APLICA","{""chapter_id"":""CH05"",""event_id"":""CH05-E0067"",""timestamp"":""00:09:56.400"",""image"":""references/video-audit/chapters/CH05_cotizacion_servicios_estudios_y_medicamentos/event_frames/CH05-E0067_00h09m56s400ms_abrupt_change.jpg"",""detail_crop"":"""",""transcript"":""references/video-audit/chapters/CH05_cotizacion_servicios_estudios_y_medicamentos/transcript_raw.txt""}","app/main.js","renderQuoteModal","Estado mock persistido en localStorage; Supabase todavía no validado en runtime.","NONE","IMPLEMENTED_PARTIAL","","","Regresa a Hospitalización sin ejecutar Guardar ni crear una cotización. | Persiste después de recargar cuando la acción modifica datos. | Respeta rol y organización. | Tiene prueba automatizada específica y prueba de navegador cuando corresponde."
"CH05-R019","VIDEO_REQUIREMENT","CH05","CH05-E0067","00:09:56.400","save_behavior","Nueva cotización","","submit","Guardar","El capítulo no pulsa Guardar; su resultado, mensaje, versionado e idempotencia no pueden atribuirse al video.","Datos sintéticos y alcance de la organización activa.","Entrada válida, estado vacío y error accionable sin revelar existencia de registros.","Permiso explícito de lectura o escritura aplicado en navegación, control, store y persistencia.","El estado visible cambia sólo después de completar la operación autorizada.","Error accesible y genérico; no mostrar éxito anticipado.","NO_APLICA","{""chapter_id"":""CH05"",""event_id"":""CH05-E0067"",""timestamp"":""00:09:56.400"",""image"":""references/video-audit/chapters/CH05_cotizacion_servicios_estudios_y_medicamentos/event_frames/CH05-E0067_00h09m56s400ms_abrupt_change.jpg"",""detail_crop"":"""",""transcript"":""references/video-audit/chapters/CH05_cotizacion_servicios_estudios_y_medicamentos/transcript_raw.txt""}","app/store.js; app/supabase-adapter.js","createQuote/create_quote_draft","Estado mock persistido en localStorage; Supabase todavía no validado en runtime.","tests/ch05-quote-items.test.mjs","NOT_TESTABLE","","CH05-Q008","El capítulo no pulsa Guardar; su resultado, mensaje, versionado e idempotencia no pueden atribuirse al video. | Persiste después de recargar cuando la acción modifica datos. | Respeta rol y organización. | Tiene prueba automatizada específica y prueba de navegador cuando corresponde."
"CH05-H001","PLATFORM_HARDENING","CH05","CH05-E0050 | CH05-E0079","00:09:16.200 | 00:10:54.800","catalog_integrity","Nueva cotización","","financial_integrity","Precio autoritativo","Store rechaza catálogo, categoría, nombre, cantidad o precio manipulados y normaliza desde el catálogo activo.","Datos sintéticos y alcance de la organización activa.","Entrada válida, estado vacío y error accionable sin revelar existencia de registros.","Permiso explícito de lectura o escritura aplicado en navegación, control, store y persistencia.","El estado visible cambia sólo después de completar la operación autorizada.","Error accesible y genérico; no mostrar éxito anticipado.","NO_APLICA","{""chapter_id"":""CH05"",""event_id"":""CH05-E0050"",""timestamp"":""00:09:16.200"",""image"":""references/video-audit/chapters/CH05_cotizacion_servicios_estudios_y_medicamentos/event_frames/CH05-E0050_00h09m16s200ms_stable_change.jpg"",""detail_crop"":""references/video-audit/chapters/CH05_cotizacion_servicios_estudios_y_medicamentos/detail_crops/CH05-E0050_00h09m16s200ms_DETAIL.jpg"",""transcript"":""references/video-audit/chapters/CH05_cotizacion_servicios_estudios_y_medicamentos/transcript_raw.txt""} | {""chapter_id"":""CH05"",""event_id"":""CH05-E0079"",""timestamp"":""00:10:54.800"",""image"":""references/video-audit/chapters/CH05_cotizacion_servicios_estudios_y_medicamentos/event_frames/CH05-E0079_00h10m54s800ms_abrupt_change.jpg"",""detail_crop"":""references/video-audit/chapters/CH05_cotizacion_servicios_estudios_y_medicamentos/detail_crops/CH05-E0079_00h10m54s800ms_DETAIL.jpg"",""transcript"":""references/video-audit/chapters/CH05_cotizacion_servicios_estudios_y_medicamentos/transcript_raw.txt""}","app/store.js","validateQuoteItems","Estado mock persistido en localStorage; Supabase todavía no validado en runtime.","tests/ch05-quote-items.test.mjs","IMPLEMENTED_EXACT","","","Store rechaza catálogo, categoría, nombre, cantidad o precio manipulados y normaliza desde el catálogo activo. | Persiste después de recargar cuando la acción modifica datos. | Respeta rol y organización. | Tiene prueba automatizada específica y prueba de navegador cuando corresponde."
"CH05-H002","PLATFORM_HARDENING","CH05","CH05-E0054 | CH05-E0067","00:09:31.400 | 00:09:56.400","transactional_quote","Nueva cotización","","rpc","Creación, edición y revisión atómicas","Supabase deriva organización, resuelve precio/lista en servidor, recalcula importes y aplica cada alta, edición o revisión en una sola transacción; mutaciones directas quedan revocadas.","Datos sintéticos y alcance de la organización activa.","Entrada válida, estado vacío y error accionable sin revelar existencia de registros.","Permiso explícito de lectura o escritura aplicado en navegación, control, store y persistencia.","El estado visible cambia sólo después de completar la operación autorizada.","Error accesible y genérico; no mostrar éxito anticipado.","NO_APLICA","{""chapter_id"":""CH05"",""event_id"":""CH05-E0054"",""timestamp"":""00:09:31.400"",""image"":""references/video-audit/chapters/CH05_cotizacion_servicios_estudios_y_medicamentos/event_frames/CH05-E0054_00h09m31s400ms_abrupt_change.jpg"",""detail_crop"":"""",""transcript"":""references/video-audit/chapters/CH05_cotizacion_servicios_estudios_y_medicamentos/transcript_raw.txt""} | {""chapter_id"":""CH05"",""event_id"":""CH05-E0067"",""timestamp"":""00:09:56.400"",""image"":""references/video-audit/chapters/CH05_cotizacion_servicios_estudios_y_medicamentos/event_frames/CH05-E0067_00h09m56s400ms_abrupt_change.jpg"",""detail_crop"":"""",""transcript"":""references/video-audit/chapters/CH05_cotizacion_servicios_estudios_y_medicamentos/transcript_raw.txt""}","app/supabase-adapter.js; supabase/migrations/202608270002_ch05_quote_catalog_integrity.sql","create_quote_draft/update_quote_draft_catalog/create_quote_revision_catalog","Estado mock persistido en localStorage; Supabase todavía no validado en runtime.","tests/ch05-quote-items.test.mjs","IMPLEMENTED_PARTIAL","","CH05-Q001","Supabase deriva organización, resuelve precio/lista en servidor, recalcula importes y aplica cada alta, edición o revisión en una sola transacción; mutaciones directas quedan revocadas. | Persiste después de recargar cuando la acción modifica datos. | Respeta rol y organización. | Tiene prueba automatizada específica y prueba de navegador cuando corresponde."
"CH05-H003","PLATFORM_HARDENING","CH05","CH05-E0067 | CH05-E0080","00:09:56.400 | 00:11:04.400","no_inferred_rules","Nueva cotización","","safety_guard","Sin tasa, inventario ni dosis inferidos","La aplicación no convierte importes, conteos o ejemplos del video en reglas fiscales, de inventario o clínicas.","Datos sintéticos y alcance de la organización activa.","Entrada válida, estado vacío y error accionable sin revelar existencia de registros.","Permiso explícito de lectura o escritura aplicado en navegación, control, store y persistencia.","El estado visible cambia sólo después de completar la operación autorizada.","Error accesible y genérico; no mostrar éxito anticipado.","NO_APLICA","{""chapter_id"":""CH05"",""event_id"":""CH05-E0067"",""timestamp"":""00:09:56.400"",""image"":""references/video-audit/chapters/CH05_cotizacion_servicios_estudios_y_medicamentos/event_frames/CH05-E0067_00h09m56s400ms_abrupt_change.jpg"",""detail_crop"":"""",""transcript"":""references/video-audit/chapters/CH05_cotizacion_servicios_estudios_y_medicamentos/transcript_raw.txt""} | {""chapter_id"":""CH05"",""event_id"":""CH05-E0080"",""timestamp"":""00:11:04.400"",""image"":""references/video-audit/chapters/CH05_cotizacion_servicios_estudios_y_medicamentos/event_frames/CH05-E0080_00h11m04s400ms_abrupt_change.jpg"",""detail_crop"":""references/video-audit/chapters/CH05_cotizacion_servicios_estudios_y_medicamentos/detail_crops/CH05-E0080_00h11m04s400ms_DETAIL.jpg"",""transcript"":""references/video-audit/chapters/CH05_cotizacion_servicios_estudios_y_medicamentos/transcript_raw.txt""}","app/main.js; docs/OPEN_QUESTIONS.md","renderQuoteModal","Estado mock persistido en localStorage; Supabase todavía no validado en runtime.","tests/ch05-quote-items.test.mjs; tests/e2e/ch05.spec.mjs","IMPLEMENTED_EXACT","","CH05-Q004 | CH05-Q005 | CH05-Q006","La aplicación no convierte importes, conteos o ejemplos del video en reglas fiscales, de inventario o clínicas. | Persiste después de recargar cuando la acción modifica datos. | Respeta rol y organización. | Tiene prueba automatizada específica y prueba de navegador cuando corresponde."
"CH06-R001","VIDEO_REQUIREMENT","CH06","CH06-E0038 | CH06-E0071 | CH06-E0072","00:12:13.000 | 00:12:59.200 | 00:13:01.200","item_categories","Nueva cotización","","tabs","Servicios / Estudios Dx / Medicamentos / Insumos / Equipos / Honorarios / Extras","Expone las siete categorías observadas y permite alternarlas sin perder generales ni conceptos.","Datos sintéticos y alcance de la organización activa.","Entrada válida, estado vacío y error accionable sin revelar existencia de registros.","Permiso explícito de lectura o escritura aplicado en navegación, control, store y persistencia.","El estado visible cambia sólo después de completar la operación autorizada.","Error accesible y genérico; no mostrar éxito anticipado.","NO_APLICA","{""chapter_id"":""CH06"",""event_id"":""CH06-E0038"",""timestamp"":""00:12:13.000"",""image"":""references/video-audit/chapters/CH06_cotizacion_insumos_equipos_honorarios_extras_y_totales/event_frames/CH06-E0038_00h12m13s000ms_motion_progress.jpg"",""detail_crop"":""references/video-audit/chapters/CH06_cotizacion_insumos_equipos_honorarios_extras_y_totales/detail_crops/CH06-E0038_00h12m13s000ms_DETAIL.jpg"",""transcript"":""references/video-audit/chapters/CH06_cotizacion_insumos_equipos_honorarios_extras_y_totales/transcript_raw.txt""} | {""chapter_id"":""CH06"",""event_id"":""CH06-E0071"",""timestamp"":""00:12:59.200"",""image"":""references/video-audit/chapters/CH06_cotizacion_insumos_equipos_honorarios_extras_y_totales/event_frames/CH06-E0071_00h12m59s200ms_stable_change.jpg"",""detail_crop"":"""",""transcript"":""references/video-audit/chapters/CH06_cotizacion_insumos_equipos_honorarios_extras_y_totales/transcript_raw.txt""} | {""chapter_id"":""CH06"",""event_id"":""CH06-E0072"",""timestamp"":""00:13:01.200"",""image"":""references/video-audit/chapters/CH06_cotizacion_insumos_equipos_honorarios_extras_y_totales/event_frames/CH06-E0072_00h13m01s200ms_motion_progress.jpg"",""detail_crop"":""references/video-audit/chapters/CH06_cotizacion_insumos_equipos_honorarios_extras_y_totales/detail_crops/CH06-E0072_00h13m01s200ms_DETAIL.jpg"",""transcript"":""references/video-audit/chapters/CH06_cotizacion_insumos_equipos_honorarios_extras_y_totales/transcript_raw.txt""}","app/main.js","quote-set-category","Estado mock persistido en localStorage; Supabase todavía no validado en runtime.","tests/e2e/ch06.spec.mjs","IMPLEMENTED_EXACT","","","Expone las siete categorías observadas y permite alternarlas sin perder generales ni conceptos. | Persiste después de recargar cuando la acción modifica datos. | Respeta rol y organización. | Tiene prueba automatizada específica y prueba de navegador cuando corresponde."
"CH06-R002","VIDEO_REQUIREMENT","CH06","CH06-E0068 | CH06-E0069 | CH06-E0071","00:12:57.400 | 00:12:57.800 | 00:12:59.200","persistent_ledger","Nueva cotización","","state_change","Ledger conservado entre categorías","Conserva las líneas y totales al cambiar de categoría y al desplazarse por el compositor.","Datos sintéticos y alcance de la organización activa.","Entrada válida, estado vacío y error accionable sin revelar existencia de registros.","Permiso explícito de lectura o escritura aplicado en navegación, control, store y persistencia.","El estado visible cambia sólo después de completar la operación autorizada.","Error accesible y genérico; no mostrar éxito anticipado.","NO_APLICA","{""chapter_id"":""CH06"",""event_id"":""CH06-E0068"",""timestamp"":""00:12:57.400"",""image"":""references/video-audit/chapters/CH06_cotizacion_insumos_equipos_honorarios_extras_y_totales/event_frames/CH06-E0068_00h12m57s400ms_abrupt_change.jpg"",""detail_crop"":"""",""transcript"":""references/video-audit/chapters/CH06_cotizacion_insumos_equipos_honorarios_extras_y_totales/transcript_raw.txt""} | {""chapter_id"":""CH06"",""event_id"":""CH06-E0069"",""timestamp"":""00:12:57.800"",""image"":""references/video-audit/chapters/CH06_cotizacion_insumos_equipos_honorarios_extras_y_totales/event_frames/CH06-E0069_00h12m57s800ms_abrupt_change.jpg"",""detail_crop"":"""",""transcript"":""references/video-audit/chapters/CH06_cotizacion_insumos_equipos_honorarios_extras_y_totales/transcript_raw.txt""} | {""chapter_id"":""CH06"",""event_id"":""CH06-E0071"",""timestamp"":""00:12:59.200"",""image"":""references/video-audit/chapters/CH06_cotizacion_insumos_equipos_honorarios_extras_y_totales/event_frames/CH06-E0071_00h12m59s200ms_stable_change.jpg"",""detail_crop"":"""",""transcript"":""references/video-audit/chapters/CH06_cotizacion_insumos_equipos_honorarios_extras_y_totales/transcript_raw.txt""}","app/main.js","renderQuoteModal/quote-set-category","Estado mock persistido en localStorage; Supabase todavía no validado en runtime.","tests/e2e/ch06.spec.mjs","IMPLEMENTED_EXACT","","","Conserva las líneas y totales al cambiar de categoría y al desplazarse por el compositor. | Persiste después de recargar cuando la acción modifica datos. | Respeta rol y organización. | Tiene prueba automatizada específica y prueba de navegador cuando corresponde."
"CH06-R003","VIDEO_REQUIREMENT","CH06","CH06-E0007 | CH06-E0009","00:11:34.600 | 00:11:36.200","supplies_partner","Nueva cotización","Insumos","searchable_select","Socio de negocios *","Resuelve un socio y lista vigentes para Insumos antes de ofrecer precios; permanece bloqueado hasta definir elegibilidad, prioridad y moneda.","Datos sintéticos y alcance de la organización activa.","Entrada válida, estado vacío y error accionable sin revelar existencia de registros.","Permiso explícito de lectura o escritura aplicado en navegación, control, store y persistencia.","El estado visible cambia sólo después de completar la operación autorizada.","Error accesible y genérico; no mostrar éxito anticipado.","NO_APLICA","{""chapter_id"":""CH06"",""event_id"":""CH06-E0007"",""timestamp"":""00:11:34.600"",""image"":""references/video-audit/chapters/CH06_cotizacion_insumos_equipos_honorarios_extras_y_totales/event_frames/CH06-E0007_00h11m34s600ms_motion_progress.jpg"",""detail_crop"":""references/video-audit/chapters/CH06_cotizacion_insumos_equipos_honorarios_extras_y_totales/detail_crops/CH06-E0007_00h11m34s600ms_DETAIL.jpg"",""transcript"":""references/video-audit/chapters/CH06_cotizacion_insumos_equipos_honorarios_extras_y_totales/transcript_raw.txt""} | {""chapter_id"":""CH06"",""event_id"":""CH06-E0009"",""timestamp"":""00:11:36.200"",""image"":""references/video-audit/chapters/CH06_cotizacion_insumos_equipos_honorarios_extras_y_totales/event_frames/CH06-E0009_00h11m36s200ms_abrupt_change.jpg"",""detail_crop"":""references/video-audit/chapters/CH06_cotizacion_insumos_equipos_honorarios_extras_y_totales/detail_crops/CH06-E0009_00h11m36s200ms_DETAIL.jpg"",""transcript"":""references/video-audit/chapters/CH06_cotizacion_insumos_equipos_honorarios_extras_y_totales/transcript_raw.txt""}","app/main.js; supabase/migrations/202608270002_ch05_quote_catalog_integrity.sql","renderQuoteModal/apply_quote_draft_catalog","Estado mock persistido en localStorage; Supabase todavía no validado en runtime.","tests/ch05-quote-items.test.mjs","NEEDS_CLIENT_CONFIRMATION","","CH06-Q001","Resuelve un socio y lista vigentes para Insumos antes de ofrecer precios; permanece bloqueado hasta definir elegibilidad, prioridad y moneda. | Persiste después de recargar cuando la acción modifica datos. | Respeta rol y organización. | Tiene prueba automatizada específica y prueba de navegador cuando corresponde."
"CH06-R004","VIDEO_REQUIREMENT","CH06","CH06-E0010 | CH06-E0015 | CH06-E0025 | CH06-E0026","00:11:37.200 | 00:11:43.400 | 00:11:58.200 | 00:11:59.200","supplies_catalog","Nueva cotización","Insumos","searchable_select","Insumos","Busca incrementalmente por código, descripción y fabricante, presenta vacío recuperable y sólo acepta catálogo autorizado; la existencia queda omitida hasta definir inventario.","Datos sintéticos y alcance de la organización activa.","Entrada válida, estado vacío y error accionable sin revelar existencia de registros.","Permiso explícito de lectura o escritura aplicado en navegación, control, store y persistencia.","El estado visible cambia sólo después de completar la operación autorizada.","Error accesible y genérico; no mostrar éxito anticipado.","NO_APLICA","{""chapter_id"":""CH06"",""event_id"":""CH06-E0010"",""timestamp"":""00:11:37.200"",""image"":""references/video-audit/chapters/CH06_cotizacion_insumos_equipos_honorarios_extras_y_totales/event_frames/CH06-E0010_00h11m37s200ms_abrupt_change.jpg"",""detail_crop"":""references/video-audit/chapters/CH06_cotizacion_insumos_equipos_honorarios_extras_y_totales/detail_crops/CH06-E0010_00h11m37s200ms_DETAIL.jpg"",""transcript"":""references/video-audit/chapters/CH06_cotizacion_insumos_equipos_honorarios_extras_y_totales/transcript_raw.txt""} | {""chapter_id"":""CH06"",""event_id"":""CH06-E0015"",""timestamp"":""00:11:43.400"",""image"":""references/video-audit/chapters/CH06_cotizacion_insumos_equipos_honorarios_extras_y_totales/event_frames/CH06-E0015_00h11m43s400ms_motion_progress.jpg"",""detail_crop"":""references/video-audit/chapters/CH06_cotizacion_insumos_equipos_honorarios_extras_y_totales/detail_crops/CH06-E0015_00h11m43s400ms_DETAIL.jpg"",""transcript"":""references/video-audit/chapters/CH06_cotizacion_insumos_equipos_honorarios_extras_y_totales/transcript_raw.txt""} | {""chapter_id"":""CH06"",""event_id"":""CH06-E0025"",""timestamp"":""00:11:58.200"",""image"":""references/video-audit/chapters/CH06_cotizacion_insumos_equipos_honorarios_extras_y_totales/event_frames/CH06-E0025_00h11m58s200ms_stable_change.jpg"",""detail_crop"":""references/video-audit/chapters/CH06_cotizacion_insumos_equipos_honorarios_extras_y_totales/detail_crops/CH06-E0025_00h11m58s200ms_DETAIL.jpg"",""transcript"":""references/video-audit/chapters/CH06_cotizacion_insumos_equipos_honorarios_extras_y_totales/transcript_raw.txt""} | {""chapter_id"":""CH06"",""event_id"":""CH06-E0026"",""timestamp"":""00:11:59.200"",""image"":""references/video-audit/chapters/CH06_cotizacion_insumos_equipos_honorarios_extras_y_totales/event_frames/CH06-E0026_00h11m59s200ms_abrupt_change.jpg"",""detail_crop"":""references/video-audit/chapters/CH06_cotizacion_insumos_equipos_honorarios_extras_y_totales/detail_crops/CH06-E0026_00h11m59s200ms_DETAIL.jpg"",""transcript"":""references/video-audit/chapters/CH06_cotizacion_insumos_equipos_honorarios_extras_y_totales/transcript_raw.txt""}","app/main.js; app/mock-data.js","quoteCatalogLabel/quote-item-select","Estado mock persistido en localStorage; Supabase todavía no validado en runtime.","tests/e2e/ch06.spec.mjs","IMPLEMENTED_PARTIAL","","CH06-Q004","Busca incrementalmente por código, descripción y fabricante, presenta vacío recuperable y sólo acepta catálogo autorizado; la existencia queda omitida hasta definir inventario. | Persiste después de recargar cuando la acción modifica datos. | Respeta rol y organización. | Tiene prueba automatizada específica y prueba de navegador cuando corresponde."
"CH06-R005","VIDEO_REQUIREMENT","CH06","CH06-E0020 | CH06-E0021 | CH06-E0022 | CH06-E0036","00:11:46.800 | 00:11:54.600 | 00:11:55.200 | 00:12:11.000","supplies_add","Nueva cotización","Insumos","button","Precio / Cantidad / Añadir","Autocompleta precio no editable, exige cantidad positiva, añade el insumo, muestra procesamiento y restablece el compositor.","Datos sintéticos y alcance de la organización activa.","Entrada válida, estado vacío y error accionable sin revelar existencia de registros.","Permiso explícito de lectura o escritura aplicado en navegación, control, store y persistencia.","El estado visible cambia sólo después de completar la operación autorizada.","Error accesible y genérico; no mostrar éxito anticipado.","NO_APLICA","{""chapter_id"":""CH06"",""event_id"":""CH06-E0020"",""timestamp"":""00:11:46.800"",""image"":""references/video-audit/chapters/CH06_cotizacion_insumos_equipos_honorarios_extras_y_totales/event_frames/CH06-E0020_00h11m46s800ms_abrupt_change.jpg"",""detail_crop"":""references/video-audit/chapters/CH06_cotizacion_insumos_equipos_honorarios_extras_y_totales/detail_crops/CH06-E0020_00h11m46s800ms_DETAIL.jpg"",""transcript"":""references/video-audit/chapters/CH06_cotizacion_insumos_equipos_honorarios_extras_y_totales/transcript_raw.txt""} | {""chapter_id"":""CH06"",""event_id"":""CH06-E0021"",""timestamp"":""00:11:54.600"",""image"":""references/video-audit/chapters/CH06_cotizacion_insumos_equipos_honorarios_extras_y_totales/event_frames/CH06-E0021_00h11m54s600ms_abrupt_change.jpg"",""detail_crop"":"""",""transcript"":""references/video-audit/chapters/CH06_cotizacion_insumos_equipos_honorarios_extras_y_totales/transcript_raw.txt""} | {""chapter_id"":""CH06"",""event_id"":""CH06-E0022"",""timestamp"":""00:11:55.200"",""image"":""references/video-audit/chapters/CH06_cotizacion_insumos_equipos_honorarios_extras_y_totales/event_frames/CH06-E0022_00h11m55s200ms_stable_change.jpg"",""detail_crop"":"""",""transcript"":""references/video-audit/chapters/CH06_cotizacion_insumos_equipos_honorarios_extras_y_totales/transcript_raw.txt""} | {""chapter_id"":""CH06"",""event_id"":""CH06-E0036"",""timestamp"":""00:12:11.000"",""image"":""references/video-audit/chapters/CH06_cotizacion_insumos_equipos_honorarios_extras_y_totales/event_frames/CH06-E0036_00h12m11s000ms_abrupt_change.jpg"",""detail_crop"":"""",""transcript"":""references/video-audit/chapters/CH06_cotizacion_insumos_equipos_honorarios_extras_y_totales/transcript_raw.txt""}","app/main.js; app/store.js","quote-add-item/validateQuoteItems","Estado mock persistido en localStorage; Supabase todavía no validado en runtime.","tests/ch05-quote-items.test.mjs; tests/e2e/ch06.spec.mjs","IMPLEMENTED_EXACT","","","Autocompleta precio no editable, exige cantidad positiva, añade el insumo, muestra procesamiento y restablece el compositor. | Persiste después de recargar cuando la acción modifica datos. | Respeta rol y organización. | Tiene prueba automatizada específica y prueba de navegador cuando corresponde."
"CH06-R006","VIDEO_REQUIREMENT","CH06","CH06-E0039 | CH06-E0040 | CH06-E0054","00:12:13.800 | 00:12:14.800 | 00:12:37.400","studies_partner","Nueva cotización","Estudios Dx","searchable_select","Socio de negocios *","El catálogo y precio de Estudios dependen de un socio autorizado; no se habilita una asociación inventada.","Datos sintéticos y alcance de la organización activa.","Entrada válida, estado vacío y error accionable sin revelar existencia de registros.","Permiso explícito de lectura o escritura aplicado en navegación, control, store y persistencia.","El estado visible cambia sólo después de completar la operación autorizada.","Error accesible y genérico; no mostrar éxito anticipado.","NO_APLICA","{""chapter_id"":""CH06"",""event_id"":""CH06-E0039"",""timestamp"":""00:12:13.800"",""image"":""references/video-audit/chapters/CH06_cotizacion_insumos_equipos_honorarios_extras_y_totales/event_frames/CH06-E0039_00h12m13s800ms_settled.jpg"",""detail_crop"":""references/video-audit/chapters/CH06_cotizacion_insumos_equipos_honorarios_extras_y_totales/detail_crops/CH06-E0039_00h12m13s800ms_DETAIL.jpg"",""transcript"":""references/video-audit/chapters/CH06_cotizacion_insumos_equipos_honorarios_extras_y_totales/transcript_raw.txt""} | {""chapter_id"":""CH06"",""event_id"":""CH06-E0040"",""timestamp"":""00:12:14.800"",""image"":""references/video-audit/chapters/CH06_cotizacion_insumos_equipos_honorarios_extras_y_totales/event_frames/CH06-E0040_00h12m14s800ms_motion_progress.jpg"",""detail_crop"":""references/video-audit/chapters/CH06_cotizacion_insumos_equipos_honorarios_extras_y_totales/detail_crops/CH06-E0040_00h12m14s800ms_DETAIL.jpg"",""transcript"":""references/video-audit/chapters/CH06_cotizacion_insumos_equipos_honorarios_extras_y_totales/transcript_raw.txt""} | {""chapter_id"":""CH06"",""event_id"":""CH06-E0054"",""timestamp"":""00:12:37.400"",""image"":""references/video-audit/chapters/CH06_cotizacion_insumos_equipos_honorarios_extras_y_totales/event_frames/CH06-E0054_00h12m37s400ms_motion_progress.jpg"",""detail_crop"":""references/video-audit/chapters/CH06_cotizacion_insumos_equipos_honorarios_extras_y_totales/detail_crops/CH06-E0054_00h12m37s400ms_DETAIL.jpg"",""transcript"":""references/video-audit/chapters/CH06_cotizacion_insumos_equipos_honorarios_extras_y_totales/transcript_raw.txt""}","app/main.js","","Estado mock persistido en localStorage; Supabase todavía no validado en runtime.","NONE","NEEDS_CLIENT_CONFIRMATION","","CH06-Q001","El catálogo y precio de Estudios dependen de un socio autorizado; no se habilita una asociación inventada. | Persiste después de recargar cuando la acción modifica datos. | Respeta rol y organización. | Tiene prueba automatizada específica y prueba de navegador cuando corresponde."
"CH06-R007","VIDEO_REQUIREMENT","CH06","CH06-E0055 | CH06-E0060 | CH06-E0063 | CH06-E0064 | CH06-E0065","00:12:39.200 | 00:12:43.000 | 00:12:44.800 | 00:12:47.800 | 00:12:48.400","studies_catalog","Nueva cotización","Estudios Dx","searchable_select","Estudios Dx / Precio / Cantidad / Añadir","Busca un estudio por texto, selecciona un concepto autorizado, autocompleta precio, valida cantidad y lo incorpora al ledger.","Datos sintéticos y alcance de la organización activa.","Entrada válida, estado vacío y error accionable sin revelar existencia de registros.","Permiso explícito de lectura o escritura aplicado en navegación, control, store y persistencia.","El estado visible cambia sólo después de completar la operación autorizada.","Error accesible y genérico; no mostrar éxito anticipado.","NO_APLICA","{""chapter_id"":""CH06"",""event_id"":""CH06-E0055"",""timestamp"":""00:12:39.200"",""image"":""references/video-audit/chapters/CH06_cotizacion_insumos_equipos_honorarios_extras_y_totales/event_frames/CH06-E0055_00h12m39s200ms_abrupt_change.jpg"",""detail_crop"":""references/video-audit/chapters/CH06_cotizacion_insumos_equipos_honorarios_extras_y_totales/detail_crops/CH06-E0055_00h12m39s200ms_DETAIL.jpg"",""transcript"":""references/video-audit/chapters/CH06_cotizacion_insumos_equipos_honorarios_extras_y_totales/transcript_raw.txt""} | {""chapter_id"":""CH06"",""event_id"":""CH06-E0060"",""timestamp"":""00:12:43.000"",""image"":""references/video-audit/chapters/CH06_cotizacion_insumos_equipos_honorarios_extras_y_totales/event_frames/CH06-E0060_00h12m43s000ms_settled.jpg"",""detail_crop"":""references/video-audit/chapters/CH06_cotizacion_insumos_equipos_honorarios_extras_y_totales/detail_crops/CH06-E0060_00h12m43s000ms_DETAIL.jpg"",""transcript"":""references/video-audit/chapters/CH06_cotizacion_insumos_equipos_honorarios_extras_y_totales/transcript_raw.txt""} | {""chapter_id"":""CH06"",""event_id"":""CH06-E0063"",""timestamp"":""00:12:44.800"",""image"":""references/video-audit/chapters/CH06_cotizacion_insumos_equipos_honorarios_extras_y_totales/event_frames/CH06-E0063_00h12m44s800ms_abrupt_change.jpg"",""detail_crop"":""references/video-audit/chapters/CH06_cotizacion_insumos_equipos_honorarios_extras_y_totales/detail_crops/CH06-E0063_00h12m44s800ms_DETAIL.jpg"",""transcript"":""references/video-audit/chapters/CH06_cotizacion_insumos_equipos_honorarios_extras_y_totales/transcript_raw.txt""} | {""chapter_id"":""CH06"",""event_id"":""CH06-E0064"",""timestamp"":""00:12:47.800"",""image"":""references/video-audit/chapters/CH06_cotizacion_insumos_equipos_honorarios_extras_y_totales/event_frames/CH06-E0064_00h12m47s800ms_abrupt_change.jpg"",""detail_crop"":""references/video-audit/chapters/CH06_cotizacion_insumos_equipos_honorarios_extras_y_totales/detail_crops/CH06-E0064_00h12m47s800ms_DETAIL.jpg"",""transcript"":""references/video-audit/chapters/CH06_cotizacion_insumos_equipos_honorarios_extras_y_totales/transcript_raw.txt""} | {""chapter_id"":""CH06"",""event_id"":""CH06-E0065"",""timestamp"":""00:12:48.400"",""image"":""references/video-audit/chapters/CH06_cotizacion_insumos_equipos_honorarios_extras_y_totales/event_frames/CH06-E0065_00h12m48s400ms_stable_change.jpg"",""detail_crop"":""references/video-audit/chapters/CH06_cotizacion_insumos_equipos_honorarios_extras_y_totales/detail_crops/CH06-E0065_00h12m48s400ms_DETAIL.jpg"",""transcript"":""references/video-audit/chapters/CH06_cotizacion_insumos_equipos_honorarios_extras_y_totales/transcript_raw.txt""}","app/main.js; app/store.js","quote-item-select/quote-add-item/validateQuoteItems","Estado mock persistido en localStorage; Supabase todavía no validado en runtime.","tests/e2e/ch06.spec.mjs","IMPLEMENTED_EXACT","","","Busca un estudio por texto, selecciona un concepto autorizado, autocompleta precio, valida cantidad y lo incorpora al ledger. | Persiste después de recargar cuando la acción modifica datos. | Respeta rol y organización. | Tiene prueba automatizada específica y prueba de navegador cuando corresponde."
"CH06-R008","VIDEO_REQUIREMENT","CH06","CH06-E0072 | CH06-E0075","00:13:01.200 | 00:13:03.200","fees_partner","Nueva cotización","Honorarios","searchable_select","Socio de negocios","Confirma si el socio es opcional para Honorarios y cómo determina su lista; el video no muestra asterisco.","Datos sintéticos y alcance de la organización activa.","Entrada válida, estado vacío y error accionable sin revelar existencia de registros.","Permiso explícito de lectura o escritura aplicado en navegación, control, store y persistencia.","El estado visible cambia sólo después de completar la operación autorizada.","Error accesible y genérico; no mostrar éxito anticipado.","NO_APLICA","{""chapter_id"":""CH06"",""event_id"":""CH06-E0072"",""timestamp"":""00:13:01.200"",""image"":""references/video-audit/chapters/CH06_cotizacion_insumos_equipos_honorarios_extras_y_totales/event_frames/CH06-E0072_00h13m01s200ms_motion_progress.jpg"",""detail_crop"":""references/video-audit/chapters/CH06_cotizacion_insumos_equipos_honorarios_extras_y_totales/detail_crops/CH06-E0072_00h13m01s200ms_DETAIL.jpg"",""transcript"":""references/video-audit/chapters/CH06_cotizacion_insumos_equipos_honorarios_extras_y_totales/transcript_raw.txt""} | {""chapter_id"":""CH06"",""event_id"":""CH06-E0075"",""timestamp"":""00:13:03.200"",""image"":""references/video-audit/chapters/CH06_cotizacion_insumos_equipos_honorarios_extras_y_totales/event_frames/CH06-E0075_00h13m03s200ms_stable_change.jpg"",""detail_crop"":""references/video-audit/chapters/CH06_cotizacion_insumos_equipos_honorarios_extras_y_totales/detail_crops/CH06-E0075_00h13m03s200ms_DETAIL.jpg"",""transcript"":""references/video-audit/chapters/CH06_cotizacion_insumos_equipos_honorarios_extras_y_totales/transcript_raw.txt""}","app/main.js","","Estado mock persistido en localStorage; Supabase todavía no validado en runtime.","NONE","NEEDS_CLIENT_CONFIRMATION","","CH06-Q006","Confirma si el socio es opcional para Honorarios y cómo determina su lista; el video no muestra asterisco. | Persiste después de recargar cuando la acción modifica datos. | Respeta rol y organización. | Tiene prueba automatizada específica y prueba de navegador cuando corresponde."
"CH06-R009","VIDEO_REQUIREMENT","CH06","CH06-E0076 | CH06-E0078 | CH06-E0081 | CH06-E0082 | CH06-E0083","00:13:03.800 | 00:13:05.400 | 00:13:09.200 | 00:13:15.400 | 00:13:15.800","fees_catalog","Nueva cotización","Honorarios","searchable_select","Honorarios por profesional / Precio / Cantidad","El catálogo buscable identifica concepto y profesional sintético, autocompleta precio, valida cantidad y añade la línea.","Datos sintéticos y alcance de la organización activa.","Entrada válida, estado vacío y error accionable sin revelar existencia de registros.","Permiso explícito de lectura o escritura aplicado en navegación, control, store y persistencia.","El estado visible cambia sólo después de completar la operación autorizada.","Error accesible y genérico; no mostrar éxito anticipado.","NO_APLICA","{""chapter_id"":""CH06"",""event_id"":""CH06-E0076"",""timestamp"":""00:13:03.800"",""image"":""references/video-audit/chapters/CH06_cotizacion_insumos_equipos_honorarios_extras_y_totales/event_frames/CH06-E0076_00h13m03s800ms_stable_change.jpg"",""detail_crop"":""references/video-audit/chapters/CH06_cotizacion_insumos_equipos_honorarios_extras_y_totales/detail_crops/CH06-E0076_00h13m03s800ms_DETAIL.jpg"",""transcript"":""references/video-audit/chapters/CH06_cotizacion_insumos_equipos_honorarios_extras_y_totales/transcript_raw.txt""} | {""chapter_id"":""CH06"",""event_id"":""CH06-E0078"",""timestamp"":""00:13:05.400"",""image"":""references/video-audit/chapters/CH06_cotizacion_insumos_equipos_honorarios_extras_y_totales/event_frames/CH06-E0078_00h13m05s400ms_abrupt_change.jpg"",""detail_crop"":""references/video-audit/chapters/CH06_cotizacion_insumos_equipos_honorarios_extras_y_totales/detail_crops/CH06-E0078_00h13m05s400ms_DETAIL.jpg"",""transcript"":""references/video-audit/chapters/CH06_cotizacion_insumos_equipos_honorarios_extras_y_totales/transcript_raw.txt""} | {""chapter_id"":""CH06"",""event_id"":""CH06-E0081"",""timestamp"":""00:13:09.200"",""image"":""references/video-audit/chapters/CH06_cotizacion_insumos_equipos_honorarios_extras_y_totales/event_frames/CH06-E0081_00h13m09s200ms_abrupt_change.jpg"",""detail_crop"":""references/video-audit/chapters/CH06_cotizacion_insumos_equipos_honorarios_extras_y_totales/detail_crops/CH06-E0081_00h13m09s200ms_DETAIL.jpg"",""transcript"":""references/video-audit/chapters/CH06_cotizacion_insumos_equipos_honorarios_extras_y_totales/transcript_raw.txt""} | {""chapter_id"":""CH06"",""event_id"":""CH06-E0082"",""timestamp"":""00:13:15.400"",""image"":""references/video-audit/chapters/CH06_cotizacion_insumos_equipos_honorarios_extras_y_totales/event_frames/CH06-E0082_00h13m15s400ms_settled.jpg"",""detail_crop"":""references/video-audit/chapters/CH06_cotizacion_insumos_equipos_honorarios_extras_y_totales/detail_crops/CH06-E0082_00h13m15s400ms_DETAIL.jpg"",""transcript"":""references/video-audit/chapters/CH06_cotizacion_insumos_equipos_honorarios_extras_y_totales/transcript_raw.txt""} | {""chapter_id"":""CH06"",""event_id"":""CH06-E0083"",""timestamp"":""00:13:15.800"",""image"":""references/video-audit/chapters/CH06_cotizacion_insumos_equipos_honorarios_extras_y_totales/event_frames/CH06-E0083_00h13m15s800ms_abrupt_change.jpg"",""detail_crop"":"""",""transcript"":""references/video-audit/chapters/CH06_cotizacion_insumos_equipos_honorarios_extras_y_totales/transcript_raw.txt""}","app/main.js; app/mock-data.js","quoteCatalogLabel/quote-add-item","Estado mock persistido en localStorage; Supabase todavía no validado en runtime.","tests/e2e/ch06.spec.mjs","IMPLEMENTED_EXACT","","","El catálogo buscable identifica concepto y profesional sintético, autocompleta precio, valida cantidad y añade la línea. | Persiste después de recargar cuando la acción modifica datos. | Respeta rol y organización. | Tiene prueba automatizada específica y prueba de navegador cuando corresponde."
"CH06-R010","VIDEO_REQUIREMENT","CH06","CH06-E0071","00:12:59.200","unexercised_categories","Nueva cotización","Equipos / Extras","tabs","Equipos / Extras","CH06 sólo muestra las pestañas y no ejerce sus catálogos, validaciones, resultados ni errores.","Datos sintéticos y alcance de la organización activa.","Entrada válida, estado vacío y error accionable sin revelar existencia de registros.","Permiso explícito de lectura o escritura aplicado en navegación, control, store y persistencia.","El estado visible cambia sólo después de completar la operación autorizada.","Error accesible y genérico; no mostrar éxito anticipado.","NO_APLICA","{""chapter_id"":""CH06"",""event_id"":""CH06-E0071"",""timestamp"":""00:12:59.200"",""image"":""references/video-audit/chapters/CH06_cotizacion_insumos_equipos_honorarios_extras_y_totales/event_frames/CH06-E0071_00h12m59s200ms_stable_change.jpg"",""detail_crop"":"""",""transcript"":""references/video-audit/chapters/CH06_cotizacion_insumos_equipos_honorarios_extras_y_totales/transcript_raw.txt""}","app/main.js","","Estado mock persistido en localStorage; Supabase todavía no validado en runtime.","tests/e2e/ch06.spec.mjs","NOT_TESTABLE","","CH06-Q007","CH06 sólo muestra las pestañas y no ejerce sus catálogos, validaciones, resultados ni errores. | Persiste después de recargar cuando la acción modifica datos. | Respeta rol y organización. | Tiene prueba automatizada específica y prueba de navegador cuando corresponde."
"CH06-R011","VIDEO_REQUIREMENT","CH06","CH06-E0001 | CH06-E0021 | CH06-E0036 | CH06-E0064","00:11:23.600 | 00:11:54.600 | 00:12:11.000 | 00:12:47.800","processing_state","Nueva cotización","","loading_state","Procesando...","Bloquea altas repetidas mientras añade una línea y luego restaura el compositor.","Datos sintéticos y alcance de la organización activa.","Entrada válida, estado vacío y error accionable sin revelar existencia de registros.","Permiso explícito de lectura o escritura aplicado en navegación, control, store y persistencia.","El estado visible cambia sólo después de completar la operación autorizada.","Error accesible y genérico; no mostrar éxito anticipado.","NO_APLICA","{""chapter_id"":""CH06"",""event_id"":""CH06-E0001"",""timestamp"":""00:11:23.600"",""image"":""references/video-audit/chapters/CH06_cotizacion_insumos_equipos_honorarios_extras_y_totales/event_frames/CH06-E0001_00h11m23s600ms_abrupt_change.jpg"",""detail_crop"":"""",""transcript"":""references/video-audit/chapters/CH06_cotizacion_insumos_equipos_honorarios_extras_y_totales/transcript_raw.txt""} | {""chapter_id"":""CH06"",""event_id"":""CH06-E0021"",""timestamp"":""00:11:54.600"",""image"":""references/video-audit/chapters/CH06_cotizacion_insumos_equipos_honorarios_extras_y_totales/event_frames/CH06-E0021_00h11m54s600ms_abrupt_change.jpg"",""detail_crop"":"""",""transcript"":""references/video-audit/chapters/CH06_cotizacion_insumos_equipos_honorarios_extras_y_totales/transcript_raw.txt""} | {""chapter_id"":""CH06"",""event_id"":""CH06-E0036"",""timestamp"":""00:12:11.000"",""image"":""references/video-audit/chapters/CH06_cotizacion_insumos_equipos_honorarios_extras_y_totales/event_frames/CH06-E0036_00h12m11s000ms_abrupt_change.jpg"",""detail_crop"":"""",""transcript"":""references/video-audit/chapters/CH06_cotizacion_insumos_equipos_honorarios_extras_y_totales/transcript_raw.txt""} | {""chapter_id"":""CH06"",""event_id"":""CH06-E0064"",""timestamp"":""00:12:47.800"",""image"":""references/video-audit/chapters/CH06_cotizacion_insumos_equipos_honorarios_extras_y_totales/event_frames/CH06-E0064_00h12m47s800ms_abrupt_change.jpg"",""detail_crop"":""references/video-audit/chapters/CH06_cotizacion_insumos_equipos_honorarios_extras_y_totales/detail_crops/CH06-E0064_00h12m47s800ms_DETAIL.jpg"",""transcript"":""references/video-audit/chapters/CH06_cotizacion_insumos_equipos_honorarios_extras_y_totales/transcript_raw.txt""}","app/main.js; app/styles.css","quote-add-item","Estado mock persistido en localStorage; Supabase todavía no validado en runtime.","tests/e2e/ch06.spec.mjs","IMPLEMENTED_EXACT","","","Bloquea altas repetidas mientras añade una línea y luego restaura el compositor. | Persiste después de recargar cuando la acción modifica datos. | Respeta rol y organización. | Tiene prueba automatizada específica y prueba de navegador cuando corresponde."
"CH06-R012","VIDEO_REQUIREMENT","CH06","CH06-E0067 | CH06-E0068 | CH06-E0083 | CH06-E0114","00:12:49.600 | 00:12:57.400 | 00:13:15.800 | 00:14:23.200","grouped_ledger","Nueva cotización","","table","Tipo / Código / Item / Cantidad / Precio / Subtotal / Descuento / Impuesto / Total","Agrupa líneas por categoría, conserva cantidades editables y permite filtrar Todos/Item y retirar líneas en borrador.","Datos sintéticos y alcance de la organización activa.","Entrada válida, estado vacío y error accionable sin revelar existencia de registros.","Permiso explícito de lectura o escritura aplicado en navegación, control, store y persistencia.","El estado visible cambia sólo después de completar la operación autorizada.","Error accesible y genérico; no mostrar éxito anticipado.","NO_APLICA","{""chapter_id"":""CH06"",""event_id"":""CH06-E0067"",""timestamp"":""00:12:49.600"",""image"":""references/video-audit/chapters/CH06_cotizacion_insumos_equipos_honorarios_extras_y_totales/event_frames/CH06-E0067_00h12m49s600ms_abrupt_change.jpg"",""detail_crop"":"""",""transcript"":""references/video-audit/chapters/CH06_cotizacion_insumos_equipos_honorarios_extras_y_totales/transcript_raw.txt""} | {""chapter_id"":""CH06"",""event_id"":""CH06-E0068"",""timestamp"":""00:12:57.400"",""image"":""references/video-audit/chapters/CH06_cotizacion_insumos_equipos_honorarios_extras_y_totales/event_frames/CH06-E0068_00h12m57s400ms_abrupt_change.jpg"",""detail_crop"":"""",""transcript"":""references/video-audit/chapters/CH06_cotizacion_insumos_equipos_honorarios_extras_y_totales/transcript_raw.txt""} | {""chapter_id"":""CH06"",""event_id"":""CH06-E0083"",""timestamp"":""00:13:15.800"",""image"":""references/video-audit/chapters/CH06_cotizacion_insumos_equipos_honorarios_extras_y_totales/event_frames/CH06-E0083_00h13m15s800ms_abrupt_change.jpg"",""detail_crop"":"""",""transcript"":""references/video-audit/chapters/CH06_cotizacion_insumos_equipos_honorarios_extras_y_totales/transcript_raw.txt""} | {""chapter_id"":""CH06"",""event_id"":""CH06-E0114"",""timestamp"":""00:14:23.200"",""image"":""references/video-audit/chapters/CH06_cotizacion_insumos_equipos_honorarios_extras_y_totales/event_frames/CH06-E0114_00h14m23s200ms_abrupt_change.jpg"",""detail_crop"":"""",""transcript"":""references/video-audit/chapters/CH06_cotizacion_insumos_equipos_honorarios_extras_y_totales/transcript_raw.txt""}","app/main.js","renderQuoteModal/quote-item-filter/quote-remove-item","Estado mock persistido en localStorage; Supabase todavía no validado en runtime.","tests/e2e/ch06.spec.mjs","IMPLEMENTED_EXACT","","","Agrupa líneas por categoría, conserva cantidades editables y permite filtrar Todos/Item y retirar líneas en borrador. | Persiste después de recargar cuando la acción modifica datos. | Respeta rol y organización. | Tiene prueba automatizada específica y prueba de navegador cuando corresponde."
"CH06-R013","VIDEO_REQUIREMENT","CH06","CH06-E0010 | CH06-E0013 | CH06-E0029","00:11:37.200 | 00:11:39.600 | 00:12:01.600","catalog_metadata","Nueva cotización","Insumos","catalog_option","Código / descripción / fabricante / existencia","Muestra código, descripción y fabricante configurables; no representa existencias hasta contar con fuente, bodega y semántica autorizadas.","Datos sintéticos y alcance de la organización activa.","Entrada válida, estado vacío y error accionable sin revelar existencia de registros.","Permiso explícito de lectura o escritura aplicado en navegación, control, store y persistencia.","El estado visible cambia sólo después de completar la operación autorizada.","Error accesible y genérico; no mostrar éxito anticipado.","NO_APLICA","{""chapter_id"":""CH06"",""event_id"":""CH06-E0010"",""timestamp"":""00:11:37.200"",""image"":""references/video-audit/chapters/CH06_cotizacion_insumos_equipos_honorarios_extras_y_totales/event_frames/CH06-E0010_00h11m37s200ms_abrupt_change.jpg"",""detail_crop"":""references/video-audit/chapters/CH06_cotizacion_insumos_equipos_honorarios_extras_y_totales/detail_crops/CH06-E0010_00h11m37s200ms_DETAIL.jpg"",""transcript"":""references/video-audit/chapters/CH06_cotizacion_insumos_equipos_honorarios_extras_y_totales/transcript_raw.txt""} | {""chapter_id"":""CH06"",""event_id"":""CH06-E0013"",""timestamp"":""00:11:39.600"",""image"":""references/video-audit/chapters/CH06_cotizacion_insumos_equipos_honorarios_extras_y_totales/event_frames/CH06-E0013_00h11m39s600ms_abrupt_change.jpg"",""detail_crop"":""references/video-audit/chapters/CH06_cotizacion_insumos_equipos_honorarios_extras_y_totales/detail_crops/CH06-E0013_00h11m39s600ms_DETAIL.jpg"",""transcript"":""references/video-audit/chapters/CH06_cotizacion_insumos_equipos_honorarios_extras_y_totales/transcript_raw.txt""} | {""chapter_id"":""CH06"",""event_id"":""CH06-E0029"",""timestamp"":""00:12:01.600"",""image"":""references/video-audit/chapters/CH06_cotizacion_insumos_equipos_honorarios_extras_y_totales/event_frames/CH06-E0029_00h12m01s600ms_abrupt_change.jpg"",""detail_crop"":""references/video-audit/chapters/CH06_cotizacion_insumos_equipos_honorarios_extras_y_totales/detail_crops/CH06-E0029_00h12m01s600ms_DETAIL.jpg"",""transcript"":""references/video-audit/chapters/CH06_cotizacion_insumos_equipos_honorarios_extras_y_totales/transcript_raw.txt""}","app/main.js; app/mock-data.js","quoteCatalogLabel","Estado mock persistido en localStorage; Supabase todavía no validado en runtime.","tests/e2e/ch06.spec.mjs","IMPLEMENTED_PARTIAL","","CH06-Q004","Muestra código, descripción y fabricante configurables; no representa existencias hasta contar con fuente, bodega y semántica autorizadas. | Persiste después de recargar cuando la acción modifica datos. | Respeta rol y organización. | Tiene prueba automatizada específica y prueba de navegador cuando corresponde."
"CH06-R014","VIDEO_REQUIREMENT","CH06","CH06-E0084","00:13:16.400","inventory_filter","Nueva cotización","","checkbox","Solo disponibles en inventario","Permanece visible y deshabilitado hasta definir disponibilidad, bodega, lotes, comprometido, reservas y concurrencia.","Datos sintéticos y alcance de la organización activa.","Entrada válida, estado vacío y error accionable sin revelar existencia de registros.","Permiso explícito de lectura o escritura aplicado en navegación, control, store y persistencia.","El estado visible cambia sólo después de completar la operación autorizada.","Error accesible y genérico; no mostrar éxito anticipado.","NO_APLICA","{""chapter_id"":""CH06"",""event_id"":""CH06-E0084"",""timestamp"":""00:13:16.400"",""image"":""references/video-audit/chapters/CH06_cotizacion_insumos_equipos_honorarios_extras_y_totales/event_frames/CH06-E0084_00h13m16s400ms_stable_change.jpg"",""detail_crop"":"""",""transcript"":""references/video-audit/chapters/CH06_cotizacion_insumos_equipos_honorarios_extras_y_totales/transcript_raw.txt""}","app/main.js","","Estado mock persistido en localStorage; Supabase todavía no validado en runtime.","NONE","NEEDS_CLIENT_CONFIRMATION","","CH06-Q004","Permanece visible y deshabilitado hasta definir disponibilidad, bodega, lotes, comprometido, reservas y concurrencia. | Persiste después de recargar cuando la acción modifica datos. | Respeta rol y organización. | Tiene prueba automatizada específica y prueba de navegador cuando corresponde."
"CH06-R015","VIDEO_REQUIREMENT","CH06","CH06-E0107 | CH06-E0113 | CH06-E0114","00:14:12.600 | 00:14:22.800 | 00:14:23.200","category_discounts","Nueva cotización","","financial_calculation","Descuento por categoría","Aplica porcentajes configurados por categoría, limita cada porcentaje a 0–100 y recalcula resumen y líneas.","Datos sintéticos y alcance de la organización activa.","Entrada válida, estado vacío y error accionable sin revelar existencia de registros.","Permiso explícito de lectura o escritura aplicado en navegación, control, store y persistencia.","El estado visible cambia sólo después de completar la operación autorizada.","Error accesible y genérico; no mostrar éxito anticipado.","NO_APLICA","{""chapter_id"":""CH06"",""event_id"":""CH06-E0107"",""timestamp"":""00:14:12.600"",""image"":""references/video-audit/chapters/CH06_cotizacion_insumos_equipos_honorarios_extras_y_totales/event_frames/CH06-E0107_00h14m12s600ms_abrupt_change.jpg"",""detail_crop"":"""",""transcript"":""references/video-audit/chapters/CH06_cotizacion_insumos_equipos_honorarios_extras_y_totales/transcript_raw.txt""} | {""chapter_id"":""CH06"",""event_id"":""CH06-E0113"",""timestamp"":""00:14:22.800"",""image"":""references/video-audit/chapters/CH06_cotizacion_insumos_equipos_honorarios_extras_y_totales/event_frames/CH06-E0113_00h14m22s800ms_abrupt_change.jpg"",""detail_crop"":"""",""transcript"":""references/video-audit/chapters/CH06_cotizacion_insumos_equipos_honorarios_extras_y_totales/transcript_raw.txt""} | {""chapter_id"":""CH06"",""event_id"":""CH06-E0114"",""timestamp"":""00:14:23.200"",""image"":""references/video-audit/chapters/CH06_cotizacion_insumos_equipos_honorarios_extras_y_totales/event_frames/CH06-E0114_00h14m23s200ms_abrupt_change.jpg"",""detail_crop"":"""",""transcript"":""references/video-audit/chapters/CH06_cotizacion_insumos_equipos_honorarios_extras_y_totales/transcript_raw.txt""}","app/domain.js; app/store.js; app/main.js","calculateQuote/resolveQuoteDiscount/renderQuoteModal","Estado mock persistido en localStorage; Supabase todavía no validado en runtime.","tests/ch06-quote-categories.test.mjs; tests/e2e/ch06.spec.mjs","IMPLEMENTED_EXACT","","","Aplica porcentajes configurados por categoría, limita cada porcentaje a 0–100 y recalcula resumen y líneas. | Persiste después de recargar cuando la acción modifica datos. | Respeta rol y organización. | Tiene prueba automatizada específica y prueba de navegador cuando corresponde."
"CH06-R016","VIDEO_REQUIREMENT","CH06","CH06-E0107 | CH06-E0108 | CH06-E0114","00:14:12.600 | 00:14:13.200 | 00:14:23.200","observed_discount_profile","Nueva cotización","","derived_rule","Grupo aseguradora 15%","No copia el ejemplo de 15% a Servicios e Insumos hasta confirmar elegibilidad, asignación, precedencia y autorización.","Datos sintéticos y alcance de la organización activa.","Entrada válida, estado vacío y error accionable sin revelar existencia de registros.","Permiso explícito de lectura o escritura aplicado en navegación, control, store y persistencia.","El estado visible cambia sólo después de completar la operación autorizada.","Error accesible y genérico; no mostrar éxito anticipado.","NO_APLICA","{""chapter_id"":""CH06"",""event_id"":""CH06-E0107"",""timestamp"":""00:14:12.600"",""image"":""references/video-audit/chapters/CH06_cotizacion_insumos_equipos_honorarios_extras_y_totales/event_frames/CH06-E0107_00h14m12s600ms_abrupt_change.jpg"",""detail_crop"":"""",""transcript"":""references/video-audit/chapters/CH06_cotizacion_insumos_equipos_honorarios_extras_y_totales/transcript_raw.txt""} | {""chapter_id"":""CH06"",""event_id"":""CH06-E0108"",""timestamp"":""00:14:13.200"",""image"":""references/video-audit/chapters/CH06_cotizacion_insumos_equipos_honorarios_extras_y_totales/event_frames/CH06-E0108_00h14m13s200ms_stable_change.jpg"",""detail_crop"":"""",""transcript"":""references/video-audit/chapters/CH06_cotizacion_insumos_equipos_honorarios_extras_y_totales/transcript_raw.txt""} | {""chapter_id"":""CH06"",""event_id"":""CH06-E0114"",""timestamp"":""00:14:23.200"",""image"":""references/video-audit/chapters/CH06_cotizacion_insumos_equipos_honorarios_extras_y_totales/event_frames/CH06-E0114_00h14m23s200ms_abrupt_change.jpg"",""detail_crop"":"""",""transcript"":""references/video-audit/chapters/CH06_cotizacion_insumos_equipos_honorarios_extras_y_totales/transcript_raw.txt""}","app/store.js; app/mock-data.js","resolveQuoteDiscount","Estado mock persistido en localStorage; Supabase todavía no validado en runtime.","tests/ch06-quote-categories.test.mjs","NEEDS_CLIENT_CONFIRMATION","","CH06-Q003","No copia el ejemplo de 15% a Servicios e Insumos hasta confirmar elegibilidad, asignación, precedencia y autorización. | Persiste después de recargar cuando la acción modifica datos. | Respeta rol y organización. | Tiene prueba automatizada específica y prueba de navegador cuando corresponde."
"CH06-R017","VIDEO_REQUIREMENT","CH06","CH06-E0101 | CH06-E0102 | CH06-E0107 | CH06-E0108","00:14:04.800 | 00:14:05.400 | 00:14:12.600 | 00:14:13.200","patient_change","Nueva cotización","","searchable_select","Paciente","Cambia a un paciente/caso autorizado y actualiza datos identificativos; grupo y referido no se derivan sin reglas aprobadas y debe definirse qué hacer con el ledger previo.","Datos sintéticos y alcance de la organización activa.","Entrada válida, estado vacío y error accionable sin revelar existencia de registros.","Permiso explícito de lectura o escritura aplicado en navegación, control, store y persistencia.","El estado visible cambia sólo después de completar la operación autorizada.","Error accesible y genérico; no mostrar éxito anticipado.","NO_APLICA","{""chapter_id"":""CH06"",""event_id"":""CH06-E0101"",""timestamp"":""00:14:04.800"",""image"":""references/video-audit/chapters/CH06_cotizacion_insumos_equipos_honorarios_extras_y_totales/event_frames/CH06-E0101_00h14m04s800ms_settled.jpg"",""detail_crop"":""references/video-audit/chapters/CH06_cotizacion_insumos_equipos_honorarios_extras_y_totales/detail_crops/CH06-E0101_00h14m04s800ms_DETAIL.jpg"",""transcript"":""references/video-audit/chapters/CH06_cotizacion_insumos_equipos_honorarios_extras_y_totales/transcript_raw.txt""} | {""chapter_id"":""CH06"",""event_id"":""CH06-E0102"",""timestamp"":""00:14:05.400"",""image"":""references/video-audit/chapters/CH06_cotizacion_insumos_equipos_honorarios_extras_y_totales/event_frames/CH06-E0102_00h14m05s400ms_stable_change.jpg"",""detail_crop"":""references/video-audit/chapters/CH06_cotizacion_insumos_equipos_honorarios_extras_y_totales/detail_crops/CH06-E0102_00h14m05s400ms_DETAIL.jpg"",""transcript"":""references/video-audit/chapters/CH06_cotizacion_insumos_equipos_honorarios_extras_y_totales/transcript_raw.txt""} | {""chapter_id"":""CH06"",""event_id"":""CH06-E0107"",""timestamp"":""00:14:12.600"",""image"":""references/video-audit/chapters/CH06_cotizacion_insumos_equipos_honorarios_extras_y_totales/event_frames/CH06-E0107_00h14m12s600ms_abrupt_change.jpg"",""detail_crop"":"""",""transcript"":""references/video-audit/chapters/CH06_cotizacion_insumos_equipos_honorarios_extras_y_totales/transcript_raw.txt""} | {""chapter_id"":""CH06"",""event_id"":""CH06-E0108"",""timestamp"":""00:14:13.200"",""image"":""references/video-audit/chapters/CH06_cotizacion_insumos_equipos_honorarios_extras_y_totales/event_frames/CH06-E0108_00h14m13s200ms_stable_change.jpg"",""detail_crop"":"""",""transcript"":""references/video-audit/chapters/CH06_cotizacion_insumos_equipos_honorarios_extras_y_totales/transcript_raw.txt""}","app/main.js; app/store.js","syncQuoteHead","Estado mock persistido en localStorage; Supabase todavía no validado en runtime.","tests/ch04-quote-general.test.mjs","NEEDS_CLIENT_CONFIRMATION","","CH06-Q003 | CH06-Q005","Cambia a un paciente/caso autorizado y actualiza datos identificativos; grupo y referido no se derivan sin reglas aprobadas y debe definirse qué hacer con el ledger previo. | Persiste después de recargar cuando la acción modifica datos. | Respeta rol y organización. | Tiene prueba automatizada específica y prueba de navegador cuando corresponde."
"CH06-R018","VIDEO_REQUIREMENT","CH06","CH06-E0003 | CH06-E0067 | CH06-E0083 | CH06-E0114","00:11:29.600 | 00:12:49.600 | 00:13:15.800 | 00:14:23.200","tax","Nueva cotización","","financial_calculation","Impuesto por línea y resumen","El control se mantiene visible, en cero y deshabilitado hasta aprobar tasa, base, categorías, exenciones, permiso de toggle y política de redondeo.","Datos sintéticos y alcance de la organización activa.","Entrada válida, estado vacío y error accionable sin revelar existencia de registros.","Permiso explícito de lectura o escritura aplicado en navegación, control, store y persistencia.","El estado visible cambia sólo después de completar la operación autorizada.","Error accesible y genérico; no mostrar éxito anticipado.","NO_APLICA","{""chapter_id"":""CH06"",""event_id"":""CH06-E0003"",""timestamp"":""00:11:29.600"",""image"":""references/video-audit/chapters/CH06_cotizacion_insumos_equipos_honorarios_extras_y_totales/event_frames/CH06-E0003_00h11m29s600ms_abrupt_change.jpg"",""detail_crop"":"""",""transcript"":""references/video-audit/chapters/CH06_cotizacion_insumos_equipos_honorarios_extras_y_totales/transcript_raw.txt""} | {""chapter_id"":""CH06"",""event_id"":""CH06-E0067"",""timestamp"":""00:12:49.600"",""image"":""references/video-audit/chapters/CH06_cotizacion_insumos_equipos_honorarios_extras_y_totales/event_frames/CH06-E0067_00h12m49s600ms_abrupt_change.jpg"",""detail_crop"":"""",""transcript"":""references/video-audit/chapters/CH06_cotizacion_insumos_equipos_honorarios_extras_y_totales/transcript_raw.txt""} | {""chapter_id"":""CH06"",""event_id"":""CH06-E0083"",""timestamp"":""00:13:15.800"",""image"":""references/video-audit/chapters/CH06_cotizacion_insumos_equipos_honorarios_extras_y_totales/event_frames/CH06-E0083_00h13m15s800ms_abrupt_change.jpg"",""detail_crop"":"""",""transcript"":""references/video-audit/chapters/CH06_cotizacion_insumos_equipos_honorarios_extras_y_totales/transcript_raw.txt""} | {""chapter_id"":""CH06"",""event_id"":""CH06-E0114"",""timestamp"":""00:14:23.200"",""image"":""references/video-audit/chapters/CH06_cotizacion_insumos_equipos_honorarios_extras_y_totales/event_frames/CH06-E0114_00h14m23s200ms_abrupt_change.jpg"",""detail_crop"":"""",""transcript"":""references/video-audit/chapters/CH06_cotizacion_insumos_equipos_honorarios_extras_y_totales/transcript_raw.txt""}","app/main.js; docs/OPEN_QUESTIONS.md","renderQuoteModal","Estado mock persistido en localStorage; Supabase todavía no validado en runtime.","tests/ch05-quote-items.test.mjs","NEEDS_CLIENT_CONFIRMATION","","CH06-Q002","El control se mantiene visible, en cero y deshabilitado hasta aprobar tasa, base, categorías, exenciones, permiso de toggle y política de redondeo. | Persiste después de recargar cuando la acción modifica datos. | Respeta rol y organización. | Tiene prueba automatizada específica y prueba de navegador cuando corresponde."
"CH06-R019","VIDEO_REQUIREMENT","CH06","CH06-E0004 | CH06-E0067 | CH06-E0084 | CH06-E0114","00:11:30.000 | 00:12:49.600 | 00:13:16.400 | 00:14:23.200","quote_summary","Nueva cotización","","financial_summary","Subtotal / Descuento / Impuesto / Total","Calcula subtotal, descuentos y total con precisión monetaria; el componente de impuesto permanece bloqueado y explícito en cero.","Datos sintéticos y alcance de la organización activa.","Entrada válida, estado vacío y error accionable sin revelar existencia de registros.","Permiso explícito de lectura o escritura aplicado en navegación, control, store y persistencia.","El estado visible cambia sólo después de completar la operación autorizada.","Error accesible y genérico; no mostrar éxito anticipado.","NO_APLICA","{""chapter_id"":""CH06"",""event_id"":""CH06-E0004"",""timestamp"":""00:11:30.000"",""image"":""references/video-audit/chapters/CH06_cotizacion_insumos_equipos_honorarios_extras_y_totales/event_frames/CH06-E0004_00h11m30s000ms_abrupt_change.jpg"",""detail_crop"":"""",""transcript"":""references/video-audit/chapters/CH06_cotizacion_insumos_equipos_honorarios_extras_y_totales/transcript_raw.txt""} | {""chapter_id"":""CH06"",""event_id"":""CH06-E0067"",""timestamp"":""00:12:49.600"",""image"":""references/video-audit/chapters/CH06_cotizacion_insumos_equipos_honorarios_extras_y_totales/event_frames/CH06-E0067_00h12m49s600ms_abrupt_change.jpg"",""detail_crop"":"""",""transcript"":""references/video-audit/chapters/CH06_cotizacion_insumos_equipos_honorarios_extras_y_totales/transcript_raw.txt""} | {""chapter_id"":""CH06"",""event_id"":""CH06-E0084"",""timestamp"":""00:13:16.400"",""image"":""references/video-audit/chapters/CH06_cotizacion_insumos_equipos_honorarios_extras_y_totales/event_frames/CH06-E0084_00h13m16s400ms_stable_change.jpg"",""detail_crop"":"""",""transcript"":""references/video-audit/chapters/CH06_cotizacion_insumos_equipos_honorarios_extras_y_totales/transcript_raw.txt""} | {""chapter_id"":""CH06"",""event_id"":""CH06-E0114"",""timestamp"":""00:14:23.200"",""image"":""references/video-audit/chapters/CH06_cotizacion_insumos_equipos_honorarios_extras_y_totales/event_frames/CH06-E0114_00h14m23s200ms_abrupt_change.jpg"",""detail_crop"":"""",""transcript"":""references/video-audit/chapters/CH06_cotizacion_insumos_equipos_honorarios_extras_y_totales/transcript_raw.txt""}","app/domain.js; app/main.js","calculateQuote/renderQuoteModal","Estado mock persistido en localStorage; Supabase todavía no validado en runtime.","tests/ch06-quote-categories.test.mjs","IMPLEMENTED_PARTIAL","","CH06-Q002","Calcula subtotal, descuentos y total con precisión monetaria; el componente de impuesto permanece bloqueado y explícito en cero. | Persiste después de recargar cuando la acción modifica datos. | Respeta rol y organización. | Tiene prueba automatizada específica y prueba de navegador cuando corresponde."
"CH06-R020","VIDEO_REQUIREMENT","CH06","CH06-E0084 | CH06-E0095 | CH06-E0096 | CH06-E0115","00:13:16.400 | 00:13:56.000 | 00:14:01.800 | 00:14:24.200","page_actions","Nueva cotización","","link","Atrás / Guardar","Presenta ambas acciones con las etiquetas observadas; Atrás regresa a Hospitalización y Guardar pasa las validaciones de la plataforma.","Datos sintéticos y alcance de la organización activa.","Entrada válida, estado vacío y error accionable sin revelar existencia de registros.","Permiso explícito de lectura o escritura aplicado en navegación, control, store y persistencia.","El estado visible cambia sólo después de completar la operación autorizada.","Error accesible y genérico; no mostrar éxito anticipado.","NO_APLICA","{""chapter_id"":""CH06"",""event_id"":""CH06-E0084"",""timestamp"":""00:13:16.400"",""image"":""references/video-audit/chapters/CH06_cotizacion_insumos_equipos_honorarios_extras_y_totales/event_frames/CH06-E0084_00h13m16s400ms_stable_change.jpg"",""detail_crop"":"""",""transcript"":""references/video-audit/chapters/CH06_cotizacion_insumos_equipos_honorarios_extras_y_totales/transcript_raw.txt""} | {""chapter_id"":""CH06"",""event_id"":""CH06-E0095"",""timestamp"":""00:13:56.000"",""image"":""references/video-audit/chapters/CH06_cotizacion_insumos_equipos_honorarios_extras_y_totales/event_frames/CH06-E0095_00h13m56s000ms_abrupt_change.jpg"",""detail_crop"":"""",""transcript"":""references/video-audit/chapters/CH06_cotizacion_insumos_equipos_honorarios_extras_y_totales/transcript_raw.txt""} | {""chapter_id"":""CH06"",""event_id"":""CH06-E0096"",""timestamp"":""00:14:01.800"",""image"":""references/video-audit/chapters/CH06_cotizacion_insumos_equipos_honorarios_extras_y_totales/event_frames/CH06-E0096_00h14m01s800ms_settled.jpg"",""detail_crop"":""references/video-audit/chapters/CH06_cotizacion_insumos_equipos_honorarios_extras_y_totales/detail_crops/CH06-E0096_00h14m01s800ms_DETAIL.jpg"",""transcript"":""references/video-audit/chapters/CH06_cotizacion_insumos_equipos_honorarios_extras_y_totales/transcript_raw.txt""} | {""chapter_id"":""CH06"",""event_id"":""CH06-E0115"",""timestamp"":""00:14:24.200"",""image"":""references/video-audit/chapters/CH06_cotizacion_insumos_equipos_honorarios_extras_y_totales/event_frames/CH06-E0115_00h14m24s200ms_settled.jpg"",""detail_crop"":""references/video-audit/chapters/CH06_cotizacion_insumos_equipos_honorarios_extras_y_totales/detail_crops/CH06-E0115_00h14m24s200ms_DETAIL.jpg"",""transcript"":""references/video-audit/chapters/CH06_cotizacion_insumos_equipos_honorarios_extras_y_totales/transcript_raw.txt""}","app/main.js","renderQuoteModal/save-quote","Estado mock persistido en localStorage; Supabase todavía no validado en runtime.","tests/e2e/ch06.spec.mjs","IMPLEMENTED_EXACT","","","Presenta ambas acciones con las etiquetas observadas; Atrás regresa a Hospitalización y Guardar pasa las validaciones de la plataforma. | Persiste después de recargar cuando la acción modifica datos. | Respeta rol y organización. | Tiene prueba automatizada específica y prueba de navegador cuando corresponde."
"CH06-R021","VIDEO_REQUIREMENT","CH06","CH06-E0115","00:14:24.200","save_result","Nueva cotización","","submit","Guardar","El clip termina sobre Guardar sin mostrar confirmación, ruta ni error posterior; el resultado exacto no puede atribuirse al video.","Datos sintéticos y alcance de la organización activa.","Entrada válida, estado vacío y error accionable sin revelar existencia de registros.","Permiso explícito de lectura o escritura aplicado en navegación, control, store y persistencia.","El estado visible cambia sólo después de completar la operación autorizada.","Error accesible y genérico; no mostrar éxito anticipado.","NO_APLICA","{""chapter_id"":""CH06"",""event_id"":""CH06-E0115"",""timestamp"":""00:14:24.200"",""image"":""references/video-audit/chapters/CH06_cotizacion_insumos_equipos_honorarios_extras_y_totales/event_frames/CH06-E0115_00h14m24s200ms_settled.jpg"",""detail_crop"":""references/video-audit/chapters/CH06_cotizacion_insumos_equipos_honorarios_extras_y_totales/detail_crops/CH06-E0115_00h14m24s200ms_DETAIL.jpg"",""transcript"":""references/video-audit/chapters/CH06_cotizacion_insumos_equipos_honorarios_extras_y_totales/transcript_raw.txt""}","app/store.js; app/supabase-adapter.js","createQuote/create_quote_draft","Estado mock persistido en localStorage; Supabase todavía no validado en runtime.","tests/e2e/ch06.spec.mjs","NOT_TESTABLE","","CH06-Q008","El clip termina sobre Guardar sin mostrar confirmación, ruta ni error posterior; el resultado exacto no puede atribuirse al video. | Persiste después de recargar cuando la acción modifica datos. | Respeta rol y organización. | Tiene prueba automatizada específica y prueba de navegador cuando corresponde."
"CH06-R022","VIDEO_REQUIREMENT","CH06","CH06-E0093 | CH06-E0111 | CH06-E0113","00:13:55.000 | 00:14:16.400 | 00:14:22.800","comments","Nueva cotización","","textarea","Comentarios *","Requiere un comentario administrativo antes de guardar y no lo usa para notificaciones clínicas inseguras.","Datos sintéticos y alcance de la organización activa.","Entrada válida, estado vacío y error accionable sin revelar existencia de registros.","Permiso explícito de lectura o escritura aplicado en navegación, control, store y persistencia.","El estado visible cambia sólo después de completar la operación autorizada.","Error accesible y genérico; no mostrar éxito anticipado.","NO_APLICA","{""chapter_id"":""CH06"",""event_id"":""CH06-E0093"",""timestamp"":""00:13:55.000"",""image"":""references/video-audit/chapters/CH06_cotizacion_insumos_equipos_honorarios_extras_y_totales/event_frames/CH06-E0093_00h13m55s000ms_abrupt_change.jpg"",""detail_crop"":"""",""transcript"":""references/video-audit/chapters/CH06_cotizacion_insumos_equipos_honorarios_extras_y_totales/transcript_raw.txt""} | {""chapter_id"":""CH06"",""event_id"":""CH06-E0111"",""timestamp"":""00:14:16.400"",""image"":""references/video-audit/chapters/CH06_cotizacion_insumos_equipos_honorarios_extras_y_totales/event_frames/CH06-E0111_00h14m16s400ms_abrupt_change.jpg"",""detail_crop"":"""",""transcript"":""references/video-audit/chapters/CH06_cotizacion_insumos_equipos_honorarios_extras_y_totales/transcript_raw.txt""} | {""chapter_id"":""CH06"",""event_id"":""CH06-E0113"",""timestamp"":""00:14:22.800"",""image"":""references/video-audit/chapters/CH06_cotizacion_insumos_equipos_honorarios_extras_y_totales/event_frames/CH06-E0113_00h14m22s800ms_abrupt_change.jpg"",""detail_crop"":"""",""transcript"":""references/video-audit/chapters/CH06_cotizacion_insumos_equipos_honorarios_extras_y_totales/transcript_raw.txt""}","app/main.js; app/store.js","save-quote/validateQuoteGeneral","Estado mock persistido en localStorage; Supabase todavía no validado en runtime.","tests/ch04-quote-general.test.mjs; tests/e2e/ch06.spec.mjs","IMPLEMENTED_EXACT","","","Requiere un comentario administrativo antes de guardar y no lo usa para notificaciones clínicas inseguras. | Persiste después de recargar cuando la acción modifica datos. | Respeta rol y organización. | Tiene prueba automatizada específica y prueba de navegador cuando corresponde."
"CH06-H001","PLATFORM_HARDENING","CH06","CH06-E0068 | CH06-E0114","00:12:57.400 | 00:14:23.200","line_discount_integrity","Nueva cotización","","financial_integrity","Descuento de línea válido","Rechaza descuentos no finitos, negativos o superiores al bruto antes de calcular o persistir.","Datos sintéticos y alcance de la organización activa.","Entrada válida, estado vacío y error accionable sin revelar existencia de registros.","Permiso explícito de lectura o escritura aplicado en navegación, control, store y persistencia.","El estado visible cambia sólo después de completar la operación autorizada.","Error accesible y genérico; no mostrar éxito anticipado.","NO_APLICA","{""chapter_id"":""CH06"",""event_id"":""CH06-E0068"",""timestamp"":""00:12:57.400"",""image"":""references/video-audit/chapters/CH06_cotizacion_insumos_equipos_honorarios_extras_y_totales/event_frames/CH06-E0068_00h12m57s400ms_abrupt_change.jpg"",""detail_crop"":"""",""transcript"":""references/video-audit/chapters/CH06_cotizacion_insumos_equipos_honorarios_extras_y_totales/transcript_raw.txt""} | {""chapter_id"":""CH06"",""event_id"":""CH06-E0114"",""timestamp"":""00:14:23.200"",""image"":""references/video-audit/chapters/CH06_cotizacion_insumos_equipos_honorarios_extras_y_totales/event_frames/CH06-E0114_00h14m23s200ms_abrupt_change.jpg"",""detail_crop"":"""",""transcript"":""references/video-audit/chapters/CH06_cotizacion_insumos_equipos_honorarios_extras_y_totales/transcript_raw.txt""}","app/store.js","validateQuoteItems","Estado mock persistido en localStorage; Supabase todavía no validado en runtime.","tests/ch05-quote-items.test.mjs","IMPLEMENTED_EXACT","","","Rechaza descuentos no finitos, negativos o superiores al bruto antes de calcular o persistir. | Persiste después de recargar cuando la acción modifica datos. | Respeta rol y organización. | Tiene prueba automatizada específica y prueba de navegador cuando corresponde."
"CH06-H002","PLATFORM_HARDENING","CH06","CH06-E0107 | CH06-E0114","00:14:12.600 | 00:14:23.200","discount_authorization","Nueva cotización","","authorization","Grupo de descuento autorizado","Sólo aplica una regla activa configurada, bloquea reglas con aprobación pendiente y exige motivo cuando corresponde; porcentajes arbitrarios del navegador se ignoran.","Datos sintéticos y alcance de la organización activa.","Entrada válida, estado vacío y error accionable sin revelar existencia de registros.","Permiso explícito de lectura o escritura aplicado en navegación, control, store y persistencia.","El estado visible cambia sólo después de completar la operación autorizada.","Error accesible y genérico; no mostrar éxito anticipado.","NO_APLICA","{""chapter_id"":""CH06"",""event_id"":""CH06-E0107"",""timestamp"":""00:14:12.600"",""image"":""references/video-audit/chapters/CH06_cotizacion_insumos_equipos_honorarios_extras_y_totales/event_frames/CH06-E0107_00h14m12s600ms_abrupt_change.jpg"",""detail_crop"":"""",""transcript"":""references/video-audit/chapters/CH06_cotizacion_insumos_equipos_honorarios_extras_y_totales/transcript_raw.txt""} | {""chapter_id"":""CH06"",""event_id"":""CH06-E0114"",""timestamp"":""00:14:23.200"",""image"":""references/video-audit/chapters/CH06_cotizacion_insumos_equipos_honorarios_extras_y_totales/event_frames/CH06-E0114_00h14m23s200ms_abrupt_change.jpg"",""detail_crop"":"""",""transcript"":""references/video-audit/chapters/CH06_cotizacion_insumos_equipos_honorarios_extras_y_totales/transcript_raw.txt""}","app/store.js; app/main.js; supabase/migrations/202608270002_ch05_quote_catalog_integrity.sql","resolveQuoteDiscount/apply_quote_draft_catalog","Estado mock persistido en localStorage; Supabase todavía no validado en runtime.","tests/ch06-quote-categories.test.mjs; tests/e2e/ch06.spec.mjs","IMPLEMENTED_EXACT","","","Sólo aplica una regla activa configurada, bloquea reglas con aprobación pendiente y exige motivo cuando corresponde; porcentajes arbitrarios del navegador se ignoran. | Persiste después de recargar cuando la acción modifica datos. | Respeta rol y organización. | Tiene prueba automatizada específica y prueba de navegador cuando corresponde."
"CH06-H003","PLATFORM_HARDENING","CH06","CH06-E0013 | CH06-E0114","00:11:39.600 | 00:14:23.200","no_inferred_financial_inventory_rules","Nueva cotización","","safety_guard","Sin impuesto, stock ni perfil inferidos","No transforma existencias ni ejemplos numéricos del video en reglas productivas sin configuración y confirmación del cliente.","Datos sintéticos y alcance de la organización activa.","Entrada válida, estado vacío y error accionable sin revelar existencia de registros.","Permiso explícito de lectura o escritura aplicado en navegación, control, store y persistencia.","El estado visible cambia sólo después de completar la operación autorizada.","Error accesible y genérico; no mostrar éxito anticipado.","NO_APLICA","{""chapter_id"":""CH06"",""event_id"":""CH06-E0013"",""timestamp"":""00:11:39.600"",""image"":""references/video-audit/chapters/CH06_cotizacion_insumos_equipos_honorarios_extras_y_totales/event_frames/CH06-E0013_00h11m39s600ms_abrupt_change.jpg"",""detail_crop"":""references/video-audit/chapters/CH06_cotizacion_insumos_equipos_honorarios_extras_y_totales/detail_crops/CH06-E0013_00h11m39s600ms_DETAIL.jpg"",""transcript"":""references/video-audit/chapters/CH06_cotizacion_insumos_equipos_honorarios_extras_y_totales/transcript_raw.txt""} | {""chapter_id"":""CH06"",""event_id"":""CH06-E0114"",""timestamp"":""00:14:23.200"",""image"":""references/video-audit/chapters/CH06_cotizacion_insumos_equipos_honorarios_extras_y_totales/event_frames/CH06-E0114_00h14m23s200ms_abrupt_change.jpg"",""detail_crop"":"""",""transcript"":""references/video-audit/chapters/CH06_cotizacion_insumos_equipos_honorarios_extras_y_totales/transcript_raw.txt""}","app/main.js; docs/OPEN_QUESTIONS.md","","Estado mock persistido en localStorage; Supabase todavía no validado en runtime.","tests/ch06-quote-categories.test.mjs","IMPLEMENTED_EXACT","","CH06-Q002 | CH06-Q003 | CH06-Q004","No transforma existencias ni ejemplos numéricos del video en reglas productivas sin configuración y confirmación del cliente. | Persiste después de recargar cuando la acción modifica datos. | Respeta rol y organización. | Tiene prueba automatizada específica y prueba de navegador cuando corresponde."
"CH06-H004","PLATFORM_HARDENING","CH06","CH06-E0115","00:14:24.200","save_interaction","Nueva cotización","","interaction_integrity","Guardar tras editar comentarios","El blur/change de un campo no reconstruye el botón antes de su click; un clic físico guarda una sola vez y navega sólo después de éxito.","Datos sintéticos y alcance de la organización activa.","Entrada válida, estado vacío y error accionable sin revelar existencia de registros.","Permiso explícito de lectura o escritura aplicado en navegación, control, store y persistencia.","El estado visible cambia sólo después de completar la operación autorizada.","Error accesible y genérico; no mostrar éxito anticipado.","NO_APLICA","{""chapter_id"":""CH06"",""event_id"":""CH06-E0115"",""timestamp"":""00:14:24.200"",""image"":""references/video-audit/chapters/CH06_cotizacion_insumos_equipos_honorarios_extras_y_totales/event_frames/CH06-E0115_00h14m24s200ms_settled.jpg"",""detail_crop"":""references/video-audit/chapters/CH06_cotizacion_insumos_equipos_honorarios_extras_y_totales/detail_crops/CH06-E0115_00h14m24s200ms_DETAIL.jpg"",""transcript"":""references/video-audit/chapters/CH06_cotizacion_insumos_equipos_honorarios_extras_y_totales/transcript_raw.txt""}","app/main.js","quote-calc-change/save-quote","Estado mock persistido en localStorage; Supabase todavía no validado en runtime.","tests/e2e/ch06.spec.mjs","IMPLEMENTED_EXACT","","","El blur/change de un campo no reconstruye el botón antes de su click; un clic físico guarda una sola vez y navega sólo después de éxito. | Persiste después de recargar cuando la acción modifica datos. | Respeta rol y organización. | Tiene prueba automatizada específica y prueba de navegador cuando corresponde."
"CH07-R001","VIDEO_REQUIREMENT","CH07","CH07-E0001 | CH07-E0002","00:14:26.600 | 00:14:30.000","quote_exit","Nueva cotización / Hospitalización","","navigation","Atrás / Guardar","Conserva ambas acciones y vuelve a Hospitalización mediante Atrás; el clip no demuestra el resultado de Guardar.","Datos sintéticos y alcance de la organización activa.","Entrada válida, estado vacío y error accionable sin revelar existencia de registros.","Permiso explícito de lectura o escritura aplicado en navegación, control, store y persistencia.","El estado visible cambia sólo después de completar la operación autorizada.","Error accesible y genérico; no mostrar éxito anticipado.","NO_APLICA","{""chapter_id"":""CH07"",""event_id"":""CH07-E0001"",""timestamp"":""00:14:26.600"",""image"":""references/video-audit/chapters/CH07_preautorizacion_seguro_y_reclamo/event_frames/CH07-E0001_00h14m26s600ms_settled.jpg"",""detail_crop"":""references/video-audit/chapters/CH07_preautorizacion_seguro_y_reclamo/detail_crops/CH07-E0001_00h14m26s600ms_DETAIL.jpg"",""transcript"":""references/video-audit/chapters/CH07_preautorizacion_seguro_y_reclamo/transcript_raw.txt""} | {""chapter_id"":""CH07"",""event_id"":""CH07-E0002"",""timestamp"":""00:14:30.000"",""image"":""references/video-audit/chapters/CH07_preautorizacion_seguro_y_reclamo/event_frames/CH07-E0002_00h14m30s000ms_abrupt_change.jpg"",""detail_crop"":"""",""transcript"":""references/video-audit/chapters/CH07_preautorizacion_seguro_y_reclamo/transcript_raw.txt""}","app/main.js","renderQuoteModal/save-quote","Estado mock persistido en localStorage; Supabase todavía no validado en runtime.","tests/e2e/ch06.spec.mjs","NOT_TESTABLE","","CH07-Q003","Conserva ambas acciones y vuelve a Hospitalización mediante Atrás; el clip no demuestra el resultado de Guardar. | Persiste después de recargar cuando la acción modifica datos. | Respeta rol y organización. | Tiene prueba automatizada específica y prueba de navegador cuando corresponde."
"CH07-R002","VIDEO_REQUIREMENT","CH07","CH07-E0002 | CH07-E0003 | CH07-E0005 | CH07-E0006","00:14:30.000 | 00:14:30.600 | 00:14:32.000 | 00:14:32.400","hospitalization_tabs","Hospitalización","","tabs","Activos / Cotizaciones / PIC Ejecución","Expone y permite alternar las tres pestañas; el conteo PIC permanece bloqueado hasta conocer su fórmula.","Datos sintéticos y alcance de la organización activa.","Entrada válida, estado vacío y error accionable sin revelar existencia de registros.","Permiso explícito de lectura o escritura aplicado en navegación, control, store y persistencia.","El estado visible cambia sólo después de completar la operación autorizada.","Error accesible y genérico; no mostrar éxito anticipado.","NO_APLICA","{""chapter_id"":""CH07"",""event_id"":""CH07-E0002"",""timestamp"":""00:14:30.000"",""image"":""references/video-audit/chapters/CH07_preautorizacion_seguro_y_reclamo/event_frames/CH07-E0002_00h14m30s000ms_abrupt_change.jpg"",""detail_crop"":"""",""transcript"":""references/video-audit/chapters/CH07_preautorizacion_seguro_y_reclamo/transcript_raw.txt""} | {""chapter_id"":""CH07"",""event_id"":""CH07-E0003"",""timestamp"":""00:14:30.600"",""image"":""references/video-audit/chapters/CH07_preautorizacion_seguro_y_reclamo/event_frames/CH07-E0003_00h14m30s600ms_stable_change.jpg"",""detail_crop"":"""",""transcript"":""references/video-audit/chapters/CH07_preautorizacion_seguro_y_reclamo/transcript_raw.txt""} | {""chapter_id"":""CH07"",""event_id"":""CH07-E0005"",""timestamp"":""00:14:32.000"",""image"":""references/video-audit/chapters/CH07_preautorizacion_seguro_y_reclamo/event_frames/CH07-E0005_00h14m32s000ms_abrupt_change.jpg"",""detail_crop"":""references/video-audit/chapters/CH07_preautorizacion_seguro_y_reclamo/detail_crops/CH07-E0005_00h14m32s000ms_DETAIL.jpg"",""transcript"":""references/video-audit/chapters/CH07_preautorizacion_seguro_y_reclamo/transcript_raw.txt""} | {""chapter_id"":""CH07"",""event_id"":""CH07-E0006"",""timestamp"":""00:14:32.400"",""image"":""references/video-audit/chapters/CH07_preautorizacion_seguro_y_reclamo/event_frames/CH07-E0006_00h14m32s400ms_abrupt_change.jpg"",""detail_crop"":""references/video-audit/chapters/CH07_preautorizacion_seguro_y_reclamo/detail_crops/CH07-E0006_00h14m32s400ms_DETAIL.jpg"",""transcript"":""references/video-audit/chapters/CH07_preautorizacion_seguro_y_reclamo/transcript_raw.txt""}","app/views.js","renderCases","Estado mock persistido en localStorage; Supabase todavía no validado en runtime.","tests/e2e/ch03.spec.mjs; tests/e2e/ch07.spec.mjs","IMPLEMENTED_PARTIAL","","CH07-Q011","Expone y permite alternar las tres pestañas; el conteo PIC permanece bloqueado hasta conocer su fórmula. | Persiste después de recargar cuando la acción modifica datos. | Respeta rol y organización. | Tiene prueba automatizada específica y prueba de navegador cuando corresponde."
"CH07-R003","VIDEO_REQUIREMENT","CH07","CH07-E0006 | CH07-E0007","00:14:32.400 | 00:14:33.000","quote_filters","Hospitalización","Cotizaciones","filters","Estado / Fecha de creación / Aplicar / Limpiar / Nuevo","Filtra por estado y fecha, limpia criterios y abre una cotización nueva con controles accesibles.","Datos sintéticos y alcance de la organización activa.","Entrada válida, estado vacío y error accionable sin revelar existencia de registros.","Permiso explícito de lectura o escritura aplicado en navegación, control, store y persistencia.","El estado visible cambia sólo después de completar la operación autorizada.","Error accesible y genérico; no mostrar éxito anticipado.","NO_APLICA","{""chapter_id"":""CH07"",""event_id"":""CH07-E0006"",""timestamp"":""00:14:32.400"",""image"":""references/video-audit/chapters/CH07_preautorizacion_seguro_y_reclamo/event_frames/CH07-E0006_00h14m32s400ms_abrupt_change.jpg"",""detail_crop"":""references/video-audit/chapters/CH07_preautorizacion_seguro_y_reclamo/detail_crops/CH07-E0006_00h14m32s400ms_DETAIL.jpg"",""transcript"":""references/video-audit/chapters/CH07_preautorizacion_seguro_y_reclamo/transcript_raw.txt""} | {""chapter_id"":""CH07"",""event_id"":""CH07-E0007"",""timestamp"":""00:14:33.000"",""image"":""references/video-audit/chapters/CH07_preautorizacion_seguro_y_reclamo/event_frames/CH07-E0007_00h14m33s000ms_abrupt_change.jpg"",""detail_crop"":"""",""transcript"":""references/video-audit/chapters/CH07_preautorizacion_seguro_y_reclamo/transcript_raw.txt""}","app/views.js; app/main.js","renderCases/apply-case-filters/clear-case-filters","Estado mock persistido en localStorage; Supabase todavía no validado en runtime.","tests/e2e/ch03.spec.mjs; tests/e2e/ch07.spec.mjs","IMPLEMENTED_EXACT","","","Filtra por estado y fecha, limpia criterios y abre una cotización nueva con controles accesibles. | Persiste después de recargar cuando la acción modifica datos. | Respeta rol y organización. | Tiene prueba automatizada específica y prueba de navegador cuando corresponde."
"CH07-R004","VIDEO_REQUIREMENT","CH07","CH07-E0006 | CH07-E0007 | CH07-E0008","00:14:32.400 | 00:14:33.000 | 00:14:44.400","quote_pagination","Hospitalización","Cotizaciones","pagination","Mostrar registros / Anterior / páginas / Siguiente","Pagina la colección filtrada, permite elegir tamaño y mantiene límites de página válidos.","Datos sintéticos y alcance de la organización activa.","Entrada válida, estado vacío y error accionable sin revelar existencia de registros.","Permiso explícito de lectura o escritura aplicado en navegación, control, store y persistencia.","El estado visible cambia sólo después de completar la operación autorizada.","Error accesible y genérico; no mostrar éxito anticipado.","NO_APLICA","{""chapter_id"":""CH07"",""event_id"":""CH07-E0006"",""timestamp"":""00:14:32.400"",""image"":""references/video-audit/chapters/CH07_preautorizacion_seguro_y_reclamo/event_frames/CH07-E0006_00h14m32s400ms_abrupt_change.jpg"",""detail_crop"":""references/video-audit/chapters/CH07_preautorizacion_seguro_y_reclamo/detail_crops/CH07-E0006_00h14m32s400ms_DETAIL.jpg"",""transcript"":""references/video-audit/chapters/CH07_preautorizacion_seguro_y_reclamo/transcript_raw.txt""} | {""chapter_id"":""CH07"",""event_id"":""CH07-E0007"",""timestamp"":""00:14:33.000"",""image"":""references/video-audit/chapters/CH07_preautorizacion_seguro_y_reclamo/event_frames/CH07-E0007_00h14m33s000ms_abrupt_change.jpg"",""detail_crop"":"""",""transcript"":""references/video-audit/chapters/CH07_preautorizacion_seguro_y_reclamo/transcript_raw.txt""} | {""chapter_id"":""CH07"",""event_id"":""CH07-E0008"",""timestamp"":""00:14:44.400"",""image"":""references/video-audit/chapters/CH07_preautorizacion_seguro_y_reclamo/event_frames/CH07-E0008_00h14m44s400ms_abrupt_change.jpg"",""detail_crop"":"""",""transcript"":""references/video-audit/chapters/CH07_preautorizacion_seguro_y_reclamo/transcript_raw.txt""}","app/views.js; app/main.js","renderCases/case-quote-page","Estado mock persistido en localStorage; Supabase todavía no validado en runtime.","tests/e2e/ch03.spec.mjs","IMPLEMENTED_EXACT","","","Pagina la colección filtrada, permite elegir tamaño y mantiene límites de página válidos. | Persiste después de recargar cuando la acción modifica datos. | Respeta rol y organización. | Tiene prueba automatizada específica y prueba de navegador cuando corresponde."
"CH07-R005","VIDEO_REQUIREMENT","CH07","CH07-E0006 | CH07-E0007 | CH07-E0012 | CH07-E0013","00:14:32.400 | 00:14:33.000 | 00:15:48.000 | 00:15:48.600","quote_tracking_columns","Hospitalización","Cotizaciones","table","Paciente / DUI/NIT / Nro. / Estado / Envío preautorización / Respuesta seguro / Envío de reclamo / Creación / Total","Presenta las columnas observadas; las tres columnas de seguimiento no inventan estados y muestran una regla pendiente hasta aprobar la máquina oficial.","Datos sintéticos y alcance de la organización activa.","Entrada válida, estado vacío y error accionable sin revelar existencia de registros.","Permiso explícito de lectura o escritura aplicado en navegación, control, store y persistencia.","El estado visible cambia sólo después de completar la operación autorizada.","Error accesible y genérico; no mostrar éxito anticipado.","NO_APLICA","{""chapter_id"":""CH07"",""event_id"":""CH07-E0006"",""timestamp"":""00:14:32.400"",""image"":""references/video-audit/chapters/CH07_preautorizacion_seguro_y_reclamo/event_frames/CH07-E0006_00h14m32s400ms_abrupt_change.jpg"",""detail_crop"":""references/video-audit/chapters/CH07_preautorizacion_seguro_y_reclamo/detail_crops/CH07-E0006_00h14m32s400ms_DETAIL.jpg"",""transcript"":""references/video-audit/chapters/CH07_preautorizacion_seguro_y_reclamo/transcript_raw.txt""} | {""chapter_id"":""CH07"",""event_id"":""CH07-E0007"",""timestamp"":""00:14:33.000"",""image"":""references/video-audit/chapters/CH07_preautorizacion_seguro_y_reclamo/event_frames/CH07-E0007_00h14m33s000ms_abrupt_change.jpg"",""detail_crop"":"""",""transcript"":""references/video-audit/chapters/CH07_preautorizacion_seguro_y_reclamo/transcript_raw.txt""} | {""chapter_id"":""CH07"",""event_id"":""CH07-E0012"",""timestamp"":""00:15:48.000"",""image"":""references/video-audit/chapters/CH07_preautorizacion_seguro_y_reclamo/event_frames/CH07-E0012_00h15m48s000ms_abrupt_change.jpg"",""detail_crop"":"""",""transcript"":""references/video-audit/chapters/CH07_preautorizacion_seguro_y_reclamo/transcript_raw.txt""} | {""chapter_id"":""CH07"",""event_id"":""CH07-E0013"",""timestamp"":""00:15:48.600"",""image"":""references/video-audit/chapters/CH07_preautorizacion_seguro_y_reclamo/event_frames/CH07-E0013_00h15m48s600ms_stable_change.jpg"",""detail_crop"":"""",""transcript"":""references/video-audit/chapters/CH07_preautorizacion_seguro_y_reclamo/transcript_raw.txt""}","app/views.js","renderCases","Estado mock persistido en localStorage; Supabase todavía no validado en runtime.","tests/e2e/ch03.spec.mjs; tests/e2e/ch07.spec.mjs","IMPLEMENTED_PARTIAL","","CH07-Q001 | CH07-Q002","Presenta las columnas observadas; las tres columnas de seguimiento no inventan estados y muestran una regla pendiente hasta aprobar la máquina oficial. | Persiste después de recargar cuando la acción modifica datos. | Respeta rol y organización. | Tiene prueba automatizada específica y prueba de navegador cuando corresponde."
"CH07-R006","VIDEO_REQUIREMENT","CH07","CH07-E0008 | CH07-E0012 | CH07-E0013","00:14:44.400 | 00:15:48.000 | 00:15:48.600","quote_search","Hospitalización","Cotizaciones","search","Buscar cotizaciones","Busca por paciente, DUI/NIT, número, estado o comentario y actualiza el conjunto paginado.","Datos sintéticos y alcance de la organización activa.","Entrada válida, estado vacío y error accionable sin revelar existencia de registros.","Permiso explícito de lectura o escritura aplicado en navegación, control, store y persistencia.","El estado visible cambia sólo después de completar la operación autorizada.","Error accesible y genérico; no mostrar éxito anticipado.","NO_APLICA","{""chapter_id"":""CH07"",""event_id"":""CH07-E0008"",""timestamp"":""00:14:44.400"",""image"":""references/video-audit/chapters/CH07_preautorizacion_seguro_y_reclamo/event_frames/CH07-E0008_00h14m44s400ms_abrupt_change.jpg"",""detail_crop"":"""",""transcript"":""references/video-audit/chapters/CH07_preautorizacion_seguro_y_reclamo/transcript_raw.txt""} | {""chapter_id"":""CH07"",""event_id"":""CH07-E0012"",""timestamp"":""00:15:48.000"",""image"":""references/video-audit/chapters/CH07_preautorizacion_seguro_y_reclamo/event_frames/CH07-E0012_00h15m48s000ms_abrupt_change.jpg"",""detail_crop"":"""",""transcript"":""references/video-audit/chapters/CH07_preautorizacion_seguro_y_reclamo/transcript_raw.txt""} | {""chapter_id"":""CH07"",""event_id"":""CH07-E0013"",""timestamp"":""00:15:48.600"",""image"":""references/video-audit/chapters/CH07_preautorizacion_seguro_y_reclamo/event_frames/CH07-E0013_00h15m48s600ms_stable_change.jpg"",""detail_crop"":"""",""transcript"":""references/video-audit/chapters/CH07_preautorizacion_seguro_y_reclamo/transcript_raw.txt""}","app/views.js; app/main.js","renderCases/data-ui-search","Estado mock persistido en localStorage; Supabase todavía no validado en runtime.","tests/ch07-insurance-send.test.mjs; tests/e2e/ch07.spec.mjs","IMPLEMENTED_EXACT","","","Busca por paciente, DUI/NIT, número, estado o comentario y actualiza el conjunto paginado. | Persiste después de recargar cuando la acción modifica datos. | Respeta rol y organización. | Tiene prueba automatizada específica y prueba de navegador cuando corresponde."
"CH07-R007","VIDEO_REQUIREMENT","CH07","CH07-E0009 | CH07-E0010 | CH07-E0014 | CH07-E0015 | CH07-E0016","00:14:48.800 | 00:14:49.600 | 00:16:02.600 | 00:16:04.800 | 00:16:05.400","row_context_menu","Hospitalización","Cotizaciones","menu","Editar / Duplicar / Versiones / Imprimir / Enviar / Envíos al seguro / Historial de envíos / Eliminar","Expone el menú y submenús observados; sólo habilita acciones con semántica segura y deja las demás visibles y bloqueadas.","Datos sintéticos y alcance de la organización activa.","Entrada válida, estado vacío y error accionable sin revelar existencia de registros.","Permiso explícito de lectura o escritura aplicado en navegación, control, store y persistencia.","El estado visible cambia sólo después de completar la operación autorizada.","Error accesible y genérico; no mostrar éxito anticipado.","NO_APLICA","{""chapter_id"":""CH07"",""event_id"":""CH07-E0009"",""timestamp"":""00:14:48.800"",""image"":""references/video-audit/chapters/CH07_preautorizacion_seguro_y_reclamo/event_frames/CH07-E0009_00h14m48s800ms_abrupt_change.jpg"",""detail_crop"":""references/video-audit/chapters/CH07_preautorizacion_seguro_y_reclamo/detail_crops/CH07-E0009_00h14m48s800ms_DETAIL.jpg"",""transcript"":""references/video-audit/chapters/CH07_preautorizacion_seguro_y_reclamo/transcript_raw.txt""} | {""chapter_id"":""CH07"",""event_id"":""CH07-E0010"",""timestamp"":""00:14:49.600"",""image"":""references/video-audit/chapters/CH07_preautorizacion_seguro_y_reclamo/event_frames/CH07-E0010_00h14m49s600ms_stable_change.jpg"",""detail_crop"":""references/video-audit/chapters/CH07_preautorizacion_seguro_y_reclamo/detail_crops/CH07-E0010_00h14m49s600ms_DETAIL.jpg"",""transcript"":""references/video-audit/chapters/CH07_preautorizacion_seguro_y_reclamo/transcript_raw.txt""} | {""chapter_id"":""CH07"",""event_id"":""CH07-E0014"",""timestamp"":""00:16:02.600"",""image"":""references/video-audit/chapters/CH07_preautorizacion_seguro_y_reclamo/event_frames/CH07-E0014_00h16m02s600ms_motion_progress.jpg"",""detail_crop"":""references/video-audit/chapters/CH07_preautorizacion_seguro_y_reclamo/detail_crops/CH07-E0014_00h16m02s600ms_DETAIL.jpg"",""transcript"":""references/video-audit/chapters/CH07_preautorizacion_seguro_y_reclamo/transcript_raw.txt""} | {""chapter_id"":""CH07"",""event_id"":""CH07-E0015"",""timestamp"":""00:16:04.800"",""image"":""references/video-audit/chapters/CH07_preautorizacion_seguro_y_reclamo/event_frames/CH07-E0015_00h16m04s800ms_motion_progress.jpg"",""detail_crop"":""references/video-audit/chapters/CH07_preautorizacion_seguro_y_reclamo/detail_crops/CH07-E0015_00h16m04s800ms_DETAIL.jpg"",""transcript"":""references/video-audit/chapters/CH07_preautorizacion_seguro_y_reclamo/transcript_raw.txt""} | {""chapter_id"":""CH07"",""event_id"":""CH07-E0016"",""timestamp"":""00:16:05.400"",""image"":""references/video-audit/chapters/CH07_preautorizacion_seguro_y_reclamo/event_frames/CH07-E0016_00h16m05s400ms_stable_change.jpg"",""detail_crop"":""references/video-audit/chapters/CH07_preautorizacion_seguro_y_reclamo/detail_crops/CH07-E0016_00h16m05s400ms_DETAIL.jpg"",""transcript"":""references/video-audit/chapters/CH07_preautorizacion_seguro_y_reclamo/transcript_raw.txt""}","app/views.js; app/styles.css","quoteRowMenu","Estado mock persistido en localStorage; Supabase todavía no validado en runtime.","tests/ch07-insurance-send.test.mjs; tests/e2e/ch07.spec.mjs","IMPLEMENTED_EXACT","","","Expone el menú y submenús observados; sólo habilita acciones con semántica segura y deja las demás visibles y bloqueadas. | Persiste después de recargar cuando la acción modifica datos. | Respeta rol y organización. | Tiene prueba automatizada específica y prueba de navegador cuando corresponde."
"CH07-R008","VIDEO_REQUIREMENT","CH07","CH07-E0009","00:14:48.800","quote_mutation_actions","Hospitalización","Cotizaciones","menu_actions","Editar / Duplicar / Versiones / Eliminar","Permite editar sólo borradores o crear una nueva versión y consultar versiones; duplicación y eliminación quedan bloqueadas hasta confirmar permisos y semántica.","Datos sintéticos y alcance de la organización activa.","Entrada válida, estado vacío y error accionable sin revelar existencia de registros.","Permiso explícito de lectura o escritura aplicado en navegación, control, store y persistencia.","El estado visible cambia sólo después de completar la operación autorizada.","Error accesible y genérico; no mostrar éxito anticipado.","NO_APLICA","{""chapter_id"":""CH07"",""event_id"":""CH07-E0009"",""timestamp"":""00:14:48.800"",""image"":""references/video-audit/chapters/CH07_preautorizacion_seguro_y_reclamo/event_frames/CH07-E0009_00h14m48s800ms_abrupt_change.jpg"",""detail_crop"":""references/video-audit/chapters/CH07_preautorizacion_seguro_y_reclamo/detail_crops/CH07-E0009_00h14m48s800ms_DETAIL.jpg"",""transcript"":""references/video-audit/chapters/CH07_preautorizacion_seguro_y_reclamo/transcript_raw.txt""}","app/views.js; app/store.js","quoteRowMenu/updateQuoteDraft/reviseQuote","Estado mock persistido en localStorage; Supabase todavía no validado en runtime.","tests/p0-immutable-records.test.mjs; tests/e2e/ch07.spec.mjs","IMPLEMENTED_PARTIAL","","CH07-Q004","Permite editar sólo borradores o crear una nueva versión y consultar versiones; duplicación y eliminación quedan bloqueadas hasta confirmar permisos y semántica. | Persiste después de recargar cuando la acción modifica datos. | Respeta rol y organización. | Tiene prueba automatizada específica y prueba de navegador cuando corresponde."
"CH07-R009","VIDEO_REQUIREMENT","CH07","CH07-E0010 | CH07-E0015","00:14:49.600 | 00:16:04.800","quote_print_menu","Hospitalización","Cotizaciones","print_menu","Excel / Detalle de servicio / Cotización / Factura / Cotización internacional / Factura internacional","Muestra todas las variantes observadas, imprime la cotización provisional y bloquea formatos fiscales o no definidos.","Datos sintéticos y alcance de la organización activa.","Entrada válida, estado vacío y error accionable sin revelar existencia de registros.","Permiso explícito de lectura o escritura aplicado en navegación, control, store y persistencia.","El estado visible cambia sólo después de completar la operación autorizada.","Error accesible y genérico; no mostrar éxito anticipado.","NO_APLICA","{""chapter_id"":""CH07"",""event_id"":""CH07-E0010"",""timestamp"":""00:14:49.600"",""image"":""references/video-audit/chapters/CH07_preautorizacion_seguro_y_reclamo/event_frames/CH07-E0010_00h14m49s600ms_stable_change.jpg"",""detail_crop"":""references/video-audit/chapters/CH07_preautorizacion_seguro_y_reclamo/detail_crops/CH07-E0010_00h14m49s600ms_DETAIL.jpg"",""transcript"":""references/video-audit/chapters/CH07_preautorizacion_seguro_y_reclamo/transcript_raw.txt""} | {""chapter_id"":""CH07"",""event_id"":""CH07-E0015"",""timestamp"":""00:16:04.800"",""image"":""references/video-audit/chapters/CH07_preautorizacion_seguro_y_reclamo/event_frames/CH07-E0015_00h16m04s800ms_motion_progress.jpg"",""detail_crop"":""references/video-audit/chapters/CH07_preautorizacion_seguro_y_reclamo/detail_crops/CH07-E0015_00h16m04s800ms_DETAIL.jpg"",""transcript"":""references/video-audit/chapters/CH07_preautorizacion_seguro_y_reclamo/transcript_raw.txt""}","app/views.js; app/main.js; app/templates.js","quoteRowMenu/printQuote/quoteDocument","Estado mock persistido en localStorage; Supabase todavía no validado en runtime.","tests/e2e/ch07.spec.mjs","IMPLEMENTED_PARTIAL","","CH07-Q008","Muestra todas las variantes observadas, imprime la cotización provisional y bloquea formatos fiscales o no definidos. | Persiste después de recargar cuando la acción modifica datos. | Respeta rol y organización. | Tiene prueba automatizada específica y prueba de navegador cuando corresponde."
"CH07-R010","VIDEO_REQUIREMENT","CH07","CH07-E0009 | CH07-E0014","00:14:48.800 | 00:16:02.600","quote_send_menu","Hospitalización","Cotizaciones","menu","Enviar / E-mail / Whatsapp","Ofrece ambos canales a versiones editables y confirma la solicitud sólo después de la operación autoritativa.","Datos sintéticos y alcance de la organización activa.","Entrada válida, estado vacío y error accionable sin revelar existencia de registros.","Permiso explícito de lectura o escritura aplicado en navegación, control, store y persistencia.","El estado visible cambia sólo después de completar la operación autorizada.","Error accesible y genérico; no mostrar éxito anticipado.","NO_APLICA","{""chapter_id"":""CH07"",""event_id"":""CH07-E0009"",""timestamp"":""00:14:48.800"",""image"":""references/video-audit/chapters/CH07_preautorizacion_seguro_y_reclamo/event_frames/CH07-E0009_00h14m48s800ms_abrupt_change.jpg"",""detail_crop"":""references/video-audit/chapters/CH07_preautorizacion_seguro_y_reclamo/detail_crops/CH07-E0009_00h14m48s800ms_DETAIL.jpg"",""transcript"":""references/video-audit/chapters/CH07_preautorizacion_seguro_y_reclamo/transcript_raw.txt""} | {""chapter_id"":""CH07"",""event_id"":""CH07-E0014"",""timestamp"":""00:16:02.600"",""image"":""references/video-audit/chapters/CH07_preautorizacion_seguro_y_reclamo/event_frames/CH07-E0014_00h16m02s600ms_motion_progress.jpg"",""detail_crop"":""references/video-audit/chapters/CH07_preautorizacion_seguro_y_reclamo/detail_crops/CH07-E0014_00h16m02s600ms_DETAIL.jpg"",""transcript"":""references/video-audit/chapters/CH07_preautorizacion_seguro_y_reclamo/transcript_raw.txt""}","app/views.js; app/main.js; app/store.js","quoteRowMenu/send-quote/sendQuote","Estado mock persistido en localStorage; Supabase todavía no validado en runtime.","tests/ch07-insurance-send.test.mjs; tests/e2e/ch07.spec.mjs","IMPLEMENTED_EXACT","","","Ofrece ambos canales a versiones editables y confirma la solicitud sólo después de la operación autoritativa. | Persiste después de recargar cuando la acción modifica datos. | Respeta rol y organización. | Tiene prueba automatizada específica y prueba de navegador cuando corresponde."
"CH07-R011","VIDEO_REQUIREMENT","CH07","CH07-E0011 | CH07-E0012","00:14:52.000 | 00:15:48.000","one_click_pdf_whatsapp","Hospitalización","Cotizaciones","external_delivery","Generar PDF y enviar por WhatsApp","Confirmar si producción debe enviar siempre un enlace seguro en vez de adjuntar una cotización con detalle potencialmente clínico.","Datos sintéticos y alcance de la organización activa.","Entrada válida, estado vacío y error accionable sin revelar existencia de registros.","Permiso explícito de lectura o escritura aplicado en navegación, control, store y persistencia.","El estado visible cambia sólo después de completar la operación autorizada.","Error accesible y genérico; no mostrar éxito anticipado.","NO_APLICA","{""chapter_id"":""CH07"",""event_id"":""CH07-E0011"",""timestamp"":""00:14:52.000"",""image"":""references/video-audit/chapters/CH07_preautorizacion_seguro_y_reclamo/event_frames/CH07-E0011_00h14m52s000ms_abrupt_change.jpg"",""detail_crop"":""references/video-audit/chapters/CH07_preautorizacion_seguro_y_reclamo/detail_crops/CH07-E0011_00h14m52s000ms_DETAIL.jpg"",""transcript"":""references/video-audit/chapters/CH07_preautorizacion_seguro_y_reclamo/transcript_raw.txt""} | {""chapter_id"":""CH07"",""event_id"":""CH07-E0012"",""timestamp"":""00:15:48.000"",""image"":""references/video-audit/chapters/CH07_preautorizacion_seguro_y_reclamo/event_frames/CH07-E0012_00h15m48s000ms_abrupt_change.jpg"",""detail_crop"":"""",""transcript"":""references/video-audit/chapters/CH07_preautorizacion_seguro_y_reclamo/transcript_raw.txt""}","app/store.js; api/notifications.js","sendQuote/queueNotification","Estado mock persistido en localStorage; Supabase todavía no validado en runtime.","tests/ch07-insurance-send.test.mjs","NEEDS_CLIENT_CONFIRMATION","","CH07-Q010","Confirmar si producción debe enviar siempre un enlace seguro en vez de adjuntar una cotización con detalle potencialmente clínico. | Persiste después de recargar cuando la acción modifica datos. | Respeta rol y organización. | Tiene prueba automatizada específica y prueba de navegador cuando corresponde."
"CH07-R012","VIDEO_REQUIREMENT","CH07","CH07-E0009 | CH07-E0014","00:14:48.800 | 00:16:02.600","insurance_history_access","Hospitalización","Cotizaciones","menu_actions","Envíos al seguro / Historial de envíos","Abre la actualización auditada del seguro y enlaza al detalle con historial de seguro y versiones.","Datos sintéticos y alcance de la organización activa.","Entrada válida, estado vacío y error accionable sin revelar existencia de registros.","Permiso explícito de lectura o escritura aplicado en navegación, control, store y persistencia.","El estado visible cambia sólo después de completar la operación autorizada.","Error accesible y genérico; no mostrar éxito anticipado.","NO_APLICA","{""chapter_id"":""CH07"",""event_id"":""CH07-E0009"",""timestamp"":""00:14:48.800"",""image"":""references/video-audit/chapters/CH07_preautorizacion_seguro_y_reclamo/event_frames/CH07-E0009_00h14m48s800ms_abrupt_change.jpg"",""detail_crop"":""references/video-audit/chapters/CH07_preautorizacion_seguro_y_reclamo/detail_crops/CH07-E0009_00h14m48s800ms_DETAIL.jpg"",""transcript"":""references/video-audit/chapters/CH07_preautorizacion_seguro_y_reclamo/transcript_raw.txt""} | {""chapter_id"":""CH07"",""event_id"":""CH07-E0014"",""timestamp"":""00:16:02.600"",""image"":""references/video-audit/chapters/CH07_preautorizacion_seguro_y_reclamo/event_frames/CH07-E0014_00h16m02s600ms_motion_progress.jpg"",""detail_crop"":""references/video-audit/chapters/CH07_preautorizacion_seguro_y_reclamo/detail_crops/CH07-E0014_00h16m02s600ms_DETAIL.jpg"",""transcript"":""references/video-audit/chapters/CH07_preautorizacion_seguro_y_reclamo/transcript_raw.txt""}","app/views.js; app/main.js","quoteRowMenu/openInsuranceStatus/renderQuoteDetailContent","Estado mock persistido en localStorage; Supabase todavía no validado en runtime.","tests/e2e/ch07.spec.mjs","IMPLEMENTED_EXACT","","","Abre la actualización auditada del seguro y enlaza al detalle con historial de seguro y versiones. | Persiste después de recargar cuando la acción modifica datos. | Respeta rol y organización. | Tiene prueba automatizada específica y prueba de navegador cuando corresponde."
"CH07-R013","VIDEO_REQUIREMENT","CH07","CH07-E0017 | CH07-E0018","00:16:06.400 | 00:16:08.200","inline_status","Hospitalización","Cotizaciones","status_button","Estado interactivo","El estado abre un control accesible para transición; se usa un modal auditado en vez del selector inline mientras no se confirme el catálogo observado.","Datos sintéticos y alcance de la organización activa.","Entrada válida, estado vacío y error accionable sin revelar existencia de registros.","Permiso explícito de lectura o escritura aplicado en navegación, control, store y persistencia.","El estado visible cambia sólo después de completar la operación autorizada.","Error accesible y genérico; no mostrar éxito anticipado.","NO_APLICA","{""chapter_id"":""CH07"",""event_id"":""CH07-E0017"",""timestamp"":""00:16:06.400"",""image"":""references/video-audit/chapters/CH07_preautorizacion_seguro_y_reclamo/event_frames/CH07-E0017_00h16m06s400ms_stable_change.jpg"",""detail_crop"":""references/video-audit/chapters/CH07_preautorizacion_seguro_y_reclamo/detail_crops/CH07-E0017_00h16m06s400ms_DETAIL.jpg"",""transcript"":""references/video-audit/chapters/CH07_preautorizacion_seguro_y_reclamo/transcript_raw.txt""} | {""chapter_id"":""CH07"",""event_id"":""CH07-E0018"",""timestamp"":""00:16:08.200"",""image"":""references/video-audit/chapters/CH07_preautorizacion_seguro_y_reclamo/event_frames/CH07-E0018_00h16m08s200ms_settled.jpg"",""detail_crop"":""references/video-audit/chapters/CH07_preautorizacion_seguro_y_reclamo/detail_crops/CH07-E0018_00h16m08s200ms_DETAIL.jpg"",""transcript"":""references/video-audit/chapters/CH07_preautorizacion_seguro_y_reclamo/transcript_raw.txt""}","app/views.js; app/main.js","interactive-badge/openInsuranceStatus","Estado mock persistido en localStorage; Supabase todavía no validado en runtime.","tests/e2e/ch07.spec.mjs","IMPLEMENTED_PARTIAL","","CH07-Q001 | CH07-Q002","El estado abre un control accesible para transición; se usa un modal auditado en vez del selector inline mientras no se confirme el catálogo observado. | Persiste después de recargar cuando la acción modifica datos. | Respeta rol y organización. | Tiene prueba automatizada específica y prueba de navegador cuando corresponde."
"CH07-R014","VIDEO_REQUIREMENT","CH07","CH07-E0018","00:16:08.200","observed_status_catalog","Hospitalización","Cotizaciones","status_options","Pre aprobación / Poner en ejecución / Rechazar / No aplica","No habilita equivalencias ni efectos hasta definir semántica, precondiciones, permisos y correspondencia con estados internos.","Datos sintéticos y alcance de la organización activa.","Entrada válida, estado vacío y error accionable sin revelar existencia de registros.","Permiso explícito de lectura o escritura aplicado en navegación, control, store y persistencia.","El estado visible cambia sólo después de completar la operación autorizada.","Error accesible y genérico; no mostrar éxito anticipado.","NO_APLICA","{""chapter_id"":""CH07"",""event_id"":""CH07-E0018"",""timestamp"":""00:16:08.200"",""image"":""references/video-audit/chapters/CH07_preautorizacion_seguro_y_reclamo/event_frames/CH07-E0018_00h16m08s200ms_settled.jpg"",""detail_crop"":""references/video-audit/chapters/CH07_preautorizacion_seguro_y_reclamo/detail_crops/CH07-E0018_00h16m08s200ms_DETAIL.jpg"",""transcript"":""references/video-audit/chapters/CH07_preautorizacion_seguro_y_reclamo/transcript_raw.txt""}","app/domain.js; docs/OPEN_QUESTIONS.md","QUOTE_STATUS_FLOW/canTransitionQuote","Estado mock persistido en localStorage; Supabase todavía no validado en runtime.","tests/domain.test.mjs","NEEDS_CLIENT_CONFIRMATION","","CH07-Q001 | CH07-Q002","No habilita equivalencias ni efectos hasta definir semántica, precondiciones, permisos y correspondencia con estados internos. | Persiste después de recargar cuando la acción modifica datos. | Respeta rol y organización. | Tiene prueba automatizada específica y prueba de navegador cuando corresponde."
"CH07-R015","VIDEO_REQUIREMENT","CH07","CH07-E0018","00:16:08.200","insurance_response_data","Actualizar seguro","","form","Monto aprobado / Número de reclamo o autorización / Observación","Valida y persiste el monto en rango, referencia acotada y observación obligatoria dentro del expediente de seguro sin alterar la versión cotizada.","Datos sintéticos y alcance de la organización activa.","Entrada válida, estado vacío y error accionable sin revelar existencia de registros.","Permiso explícito de lectura o escritura aplicado en navegación, control, store y persistencia.","El estado visible cambia sólo después de completar la operación autorizada.","Error accesible y genérico; no mostrar éxito anticipado.","NO_APLICA","{""chapter_id"":""CH07"",""event_id"":""CH07-E0018"",""timestamp"":""00:16:08.200"",""image"":""references/video-audit/chapters/CH07_preautorizacion_seguro_y_reclamo/event_frames/CH07-E0018_00h16m08s200ms_settled.jpg"",""detail_crop"":""references/video-audit/chapters/CH07_preautorizacion_seguro_y_reclamo/detail_crops/CH07-E0018_00h16m08s200ms_DETAIL.jpg"",""transcript"":""references/video-audit/chapters/CH07_preautorizacion_seguro_y_reclamo/transcript_raw.txt""}","app/main.js; app/store.js; supabase/migrations/202608270003_ch07_insurance_send_integrity.sql","openInsuranceStatus/updateQuoteStatus/transition_quote_insurance_status","Estado mock persistido en localStorage; Supabase todavía no validado en runtime.","tests/ch07-insurance-send.test.mjs; tests/e2e/ch07.spec.mjs","IMPLEMENTED_EXACT","","","Valida y persiste el monto en rango, referencia acotada y observación obligatoria dentro del expediente de seguro sin alterar la versión cotizada. | Persiste después de recargar cuando la acción modifica datos. | Respeta rol y organización. | Tiene prueba automatizada específica y prueba de navegador cuando corresponde."
"CH07-R016","VIDEO_REQUIREMENT","CH07","CH07-E0001 | CH07-E0018","00:14:26.600 | 00:16:08.200","error_behavior","Cotizaciones / Seguro","","error_state","Validaciones y errores","El capítulo no provoca entradas inválidas, fallos remotos ni mensajes de error; su presentación exacta no es atribuible al video.","Datos sintéticos y alcance de la organización activa.","Entrada válida, estado vacío y error accionable sin revelar existencia de registros.","Permiso explícito de lectura o escritura aplicado en navegación, control, store y persistencia.","El estado visible cambia sólo después de completar la operación autorizada.","Error accesible y genérico; no mostrar éxito anticipado.","NO_APLICA","{""chapter_id"":""CH07"",""event_id"":""CH07-E0001"",""timestamp"":""00:14:26.600"",""image"":""references/video-audit/chapters/CH07_preautorizacion_seguro_y_reclamo/event_frames/CH07-E0001_00h14m26s600ms_settled.jpg"",""detail_crop"":""references/video-audit/chapters/CH07_preautorizacion_seguro_y_reclamo/detail_crops/CH07-E0001_00h14m26s600ms_DETAIL.jpg"",""transcript"":""references/video-audit/chapters/CH07_preautorizacion_seguro_y_reclamo/transcript_raw.txt""} | {""chapter_id"":""CH07"",""event_id"":""CH07-E0018"",""timestamp"":""00:16:08.200"",""image"":""references/video-audit/chapters/CH07_preautorizacion_seguro_y_reclamo/event_frames/CH07-E0018_00h16m08s200ms_settled.jpg"",""detail_crop"":""references/video-audit/chapters/CH07_preautorizacion_seguro_y_reclamo/detail_crops/CH07-E0018_00h16m08s200ms_DETAIL.jpg"",""transcript"":""references/video-audit/chapters/CH07_preautorizacion_seguro_y_reclamo/transcript_raw.txt""}","app/main.js; app/store.js","runSafely/updateQuoteStatus","Estado mock persistido en localStorage; Supabase todavía no validado en runtime.","tests/ch07-insurance-send.test.mjs","NOT_TESTABLE","","","El capítulo no provoca entradas inválidas, fallos remotos ni mensajes de error; su presentación exacta no es atribuible al video. | Persiste después de recargar cuando la acción modifica datos. | Respeta rol y organización. | Tiene prueba automatizada específica y prueba de navegador cuando corresponde."
"CH07-R017","VIDEO_REQUIREMENT","CH07","CH07-E0010 | CH07-E0011 | CH07-E0014 | CH07-E0015","00:14:49.600 | 00:14:52.000 | 00:16:02.600 | 00:16:04.800","external_result","Hospitalización","Cotizaciones","external_result","Resultado de impresión y envío","El clip muestra menús y narración, pero no una salida de impresión ni confirmación de entrega verificable.","Datos sintéticos y alcance de la organización activa.","Entrada válida, estado vacío y error accionable sin revelar existencia de registros.","Permiso explícito de lectura o escritura aplicado en navegación, control, store y persistencia.","El estado visible cambia sólo después de completar la operación autorizada.","Error accesible y genérico; no mostrar éxito anticipado.","NO_APLICA","{""chapter_id"":""CH07"",""event_id"":""CH07-E0010"",""timestamp"":""00:14:49.600"",""image"":""references/video-audit/chapters/CH07_preautorizacion_seguro_y_reclamo/event_frames/CH07-E0010_00h14m49s600ms_stable_change.jpg"",""detail_crop"":""references/video-audit/chapters/CH07_preautorizacion_seguro_y_reclamo/detail_crops/CH07-E0010_00h14m49s600ms_DETAIL.jpg"",""transcript"":""references/video-audit/chapters/CH07_preautorizacion_seguro_y_reclamo/transcript_raw.txt""} | {""chapter_id"":""CH07"",""event_id"":""CH07-E0011"",""timestamp"":""00:14:52.000"",""image"":""references/video-audit/chapters/CH07_preautorizacion_seguro_y_reclamo/event_frames/CH07-E0011_00h14m52s000ms_abrupt_change.jpg"",""detail_crop"":""references/video-audit/chapters/CH07_preautorizacion_seguro_y_reclamo/detail_crops/CH07-E0011_00h14m52s000ms_DETAIL.jpg"",""transcript"":""references/video-audit/chapters/CH07_preautorizacion_seguro_y_reclamo/transcript_raw.txt""} | {""chapter_id"":""CH07"",""event_id"":""CH07-E0014"",""timestamp"":""00:16:02.600"",""image"":""references/video-audit/chapters/CH07_preautorizacion_seguro_y_reclamo/event_frames/CH07-E0014_00h16m02s600ms_motion_progress.jpg"",""detail_crop"":""references/video-audit/chapters/CH07_preautorizacion_seguro_y_reclamo/detail_crops/CH07-E0014_00h16m02s600ms_DETAIL.jpg"",""transcript"":""references/video-audit/chapters/CH07_preautorizacion_seguro_y_reclamo/transcript_raw.txt""} | {""chapter_id"":""CH07"",""event_id"":""CH07-E0015"",""timestamp"":""00:16:04.800"",""image"":""references/video-audit/chapters/CH07_preautorizacion_seguro_y_reclamo/event_frames/CH07-E0015_00h16m04s800ms_motion_progress.jpg"",""detail_crop"":""references/video-audit/chapters/CH07_preautorizacion_seguro_y_reclamo/detail_crops/CH07-E0015_00h16m04s800ms_DETAIL.jpg"",""transcript"":""references/video-audit/chapters/CH07_preautorizacion_seguro_y_reclamo/transcript_raw.txt""}","app/main.js; app/templates.js","printQuote/sendQuote","Estado mock persistido en localStorage; Supabase todavía no validado en runtime.","tests/e2e/ch07.spec.mjs","NOT_TESTABLE","","","El clip muestra menús y narración, pero no una salida de impresión ni confirmación de entrega verificable. | Persiste después de recargar cuando la acción modifica datos. | Respeta rol y organización. | Tiene prueba automatizada específica y prueba de navegador cuando corresponde."
"CH07-R018","VIDEO_REQUIREMENT","CH07","CH07-E0009 | CH07-E0014 | CH07-E0018","00:14:48.800 | 00:16:02.600 | 00:16:08.200","action_permissions","Hospitalización","Cotizaciones","authorization","Permisos por acción","Confirmar qué roles pueden enviar al paciente/seguro, cambiar estado, rechazar, duplicar o eliminar; la plataforma mantiene separación provisional quotes:write e insurance:write.","Datos sintéticos y alcance de la organización activa.","Entrada válida, estado vacío y error accionable sin revelar existencia de registros.","Permiso explícito de lectura o escritura aplicado en navegación, control, store y persistencia.","El estado visible cambia sólo después de completar la operación autorizada.","Error accesible y genérico; no mostrar éxito anticipado.","NO_APLICA","{""chapter_id"":""CH07"",""event_id"":""CH07-E0009"",""timestamp"":""00:14:48.800"",""image"":""references/video-audit/chapters/CH07_preautorizacion_seguro_y_reclamo/event_frames/CH07-E0009_00h14m48s800ms_abrupt_change.jpg"",""detail_crop"":""references/video-audit/chapters/CH07_preautorizacion_seguro_y_reclamo/detail_crops/CH07-E0009_00h14m48s800ms_DETAIL.jpg"",""transcript"":""references/video-audit/chapters/CH07_preautorizacion_seguro_y_reclamo/transcript_raw.txt""} | {""chapter_id"":""CH07"",""event_id"":""CH07-E0014"",""timestamp"":""00:16:02.600"",""image"":""references/video-audit/chapters/CH07_preautorizacion_seguro_y_reclamo/event_frames/CH07-E0014_00h16m02s600ms_motion_progress.jpg"",""detail_crop"":""references/video-audit/chapters/CH07_preautorizacion_seguro_y_reclamo/detail_crops/CH07-E0014_00h16m02s600ms_DETAIL.jpg"",""transcript"":""references/video-audit/chapters/CH07_preautorizacion_seguro_y_reclamo/transcript_raw.txt""} | {""chapter_id"":""CH07"",""event_id"":""CH07-E0018"",""timestamp"":""00:16:08.200"",""image"":""references/video-audit/chapters/CH07_preautorizacion_seguro_y_reclamo/event_frames/CH07-E0018_00h16m08s200ms_settled.jpg"",""detail_crop"":""references/video-audit/chapters/CH07_preautorizacion_seguro_y_reclamo/detail_crops/CH07-E0018_00h16m08s200ms_DETAIL.jpg"",""transcript"":""references/video-audit/chapters/CH07_preautorizacion_seguro_y_reclamo/transcript_raw.txt""}","app/main.js; app/domain.js","ACTION_PERMISSIONS/roleCan","Estado mock persistido en localStorage; Supabase todavía no validado en runtime.","tests/domain.test.mjs; tests/e2e/ch07.spec.mjs","NEEDS_CLIENT_CONFIRMATION","","CH07-Q004","Confirmar qué roles pueden enviar al paciente/seguro, cambiar estado, rechazar, duplicar o eliminar; la plataforma mantiene separación provisional quotes:write e insurance:write. | Persiste después de recargar cuando la acción modifica datos. | Respeta rol y organización. | Tiene prueba automatizada específica y prueba de navegador cuando corresponde."
"CH07-H001","PLATFORM_HARDENING","CH07","CH07-E0009 | CH07-E0014","00:14:48.800 | 00:16:02.600","atomic_quote_send","Cotizaciones","","transaction","Enviar versión y encolar notificación","Bloquea la versión y crea la notificación segura en una sola transacción autoritativa; el cliente muta su espejo sólo tras confirmación.","Datos sintéticos y alcance de la organización activa.","Entrada válida, estado vacío y error accionable sin revelar existencia de registros.","Permiso explícito de lectura o escritura aplicado en navegación, control, store y persistencia.","El estado visible cambia sólo después de completar la operación autorizada.","Error accesible y genérico; no mostrar éxito anticipado.","NO_APLICA","{""chapter_id"":""CH07"",""event_id"":""CH07-E0009"",""timestamp"":""00:14:48.800"",""image"":""references/video-audit/chapters/CH07_preautorizacion_seguro_y_reclamo/event_frames/CH07-E0009_00h14m48s800ms_abrupt_change.jpg"",""detail_crop"":""references/video-audit/chapters/CH07_preautorizacion_seguro_y_reclamo/detail_crops/CH07-E0009_00h14m48s800ms_DETAIL.jpg"",""transcript"":""references/video-audit/chapters/CH07_preautorizacion_seguro_y_reclamo/transcript_raw.txt""} | {""chapter_id"":""CH07"",""event_id"":""CH07-E0014"",""timestamp"":""00:16:02.600"",""image"":""references/video-audit/chapters/CH07_preautorizacion_seguro_y_reclamo/event_frames/CH07-E0014_00h16m02s600ms_motion_progress.jpg"",""detail_crop"":""references/video-audit/chapters/CH07_preautorizacion_seguro_y_reclamo/detail_crops/CH07-E0014_00h16m02s600ms_DETAIL.jpg"",""transcript"":""references/video-audit/chapters/CH07_preautorizacion_seguro_y_reclamo/transcript_raw.txt""}","app/store.js; app/supabase-adapter.js; supabase/migrations/202608270003_ch07_insurance_send_integrity.sql","sendQuote/send_quote_version_and_queue","Estado mock persistido en localStorage; Supabase todavía no validado en runtime.","tests/ch07-insurance-send.test.mjs","IMPLEMENTED_EXACT","","","Bloquea la versión y crea la notificación segura en una sola transacción autoritativa; el cliente muta su espejo sólo tras confirmación. | Persiste después de recargar cuando la acción modifica datos. | Respeta rol y organización. | Tiene prueba automatizada específica y prueba de navegador cuando corresponde."
"CH07-H002","PLATFORM_HARDENING","CH07","CH07-E0018","00:16:08.200","atomic_insurance_transition","Actualizar seguro","","transaction","Transición de seguro completa","Bloquea quote y request, valida transición e importe y escribe request, ambos historiales, auditoría y notificación dentro de una transacción.","Datos sintéticos y alcance de la organización activa.","Entrada válida, estado vacío y error accionable sin revelar existencia de registros.","Permiso explícito de lectura o escritura aplicado en navegación, control, store y persistencia.","El estado visible cambia sólo después de completar la operación autorizada.","Error accesible y genérico; no mostrar éxito anticipado.","NO_APLICA","{""chapter_id"":""CH07"",""event_id"":""CH07-E0018"",""timestamp"":""00:16:08.200"",""image"":""references/video-audit/chapters/CH07_preautorizacion_seguro_y_reclamo/event_frames/CH07-E0018_00h16m08s200ms_settled.jpg"",""detail_crop"":""references/video-audit/chapters/CH07_preautorizacion_seguro_y_reclamo/detail_crops/CH07-E0018_00h16m08s200ms_DETAIL.jpg"",""transcript"":""references/video-audit/chapters/CH07_preautorizacion_seguro_y_reclamo/transcript_raw.txt""}","app/store.js; app/supabase-adapter.js; supabase/migrations/202608270003_ch07_insurance_send_integrity.sql","updateQuoteStatus/transition_quote_insurance_status","Estado mock persistido en localStorage; Supabase todavía no validado en runtime.","tests/ch07-insurance-send.test.mjs","IMPLEMENTED_EXACT","","","Bloquea quote y request, valida transición e importe y escribe request, ambos historiales, auditoría y notificación dentro de una transacción. | Persiste después de recargar cuando la acción modifica datos. | Respeta rol y organización. | Tiene prueba automatizada específica y prueba de navegador cuando corresponde."
"CH07-H003","PLATFORM_HARDENING","CH07","CH07-E0018","00:16:08.200","insurance_rls_boundary","Persistencia","","rls","Seguro mutable sólo por RPC","Niega INSERT, UPDATE y DELETE directos a roles autenticados sobre solicitudes y eventos de seguro.","Datos sintéticos y alcance de la organización activa.","Entrada válida, estado vacío y error accionable sin revelar existencia de registros.","Permiso explícito de lectura o escritura aplicado en navegación, control, store y persistencia.","El estado visible cambia sólo después de completar la operación autorizada.","Error accesible y genérico; no mostrar éxito anticipado.","NO_APLICA","{""chapter_id"":""CH07"",""event_id"":""CH07-E0018"",""timestamp"":""00:16:08.200"",""image"":""references/video-audit/chapters/CH07_preautorizacion_seguro_y_reclamo/event_frames/CH07-E0018_00h16m08s200ms_settled.jpg"",""detail_crop"":""references/video-audit/chapters/CH07_preautorizacion_seguro_y_reclamo/detail_crops/CH07-E0018_00h16m08s200ms_DETAIL.jpg"",""transcript"":""references/video-audit/chapters/CH07_preautorizacion_seguro_y_reclamo/transcript_raw.txt""}","supabase/migrations/202608270003_ch07_insurance_send_integrity.sql","insurance_requests_rpc_only/insurance_request_events_rpc_only","Estado mock persistido en localStorage; Supabase todavía no validado en runtime.","tests/ch07-insurance-send.test.mjs","IMPLEMENTED_EXACT","","","Niega INSERT, UPDATE y DELETE directos a roles autenticados sobre solicitudes y eventos de seguro. | Persiste después de recargar cuando la acción modifica datos. | Respeta rol y organización. | Tiene prueba automatizada específica y prueba de navegador cuando corresponde."
"CH07-H004","PLATFORM_HARDENING","CH07","CH07-E0018","00:16:08.200","sent_version_integrity","Cotizaciones / Seguro","","financial_integrity","Respuesta de seguro sin reescribir cotización","Guarda monto aprobado y reclamo en insurance_requests y preserva importes, ítems y snapshot inmutable de la versión enviada.","Datos sintéticos y alcance de la organización activa.","Entrada válida, estado vacío y error accionable sin revelar existencia de registros.","Permiso explícito de lectura o escritura aplicado en navegación, control, store y persistencia.","El estado visible cambia sólo después de completar la operación autorizada.","Error accesible y genérico; no mostrar éxito anticipado.","NO_APLICA","{""chapter_id"":""CH07"",""event_id"":""CH07-E0018"",""timestamp"":""00:16:08.200"",""image"":""references/video-audit/chapters/CH07_preautorizacion_seguro_y_reclamo/event_frames/CH07-E0018_00h16m08s200ms_settled.jpg"",""detail_crop"":""references/video-audit/chapters/CH07_preautorizacion_seguro_y_reclamo/detail_crops/CH07-E0018_00h16m08s200ms_DETAIL.jpg"",""transcript"":""references/video-audit/chapters/CH07_preautorizacion_seguro_y_reclamo/transcript_raw.txt""}","app/store.js; supabase/migrations/202608270003_ch07_insurance_send_integrity.sql","updateQuoteStatus/transition_quote_insurance_status","Estado mock persistido en localStorage; Supabase todavía no validado en runtime.","tests/ch07-insurance-send.test.mjs","IMPLEMENTED_EXACT","","","Guarda monto aprobado y reclamo en insurance_requests y preserva importes, ítems y snapshot inmutable de la versión enviada. | Persiste después de recargar cuando la acción modifica datos. | Respeta rol y organización. | Tiene prueba automatizada específica y prueba de navegador cuando corresponde."
"CH07-H005","PLATFORM_HARDENING","CH07","CH07-E0011 | CH07-E0012 | CH07-E0014","00:14:52.000 | 00:15:48.000 | 00:16:02.600","safe_notification","Mensajería","","privacy_guard","Preview genérico y enlace seguro","Nunca incluye diagnóstico, tratamiento, medicamentos ni detalle clínico en WhatsApp o email; sólo encola una plantilla genérica para un destinatario registrado.","Datos sintéticos y alcance de la organización activa.","Entrada válida, estado vacío y error accionable sin revelar existencia de registros.","Permiso explícito de lectura o escritura aplicado en navegación, control, store y persistencia.","El estado visible cambia sólo después de completar la operación autorizada.","Error accesible y genérico; no mostrar éxito anticipado.","NO_APLICA","{""chapter_id"":""CH07"",""event_id"":""CH07-E0011"",""timestamp"":""00:14:52.000"",""image"":""references/video-audit/chapters/CH07_preautorizacion_seguro_y_reclamo/event_frames/CH07-E0011_00h14m52s000ms_abrupt_change.jpg"",""detail_crop"":""references/video-audit/chapters/CH07_preautorizacion_seguro_y_reclamo/detail_crops/CH07-E0011_00h14m52s000ms_DETAIL.jpg"",""transcript"":""references/video-audit/chapters/CH07_preautorizacion_seguro_y_reclamo/transcript_raw.txt""} | {""chapter_id"":""CH07"",""event_id"":""CH07-E0012"",""timestamp"":""00:15:48.000"",""image"":""references/video-audit/chapters/CH07_preautorizacion_seguro_y_reclamo/event_frames/CH07-E0012_00h15m48s000ms_abrupt_change.jpg"",""detail_crop"":"""",""transcript"":""references/video-audit/chapters/CH07_preautorizacion_seguro_y_reclamo/transcript_raw.txt""} | {""chapter_id"":""CH07"",""event_id"":""CH07-E0014"",""timestamp"":""00:16:02.600"",""image"":""references/video-audit/chapters/CH07_preautorizacion_seguro_y_reclamo/event_frames/CH07-E0014_00h16m02s600ms_motion_progress.jpg"",""detail_crop"":""references/video-audit/chapters/CH07_preautorizacion_seguro_y_reclamo/detail_crops/CH07-E0014_00h16m02s600ms_DETAIL.jpg"",""transcript"":""references/video-audit/chapters/CH07_preautorizacion_seguro_y_reclamo/transcript_raw.txt""}","app/store.js; api/_notification-contract.js; supabase/migrations/202608260006_p0_notifications_payments_inventory.sql","queueNotification/validateNotificationRequest","Estado mock persistido en localStorage; Supabase todavía no validado en runtime.","tests/p0-notifications-payments-inventory.test.mjs; tests/ch07-insurance-send.test.mjs","IMPLEMENTED_EXACT","","","Nunca incluye diagnóstico, tratamiento, medicamentos ni detalle clínico en WhatsApp o email; sólo encola una plantilla genérica para un destinatario registrado. | Persiste después de recargar cuando la acción modifica datos. | Respeta rol y organización. | Tiene prueba automatizada específica y prueba de navegador cuando corresponde."
"CH07-H006","PLATFORM_HARDENING","CH07","CH07-E0014 | CH07-E0018","00:16:02.600 | 00:16:08.200","idempotent_operations","Cotizaciones / Seguro","","idempotency","Doble clic y reintento seguros","Deduplica por organización y clave estable; un reintento idéntico devuelve el resultado previo y reutilizar la clave con otro payload falla.","Datos sintéticos y alcance de la organización activa.","Entrada válida, estado vacío y error accionable sin revelar existencia de registros.","Permiso explícito de lectura o escritura aplicado en navegación, control, store y persistencia.","El estado visible cambia sólo después de completar la operación autorizada.","Error accesible y genérico; no mostrar éxito anticipado.","NO_APLICA","{""chapter_id"":""CH07"",""event_id"":""CH07-E0014"",""timestamp"":""00:16:02.600"",""image"":""references/video-audit/chapters/CH07_preautorizacion_seguro_y_reclamo/event_frames/CH07-E0014_00h16m02s600ms_motion_progress.jpg"",""detail_crop"":""references/video-audit/chapters/CH07_preautorizacion_seguro_y_reclamo/detail_crops/CH07-E0014_00h16m02s600ms_DETAIL.jpg"",""transcript"":""references/video-audit/chapters/CH07_preautorizacion_seguro_y_reclamo/transcript_raw.txt""} | {""chapter_id"":""CH07"",""event_id"":""CH07-E0018"",""timestamp"":""00:16:08.200"",""image"":""references/video-audit/chapters/CH07_preautorizacion_seguro_y_reclamo/event_frames/CH07-E0018_00h16m08s200ms_settled.jpg"",""detail_crop"":""references/video-audit/chapters/CH07_preautorizacion_seguro_y_reclamo/detail_crops/CH07-E0018_00h16m08s200ms_DETAIL.jpg"",""transcript"":""references/video-audit/chapters/CH07_preautorizacion_seguro_y_reclamo/transcript_raw.txt""}","app/store.js; supabase/migrations/202608270003_ch07_insurance_send_integrity.sql","sendQuote/updateQuoteStatus","Estado mock persistido en localStorage; Supabase todavía no validado en runtime.","tests/ch07-insurance-send.test.mjs","IMPLEMENTED_EXACT","","","Deduplica por organización y clave estable; un reintento idéntico devuelve el resultado previo y reutilizar la clave con otro payload falla. | Persiste después de recargar cuando la acción modifica datos. | Respeta rol y organización. | Tiene prueba automatizada específica y prueba de navegador cuando corresponde."
"CH08-R001","VIDEO_REQUIREMENT","CH08","CH08-E0001 | CH08-E0002","00:16:16.000 | 00:16:16.400","execution_handoff","Hospitalización / Cotizaciones","","menu_action","Poner en ejecución","Abre el perfil administrativo para la cotización y hospitalización autorizadas sin inferir automáticamente un estado financiero o clínico.","Datos sintéticos y alcance de la organización activa.","Entrada válida, estado vacío y error accionable sin revelar existencia de registros.","Permiso explícito de lectura o escritura aplicado en navegación, control, store y persistencia.","El estado visible cambia sólo después de completar la operación autorizada.","Error accesible y genérico; no mostrar éxito anticipado.","NO_APLICA","{""chapter_id"":""CH08"",""event_id"":""CH08-E0001"",""timestamp"":""00:16:16.000"",""image"":""references/video-audit/chapters/CH08_perfil_administrativo_cuentas_por_cobrar_y_pagos/event_frames/CH08-E0001_00h16m16s000ms_abrupt_change.jpg"",""detail_crop"":"""",""transcript"":""references/video-audit/chapters/CH08_perfil_administrativo_cuentas_por_cobrar_y_pagos/transcript_raw.txt""} | {""chapter_id"":""CH08"",""event_id"":""CH08-E0002"",""timestamp"":""00:16:16.400"",""image"":""references/video-audit/chapters/CH08_perfil_administrativo_cuentas_por_cobrar_y_pagos/event_frames/CH08-E0002_00h16m16s400ms_abrupt_change.jpg"",""detail_crop"":"""",""transcript"":""references/video-audit/chapters/CH08_perfil_administrativo_cuentas_por_cobrar_y_pagos/transcript_raw.txt""}","app/views.js; app/main.js","quoteRowMenu/openAdministrativeExecution","Estado mock persistido en localStorage; Supabase todavía no validado en runtime.","tests/ch08-receivables-payments.test.mjs; tests/e2e/ch08.spec.mjs","IMPLEMENTED_EXACT","","","Abre el perfil administrativo para la cotización y hospitalización autorizadas sin inferir automáticamente un estado financiero o clínico. | Persiste después de recargar cuando la acción modifica datos. | Respeta rol y organización. | Tiene prueba automatizada específica y prueba de navegador cuando corresponde."
"CH08-R002","VIDEO_REQUIREMENT","CH08","CH08-E0002 | CH08-E0003","00:16:16.400 | 00:16:17.000","execution_identity","Detalles de Hospitalización","","form","Paciente / DUI/NIT / Hospitalización / Estado","Muestra la identidad administrativa del paciente y caso como datos de solo lectura, derivados del contexto autorizado.","Datos sintéticos y alcance de la organización activa.","Entrada válida, estado vacío y error accionable sin revelar existencia de registros.","Permiso explícito de lectura o escritura aplicado en navegación, control, store y persistencia.","El estado visible cambia sólo después de completar la operación autorizada.","Error accesible y genérico; no mostrar éxito anticipado.","NO_APLICA","{""chapter_id"":""CH08"",""event_id"":""CH08-E0002"",""timestamp"":""00:16:16.400"",""image"":""references/video-audit/chapters/CH08_perfil_administrativo_cuentas_por_cobrar_y_pagos/event_frames/CH08-E0002_00h16m16s400ms_abrupt_change.jpg"",""detail_crop"":"""",""transcript"":""references/video-audit/chapters/CH08_perfil_administrativo_cuentas_por_cobrar_y_pagos/transcript_raw.txt""} | {""chapter_id"":""CH08"",""event_id"":""CH08-E0003"",""timestamp"":""00:16:17.000"",""image"":""references/video-audit/chapters/CH08_perfil_administrativo_cuentas_por_cobrar_y_pagos/event_frames/CH08-E0003_00h16m17s000ms_stable_change.jpg"",""detail_crop"":""references/video-audit/chapters/CH08_perfil_administrativo_cuentas_por_cobrar_y_pagos/detail_crops/CH08-E0003_00h16m17s000ms_DETAIL.jpg"",""transcript"":""references/video-audit/chapters/CH08_perfil_administrativo_cuentas_por_cobrar_y_pagos/transcript_raw.txt""}","app/main.js","openAdministrativeExecution","Estado mock persistido en localStorage; Supabase todavía no validado en runtime.","tests/e2e/ch08.spec.mjs","IMPLEMENTED_EXACT","","","Muestra la identidad administrativa del paciente y caso como datos de solo lectura, derivados del contexto autorizado. | Persiste después de recargar cuando la acción modifica datos. | Respeta rol y organización. | Tiene prueba automatizada específica y prueba de navegador cuando corresponde."
"CH08-R003","VIDEO_REQUIREMENT","CH08","CH08-E0003 | CH08-E0014","00:16:17.000 | 00:16:38.000","execution_core_fields","Detalles de Hospitalización","","form","Responsable / Referido / Revenue / Tipo / Inicio / Duración / Forma de pago / Solicitud","Captura y valida los campos obligatorios observados; los valores de catálogo son configurables y no se derivan de ejemplos del video.","Datos sintéticos y alcance de la organización activa.","Entrada válida, estado vacío y error accionable sin revelar existencia de registros.","Permiso explícito de lectura o escritura aplicado en navegación, control, store y persistencia.","El estado visible cambia sólo después de completar la operación autorizada.","Error accesible y genérico; no mostrar éxito anticipado.","NO_APLICA","{""chapter_id"":""CH08"",""event_id"":""CH08-E0003"",""timestamp"":""00:16:17.000"",""image"":""references/video-audit/chapters/CH08_perfil_administrativo_cuentas_por_cobrar_y_pagos/event_frames/CH08-E0003_00h16m17s000ms_stable_change.jpg"",""detail_crop"":""references/video-audit/chapters/CH08_perfil_administrativo_cuentas_por_cobrar_y_pagos/detail_crops/CH08-E0003_00h16m17s000ms_DETAIL.jpg"",""transcript"":""references/video-audit/chapters/CH08_perfil_administrativo_cuentas_por_cobrar_y_pagos/transcript_raw.txt""} | {""chapter_id"":""CH08"",""event_id"":""CH08-E0014"",""timestamp"":""00:16:38.000"",""image"":""references/video-audit/chapters/CH08_perfil_administrativo_cuentas_por_cobrar_y_pagos/event_frames/CH08-E0014_00h16m38s000ms_abrupt_change.jpg"",""detail_crop"":""references/video-audit/chapters/CH08_perfil_administrativo_cuentas_por_cobrar_y_pagos/detail_crops/CH08-E0014_00h16m38s000ms_DETAIL.jpg"",""transcript"":""references/video-audit/chapters/CH08_perfil_administrativo_cuentas_por_cobrar_y_pagos/transcript_raw.txt""}","app/main.js; app/store.js","openAdministrativeExecution/startAdministrativeExecution","Estado mock persistido en localStorage; Supabase todavía no validado en runtime.","tests/ch08-receivables-payments.test.mjs; tests/e2e/ch08.spec.mjs","IMPLEMENTED_PARTIAL","","CH08-Q007 | CH08-Q008","Captura y valida los campos obligatorios observados; los valores de catálogo son configurables y no se derivan de ejemplos del video. | Persiste después de recargar cuando la acción modifica datos. | Respeta rol y organización. | Tiene prueba automatizada específica y prueba de navegador cuando corresponde."
"CH08-R004","VIDEO_REQUIREMENT","CH08","CH08-E0006 | CH08-E0020","00:16:19.400 | 00:16:45.600","execution_classification","Detalles de Hospitalización","","form","Categoría / Subcategoría / Hospital / Descripción / Tipo paciente / Módulo / Adicionales","Expone todos los campos observados y los persiste como metadatos configurables; catálogos y obligatoriedad final quedan pendientes.","Datos sintéticos y alcance de la organización activa.","Entrada válida, estado vacío y error accionable sin revelar existencia de registros.","Permiso explícito de lectura o escritura aplicado en navegación, control, store y persistencia.","El estado visible cambia sólo después de completar la operación autorizada.","Error accesible y genérico; no mostrar éxito anticipado.","NO_APLICA","{""chapter_id"":""CH08"",""event_id"":""CH08-E0006"",""timestamp"":""00:16:19.400"",""image"":""references/video-audit/chapters/CH08_perfil_administrativo_cuentas_por_cobrar_y_pagos/event_frames/CH08-E0006_00h16m19s400ms_abrupt_change.jpg"",""detail_crop"":"""",""transcript"":""references/video-audit/chapters/CH08_perfil_administrativo_cuentas_por_cobrar_y_pagos/transcript_raw.txt""} | {""chapter_id"":""CH08"",""event_id"":""CH08-E0020"",""timestamp"":""00:16:45.600"",""image"":""references/video-audit/chapters/CH08_perfil_administrativo_cuentas_por_cobrar_y_pagos/event_frames/CH08-E0020_00h16m45s600ms_abrupt_change.jpg"",""detail_crop"":"""",""transcript"":""references/video-audit/chapters/CH08_perfil_administrativo_cuentas_por_cobrar_y_pagos/transcript_raw.txt""}","app/main.js; app/store.js; supabase/migrations/202608270004_ch08_receivables_execution_integrity.sql","startAdministrativeExecution","Estado mock persistido en localStorage; Supabase todavía no validado en runtime.","tests/ch08-receivables-payments.test.mjs","IMPLEMENTED_PARTIAL","","CH08-Q007","Expone todos los campos observados y los persiste como metadatos configurables; catálogos y obligatoriedad final quedan pendientes. | Persiste después de recargar cuando la acción modifica datos. | Respeta rol y organización. | Tiene prueba automatizada específica y prueba de navegador cuando corresponde."
"CH08-R005","VIDEO_REQUIREMENT","CH08","CH08-E0008 | CH08-E0012","00:16:24.200 | 00:16:30.600","execution_insurer","Detalles de Hospitalización","","select","Aseguradora","Permite seleccionar únicamente una aseguradora de la organización o particular y conserva la selección en el perfil.","Datos sintéticos y alcance de la organización activa.","Entrada válida, estado vacío y error accionable sin revelar existencia de registros.","Permiso explícito de lectura o escritura aplicado en navegación, control, store y persistencia.","El estado visible cambia sólo después de completar la operación autorizada.","Error accesible y genérico; no mostrar éxito anticipado.","NO_APLICA","{""chapter_id"":""CH08"",""event_id"":""CH08-E0008"",""timestamp"":""00:16:24.200"",""image"":""references/video-audit/chapters/CH08_perfil_administrativo_cuentas_por_cobrar_y_pagos/event_frames/CH08-E0008_00h16m24s200ms_motion_progress.jpg"",""detail_crop"":""references/video-audit/chapters/CH08_perfil_administrativo_cuentas_por_cobrar_y_pagos/detail_crops/CH08-E0008_00h16m24s200ms_DETAIL.jpg"",""transcript"":""references/video-audit/chapters/CH08_perfil_administrativo_cuentas_por_cobrar_y_pagos/transcript_raw.txt""} | {""chapter_id"":""CH08"",""event_id"":""CH08-E0012"",""timestamp"":""00:16:30.600"",""image"":""references/video-audit/chapters/CH08_perfil_administrativo_cuentas_por_cobrar_y_pagos/event_frames/CH08-E0012_00h16m30s600ms_stable_change.jpg"",""detail_crop"":"""",""transcript"":""references/video-audit/chapters/CH08_perfil_administrativo_cuentas_por_cobrar_y_pagos/transcript_raw.txt""}","app/main.js; app/store.js","insurerOptions/startAdministrativeExecution","Estado mock persistido en localStorage; Supabase todavía no validado en runtime.","tests/e2e/ch08.spec.mjs","IMPLEMENTED_EXACT","","","Permite seleccionar únicamente una aseguradora de la organización o particular y conserva la selección en el perfil. | Persiste después de recargar cuando la acción modifica datos. | Respeta rol y organización. | Tiene prueba automatizada específica y prueba de navegador cuando corresponde."
"CH08-R006","VIDEO_REQUIREMENT","CH08","CH08-E0022 | CH08-E0024","00:16:51.400 | 00:16:53.200","execution_exit","Detalles de Hospitalización","","button","Cancelar / Guardar / cerrar","Cancelar o cerrar no muta; Guardar confirma la persistencia autoritativa antes de cerrar y evita perfiles activos duplicados.","Datos sintéticos y alcance de la organización activa.","Entrada válida, estado vacío y error accionable sin revelar existencia de registros.","Permiso explícito de lectura o escritura aplicado en navegación, control, store y persistencia.","El estado visible cambia sólo después de completar la operación autorizada.","Error accesible y genérico; no mostrar éxito anticipado.","NO_APLICA","{""chapter_id"":""CH08"",""event_id"":""CH08-E0022"",""timestamp"":""00:16:51.400"",""image"":""references/video-audit/chapters/CH08_perfil_administrativo_cuentas_por_cobrar_y_pagos/event_frames/CH08-E0022_00h16m51s400ms_settled.jpg"",""detail_crop"":""references/video-audit/chapters/CH08_perfil_administrativo_cuentas_por_cobrar_y_pagos/detail_crops/CH08-E0022_00h16m51s400ms_DETAIL.jpg"",""transcript"":""references/video-audit/chapters/CH08_perfil_administrativo_cuentas_por_cobrar_y_pagos/transcript_raw.txt""} | {""chapter_id"":""CH08"",""event_id"":""CH08-E0024"",""timestamp"":""00:16:53.200"",""image"":""references/video-audit/chapters/CH08_perfil_administrativo_cuentas_por_cobrar_y_pagos/event_frames/CH08-E0024_00h16m53s200ms_abrupt_change.jpg"",""detail_crop"":"""",""transcript"":""references/video-audit/chapters/CH08_perfil_administrativo_cuentas_por_cobrar_y_pagos/transcript_raw.txt""}","app/main.js; app/store.js","save-administrative-execution/startAdministrativeExecution","Estado mock persistido en localStorage; Supabase todavía no validado en runtime.","tests/ch08-receivables-payments.test.mjs; tests/e2e/ch08.spec.mjs","IMPLEMENTED_EXACT","","","Cancelar o cerrar no muta; Guardar confirma la persistencia autoritativa antes de cerrar y evita perfiles activos duplicados. | Persiste después de recargar cuando la acción modifica datos. | Respeta rol y organización. | Tiene prueba automatizada específica y prueba de navegador cuando corresponde."
"CH08-R007","VIDEO_REQUIREMENT","CH08","CH08-E0029 | CH08-E0032","00:16:58.000 | 00:17:03.400","receivables_navigation","Shell","","navigation","Facturación / Cuentas por cobrar","Navega a Cuentas por cobrar desde el grupo de Facturación respetando payments:read.","Datos sintéticos y alcance de la organización activa.","Entrada válida, estado vacío y error accionable sin revelar existencia de registros.","Permiso explícito de lectura o escritura aplicado en navegación, control, store y persistencia.","El estado visible cambia sólo después de completar la operación autorizada.","Error accesible y genérico; no mostrar éxito anticipado.","NO_APLICA","{""chapter_id"":""CH08"",""event_id"":""CH08-E0029"",""timestamp"":""00:16:58.000"",""image"":""references/video-audit/chapters/CH08_perfil_administrativo_cuentas_por_cobrar_y_pagos/event_frames/CH08-E0029_00h16m58s000ms_abrupt_change.jpg"",""detail_crop"":""references/video-audit/chapters/CH08_perfil_administrativo_cuentas_por_cobrar_y_pagos/detail_crops/CH08-E0029_00h16m58s000ms_DETAIL.jpg"",""transcript"":""references/video-audit/chapters/CH08_perfil_administrativo_cuentas_por_cobrar_y_pagos/transcript_raw.txt""} | {""chapter_id"":""CH08"",""event_id"":""CH08-E0032"",""timestamp"":""00:17:03.400"",""image"":""references/video-audit/chapters/CH08_perfil_administrativo_cuentas_por_cobrar_y_pagos/event_frames/CH08-E0032_00h17m03s400ms_settled.jpg"",""detail_crop"":""references/video-audit/chapters/CH08_perfil_administrativo_cuentas_por_cobrar_y_pagos/detail_crops/CH08-E0032_00h17m03s400ms_DETAIL.jpg"",""transcript"":""references/video-audit/chapters/CH08_perfil_administrativo_cuentas_por_cobrar_y_pagos/transcript_raw.txt""}","app/views.js","renderNavigation/renderRoute","Estado mock persistido en localStorage; Supabase todavía no validado en runtime.","tests/e2e/ch08.spec.mjs","IMPLEMENTED_EXACT","","","Navega a Cuentas por cobrar desde el grupo de Facturación respetando payments:read. | Persiste después de recargar cuando la acción modifica datos. | Respeta rol y organización. | Tiene prueba automatizada específica y prueba de navegador cuando corresponde."
"CH08-R008","VIDEO_REQUIREMENT","CH08","CH08-E0032 | CH08-E0036","00:17:03.400 | 00:17:06.800","receivables_tabs_exports","Cuentas por cobrar","","tabs_actions","Cuentas / Pagos / Excel con filtros / Reporte / Excel","Alterna cuentas y pagos, exporta CSV utilizable para el conjunto total o filtrado y abre el generador; el formato Excel oficial queda pendiente.","Datos sintéticos y alcance de la organización activa.","Entrada válida, estado vacío y error accionable sin revelar existencia de registros.","Permiso explícito de lectura o escritura aplicado en navegación, control, store y persistencia.","El estado visible cambia sólo después de completar la operación autorizada.","Error accesible y genérico; no mostrar éxito anticipado.","NO_APLICA","{""chapter_id"":""CH08"",""event_id"":""CH08-E0032"",""timestamp"":""00:17:03.400"",""image"":""references/video-audit/chapters/CH08_perfil_administrativo_cuentas_por_cobrar_y_pagos/event_frames/CH08-E0032_00h17m03s400ms_settled.jpg"",""detail_crop"":""references/video-audit/chapters/CH08_perfil_administrativo_cuentas_por_cobrar_y_pagos/detail_crops/CH08-E0032_00h17m03s400ms_DETAIL.jpg"",""transcript"":""references/video-audit/chapters/CH08_perfil_administrativo_cuentas_por_cobrar_y_pagos/transcript_raw.txt""} | {""chapter_id"":""CH08"",""event_id"":""CH08-E0036"",""timestamp"":""00:17:06.800"",""image"":""references/video-audit/chapters/CH08_perfil_administrativo_cuentas_por_cobrar_y_pagos/event_frames/CH08-E0036_00h17m06s800ms_settled.jpg"",""detail_crop"":""references/video-audit/chapters/CH08_perfil_administrativo_cuentas_por_cobrar_y_pagos/detail_crops/CH08-E0036_00h17m06s800ms_DETAIL.jpg"",""transcript"":""references/video-audit/chapters/CH08_perfil_administrativo_cuentas_por_cobrar_y_pagos/transcript_raw.txt""}","app/views.js; app/main.js","renderReceivables/receivableExportRows/openAccountStatement","Estado mock persistido en localStorage; Supabase todavía no validado en runtime.","tests/ch08-receivables-payments.test.mjs; tests/e2e/ch08.spec.mjs","IMPLEMENTED_PARTIAL","","CH08-Q009","Alterna cuentas y pagos, exporta CSV utilizable para el conjunto total o filtrado y abre el generador; el formato Excel oficial queda pendiente. | Persiste después de recargar cuando la acción modifica datos. | Respeta rol y organización. | Tiene prueba automatizada específica y prueba de navegador cuando corresponde."
"CH08-R009","VIDEO_REQUIREMENT","CH08","CH08-E0033 | CH08-E0042","00:17:05.200 | 00:17:39.200","receivables_table","Cuentas por cobrar","Cuentas","table","Hospitalización / estado / tipo / gestor / facturas / pagos / pendiente","Agrega la versión actual por hospitalización, presenta identidad y totales calculados, permite ordenar columnas y pagina 10/25/50 registros con total visible.","Datos sintéticos y alcance de la organización activa.","Entrada válida, estado vacío y error accionable sin revelar existencia de registros.","Permiso explícito de lectura o escritura aplicado en navegación, control, store y persistencia.","El estado visible cambia sólo después de completar la operación autorizada.","Error accesible y genérico; no mostrar éxito anticipado.","NO_APLICA","{""chapter_id"":""CH08"",""event_id"":""CH08-E0033"",""timestamp"":""00:17:05.200"",""image"":""references/video-audit/chapters/CH08_perfil_administrativo_cuentas_por_cobrar_y_pagos/event_frames/CH08-E0033_00h17m05s200ms_abrupt_change.jpg"",""detail_crop"":"""",""transcript"":""references/video-audit/chapters/CH08_perfil_administrativo_cuentas_por_cobrar_y_pagos/transcript_raw.txt""} | {""chapter_id"":""CH08"",""event_id"":""CH08-E0042"",""timestamp"":""00:17:39.200"",""image"":""references/video-audit/chapters/CH08_perfil_administrativo_cuentas_por_cobrar_y_pagos/event_frames/CH08-E0042_00h17m39s200ms_settled.jpg"",""detail_crop"":""references/video-audit/chapters/CH08_perfil_administrativo_cuentas_por_cobrar_y_pagos/detail_crops/CH08-E0042_00h17m39s200ms_DETAIL.jpg"",""transcript"":""references/video-audit/chapters/CH08_perfil_administrativo_cuentas_por_cobrar_y_pagos/transcript_raw.txt""}","app/views.js; app/main.js","renderReceivables/sort-receivables/receivables-page","Estado mock persistido en localStorage; Supabase todavía no validado en runtime.","tests/e2e/ch08.spec.mjs","IMPLEMENTED_EXACT","","","Agrega la versión actual por hospitalización, presenta identidad y totales calculados, permite ordenar columnas y pagina 10/25/50 registros con total visible. | Persiste después de recargar cuando la acción modifica datos. | Respeta rol y organización. | Tiene prueba automatizada específica y prueba de navegador cuando corresponde."
"CH08-R010","VIDEO_REQUIREMENT","CH08","CH08-E0037 | CH08-E0042","00:17:08.800 | 00:17:39.200","receivables_search","Cuentas por cobrar","Cuentas","search","Buscar","Filtra por paciente, documento u hospitalización y conserva foco mientras actualiza la tabla.","Datos sintéticos y alcance de la organización activa.","Entrada válida, estado vacío y error accionable sin revelar existencia de registros.","Permiso explícito de lectura o escritura aplicado en navegación, control, store y persistencia.","El estado visible cambia sólo después de completar la operación autorizada.","Error accesible y genérico; no mostrar éxito anticipado.","NO_APLICA","{""chapter_id"":""CH08"",""event_id"":""CH08-E0037"",""timestamp"":""00:17:08.800"",""image"":""references/video-audit/chapters/CH08_perfil_administrativo_cuentas_por_cobrar_y_pagos/event_frames/CH08-E0037_00h17m08s800ms_abrupt_change.jpg"",""detail_crop"":""references/video-audit/chapters/CH08_perfil_administrativo_cuentas_por_cobrar_y_pagos/detail_crops/CH08-E0037_00h17m08s800ms_DETAIL.jpg"",""transcript"":""references/video-audit/chapters/CH08_perfil_administrativo_cuentas_por_cobrar_y_pagos/transcript_raw.txt""} | {""chapter_id"":""CH08"",""event_id"":""CH08-E0042"",""timestamp"":""00:17:39.200"",""image"":""references/video-audit/chapters/CH08_perfil_administrativo_cuentas_por_cobrar_y_pagos/event_frames/CH08-E0042_00h17m39s200ms_settled.jpg"",""detail_crop"":""references/video-audit/chapters/CH08_perfil_administrativo_cuentas_por_cobrar_y_pagos/detail_crops/CH08-E0042_00h17m39s200ms_DETAIL.jpg"",""transcript"":""references/video-audit/chapters/CH08_perfil_administrativo_cuentas_por_cobrar_y_pagos/transcript_raw.txt""}","app/views.js; app/main.js","renderReceivables/receivables-search","Estado mock persistido en localStorage; Supabase todavía no validado en runtime.","tests/e2e/ch08.spec.mjs","IMPLEMENTED_EXACT","","","Filtra por paciente, documento u hospitalización y conserva foco mientras actualiza la tabla. | Persiste después de recargar cuando la acción modifica datos. | Respeta rol y organización. | Tiene prueba automatizada específica y prueba de navegador cuando corresponde."
"CH08-R011","VIDEO_REQUIREMENT","CH08","CH08-E0043 | CH08-E0045","00:17:41.200 | 00:17:47.400","receivable_row_menu","Cuentas por cobrar","Cuentas","menu","Ver cotizaciones / Estados de cuenta / Ver pagos / Archivar / Registro XPO","Expone el menú observado y habilita consultas seguras; Archivar y Registro XPO permanecen visibles y bloqueados hasta definir efectos y permisos.","Datos sintéticos y alcance de la organización activa.","Entrada válida, estado vacío y error accionable sin revelar existencia de registros.","Permiso explícito de lectura o escritura aplicado en navegación, control, store y persistencia.","El estado visible cambia sólo después de completar la operación autorizada.","Error accesible y genérico; no mostrar éxito anticipado.","NO_APLICA","{""chapter_id"":""CH08"",""event_id"":""CH08-E0043"",""timestamp"":""00:17:41.200"",""image"":""references/video-audit/chapters/CH08_perfil_administrativo_cuentas_por_cobrar_y_pagos/event_frames/CH08-E0043_00h17m41s200ms_abrupt_change.jpg"",""detail_crop"":"""",""transcript"":""references/video-audit/chapters/CH08_perfil_administrativo_cuentas_por_cobrar_y_pagos/transcript_raw.txt""} | {""chapter_id"":""CH08"",""event_id"":""CH08-E0045"",""timestamp"":""00:17:47.400"",""image"":""references/video-audit/chapters/CH08_perfil_administrativo_cuentas_por_cobrar_y_pagos/event_frames/CH08-E0045_00h17m47s400ms_abrupt_change.jpg"",""detail_crop"":""references/video-audit/chapters/CH08_perfil_administrativo_cuentas_por_cobrar_y_pagos/detail_crops/CH08-E0045_00h17m47s400ms_DETAIL.jpg"",""transcript"":""references/video-audit/chapters/CH08_perfil_administrativo_cuentas_por_cobrar_y_pagos/transcript_raw.txt""}","app/views.js; app/main.js","renderReceivables/openReceivableQuotes/openAccountHistory/openReceivablePayments","Estado mock persistido en localStorage; Supabase todavía no validado en runtime.","tests/e2e/ch08.spec.mjs","IMPLEMENTED_PARTIAL","","CH08-Q005","Expone el menú observado y habilita consultas seguras; Archivar y Registro XPO permanecen visibles y bloqueados hasta definir efectos y permisos. | Persiste después de recargar cuando la acción modifica datos. | Respeta rol y organización. | Tiene prueba automatizada específica y prueba de navegador cuando corresponde."
"CH08-R012","VIDEO_REQUIREMENT","CH08","CH08-E0046 | CH08-E0048","00:17:48.000 | 00:17:50.400","statement_history","Históricos de estados de cuenta","","tabs_table","Estados Particulares / Estados Mixtos","Muestra tabs, columnas y vacío observado; no fabrica snapshots hasta definir periodicidad, saldo previo y evento de corte.","Datos sintéticos y alcance de la organización activa.","Entrada válida, estado vacío y error accionable sin revelar existencia de registros.","Permiso explícito de lectura o escritura aplicado en navegación, control, store y persistencia.","El estado visible cambia sólo después de completar la operación autorizada.","Error accesible y genérico; no mostrar éxito anticipado.","NO_APLICA","{""chapter_id"":""CH08"",""event_id"":""CH08-E0046"",""timestamp"":""00:17:48.000"",""image"":""references/video-audit/chapters/CH08_perfil_administrativo_cuentas_por_cobrar_y_pagos/event_frames/CH08-E0046_00h17m48s000ms_stable_change.jpg"",""detail_crop"":"""",""transcript"":""references/video-audit/chapters/CH08_perfil_administrativo_cuentas_por_cobrar_y_pagos/transcript_raw.txt""} | {""chapter_id"":""CH08"",""event_id"":""CH08-E0048"",""timestamp"":""00:17:50.400"",""image"":""references/video-audit/chapters/CH08_perfil_administrativo_cuentas_por_cobrar_y_pagos/event_frames/CH08-E0048_00h17m50s400ms_settled.jpg"",""detail_crop"":""references/video-audit/chapters/CH08_perfil_administrativo_cuentas_por_cobrar_y_pagos/detail_crops/CH08-E0048_00h17m50s400ms_DETAIL.jpg"",""transcript"":""references/video-audit/chapters/CH08_perfil_administrativo_cuentas_por_cobrar_y_pagos/transcript_raw.txt""}","app/main.js","openAccountHistory","Estado mock persistido en localStorage; Supabase todavía no validado en runtime.","tests/ch08-receivables-payments.test.mjs","NEEDS_CLIENT_CONFIRMATION","","CH08-Q003 | CH08-Q004","Muestra tabs, columnas y vacío observado; no fabrica snapshots hasta definir periodicidad, saldo previo y evento de corte. | Persiste después de recargar cuando la acción modifica datos. | Respeta rol y organización. | Tiene prueba automatizada específica y prueba de navegador cuando corresponde."
"CH08-R013","VIDEO_REQUIREMENT","CH08","CH08-E0052 | CH08-E0059","00:17:57.600 | 00:18:26.000","case_payments","Pagos de hospitalización","","modal_table","Añadir pago / Fecha / Tipo / Monto / Pagado por / Estado","Abre pagos acotados a la hospitalización, muestra movimientos y permite alta sólo contra una cotización con saldo.","Datos sintéticos y alcance de la organización activa.","Entrada válida, estado vacío y error accionable sin revelar existencia de registros.","Permiso explícito de lectura o escritura aplicado en navegación, control, store y persistencia.","El estado visible cambia sólo después de completar la operación autorizada.","Error accesible y genérico; no mostrar éxito anticipado.","NO_APLICA","{""chapter_id"":""CH08"",""event_id"":""CH08-E0052"",""timestamp"":""00:17:57.600"",""image"":""references/video-audit/chapters/CH08_perfil_administrativo_cuentas_por_cobrar_y_pagos/event_frames/CH08-E0052_00h17m57s600ms_settled.jpg"",""detail_crop"":""references/video-audit/chapters/CH08_perfil_administrativo_cuentas_por_cobrar_y_pagos/detail_crops/CH08-E0052_00h17m57s600ms_DETAIL.jpg"",""transcript"":""references/video-audit/chapters/CH08_perfil_administrativo_cuentas_por_cobrar_y_pagos/transcript_raw.txt""} | {""chapter_id"":""CH08"",""event_id"":""CH08-E0059"",""timestamp"":""00:18:26.000"",""image"":""references/video-audit/chapters/CH08_perfil_administrativo_cuentas_por_cobrar_y_pagos/event_frames/CH08-E0059_00h18m26s000ms_settled.jpg"",""detail_crop"":""references/video-audit/chapters/CH08_perfil_administrativo_cuentas_por_cobrar_y_pagos/detail_crops/CH08-E0059_00h18m26s000ms_DETAIL.jpg"",""transcript"":""references/video-audit/chapters/CH08_perfil_administrativo_cuentas_por_cobrar_y_pagos/transcript_raw.txt""}","app/main.js; app/store.js","openReceivablePayments/openPaymentForm/createPayment","Estado mock persistido en localStorage; Supabase todavía no validado en runtime.","tests/ch08-receivables-payments.test.mjs; tests/e2e/ch08.spec.mjs","IMPLEMENTED_EXACT","","","Abre pagos acotados a la hospitalización, muestra movimientos y permite alta sólo contra una cotización con saldo. | Persiste después de recargar cuando la acción modifica datos. | Respeta rol y organización. | Tiene prueba automatizada específica y prueba de navegador cuando corresponde."
"CH08-R014","VIDEO_REQUIREMENT","CH08","CH08-E0060 | CH08-E0061","00:18:28.200 | 00:18:50.600","payment_row_menu","Pagos","","menu","Editar pago / Imprimir / Eliminar pagos","Muestra las acciones observadas, imprime el comprobante y reemplaza editar/eliminar por una reversión con motivo que conserva el original.","Datos sintéticos y alcance de la organización activa.","Entrada válida, estado vacío y error accionable sin revelar existencia de registros.","Permiso explícito de lectura o escritura aplicado en navegación, control, store y persistencia.","El estado visible cambia sólo después de completar la operación autorizada.","Error accesible y genérico; no mostrar éxito anticipado.","NO_APLICA","{""chapter_id"":""CH08"",""event_id"":""CH08-E0060"",""timestamp"":""00:18:28.200"",""image"":""references/video-audit/chapters/CH08_perfil_administrativo_cuentas_por_cobrar_y_pagos/event_frames/CH08-E0060_00h18m28s200ms_settled.jpg"",""detail_crop"":""references/video-audit/chapters/CH08_perfil_administrativo_cuentas_por_cobrar_y_pagos/detail_crops/CH08-E0060_00h18m28s200ms_DETAIL.jpg"",""transcript"":""references/video-audit/chapters/CH08_perfil_administrativo_cuentas_por_cobrar_y_pagos/transcript_raw.txt""} | {""chapter_id"":""CH08"",""event_id"":""CH08-E0061"",""timestamp"":""00:18:50.600"",""image"":""references/video-audit/chapters/CH08_perfil_administrativo_cuentas_por_cobrar_y_pagos/event_frames/CH08-E0061_00h18m50s600ms_abrupt_change.jpg"",""detail_crop"":""references/video-audit/chapters/CH08_perfil_administrativo_cuentas_por_cobrar_y_pagos/detail_crops/CH08-E0061_00h18m50s600ms_DETAIL.jpg"",""transcript"":""references/video-audit/chapters/CH08_perfil_administrativo_cuentas_por_cobrar_y_pagos/transcript_raw.txt""}","app/views.js; app/main.js; app/store.js","renderPaymentsTable/printPayment/openReversePayment/reversePayment","Estado mock persistido en localStorage; Supabase todavía no validado en runtime.","tests/ch08-receivables-payments.test.mjs; tests/e2e/ch08.spec.mjs","IMPLEMENTED_EXACT","","CH08-Q006","Muestra las acciones observadas, imprime el comprobante y reemplaza editar/eliminar por una reversión con motivo que conserva el original. | Persiste después de recargar cuando la acción modifica datos. | Respeta rol y organización. | Tiene prueba automatizada específica y prueba de navegador cuando corresponde."
"CH08-R015","VIDEO_REQUIREMENT","CH08","CH08-E0066 | CH08-E0068","00:18:58.000 | 00:19:00.400","statement_wizard_type","Estado de cuenta","","select","Paciente / Aseguradora / Empresa","Permite generar el estado de Paciente; Aseguradora y Empresa se muestran bloqueados hasta definir distribución y permisos.","Datos sintéticos y alcance de la organización activa.","Entrada válida, estado vacío y error accionable sin revelar existencia de registros.","Permiso explícito de lectura o escritura aplicado en navegación, control, store y persistencia.","El estado visible cambia sólo después de completar la operación autorizada.","Error accesible y genérico; no mostrar éxito anticipado.","NO_APLICA","{""chapter_id"":""CH08"",""event_id"":""CH08-E0066"",""timestamp"":""00:18:58.000"",""image"":""references/video-audit/chapters/CH08_perfil_administrativo_cuentas_por_cobrar_y_pagos/event_frames/CH08-E0066_00h18m58s000ms_abrupt_change.jpg"",""detail_crop"":""references/video-audit/chapters/CH08_perfil_administrativo_cuentas_por_cobrar_y_pagos/detail_crops/CH08-E0066_00h18m58s000ms_DETAIL.jpg"",""transcript"":""references/video-audit/chapters/CH08_perfil_administrativo_cuentas_por_cobrar_y_pagos/transcript_raw.txt""} | {""chapter_id"":""CH08"",""event_id"":""CH08-E0068"",""timestamp"":""00:19:00.400"",""image"":""references/video-audit/chapters/CH08_perfil_administrativo_cuentas_por_cobrar_y_pagos/event_frames/CH08-E0068_00h19m00s400ms_abrupt_change.jpg"",""detail_crop"":""references/video-audit/chapters/CH08_perfil_administrativo_cuentas_por_cobrar_y_pagos/detail_crops/CH08-E0068_00h19m00s400ms_DETAIL.jpg"",""transcript"":""references/video-audit/chapters/CH08_perfil_administrativo_cuentas_por_cobrar_y_pagos/transcript_raw.txt""}","app/main.js","openAccountStatement","Estado mock persistido en localStorage; Supabase todavía no validado en runtime.","tests/e2e/ch08.spec.mjs","IMPLEMENTED_PARTIAL","","CH08-Q002","Permite generar el estado de Paciente; Aseguradora y Empresa se muestran bloqueados hasta definir distribución y permisos. | Persiste después de recargar cuando la acción modifica datos. | Respeta rol y organización. | Tiene prueba automatizada específica y prueba de navegador cuando corresponde."
"CH08-R016","VIDEO_REQUIREMENT","CH08","CH08-E0069 | CH08-E0077","00:19:01.800 | 00:19:27.600","statement_wizard_fields","Estado de cuenta","","form","Paciente / Hospitalización / Particular o Mixto / Rango","Busca un paciente, limita hospitalizaciones a ese paciente, valida el rango y abre una vista previa del tipo seleccionado.","Datos sintéticos y alcance de la organización activa.","Entrada válida, estado vacío y error accionable sin revelar existencia de registros.","Permiso explícito de lectura o escritura aplicado en navegación, control, store y persistencia.","El estado visible cambia sólo después de completar la operación autorizada.","Error accesible y genérico; no mostrar éxito anticipado.","NO_APLICA","{""chapter_id"":""CH08"",""event_id"":""CH08-E0069"",""timestamp"":""00:19:01.800"",""image"":""references/video-audit/chapters/CH08_perfil_administrativo_cuentas_por_cobrar_y_pagos/event_frames/CH08-E0069_00h19m01s800ms_motion_progress.jpg"",""detail_crop"":""references/video-audit/chapters/CH08_perfil_administrativo_cuentas_por_cobrar_y_pagos/detail_crops/CH08-E0069_00h19m01s800ms_DETAIL.jpg"",""transcript"":""references/video-audit/chapters/CH08_perfil_administrativo_cuentas_por_cobrar_y_pagos/transcript_raw.txt""} | {""chapter_id"":""CH08"",""event_id"":""CH08-E0077"",""timestamp"":""00:19:27.600"",""image"":""references/video-audit/chapters/CH08_perfil_administrativo_cuentas_por_cobrar_y_pagos/event_frames/CH08-E0077_00h19m27s600ms_abrupt_change.jpg"",""detail_crop"":""references/video-audit/chapters/CH08_perfil_administrativo_cuentas_por_cobrar_y_pagos/detail_crops/CH08-E0077_00h19m27s600ms_DETAIL.jpg"",""transcript"":""references/video-audit/chapters/CH08_perfil_administrativo_cuentas_por_cobrar_y_pagos/transcript_raw.txt""}","app/main.js","openAccountStatement/preview-account-statement","Estado mock persistido en localStorage; Supabase todavía no validado en runtime.","tests/e2e/ch08.spec.mjs","IMPLEMENTED_EXACT","","","Busca un paciente, limita hospitalizaciones a ese paciente, valida el rango y abre una vista previa del tipo seleccionado. | Persiste después de recargar cuando la acción modifica datos. | Respeta rol y organización. | Tiene prueba automatizada específica y prueba de navegador cuando corresponde."
"CH08-R017","VIDEO_REQUIREMENT","CH08","CH08-E0078 | CH08-E0081","00:19:29.200 | 00:19:31.000","statement_detail","Estado de cuenta generado","","detail_tabs","Datos del paciente / Cotizaciones / Pagos / Documentos","Presenta identidad administrativa, periodo, hospitalización y tabs con datos acotados al caso.","Datos sintéticos y alcance de la organización activa.","Entrada válida, estado vacío y error accionable sin revelar existencia de registros.","Permiso explícito de lectura o escritura aplicado en navegación, control, store y persistencia.","El estado visible cambia sólo después de completar la operación autorizada.","Error accesible y genérico; no mostrar éxito anticipado.","NO_APLICA","{""chapter_id"":""CH08"",""event_id"":""CH08-E0078"",""timestamp"":""00:19:29.200"",""image"":""references/video-audit/chapters/CH08_perfil_administrativo_cuentas_por_cobrar_y_pagos/event_frames/CH08-E0078_00h19m29s200ms_motion_progress.jpg"",""detail_crop"":"""",""transcript"":""references/video-audit/chapters/CH08_perfil_administrativo_cuentas_por_cobrar_y_pagos/transcript_raw.txt""} | {""chapter_id"":""CH08"",""event_id"":""CH08-E0081"",""timestamp"":""00:19:31.000"",""image"":""references/video-audit/chapters/CH08_perfil_administrativo_cuentas_por_cobrar_y_pagos/event_frames/CH08-E0081_00h19m31s000ms_settled.jpg"",""detail_crop"":""references/video-audit/chapters/CH08_perfil_administrativo_cuentas_por_cobrar_y_pagos/detail_crops/CH08-E0081_00h19m31s000ms_DETAIL.jpg"",""transcript"":""references/video-audit/chapters/CH08_perfil_administrativo_cuentas_por_cobrar_y_pagos/transcript_raw.txt""}","app/main.js","renderAccountStatementPreview","Estado mock persistido en localStorage; Supabase todavía no validado en runtime.","tests/e2e/ch08.spec.mjs","IMPLEMENTED_EXACT","","","Presenta identidad administrativa, periodo, hospitalización y tabs con datos acotados al caso. | Persiste después de recargar cuando la acción modifica datos. | Respeta rol y organización. | Tiene prueba automatizada específica y prueba de navegador cuando corresponde."
"CH08-R018","VIDEO_REQUIREMENT","CH08","CH08-E0081 | CH08-E0083","00:19:31.000 | 00:19:34.200","statement_quote_selection","Estado de cuenta generado","Cotizaciones","selection_table","Selección y deuda acumulada","Filtra cotizaciones actuales por rango, conserva la selección al alternar tabs y recalcula el total de facturas del resumen.","Datos sintéticos y alcance de la organización activa.","Entrada válida, estado vacío y error accionable sin revelar existencia de registros.","Permiso explícito de lectura o escritura aplicado en navegación, control, store y persistencia.","El estado visible cambia sólo después de completar la operación autorizada.","Error accesible y genérico; no mostrar éxito anticipado.","NO_APLICA","{""chapter_id"":""CH08"",""event_id"":""CH08-E0081"",""timestamp"":""00:19:31.000"",""image"":""references/video-audit/chapters/CH08_perfil_administrativo_cuentas_por_cobrar_y_pagos/event_frames/CH08-E0081_00h19m31s000ms_settled.jpg"",""detail_crop"":""references/video-audit/chapters/CH08_perfil_administrativo_cuentas_por_cobrar_y_pagos/detail_crops/CH08-E0081_00h19m31s000ms_DETAIL.jpg"",""transcript"":""references/video-audit/chapters/CH08_perfil_administrativo_cuentas_por_cobrar_y_pagos/transcript_raw.txt""} | {""chapter_id"":""CH08"",""event_id"":""CH08-E0083"",""timestamp"":""00:19:34.200"",""image"":""references/video-audit/chapters/CH08_perfil_administrativo_cuentas_por_cobrar_y_pagos/event_frames/CH08-E0083_00h19m34s200ms_abrupt_change.jpg"",""detail_crop"":"""",""transcript"":""references/video-audit/chapters/CH08_perfil_administrativo_cuentas_por_cobrar_y_pagos/transcript_raw.txt""}","app/main.js","renderAccountStatementPreview/openPaymentSummary","Estado mock persistido en localStorage; Supabase todavía no validado en runtime.","tests/e2e/ch08.spec.mjs","IMPLEMENTED_EXACT","","","Filtra cotizaciones actuales por rango, conserva la selección al alternar tabs y recalcula el total de facturas del resumen. | Persiste después de recargar cuando la acción modifica datos. | Respeta rol y organización. | Tiene prueba automatizada específica y prueba de navegador cuando corresponde."
"CH08-R019","VIDEO_REQUIREMENT","CH08","CH08-E0084 | CH08-E0086","00:19:43.800 | 00:19:51.600","statement_payment_selection","Estado de cuenta generado","Pagos","selection_table","Selección y pagos acumulados","Filtra pagos aplicados por rango, conserva la selección al alternar tabs y recalcula el total de pagos del resumen.","Datos sintéticos y alcance de la organización activa.","Entrada válida, estado vacío y error accionable sin revelar existencia de registros.","Permiso explícito de lectura o escritura aplicado en navegación, control, store y persistencia.","El estado visible cambia sólo después de completar la operación autorizada.","Error accesible y genérico; no mostrar éxito anticipado.","NO_APLICA","{""chapter_id"":""CH08"",""event_id"":""CH08-E0084"",""timestamp"":""00:19:43.800"",""image"":""references/video-audit/chapters/CH08_perfil_administrativo_cuentas_por_cobrar_y_pagos/event_frames/CH08-E0084_00h19m43s800ms_abrupt_change.jpg"",""detail_crop"":""references/video-audit/chapters/CH08_perfil_administrativo_cuentas_por_cobrar_y_pagos/detail_crops/CH08-E0084_00h19m43s800ms_DETAIL.jpg"",""transcript"":""references/video-audit/chapters/CH08_perfil_administrativo_cuentas_por_cobrar_y_pagos/transcript_raw.txt""} | {""chapter_id"":""CH08"",""event_id"":""CH08-E0086"",""timestamp"":""00:19:51.600"",""image"":""references/video-audit/chapters/CH08_perfil_administrativo_cuentas_por_cobrar_y_pagos/event_frames/CH08-E0086_00h19m51s600ms_abrupt_change.jpg"",""detail_crop"":"""",""transcript"":""references/video-audit/chapters/CH08_perfil_administrativo_cuentas_por_cobrar_y_pagos/transcript_raw.txt""}","app/main.js","renderAccountStatementPreview/openPaymentSummary","Estado mock persistido en localStorage; Supabase todavía no validado en runtime.","tests/e2e/ch08.spec.mjs","IMPLEMENTED_EXACT","","","Filtra pagos aplicados por rango, conserva la selección al alternar tabs y recalcula el total de pagos del resumen. | Persiste después de recargar cuando la acción modifica datos. | Respeta rol y organización. | Tiene prueba automatizada específica y prueba de navegador cuando corresponde."
"CH08-R020","VIDEO_REQUIREMENT","CH08","CH08-E0087 | CH08-E0088","00:19:52.000 | 00:20:43.800","payment_summary","Resumen del pago","","financial_summary","Saldo anterior / Facturas / Pagos / Pendiente","Calcula importes confirmados y nunca aplica un excedente como crédito, anticipo o saldo negativo sin política aprobada.","Datos sintéticos y alcance de la organización activa.","Entrada válida, estado vacío y error accionable sin revelar existencia de registros.","Permiso explícito de lectura o escritura aplicado en navegación, control, store y persistencia.","El estado visible cambia sólo después de completar la operación autorizada.","Error accesible y genérico; no mostrar éxito anticipado.","NO_APLICA","{""chapter_id"":""CH08"",""event_id"":""CH08-E0087"",""timestamp"":""00:19:52.000"",""image"":""references/video-audit/chapters/CH08_perfil_administrativo_cuentas_por_cobrar_y_pagos/event_frames/CH08-E0087_00h19m52s000ms_abrupt_change.jpg"",""detail_crop"":"""",""transcript"":""references/video-audit/chapters/CH08_perfil_administrativo_cuentas_por_cobrar_y_pagos/transcript_raw.txt""} | {""chapter_id"":""CH08"",""event_id"":""CH08-E0088"",""timestamp"":""00:20:43.800"",""image"":""references/video-audit/chapters/CH08_perfil_administrativo_cuentas_por_cobrar_y_pagos/event_frames/CH08-E0088_00h20m43s800ms_abrupt_change.jpg"",""detail_crop"":"""",""transcript"":""references/video-audit/chapters/CH08_perfil_administrativo_cuentas_por_cobrar_y_pagos/transcript_raw.txt""}","app/main.js; app/domain.js","openPaymentSummary/validatePayment","Estado mock persistido en localStorage; Supabase todavía no validado en runtime.","tests/ch08-receivables-payments.test.mjs; tests/e2e/ch08.spec.mjs","NEEDS_CLIENT_CONFIRMATION","","CH08-Q001","Calcula importes confirmados y nunca aplica un excedente como crédito, anticipo o saldo negativo sin política aprobada. | Persiste después de recargar cuando la acción modifica datos. | Respeta rol y organización. | Tiene prueba automatizada específica y prueba de navegador cuando corresponde."
"CH08-R021","VIDEO_REQUIREMENT","CH08","CH08-E0087","00:19:52.000","statement_summary_actions","Resumen del pago","","buttons","Imprimir / Guardar cambios","Imprime la vista actual; Guardar permanece bloqueado hasta definir si crea snapshot, conserva selección o modifica asignaciones.","Datos sintéticos y alcance de la organización activa.","Entrada válida, estado vacío y error accionable sin revelar existencia de registros.","Permiso explícito de lectura o escritura aplicado en navegación, control, store y persistencia.","El estado visible cambia sólo después de completar la operación autorizada.","Error accesible y genérico; no mostrar éxito anticipado.","NO_APLICA","{""chapter_id"":""CH08"",""event_id"":""CH08-E0087"",""timestamp"":""00:19:52.000"",""image"":""references/video-audit/chapters/CH08_perfil_administrativo_cuentas_por_cobrar_y_pagos/event_frames/CH08-E0087_00h19m52s000ms_abrupt_change.jpg"",""detail_crop"":"""",""transcript"":""references/video-audit/chapters/CH08_perfil_administrativo_cuentas_por_cobrar_y_pagos/transcript_raw.txt""}","app/main.js","openPaymentSummary/print-receivables","Estado mock persistido en localStorage; Supabase todavía no validado en runtime.","tests/e2e/ch08.spec.mjs","IMPLEMENTED_PARTIAL","","CH08-Q003","Imprime la vista actual; Guardar permanece bloqueado hasta definir si crea snapshot, conserva selección o modifica asignaciones. | Persiste después de recargar cuando la acción modifica datos. | Respeta rol y organización. | Tiene prueba automatizada específica y prueba de navegador cuando corresponde."
"CH08-R022","VIDEO_REQUIREMENT","CH08","CH08-E0090 | CH08-E0095","00:20:46.000 | 00:20:59.600","sidebar_navigation","Shell","","navigation_group","Facturación / Clínica","Permite alternar los grupos laterales y mantiene la vista actual hasta elegir una ruta.","Datos sintéticos y alcance de la organización activa.","Entrada válida, estado vacío y error accionable sin revelar existencia de registros.","Permiso explícito de lectura o escritura aplicado en navegación, control, store y persistencia.","El estado visible cambia sólo después de completar la operación autorizada.","Error accesible y genérico; no mostrar éxito anticipado.","NO_APLICA","{""chapter_id"":""CH08"",""event_id"":""CH08-E0090"",""timestamp"":""00:20:46.000"",""image"":""references/video-audit/chapters/CH08_perfil_administrativo_cuentas_por_cobrar_y_pagos/event_frames/CH08-E0090_00h20m46s000ms_settled.jpg"",""detail_crop"":""references/video-audit/chapters/CH08_perfil_administrativo_cuentas_por_cobrar_y_pagos/detail_crops/CH08-E0090_00h20m46s000ms_DETAIL.jpg"",""transcript"":""references/video-audit/chapters/CH08_perfil_administrativo_cuentas_por_cobrar_y_pagos/transcript_raw.txt""} | {""chapter_id"":""CH08"",""event_id"":""CH08-E0095"",""timestamp"":""00:20:59.600"",""image"":""references/video-audit/chapters/CH08_perfil_administrativo_cuentas_por_cobrar_y_pagos/event_frames/CH08-E0095_00h20m59s600ms_settled.jpg"",""detail_crop"":""references/video-audit/chapters/CH08_perfil_administrativo_cuentas_por_cobrar_y_pagos/detail_crops/CH08-E0095_00h20m59s600ms_DETAIL.jpg"",""transcript"":""references/video-audit/chapters/CH08_perfil_administrativo_cuentas_por_cobrar_y_pagos/transcript_raw.txt""}","app/views.js","renderNavigation","Estado mock persistido en localStorage; Supabase todavía no validado en runtime.","tests/e2e/ch01.spec.mjs","IMPLEMENTED_EXACT","","","Permite alternar los grupos laterales y mantiene la vista actual hasta elegir una ruta. | Persiste después de recargar cuando la acción modifica datos. | Respeta rol y organización. | Tiene prueba automatizada específica y prueba de navegador cuando corresponde."
"CH08-H001","PLATFORM_HARDENING","CH08","CH08-E0052 | CH08-E0061","00:17:57.600 | 00:18:50.600","remote_first_payments","Pagos","","transaction","Confirmación autoritativa de pago y reversión","La UI sólo confirma y muta su espejo tras apply_payment o reverse_payment; errores remotos conservan el estado local anterior.","Datos sintéticos y alcance de la organización activa.","Entrada válida, estado vacío y error accionable sin revelar existencia de registros.","Permiso explícito de lectura o escritura aplicado en navegación, control, store y persistencia.","El estado visible cambia sólo después de completar la operación autorizada.","Error accesible y genérico; no mostrar éxito anticipado.","NO_APLICA","{""chapter_id"":""CH08"",""event_id"":""CH08-E0052"",""timestamp"":""00:17:57.600"",""image"":""references/video-audit/chapters/CH08_perfil_administrativo_cuentas_por_cobrar_y_pagos/event_frames/CH08-E0052_00h17m57s600ms_settled.jpg"",""detail_crop"":""references/video-audit/chapters/CH08_perfil_administrativo_cuentas_por_cobrar_y_pagos/detail_crops/CH08-E0052_00h17m57s600ms_DETAIL.jpg"",""transcript"":""references/video-audit/chapters/CH08_perfil_administrativo_cuentas_por_cobrar_y_pagos/transcript_raw.txt""} | {""chapter_id"":""CH08"",""event_id"":""CH08-E0061"",""timestamp"":""00:18:50.600"",""image"":""references/video-audit/chapters/CH08_perfil_administrativo_cuentas_por_cobrar_y_pagos/event_frames/CH08-E0061_00h18m50s600ms_abrupt_change.jpg"",""detail_crop"":""references/video-audit/chapters/CH08_perfil_administrativo_cuentas_por_cobrar_y_pagos/detail_crops/CH08-E0061_00h18m50s600ms_DETAIL.jpg"",""transcript"":""references/video-audit/chapters/CH08_perfil_administrativo_cuentas_por_cobrar_y_pagos/transcript_raw.txt""}","app/store.js; app/supabase-adapter.js","createPayment/reversePayment","Estado mock persistido en localStorage; Supabase todavía no validado en runtime.","tests/ch08-receivables-payments.test.mjs","IMPLEMENTED_EXACT","","","La UI sólo confirma y muta su espejo tras apply_payment o reverse_payment; errores remotos conservan el estado local anterior. | Persiste después de recargar cuando la acción modifica datos. | Respeta rol y organización. | Tiene prueba automatizada específica y prueba de navegador cuando corresponde."
"CH08-H002","PLATFORM_HARDENING","CH08","CH08-E0060 | CH08-E0061","00:18:28.200 | 00:18:50.600","immutable_payments","Pagos","","financial_integrity","Reversión append-only","Nunca actualiza importes ni elimina pagos; anula pago, asignación y comprobante con motivo, actor, tiempo e idempotencia.","Datos sintéticos y alcance de la organización activa.","Entrada válida, estado vacío y error accionable sin revelar existencia de registros.","Permiso explícito de lectura o escritura aplicado en navegación, control, store y persistencia.","El estado visible cambia sólo después de completar la operación autorizada.","Error accesible y genérico; no mostrar éxito anticipado.","NO_APLICA","{""chapter_id"":""CH08"",""event_id"":""CH08-E0060"",""timestamp"":""00:18:28.200"",""image"":""references/video-audit/chapters/CH08_perfil_administrativo_cuentas_por_cobrar_y_pagos/event_frames/CH08-E0060_00h18m28s200ms_settled.jpg"",""detail_crop"":""references/video-audit/chapters/CH08_perfil_administrativo_cuentas_por_cobrar_y_pagos/detail_crops/CH08-E0060_00h18m28s200ms_DETAIL.jpg"",""transcript"":""references/video-audit/chapters/CH08_perfil_administrativo_cuentas_por_cobrar_y_pagos/transcript_raw.txt""} | {""chapter_id"":""CH08"",""event_id"":""CH08-E0061"",""timestamp"":""00:18:50.600"",""image"":""references/video-audit/chapters/CH08_perfil_administrativo_cuentas_por_cobrar_y_pagos/event_frames/CH08-E0061_00h18m50s600ms_abrupt_change.jpg"",""detail_crop"":""references/video-audit/chapters/CH08_perfil_administrativo_cuentas_por_cobrar_y_pagos/detail_crops/CH08-E0061_00h18m50s600ms_DETAIL.jpg"",""transcript"":""references/video-audit/chapters/CH08_perfil_administrativo_cuentas_por_cobrar_y_pagos/transcript_raw.txt""}","app/store.js; supabase/migrations/202608260006_p0_notifications_payments_inventory.sql","reversePayment/reverse_payment","Estado mock persistido en localStorage; Supabase todavía no validado en runtime.","tests/p0-notifications-payments-inventory.test.mjs; tests/e2e/ch08.spec.mjs","IMPLEMENTED_EXACT","","","Nunca actualiza importes ni elimina pagos; anula pago, asignación y comprobante con motivo, actor, tiempo e idempotencia. | Persiste después de recargar cuando la acción modifica datos. | Respeta rol y organización. | Tiene prueba automatizada específica y prueba de navegador cuando corresponde."
"CH08-H003","PLATFORM_HARDENING","CH08","CH08-E0001 | CH08-E0024","00:16:16.000 | 00:16:53.200","execution_persistence","Perfil administrativo","","transaction","Handoff idempotente y auditable","Valida organización, paciente, hospitalización, cotización, versión y aseguradora; crea un único perfil activo mediante RPC cerrada y registra auditoría.","Datos sintéticos y alcance de la organización activa.","Entrada válida, estado vacío y error accionable sin revelar existencia de registros.","Permiso explícito de lectura o escritura aplicado en navegación, control, store y persistencia.","El estado visible cambia sólo después de completar la operación autorizada.","Error accesible y genérico; no mostrar éxito anticipado.","NO_APLICA","{""chapter_id"":""CH08"",""event_id"":""CH08-E0001"",""timestamp"":""00:16:16.000"",""image"":""references/video-audit/chapters/CH08_perfil_administrativo_cuentas_por_cobrar_y_pagos/event_frames/CH08-E0001_00h16m16s000ms_abrupt_change.jpg"",""detail_crop"":"""",""transcript"":""references/video-audit/chapters/CH08_perfil_administrativo_cuentas_por_cobrar_y_pagos/transcript_raw.txt""} | {""chapter_id"":""CH08"",""event_id"":""CH08-E0024"",""timestamp"":""00:16:53.200"",""image"":""references/video-audit/chapters/CH08_perfil_administrativo_cuentas_por_cobrar_y_pagos/event_frames/CH08-E0024_00h16m53s200ms_abrupt_change.jpg"",""detail_crop"":"""",""transcript"":""references/video-audit/chapters/CH08_perfil_administrativo_cuentas_por_cobrar_y_pagos/transcript_raw.txt""}","app/store.js; app/supabase-adapter.js; supabase/migrations/202608270004_ch08_receivables_execution_integrity.sql","startAdministrativeExecution/start_administrative_execution","Estado mock persistido en localStorage; Supabase todavía no validado en runtime.","tests/ch08-receivables-payments.test.mjs","IMPLEMENTED_EXACT","","","Valida organización, paciente, hospitalización, cotización, versión y aseguradora; crea un único perfil activo mediante RPC cerrada y registra auditoría. | Persiste después de recargar cuando la acción modifica datos. | Respeta rol y organización. | Tiene prueba automatizada específica y prueba de navegador cuando corresponde."
"CH08-H004","PLATFORM_HARDENING","CH08","CH08-E0052 | CH08-E0086","00:17:57.600 | 00:19:51.600","payment_reload","Supabase bootstrap","","mapping","Pagos, asignaciones y comprobantes al recargar","Reconstruye IDs de raíz y versión, hospitalización, importes, asignaciones y comprobantes sin perder el vínculo usado por saldos.","Datos sintéticos y alcance de la organización activa.","Entrada válida, estado vacío y error accionable sin revelar existencia de registros.","Permiso explícito de lectura o escritura aplicado en navegación, control, store y persistencia.","El estado visible cambia sólo después de completar la operación autorizada.","Error accesible y genérico; no mostrar éxito anticipado.","NO_APLICA","{""chapter_id"":""CH08"",""event_id"":""CH08-E0052"",""timestamp"":""00:17:57.600"",""image"":""references/video-audit/chapters/CH08_perfil_administrativo_cuentas_por_cobrar_y_pagos/event_frames/CH08-E0052_00h17m57s600ms_settled.jpg"",""detail_crop"":""references/video-audit/chapters/CH08_perfil_administrativo_cuentas_por_cobrar_y_pagos/detail_crops/CH08-E0052_00h17m57s600ms_DETAIL.jpg"",""transcript"":""references/video-audit/chapters/CH08_perfil_administrativo_cuentas_por_cobrar_y_pagos/transcript_raw.txt""} | {""chapter_id"":""CH08"",""event_id"":""CH08-E0086"",""timestamp"":""00:19:51.600"",""image"":""references/video-audit/chapters/CH08_perfil_administrativo_cuentas_por_cobrar_y_pagos/event_frames/CH08-E0086_00h19m51s600ms_abrupt_change.jpg"",""detail_crop"":"""",""transcript"":""references/video-audit/chapters/CH08_perfil_administrativo_cuentas_por_cobrar_y_pagos/transcript_raw.txt""}","app/supabase-adapter.js","mapSupabaseBootstrap","Estado mock persistido en localStorage; Supabase todavía no validado en runtime.","tests/ch08-receivables-payments.test.mjs","IMPLEMENTED_EXACT","","","Reconstruye IDs de raíz y versión, hospitalización, importes, asignaciones y comprobantes sin perder el vínculo usado por saldos. | Persiste después de recargar cuando la acción modifica datos. | Respeta rol y organización. | Tiene prueba automatizada específica y prueba de navegador cuando corresponde."
"CH08-H005","PLATFORM_HARDENING","CH08","CH08-E0087","00:19:52.000","no_inferred_credit","Resumen del pago","","safety_guard","Sin crédito o anticipo inferido","No convierte el saldo negativo del ejemplo en una regla productiva; muestra excedente no asignado y conserva la prohibición de sobrepago.","Datos sintéticos y alcance de la organización activa.","Entrada válida, estado vacío y error accionable sin revelar existencia de registros.","Permiso explícito de lectura o escritura aplicado en navegación, control, store y persistencia.","El estado visible cambia sólo después de completar la operación autorizada.","Error accesible y genérico; no mostrar éxito anticipado.","NO_APLICA","{""chapter_id"":""CH08"",""event_id"":""CH08-E0087"",""timestamp"":""00:19:52.000"",""image"":""references/video-audit/chapters/CH08_perfil_administrativo_cuentas_por_cobrar_y_pagos/event_frames/CH08-E0087_00h19m52s000ms_abrupt_change.jpg"",""detail_crop"":"""",""transcript"":""references/video-audit/chapters/CH08_perfil_administrativo_cuentas_por_cobrar_y_pagos/transcript_raw.txt""}","app/main.js; app/domain.js; docs/OPEN_QUESTIONS.md","openPaymentSummary/validatePayment","Estado mock persistido en localStorage; Supabase todavía no validado en runtime.","tests/domain.test.mjs; tests/ch08-receivables-payments.test.mjs","IMPLEMENTED_EXACT","","CH08-Q001","No convierte el saldo negativo del ejemplo en una regla productiva; muestra excedente no asignado y conserva la prohibición de sobrepago. | Persiste después de recargar cuando la acción modifica datos. | Respeta rol y organización. | Tiene prueba automatizada específica y prueba de navegador cuando corresponde."
"CH13-R001","VIDEO_REQUIREMENT","CH13","CH13-E0001 | CH13-E0004 | CH13-E0080","00:36:45.000 | 00:36:46.400 | 00:39:26.800","purchase_list","Compras","","data_table","Acciones / Tipo / Número / Proveedor / Total / # Factura / Fecha / Estado / Registro PT","Presenta todas las columnas observadas con datos sintéticos, estados explícitos y acceso autorizado al detalle.","Datos sintéticos y alcance de la organización activa.","Entrada válida, estado vacío y error accionable sin revelar existencia de registros.","Permiso explícito de lectura o escritura aplicado en navegación, control, store y persistencia.","El estado visible cambia sólo después de completar la operación autorizada.","Error accesible y genérico; no mostrar éxito anticipado.","NO_APLICA","{""chapter_id"":""CH13"",""event_id"":""CH13-E0001"",""timestamp"":""00:36:45.000"",""image"":""references/video-audit/chapters/CH13_compras_y_compras_al_por_mayor/event_frames/CH13-E0001_00h36m45s000ms_abrupt_change.jpg"",""detail_crop"":"""",""transcript"":""references/video-audit/chapters/CH13_compras_y_compras_al_por_mayor/transcript_raw.txt""} | {""chapter_id"":""CH13"",""event_id"":""CH13-E0004"",""timestamp"":""00:36:46.400"",""image"":""references/video-audit/chapters/CH13_compras_y_compras_al_por_mayor/event_frames/CH13-E0004_00h36m46s400ms_abrupt_change.jpg"",""detail_crop"":""references/video-audit/chapters/CH13_compras_y_compras_al_por_mayor/detail_crops/CH13-E0004_00h36m46s400ms_DETAIL.jpg"",""transcript"":""references/video-audit/chapters/CH13_compras_y_compras_al_por_mayor/transcript_raw.txt""} | {""chapter_id"":""CH13"",""event_id"":""CH13-E0080"",""timestamp"":""00:39:26.800"",""image"":""references/video-audit/chapters/CH13_compras_y_compras_al_por_mayor/event_frames/CH13-E0080_00h39m26s800ms_abrupt_change.jpg"",""detail_crop"":""references/video-audit/chapters/CH13_compras_y_compras_al_por_mayor/detail_crops/CH13-E0080_00h39m26s800ms_DETAIL.jpg"",""transcript"":""references/video-audit/chapters/CH13_compras_y_compras_al_por_mayor/transcript_raw.txt""}","app/views.js","renderPurchases","Estado mock persistido en localStorage; Supabase todavía no validado en runtime.","tests/ch13-purchase-drafts.test.mjs; tests/e2e/ch13.spec.mjs","IMPLEMENTED_EXACT","","","Presenta todas las columnas observadas con datos sintéticos, estados explícitos y acceso autorizado al detalle. | Persiste después de recargar cuando la acción modifica datos. | Respeta rol y organización. | Tiene prueba automatizada específica y prueba de navegador cuando corresponde."
"CH13-R002","VIDEO_REQUIREMENT","CH13","CH13-E0004 | CH13-E0080","00:36:46.400 | 00:39:26.800","purchase_list_controls","Compras","","search_pagination_export","Excel / Mostrar registros / Buscar / Anterior / páginas / Siguiente","Busca número, proveedor, factura, tipo o estado; pagina el conjunto filtrado y descarga CSV sintético compatible con Excel.","Datos sintéticos y alcance de la organización activa.","Entrada válida, estado vacío y error accionable sin revelar existencia de registros.","Permiso explícito de lectura o escritura aplicado en navegación, control, store y persistencia.","El estado visible cambia sólo después de completar la operación autorizada.","Error accesible y genérico; no mostrar éxito anticipado.","NO_APLICA","{""chapter_id"":""CH13"",""event_id"":""CH13-E0004"",""timestamp"":""00:36:46.400"",""image"":""references/video-audit/chapters/CH13_compras_y_compras_al_por_mayor/event_frames/CH13-E0004_00h36m46s400ms_abrupt_change.jpg"",""detail_crop"":""references/video-audit/chapters/CH13_compras_y_compras_al_por_mayor/detail_crops/CH13-E0004_00h36m46s400ms_DETAIL.jpg"",""transcript"":""references/video-audit/chapters/CH13_compras_y_compras_al_por_mayor/transcript_raw.txt""} | {""chapter_id"":""CH13"",""event_id"":""CH13-E0080"",""timestamp"":""00:39:26.800"",""image"":""references/video-audit/chapters/CH13_compras_y_compras_al_por_mayor/event_frames/CH13-E0080_00h39m26s800ms_abrupt_change.jpg"",""detail_crop"":""references/video-audit/chapters/CH13_compras_y_compras_al_por_mayor/detail_crops/CH13-E0080_00h39m26s800ms_DETAIL.jpg"",""transcript"":""references/video-audit/chapters/CH13_compras_y_compras_al_por_mayor/transcript_raw.txt""}","app/views.js; app/main.js","renderPurchases/purchase-search/purchase-page/export-purchases","Estado mock persistido en localStorage; Supabase todavía no validado en runtime.","tests/e2e/ch13.spec.mjs","IMPLEMENTED_EXACT","","","Busca número, proveedor, factura, tipo o estado; pagina el conjunto filtrado y descarga CSV sintético compatible con Excel. | Persiste después de recargar cuando la acción modifica datos. | Respeta rol y organización. | Tiene prueba automatizada específica y prueba de navegador cuando corresponde."
"CH13-R003","VIDEO_REQUIREMENT","CH13","CH13-E0005 | CH13-E0006 | CH13-E0032 | CH13-E0033","00:36:50.000 | 00:36:50.400 | 00:37:35.600 | 00:37:36.200","purchase_kind","Compras","","modal_choice","¿Qué quieres crear? / Orden de compra / Caja menuda","Abre el selector de modalidad y navega al compositor correspondiente sin mutar datos.","Datos sintéticos y alcance de la organización activa.","Entrada válida, estado vacío y error accionable sin revelar existencia de registros.","Permiso explícito de lectura o escritura aplicado en navegación, control, store y persistencia.","El estado visible cambia sólo después de completar la operación autorizada.","Error accesible y genérico; no mostrar éxito anticipado.","NO_APLICA","{""chapter_id"":""CH13"",""event_id"":""CH13-E0005"",""timestamp"":""00:36:50.000"",""image"":""references/video-audit/chapters/CH13_compras_y_compras_al_por_mayor/event_frames/CH13-E0005_00h36m50s000ms_abrupt_change.jpg"",""detail_crop"":"""",""transcript"":""references/video-audit/chapters/CH13_compras_y_compras_al_por_mayor/transcript_raw.txt""} | {""chapter_id"":""CH13"",""event_id"":""CH13-E0006"",""timestamp"":""00:36:50.400"",""image"":""references/video-audit/chapters/CH13_compras_y_compras_al_por_mayor/event_frames/CH13-E0006_00h36m50s400ms_abrupt_change.jpg"",""detail_crop"":"""",""transcript"":""references/video-audit/chapters/CH13_compras_y_compras_al_por_mayor/transcript_raw.txt""} | {""chapter_id"":""CH13"",""event_id"":""CH13-E0032"",""timestamp"":""00:37:35.600"",""image"":""references/video-audit/chapters/CH13_compras_y_compras_al_por_mayor/event_frames/CH13-E0032_00h37m35s600ms_abrupt_change.jpg"",""detail_crop"":"""",""transcript"":""references/video-audit/chapters/CH13_compras_y_compras_al_por_mayor/transcript_raw.txt""} | {""chapter_id"":""CH13"",""event_id"":""CH13-E0033"",""timestamp"":""00:37:36.200"",""image"":""references/video-audit/chapters/CH13_compras_y_compras_al_por_mayor/event_frames/CH13-E0033_00h37m36s200ms_stable_change.jpg"",""detail_crop"":""references/video-audit/chapters/CH13_compras_y_compras_al_por_mayor/detail_crops/CH13-E0033_00h37m36s200ms_DETAIL.jpg"",""transcript"":""references/video-audit/chapters/CH13_compras_y_compras_al_por_mayor/transcript_raw.txt""}","app/main.js","openPurchaseTypeChooser/openPurchaseForm","Estado mock persistido en localStorage; Supabase todavía no validado en runtime.","tests/ch13-purchase-drafts.test.mjs; tests/e2e/ch13.spec.mjs","IMPLEMENTED_EXACT","","","Abre el selector de modalidad y navega al compositor correspondiente sin mutar datos. | Persiste después de recargar cuando la acción modifica datos. | Respeta rol y organización. | Tiene prueba automatizada específica y prueba de navegador cuando corresponde."
"CH13-R004","VIDEO_REQUIREMENT","CH13","CH13-E0007 | CH13-E0008 | CH13-E0023","00:36:54.400 | 00:36:54.800 | 00:37:14.400","order_form","Nueva compra","","form","Fecha / Número de factura / Observaciones / Ítem / Proveedor / Presentación / Costo / Cantidad","Captura la cabecera y una línea de orden con proveedor, presentación, costo y cantidad; no prellena factura, impuesto, precio ni estado.","Datos sintéticos y alcance de la organización activa.","Entrada válida, estado vacío y error accionable sin revelar existencia de registros.","Permiso explícito de lectura o escritura aplicado en navegación, control, store y persistencia.","El estado visible cambia sólo después de completar la operación autorizada.","Error accesible y genérico; no mostrar éxito anticipado.","NO_APLICA","{""chapter_id"":""CH13"",""event_id"":""CH13-E0007"",""timestamp"":""00:36:54.400"",""image"":""references/video-audit/chapters/CH13_compras_y_compras_al_por_mayor/event_frames/CH13-E0007_00h36m54s400ms_abrupt_change.jpg"",""detail_crop"":"""",""transcript"":""references/video-audit/chapters/CH13_compras_y_compras_al_por_mayor/transcript_raw.txt""} | {""chapter_id"":""CH13"",""event_id"":""CH13-E0008"",""timestamp"":""00:36:54.800"",""image"":""references/video-audit/chapters/CH13_compras_y_compras_al_por_mayor/event_frames/CH13-E0008_00h36m54s800ms_abrupt_change.jpg"",""detail_crop"":"""",""transcript"":""references/video-audit/chapters/CH13_compras_y_compras_al_por_mayor/transcript_raw.txt""} | {""chapter_id"":""CH13"",""event_id"":""CH13-E0023"",""timestamp"":""00:37:14.400"",""image"":""references/video-audit/chapters/CH13_compras_y_compras_al_por_mayor/event_frames/CH13-E0023_00h37m14s400ms_settled.jpg"",""detail_crop"":""references/video-audit/chapters/CH13_compras_y_compras_al_por_mayor/detail_crops/CH13-E0023_00h37m14s400ms_DETAIL.jpg"",""transcript"":""references/video-audit/chapters/CH13_compras_y_compras_al_por_mayor/transcript_raw.txt""}","app/main.js; app/store.js","openPurchaseForm/createPurchase","Estado mock persistido en localStorage; Supabase todavía no validado en runtime.","tests/ch13-purchase-drafts.test.mjs; tests/e2e/ch13.spec.mjs","IMPLEMENTED_EXACT","","","Captura la cabecera y una línea de orden con proveedor, presentación, costo y cantidad; no prellena factura, impuesto, precio ni estado. | Persiste después de recargar cuando la acción modifica datos. | Respeta rol y organización. | Tiene prueba automatizada específica y prueba de navegador cuando corresponde."
"CH13-R005","VIDEO_REQUIREMENT","CH13","CH13-E0009 | CH13-E0015 | CH13-E0044 | CH13-E0048 | CH13-E0049","00:36:59.200 | 00:37:08.800 | 00:38:14.400 | 00:38:17.600 | 00:38:19.000","catalog_search","Nueva compra","","catalog_search","Buscar ítem / código / descripción / existencia","Filtra el catálogo activo por el texto visible y muestra código, descripción y existencia organizacional sin revelar otro tenant.","Datos sintéticos y alcance de la organización activa.","Entrada válida, estado vacío y error accionable sin revelar existencia de registros.","Permiso explícito de lectura o escritura aplicado en navegación, control, store y persistencia.","El estado visible cambia sólo después de completar la operación autorizada.","Error accesible y genérico; no mostrar éxito anticipado.","NO_APLICA","{""chapter_id"":""CH13"",""event_id"":""CH13-E0009"",""timestamp"":""00:36:59.200"",""image"":""references/video-audit/chapters/CH13_compras_y_compras_al_por_mayor/event_frames/CH13-E0009_00h36m59s200ms_abrupt_change.jpg"",""detail_crop"":""references/video-audit/chapters/CH13_compras_y_compras_al_por_mayor/detail_crops/CH13-E0009_00h36m59s200ms_DETAIL.jpg"",""transcript"":""references/video-audit/chapters/CH13_compras_y_compras_al_por_mayor/transcript_raw.txt""} | {""chapter_id"":""CH13"",""event_id"":""CH13-E0015"",""timestamp"":""00:37:08.800"",""image"":""references/video-audit/chapters/CH13_compras_y_compras_al_por_mayor/event_frames/CH13-E0015_00h37m08s800ms_abrupt_change.jpg"",""detail_crop"":""references/video-audit/chapters/CH13_compras_y_compras_al_por_mayor/detail_crops/CH13-E0015_00h37m08s800ms_DETAIL.jpg"",""transcript"":""references/video-audit/chapters/CH13_compras_y_compras_al_por_mayor/transcript_raw.txt""} | {""chapter_id"":""CH13"",""event_id"":""CH13-E0044"",""timestamp"":""00:38:14.400"",""image"":""references/video-audit/chapters/CH13_compras_y_compras_al_por_mayor/event_frames/CH13-E0044_00h38m14s400ms_abrupt_change.jpg"",""detail_crop"":""references/video-audit/chapters/CH13_compras_y_compras_al_por_mayor/detail_crops/CH13-E0044_00h38m14s400ms_DETAIL.jpg"",""transcript"":""references/video-audit/chapters/CH13_compras_y_compras_al_por_mayor/transcript_raw.txt""} | {""chapter_id"":""CH13"",""event_id"":""CH13-E0048"",""timestamp"":""00:38:17.600"",""image"":""references/video-audit/chapters/CH13_compras_y_compras_al_por_mayor/event_frames/CH13-E0048_00h38m17s600ms_abrupt_change.jpg"",""detail_crop"":""references/video-audit/chapters/CH13_compras_y_compras_al_por_mayor/detail_crops/CH13-E0048_00h38m17s600ms_DETAIL.jpg"",""transcript"":""references/video-audit/chapters/CH13_compras_y_compras_al_por_mayor/transcript_raw.txt""} | {""chapter_id"":""CH13"",""event_id"":""CH13-E0049"",""timestamp"":""00:38:19.000"",""image"":""references/video-audit/chapters/CH13_compras_y_compras_al_por_mayor/event_frames/CH13-E0049_00h38m19s000ms_settled.jpg"",""detail_crop"":""references/video-audit/chapters/CH13_compras_y_compras_al_por_mayor/detail_crops/CH13-E0049_00h38m19s000ms_DETAIL.jpg"",""transcript"":""references/video-audit/chapters/CH13_compras_y_compras_al_por_mayor/transcript_raw.txt""}","app/main.js; app/supabase-adapter.js","purchaseCatalogOptions/purchase-catalog-search","Estado mock persistido en localStorage; Supabase todavía no validado en runtime.","tests/ch13-purchase-drafts.test.mjs; tests/e2e/ch13.spec.mjs","IMPLEMENTED_EXACT","","","Filtra el catálogo activo por el texto visible y muestra código, descripción y existencia organizacional sin revelar otro tenant. | Persiste después de recargar cuando la acción modifica datos. | Respeta rol y organización. | Tiene prueba automatizada específica y prueba de navegador cuando corresponde."
"CH13-R006","VIDEO_REQUIREMENT","CH13","CH13-E0019 | CH13-E0020 | CH13-E0021 | CH13-E0022","00:37:11.800 | 00:37:12.200 | 00:37:12.800 | 00:37:13.400","supplier_price_history","Nueva compra","","catalog","Proveedor y precio histórico","Confirmar fuente, vigencia, organización y significado de precios históricos antes de sugerir un costo; el usuario captura un costo manual mientras tanto.","Datos sintéticos y alcance de la organización activa.","Entrada válida, estado vacío y error accionable sin revelar existencia de registros.","Permiso explícito de lectura o escritura aplicado en navegación, control, store y persistencia.","El estado visible cambia sólo después de completar la operación autorizada.","Error accesible y genérico; no mostrar éxito anticipado.","NO_APLICA","{""chapter_id"":""CH13"",""event_id"":""CH13-E0019"",""timestamp"":""00:37:11.800"",""image"":""references/video-audit/chapters/CH13_compras_y_compras_al_por_mayor/event_frames/CH13-E0019_00h37m11s800ms_abrupt_change.jpg"",""detail_crop"":""references/video-audit/chapters/CH13_compras_y_compras_al_por_mayor/detail_crops/CH13-E0019_00h37m11s800ms_DETAIL.jpg"",""transcript"":""references/video-audit/chapters/CH13_compras_y_compras_al_por_mayor/transcript_raw.txt""} | {""chapter_id"":""CH13"",""event_id"":""CH13-E0020"",""timestamp"":""00:37:12.200"",""image"":""references/video-audit/chapters/CH13_compras_y_compras_al_por_mayor/event_frames/CH13-E0020_00h37m12s200ms_abrupt_change.jpg"",""detail_crop"":""references/video-audit/chapters/CH13_compras_y_compras_al_por_mayor/detail_crops/CH13-E0020_00h37m12s200ms_DETAIL.jpg"",""transcript"":""references/video-audit/chapters/CH13_compras_y_compras_al_por_mayor/transcript_raw.txt""} | {""chapter_id"":""CH13"",""event_id"":""CH13-E0021"",""timestamp"":""00:37:12.800"",""image"":""references/video-audit/chapters/CH13_compras_y_compras_al_por_mayor/event_frames/CH13-E0021_00h37m12s800ms_abrupt_change.jpg"",""detail_crop"":""references/video-audit/chapters/CH13_compras_y_compras_al_por_mayor/detail_crops/CH13-E0021_00h37m12s800ms_DETAIL.jpg"",""transcript"":""references/video-audit/chapters/CH13_compras_y_compras_al_por_mayor/transcript_raw.txt""} | {""chapter_id"":""CH13"",""event_id"":""CH13-E0022"",""timestamp"":""00:37:13.400"",""image"":""references/video-audit/chapters/CH13_compras_y_compras_al_por_mayor/event_frames/CH13-E0022_00h37m13s400ms_abrupt_change.jpg"",""detail_crop"":""references/video-audit/chapters/CH13_compras_y_compras_al_por_mayor/detail_crops/CH13-E0022_00h37m13s400ms_DETAIL.jpg"",""transcript"":""references/video-audit/chapters/CH13_compras_y_compras_al_por_mayor/transcript_raw.txt""}","app/main.js; docs/OPEN_QUESTIONS.md","purchaseSupplierOptions","Estado mock persistido en localStorage; Supabase todavía no validado en runtime.","tests/e2e/ch13.spec.mjs","NEEDS_CLIENT_CONFIRMATION","","CH13-Q014","Confirmar fuente, vigencia, organización y significado de precios históricos antes de sugerir un costo; el usuario captura un costo manual mientras tanto. | Persiste después de recargar cuando la acción modifica datos. | Respeta rol y organización. | Tiene prueba automatizada específica y prueba de navegador cuando corresponde."
"CH13-R007","VIDEO_REQUIREMENT","CH13","CH13-E0024 | CH13-E0025 | CH13-E0052 | CH13-E0055","00:37:15.000 | 00:37:17.200 | 00:38:22.400 | 00:38:25.200","presentations","Nueva compra","","catalog_action","Presentación / + Presentación","Captura la presentación como texto del borrador y conserva + Presentación visible y bloqueado hasta definir catálogo, precio, vigencia y autorización.","Datos sintéticos y alcance de la organización activa.","Entrada válida, estado vacío y error accionable sin revelar existencia de registros.","Permiso explícito de lectura o escritura aplicado en navegación, control, store y persistencia.","El estado visible cambia sólo después de completar la operación autorizada.","Error accesible y genérico; no mostrar éxito anticipado.","NO_APLICA","{""chapter_id"":""CH13"",""event_id"":""CH13-E0024"",""timestamp"":""00:37:15.000"",""image"":""references/video-audit/chapters/CH13_compras_y_compras_al_por_mayor/event_frames/CH13-E0024_00h37m15s000ms_stable_change.jpg"",""detail_crop"":""references/video-audit/chapters/CH13_compras_y_compras_al_por_mayor/detail_crops/CH13-E0024_00h37m15s000ms_DETAIL.jpg"",""transcript"":""references/video-audit/chapters/CH13_compras_y_compras_al_por_mayor/transcript_raw.txt""} | {""chapter_id"":""CH13"",""event_id"":""CH13-E0025"",""timestamp"":""00:37:17.200"",""image"":""references/video-audit/chapters/CH13_compras_y_compras_al_por_mayor/event_frames/CH13-E0025_00h37m17s200ms_motion_progress.jpg"",""detail_crop"":""references/video-audit/chapters/CH13_compras_y_compras_al_por_mayor/detail_crops/CH13-E0025_00h37m17s200ms_DETAIL.jpg"",""transcript"":""references/video-audit/chapters/CH13_compras_y_compras_al_por_mayor/transcript_raw.txt""} | {""chapter_id"":""CH13"",""event_id"":""CH13-E0052"",""timestamp"":""00:38:22.400"",""image"":""references/video-audit/chapters/CH13_compras_y_compras_al_por_mayor/event_frames/CH13-E0052_00h38m22s400ms_settled.jpg"",""detail_crop"":""references/video-audit/chapters/CH13_compras_y_compras_al_por_mayor/detail_crops/CH13-E0052_00h38m22s400ms_DETAIL.jpg"",""transcript"":""references/video-audit/chapters/CH13_compras_y_compras_al_por_mayor/transcript_raw.txt""} | {""chapter_id"":""CH13"",""event_id"":""CH13-E0055"",""timestamp"":""00:38:25.200"",""image"":""references/video-audit/chapters/CH13_compras_y_compras_al_por_mayor/event_frames/CH13-E0055_00h38m25s200ms_settled.jpg"",""detail_crop"":""references/video-audit/chapters/CH13_compras_y_compras_al_por_mayor/detail_crops/CH13-E0055_00h38m25s200ms_DETAIL.jpg"",""transcript"":""references/video-audit/chapters/CH13_compras_y_compras_al_por_mayor/transcript_raw.txt""}","app/main.js","openPurchaseForm/blocked-purchase-presentation","Estado mock persistido en localStorage; Supabase todavía no validado en runtime.","tests/ch13-purchase-drafts.test.mjs; tests/e2e/ch13.spec.mjs","NEEDS_CLIENT_CONFIRMATION","","CH13-Q014","Captura la presentación como texto del borrador y conserva + Presentación visible y bloqueado hasta definir catálogo, precio, vigencia y autorización. | Persiste después de recargar cuando la acción modifica datos. | Respeta rol y organización. | Tiene prueba automatizada específica y prueba de navegador cuando corresponde."
"CH13-R008","VIDEO_REQUIREMENT","CH13","CH13-E0027 | CH13-E0028 | CH13-E0029 | CH13-E0058 | CH13-E0059","00:37:23.000 | 00:37:23.400 | 00:37:24.000 | 00:38:38.600 | 00:38:39.200","purchase_lines","Nueva compra","","line_ledger","Añadir / eliminar / tabla de ítems","Añade y elimina múltiples líneas en el borrador, conserva proveedor cuando aplica y calcula costo por cantidad con ajustes monetarios explícitos.","Datos sintéticos y alcance de la organización activa.","Entrada válida, estado vacío y error accionable sin revelar existencia de registros.","Permiso explícito de lectura o escritura aplicado en navegación, control, store y persistencia.","El estado visible cambia sólo después de completar la operación autorizada.","Error accesible y genérico; no mostrar éxito anticipado.","NO_APLICA","{""chapter_id"":""CH13"",""event_id"":""CH13-E0027"",""timestamp"":""00:37:23.000"",""image"":""references/video-audit/chapters/CH13_compras_y_compras_al_por_mayor/event_frames/CH13-E0027_00h37m23s000ms_motion_progress.jpg"",""detail_crop"":""references/video-audit/chapters/CH13_compras_y_compras_al_por_mayor/detail_crops/CH13-E0027_00h37m23s000ms_DETAIL.jpg"",""transcript"":""references/video-audit/chapters/CH13_compras_y_compras_al_por_mayor/transcript_raw.txt""} | {""chapter_id"":""CH13"",""event_id"":""CH13-E0028"",""timestamp"":""00:37:23.400"",""image"":""references/video-audit/chapters/CH13_compras_y_compras_al_por_mayor/event_frames/CH13-E0028_00h37m23s400ms_abrupt_change.jpg"",""detail_crop"":"""",""transcript"":""references/video-audit/chapters/CH13_compras_y_compras_al_por_mayor/transcript_raw.txt""} | {""chapter_id"":""CH13"",""event_id"":""CH13-E0029"",""timestamp"":""00:37:24.000"",""image"":""references/video-audit/chapters/CH13_compras_y_compras_al_por_mayor/event_frames/CH13-E0029_00h37m24s000ms_stable_change.jpg"",""detail_crop"":"""",""transcript"":""references/video-audit/chapters/CH13_compras_y_compras_al_por_mayor/transcript_raw.txt""} | {""chapter_id"":""CH13"",""event_id"":""CH13-E0058"",""timestamp"":""00:38:38.600"",""image"":""references/video-audit/chapters/CH13_compras_y_compras_al_por_mayor/event_frames/CH13-E0058_00h38m38s600ms_abrupt_change.jpg"",""detail_crop"":""references/video-audit/chapters/CH13_compras_y_compras_al_por_mayor/detail_crops/CH13-E0058_00h38m38s600ms_DETAIL.jpg"",""transcript"":""references/video-audit/chapters/CH13_compras_y_compras_al_por_mayor/transcript_raw.txt""} | {""chapter_id"":""CH13"",""event_id"":""CH13-E0059"",""timestamp"":""00:38:39.200"",""image"":""references/video-audit/chapters/CH13_compras_y_compras_al_por_mayor/event_frames/CH13-E0059_00h38m39s200ms_abrupt_change.jpg"",""detail_crop"":"""",""transcript"":""references/video-audit/chapters/CH13_compras_y_compras_al_por_mayor/transcript_raw.txt""}","app/main.js; app/store.js","add-purchase-item/remove-purchase-item/createPurchase","Estado mock persistido en localStorage; Supabase todavía no validado en runtime.","tests/ch13-purchase-drafts.test.mjs; tests/e2e/ch13.spec.mjs","IMPLEMENTED_EXACT","","","Añade y elimina múltiples líneas en el borrador, conserva proveedor cuando aplica y calcula costo por cantidad con ajustes monetarios explícitos. | Persiste después de recargar cuando la acción modifica datos. | Respeta rol y organización. | Tiene prueba automatizada específica y prueba de navegador cuando corresponde."
"CH13-R009","VIDEO_REQUIREMENT","CH13","CH13-E0034 | CH13-E0035 | CH13-E0040 | CH13-E0041","00:37:37.400 | 00:37:37.800 | 00:37:48.400 | 00:37:49.000","petty_cash_header","Nueva compra caja menuda","","form","Fecha / Proveedor / Número de factura / Archivo Factura / Observaciones","Exige proveedor y factura para guardar el borrador; Archivo Factura permanece visible y bloqueado hasta aprobar almacenamiento privado, validación, acceso y retención.","Datos sintéticos y alcance de la organización activa.","Entrada válida, estado vacío y error accionable sin revelar existencia de registros.","Permiso explícito de lectura o escritura aplicado en navegación, control, store y persistencia.","El estado visible cambia sólo después de completar la operación autorizada.","Error accesible y genérico; no mostrar éxito anticipado.","NO_APLICA","{""chapter_id"":""CH13"",""event_id"":""CH13-E0034"",""timestamp"":""00:37:37.400"",""image"":""references/video-audit/chapters/CH13_compras_y_compras_al_por_mayor/event_frames/CH13-E0034_00h37m37s400ms_abrupt_change.jpg"",""detail_crop"":"""",""transcript"":""references/video-audit/chapters/CH13_compras_y_compras_al_por_mayor/transcript_raw.txt""} | {""chapter_id"":""CH13"",""event_id"":""CH13-E0035"",""timestamp"":""00:37:37.800"",""image"":""references/video-audit/chapters/CH13_compras_y_compras_al_por_mayor/event_frames/CH13-E0035_00h37m37s800ms_abrupt_change.jpg"",""detail_crop"":"""",""transcript"":""references/video-audit/chapters/CH13_compras_y_compras_al_por_mayor/transcript_raw.txt""} | {""chapter_id"":""CH13"",""event_id"":""CH13-E0040"",""timestamp"":""00:37:48.400"",""image"":""references/video-audit/chapters/CH13_compras_y_compras_al_por_mayor/event_frames/CH13-E0040_00h37m48s400ms_abrupt_change.jpg"",""detail_crop"":""references/video-audit/chapters/CH13_compras_y_compras_al_por_mayor/detail_crops/CH13-E0040_00h37m48s400ms_DETAIL.jpg"",""transcript"":""references/video-audit/chapters/CH13_compras_y_compras_al_por_mayor/transcript_raw.txt""} | {""chapter_id"":""CH13"",""event_id"":""CH13-E0041"",""timestamp"":""00:37:49.000"",""image"":""references/video-audit/chapters/CH13_compras_y_compras_al_por_mayor/event_frames/CH13-E0041_00h37m49s000ms_abrupt_change.jpg"",""detail_crop"":""references/video-audit/chapters/CH13_compras_y_compras_al_por_mayor/detail_crops/CH13-E0041_00h37m49s000ms_DETAIL.jpg"",""transcript"":""references/video-audit/chapters/CH13_compras_y_compras_al_por_mayor/transcript_raw.txt""}","app/main.js; app/store.js","openPurchaseForm/createPurchase","Estado mock persistido en localStorage; Supabase todavía no validado en runtime.","tests/ch13-purchase-drafts.test.mjs; tests/e2e/ch13.spec.mjs","IMPLEMENTED_PARTIAL","","CH13-Q007","Exige proveedor y factura para guardar el borrador; Archivo Factura permanece visible y bloqueado hasta aprobar almacenamiento privado, validación, acceso y retención. | Persiste después de recargar cuando la acción modifica datos. | Respeta rol y organización. | Tiene prueba automatizada específica y prueba de navegador cuando corresponde."
"CH13-R010","VIDEO_REQUIREMENT","CH13","CH13-E0056 | CH13-E0057 | CH13-E0064 | CH13-E0072","00:38:34.200 | 00:38:34.800 | 00:38:51.400 | 00:39:15.200","manual_adjustments","Nueva compra caja menuda","","money_inputs","Monto impuesto / Monto descuento","Captura importes monetarios manuales no negativos por línea y nunca precarga ni calcula una tasa fiscal implícita.","Datos sintéticos y alcance de la organización activa.","Entrada válida, estado vacío y error accionable sin revelar existencia de registros.","Permiso explícito de lectura o escritura aplicado en navegación, control, store y persistencia.","El estado visible cambia sólo después de completar la operación autorizada.","Error accesible y genérico; no mostrar éxito anticipado.","NO_APLICA","{""chapter_id"":""CH13"",""event_id"":""CH13-E0056"",""timestamp"":""00:38:34.200"",""image"":""references/video-audit/chapters/CH13_compras_y_compras_al_por_mayor/event_frames/CH13-E0056_00h38m34s200ms_abrupt_change.jpg"",""detail_crop"":""references/video-audit/chapters/CH13_compras_y_compras_al_por_mayor/detail_crops/CH13-E0056_00h38m34s200ms_DETAIL.jpg"",""transcript"":""references/video-audit/chapters/CH13_compras_y_compras_al_por_mayor/transcript_raw.txt""} | {""chapter_id"":""CH13"",""event_id"":""CH13-E0057"",""timestamp"":""00:38:34.800"",""image"":""references/video-audit/chapters/CH13_compras_y_compras_al_por_mayor/event_frames/CH13-E0057_00h38m34s800ms_stable_change.jpg"",""detail_crop"":"""",""transcript"":""references/video-audit/chapters/CH13_compras_y_compras_al_por_mayor/transcript_raw.txt""} | {""chapter_id"":""CH13"",""event_id"":""CH13-E0064"",""timestamp"":""00:38:51.400"",""image"":""references/video-audit/chapters/CH13_compras_y_compras_al_por_mayor/event_frames/CH13-E0064_00h38m51s400ms_abrupt_change.jpg"",""detail_crop"":"""",""transcript"":""references/video-audit/chapters/CH13_compras_y_compras_al_por_mayor/transcript_raw.txt""} | {""chapter_id"":""CH13"",""event_id"":""CH13-E0072"",""timestamp"":""00:39:15.200"",""image"":""references/video-audit/chapters/CH13_compras_y_compras_al_por_mayor/event_frames/CH13-E0072_00h39m15s200ms_abrupt_change.jpg"",""detail_crop"":"""",""transcript"":""references/video-audit/chapters/CH13_compras_y_compras_al_por_mayor/transcript_raw.txt""}","app/main.js; app/store.js; supabase/migrations/202608270009_ch13_purchase_drafts.sql","openPurchaseForm/createPurchase/create_purchase_draft","Estado mock persistido en localStorage; Supabase todavía no validado en runtime.","tests/ch13-purchase-drafts.test.mjs; tests/e2e/ch13.spec.mjs","IMPLEMENTED_EXACT","","CH13-Q004 | CH13-Q006","Captura importes monetarios manuales no negativos por línea y nunca precarga ni calcula una tasa fiscal implícita. | Persiste después de recargar cuando la acción modifica datos. | Respeta rol y organización. | Tiene prueba automatizada específica y prueba de navegador cuando corresponde."
"CH13-R011","VIDEO_REQUIREMENT","CH13","CH13-E0060 | CH13-E0061 | CH13-E0069 | CH13-E0070 | CH13-E0071","00:38:48.000 | 00:38:48.600 | 00:38:58.600 | 00:39:12.600 | 00:39:13.200","purchase_totals","Nueva compra caja menuda","","financial_summary","Subtotal / Descuentos / Extra / Impuesto / Total","Suma costos y montos explícitos, actualiza Extra en vivo, rechaza totales negativos y recalcula autoritativamente en servidor.","Datos sintéticos y alcance de la organización activa.","Entrada válida, estado vacío y error accionable sin revelar existencia de registros.","Permiso explícito de lectura o escritura aplicado en navegación, control, store y persistencia.","El estado visible cambia sólo después de completar la operación autorizada.","Error accesible y genérico; no mostrar éxito anticipado.","NO_APLICA","{""chapter_id"":""CH13"",""event_id"":""CH13-E0060"",""timestamp"":""00:38:48.000"",""image"":""references/video-audit/chapters/CH13_compras_y_compras_al_por_mayor/event_frames/CH13-E0060_00h38m48s000ms_abrupt_change.jpg"",""detail_crop"":"""",""transcript"":""references/video-audit/chapters/CH13_compras_y_compras_al_por_mayor/transcript_raw.txt""} | {""chapter_id"":""CH13"",""event_id"":""CH13-E0061"",""timestamp"":""00:38:48.600"",""image"":""references/video-audit/chapters/CH13_compras_y_compras_al_por_mayor/event_frames/CH13-E0061_00h38m48s600ms_stable_change.jpg"",""detail_crop"":"""",""transcript"":""references/video-audit/chapters/CH13_compras_y_compras_al_por_mayor/transcript_raw.txt""} | {""chapter_id"":""CH13"",""event_id"":""CH13-E0069"",""timestamp"":""00:38:58.600"",""image"":""references/video-audit/chapters/CH13_compras_y_compras_al_por_mayor/event_frames/CH13-E0069_00h38m58s600ms_stable_change.jpg"",""detail_crop"":"""",""transcript"":""references/video-audit/chapters/CH13_compras_y_compras_al_por_mayor/transcript_raw.txt""} | {""chapter_id"":""CH13"",""event_id"":""CH13-E0070"",""timestamp"":""00:39:12.600"",""image"":""references/video-audit/chapters/CH13_compras_y_compras_al_por_mayor/event_frames/CH13-E0070_00h39m12s600ms_abrupt_change.jpg"",""detail_crop"":"""",""transcript"":""references/video-audit/chapters/CH13_compras_y_compras_al_por_mayor/transcript_raw.txt""} | {""chapter_id"":""CH13"",""event_id"":""CH13-E0071"",""timestamp"":""00:39:13.200"",""image"":""references/video-audit/chapters/CH13_compras_y_compras_al_por_mayor/event_frames/CH13-E0071_00h39m13s200ms_stable_change.jpg"",""detail_crop"":"""",""transcript"":""references/video-audit/chapters/CH13_compras_y_compras_al_por_mayor/transcript_raw.txt""}","app/main.js; app/store.js; supabase/migrations/202608270009_ch13_purchase_drafts.sql","purchaseDraftTotals/createPurchase/create_purchase_draft","Estado mock persistido en localStorage; Supabase todavía no validado en runtime.","tests/ch13-purchase-drafts.test.mjs; tests/e2e/ch13.spec.mjs","IMPLEMENTED_EXACT","","CH13-Q004 | CH13-Q005 | CH13-Q006","Suma costos y montos explícitos, actualiza Extra en vivo, rechaza totales negativos y recalcula autoritativamente en servidor. | Persiste después de recargar cuando la acción modifica datos. | Respeta rol y organización. | Tiene prueba automatizada específica y prueba de navegador cuando corresponde."
"CH13-R012","VIDEO_REQUIREMENT","CH13","CH13-E0029 | CH13-E0030 | CH13-E0077 | CH13-E0078","00:37:24.000 | 00:37:34.800 | 00:39:24.200 | 00:39:25.800","purchase_save_exit","Nueva compra","","form_actions","Atrás / Guardar","Atrás abandona sin persistir; Guardar confirma un borrador remoto completo antes de volver al listado, sin inferir aprobación, recepción, archivo o inventario.","Datos sintéticos y alcance de la organización activa.","Entrada válida, estado vacío y error accionable sin revelar existencia de registros.","Permiso explícito de lectura o escritura aplicado en navegación, control, store y persistencia.","El estado visible cambia sólo después de completar la operación autorizada.","Error accesible y genérico; no mostrar éxito anticipado.","NO_APLICA","{""chapter_id"":""CH13"",""event_id"":""CH13-E0029"",""timestamp"":""00:37:24.000"",""image"":""references/video-audit/chapters/CH13_compras_y_compras_al_por_mayor/event_frames/CH13-E0029_00h37m24s000ms_stable_change.jpg"",""detail_crop"":"""",""transcript"":""references/video-audit/chapters/CH13_compras_y_compras_al_por_mayor/transcript_raw.txt""} | {""chapter_id"":""CH13"",""event_id"":""CH13-E0030"",""timestamp"":""00:37:34.800"",""image"":""references/video-audit/chapters/CH13_compras_y_compras_al_por_mayor/event_frames/CH13-E0030_00h37m34s800ms_abrupt_change.jpg"",""detail_crop"":"""",""transcript"":""references/video-audit/chapters/CH13_compras_y_compras_al_por_mayor/transcript_raw.txt""} | {""chapter_id"":""CH13"",""event_id"":""CH13-E0077"",""timestamp"":""00:39:24.200"",""image"":""references/video-audit/chapters/CH13_compras_y_compras_al_por_mayor/event_frames/CH13-E0077_00h39m24s200ms_stable_change.jpg"",""detail_crop"":"""",""transcript"":""references/video-audit/chapters/CH13_compras_y_compras_al_por_mayor/transcript_raw.txt""} | {""chapter_id"":""CH13"",""event_id"":""CH13-E0078"",""timestamp"":""00:39:25.800"",""image"":""references/video-audit/chapters/CH13_compras_y_compras_al_por_mayor/event_frames/CH13-E0078_00h39m25s800ms_abrupt_change.jpg"",""detail_crop"":"""",""transcript"":""references/video-audit/chapters/CH13_compras_y_compras_al_por_mayor/transcript_raw.txt""}","app/main.js; app/store.js; app/supabase-adapter.js","save-purchase/createPurchase/create_purchase_draft","Estado mock persistido en localStorage; Supabase todavía no validado en runtime.","tests/ch13-purchase-drafts.test.mjs; tests/e2e/ch13.spec.mjs","IMPLEMENTED_PARTIAL","","CH13-Q001 | CH13-Q002 | CH13-Q007","Atrás abandona sin persistir; Guardar confirma un borrador remoto completo antes de volver al listado, sin inferir aprobación, recepción, archivo o inventario. | Persiste después de recargar cuando la acción modifica datos. | Respeta rol y organización. | Tiene prueba automatizada específica y prueba de navegador cuando corresponde."
"CH13-R013","VIDEO_REQUIREMENT","CH13","CH13-E0004 | CH13-E0080 | CH13-E0081","00:36:46.400 | 00:39:26.800 | 00:39:28.400","purchase_statuses","Compras","","status_badges","Compra Recibida / Pendiente / Registro PT","Muestra estados existentes sin permitir transición; confirmar catálogo, Registro PT, roles, precondiciones y reversión antes de habilitar cambios.","Datos sintéticos y alcance de la organización activa.","Entrada válida, estado vacío y error accionable sin revelar existencia de registros.","Permiso explícito de lectura o escritura aplicado en navegación, control, store y persistencia.","El estado visible cambia sólo después de completar la operación autorizada.","Error accesible y genérico; no mostrar éxito anticipado.","NO_APLICA","{""chapter_id"":""CH13"",""event_id"":""CH13-E0004"",""timestamp"":""00:36:46.400"",""image"":""references/video-audit/chapters/CH13_compras_y_compras_al_por_mayor/event_frames/CH13-E0004_00h36m46s400ms_abrupt_change.jpg"",""detail_crop"":""references/video-audit/chapters/CH13_compras_y_compras_al_por_mayor/detail_crops/CH13-E0004_00h36m46s400ms_DETAIL.jpg"",""transcript"":""references/video-audit/chapters/CH13_compras_y_compras_al_por_mayor/transcript_raw.txt""} | {""chapter_id"":""CH13"",""event_id"":""CH13-E0080"",""timestamp"":""00:39:26.800"",""image"":""references/video-audit/chapters/CH13_compras_y_compras_al_por_mayor/event_frames/CH13-E0080_00h39m26s800ms_abrupt_change.jpg"",""detail_crop"":""references/video-audit/chapters/CH13_compras_y_compras_al_por_mayor/detail_crops/CH13-E0080_00h39m26s800ms_DETAIL.jpg"",""transcript"":""references/video-audit/chapters/CH13_compras_y_compras_al_por_mayor/transcript_raw.txt""} | {""chapter_id"":""CH13"",""event_id"":""CH13-E0081"",""timestamp"":""00:39:28.400"",""image"":""references/video-audit/chapters/CH13_compras_y_compras_al_por_mayor/event_frames/CH13-E0081_00h39m28s400ms_abrupt_change.jpg"",""detail_crop"":"""",""transcript"":""references/video-audit/chapters/CH13_compras_y_compras_al_por_mayor/transcript_raw.txt""}","app/views.js; docs/OPEN_QUESTIONS.md","renderPurchases","Estado mock persistido en localStorage; Supabase todavía no validado en runtime.","tests/e2e/ch13.spec.mjs","NEEDS_CLIENT_CONFIRMATION","","CH13-Q001 | CH13-Q009 | CH13-Q010","Muestra estados existentes sin permitir transición; confirmar catálogo, Registro PT, roles, precondiciones y reversión antes de habilitar cambios. | Persiste después de recargar cuando la acción modifica datos. | Respeta rol y organización. | Tiene prueba automatizada específica y prueba de navegador cuando corresponde."
"CH13-R014","VIDEO_REQUIREMENT","CH13","CH13-E0083 | CH13-E0084 | CH13-E0085 | CH13-E0089","00:39:33.000 | 00:39:33.400 | 00:39:34.000 | 00:39:37.200","purchase_detail","Detalles de compra","","detail_modal","Fecha / # Orden / # Factura / Estado / Categoría / Proveedor / Observaciones / Archivos / ítems / totales","Abre una vista de sólo lectura con cabecera, adjunto explícito, líneas y desglose financiero autorizado.","Datos sintéticos y alcance de la organización activa.","Entrada válida, estado vacío y error accionable sin revelar existencia de registros.","Permiso explícito de lectura o escritura aplicado en navegación, control, store y persistencia.","El estado visible cambia sólo después de completar la operación autorizada.","Error accesible y genérico; no mostrar éxito anticipado.","NO_APLICA","{""chapter_id"":""CH13"",""event_id"":""CH13-E0083"",""timestamp"":""00:39:33.000"",""image"":""references/video-audit/chapters/CH13_compras_y_compras_al_por_mayor/event_frames/CH13-E0083_00h39m33s000ms_abrupt_change.jpg"",""detail_crop"":"""",""transcript"":""references/video-audit/chapters/CH13_compras_y_compras_al_por_mayor/transcript_raw.txt""} | {""chapter_id"":""CH13"",""event_id"":""CH13-E0084"",""timestamp"":""00:39:33.400"",""image"":""references/video-audit/chapters/CH13_compras_y_compras_al_por_mayor/event_frames/CH13-E0084_00h39m33s400ms_abrupt_change.jpg"",""detail_crop"":"""",""transcript"":""references/video-audit/chapters/CH13_compras_y_compras_al_por_mayor/transcript_raw.txt""} | {""chapter_id"":""CH13"",""event_id"":""CH13-E0085"",""timestamp"":""00:39:34.000"",""image"":""references/video-audit/chapters/CH13_compras_y_compras_al_por_mayor/event_frames/CH13-E0085_00h39m34s000ms_stable_change.jpg"",""detail_crop"":"""",""transcript"":""references/video-audit/chapters/CH13_compras_y_compras_al_por_mayor/transcript_raw.txt""} | {""chapter_id"":""CH13"",""event_id"":""CH13-E0089"",""timestamp"":""00:39:37.200"",""image"":""references/video-audit/chapters/CH13_compras_y_compras_al_por_mayor/event_frames/CH13-E0089_00h39m37s200ms_stable_change.jpg"",""detail_crop"":"""",""transcript"":""references/video-audit/chapters/CH13_compras_y_compras_al_por_mayor/transcript_raw.txt""}","app/main.js","openPurchaseDetail","Estado mock persistido en localStorage; Supabase todavía no validado en runtime.","tests/ch13-purchase-drafts.test.mjs; tests/e2e/ch13.spec.mjs","IMPLEMENTED_EXACT","","","Abre una vista de sólo lectura con cabecera, adjunto explícito, líneas y desglose financiero autorizado. | Persiste después de recargar cuando la acción modifica datos. | Respeta rol y organización. | Tiene prueba automatizada específica y prueba de navegador cuando corresponde."
"CH13-R015","VIDEO_REQUIREMENT","CH13","CH13-E0082 | CH13-E0091","00:39:32.600 | 00:39:40.800","purchase_row_menu","Compras","","row_menu","Ver / Editar detalles / Copiar / Imprimir PDF / Imprimir con montos / Imprimir en Excel / Anular","Expone todas las acciones; Ver y salidas sintéticas seguras funcionan, mientras edición, copia y anulación quedan visibles y bloqueadas hasta definir semántica y permisos.","Datos sintéticos y alcance de la organización activa.","Entrada válida, estado vacío y error accionable sin revelar existencia de registros.","Permiso explícito de lectura o escritura aplicado en navegación, control, store y persistencia.","El estado visible cambia sólo después de completar la operación autorizada.","Error accesible y genérico; no mostrar éxito anticipado.","NO_APLICA","{""chapter_id"":""CH13"",""event_id"":""CH13-E0082"",""timestamp"":""00:39:32.600"",""image"":""references/video-audit/chapters/CH13_compras_y_compras_al_por_mayor/event_frames/CH13-E0082_00h39m32s600ms_abrupt_change.jpg"",""detail_crop"":"""",""transcript"":""references/video-audit/chapters/CH13_compras_y_compras_al_por_mayor/transcript_raw.txt""} | {""chapter_id"":""CH13"",""event_id"":""CH13-E0091"",""timestamp"":""00:39:40.800"",""image"":""references/video-audit/chapters/CH13_compras_y_compras_al_por_mayor/event_frames/CH13-E0091_00h39m40s800ms_settled.jpg"",""detail_crop"":""references/video-audit/chapters/CH13_compras_y_compras_al_por_mayor/detail_crops/CH13-E0091_00h39m40s800ms_DETAIL.jpg"",""transcript"":""references/video-audit/chapters/CH13_compras_y_compras_al_por_mayor/transcript_raw.txt""}","app/views.js; app/main.js","renderPurchases/openPurchaseDetail/blocked-purchase-mutation","Estado mock persistido en localStorage; Supabase todavía no validado en runtime.","tests/e2e/ch13.spec.mjs","IMPLEMENTED_PARTIAL","","CH13-Q010 | CH13-Q011 | CH13-Q012 | CH13-Q013","Expone todas las acciones; Ver y salidas sintéticas seguras funcionan, mientras edición, copia y anulación quedan visibles y bloqueadas hasta definir semántica y permisos. | Persiste después de recargar cuando la acción modifica datos. | Respeta rol y organización. | Tiene prueba automatizada específica y prueba de navegador cuando corresponde."
"CH13-R016","VIDEO_REQUIREMENT","CH13","CH13-E0078 | CH13-E0080","00:39:25.800 | 00:39:26.800","purchase_inventory","Compras / Inventario","","workflow","Compra recibida y entrada de inventario","No marca recibida ni mueve inventario hasta aprobar recepción total/parcial, bodegas, lotes, series, idempotencia y vínculo con la compra.","Datos sintéticos y alcance de la organización activa.","Entrada válida, estado vacío y error accionable sin revelar existencia de registros.","Permiso explícito de lectura o escritura aplicado en navegación, control, store y persistencia.","El estado visible cambia sólo después de completar la operación autorizada.","Error accesible y genérico; no mostrar éxito anticipado.","NO_APLICA","{""chapter_id"":""CH13"",""event_id"":""CH13-E0078"",""timestamp"":""00:39:25.800"",""image"":""references/video-audit/chapters/CH13_compras_y_compras_al_por_mayor/event_frames/CH13-E0078_00h39m25s800ms_abrupt_change.jpg"",""detail_crop"":"""",""transcript"":""references/video-audit/chapters/CH13_compras_y_compras_al_por_mayor/transcript_raw.txt""} | {""chapter_id"":""CH13"",""event_id"":""CH13-E0080"",""timestamp"":""00:39:26.800"",""image"":""references/video-audit/chapters/CH13_compras_y_compras_al_por_mayor/event_frames/CH13-E0080_00h39m26s800ms_abrupt_change.jpg"",""detail_crop"":""references/video-audit/chapters/CH13_compras_y_compras_al_por_mayor/detail_crops/CH13-E0080_00h39m26s800ms_DETAIL.jpg"",""transcript"":""references/video-audit/chapters/CH13_compras_y_compras_al_por_mayor/transcript_raw.txt""}","app/store.js; docs/OPEN_QUESTIONS.md","createPurchase/createInventoryMovement","Estado mock persistido en localStorage; Supabase todavía no validado en runtime.","tests/ch13-purchase-drafts.test.mjs","NEEDS_CLIENT_CONFIRMATION","","CH13-Q002 | CH13-Q003","No marca recibida ni mueve inventario hasta aprobar recepción total/parcial, bodegas, lotes, series, idempotencia y vínculo con la compra. | Persiste después de recargar cuando la acción modifica datos. | Respeta rol y organización. | Tiene prueba automatizada específica y prueba de navegador cuando corresponde."
"CH13-R017","VIDEO_REQUIREMENT","CH13","CH13-E0007 | CH13-E0035 | CH13-E0077","00:36:54.400 | 00:37:37.800 | 00:39:24.200","error_behavior","Nueva compra","","error_state","Validaciones y errores","El capítulo no provoca entradas inválidas, fallo remoto, duplicado ni error de archivo; su presentación exacta no es atribuible al video.","Datos sintéticos y alcance de la organización activa.","Entrada válida, estado vacío y error accionable sin revelar existencia de registros.","Permiso explícito de lectura o escritura aplicado en navegación, control, store y persistencia.","El estado visible cambia sólo después de completar la operación autorizada.","Error accesible y genérico; no mostrar éxito anticipado.","NO_APLICA","{""chapter_id"":""CH13"",""event_id"":""CH13-E0007"",""timestamp"":""00:36:54.400"",""image"":""references/video-audit/chapters/CH13_compras_y_compras_al_por_mayor/event_frames/CH13-E0007_00h36m54s400ms_abrupt_change.jpg"",""detail_crop"":"""",""transcript"":""references/video-audit/chapters/CH13_compras_y_compras_al_por_mayor/transcript_raw.txt""} | {""chapter_id"":""CH13"",""event_id"":""CH13-E0035"",""timestamp"":""00:37:37.800"",""image"":""references/video-audit/chapters/CH13_compras_y_compras_al_por_mayor/event_frames/CH13-E0035_00h37m37s800ms_abrupt_change.jpg"",""detail_crop"":"""",""transcript"":""references/video-audit/chapters/CH13_compras_y_compras_al_por_mayor/transcript_raw.txt""} | {""chapter_id"":""CH13"",""event_id"":""CH13-E0077"",""timestamp"":""00:39:24.200"",""image"":""references/video-audit/chapters/CH13_compras_y_compras_al_por_mayor/event_frames/CH13-E0077_00h39m24s200ms_stable_change.jpg"",""detail_crop"":"""",""transcript"":""references/video-audit/chapters/CH13_compras_y_compras_al_por_mayor/transcript_raw.txt""}","app/main.js; app/store.js","runSafely/createPurchase","Estado mock persistido en localStorage; Supabase todavía no validado en runtime.","tests/ch13-purchase-drafts.test.mjs","NOT_TESTABLE","","","El capítulo no provoca entradas inválidas, fallo remoto, duplicado ni error de archivo; su presentación exacta no es atribuible al video. | Persiste después de recargar cuando la acción modifica datos. | Respeta rol y organización. | Tiene prueba automatizada específica y prueba de navegador cuando corresponde."
"CH13-R018","VIDEO_REQUIREMENT","CH13","CH13-E0091","00:39:40.800","purchase_outputs","Compras","","print_export","PDF / con montos / Excel","Confirmar contenido, ocultamiento de montos, formato, validez y permisos antes de considerar oficiales las salidas; la plataforma sólo ofrece impresión/CSV sintéticos provisionales.","Datos sintéticos y alcance de la organización activa.","Entrada válida, estado vacío y error accionable sin revelar existencia de registros.","Permiso explícito de lectura o escritura aplicado en navegación, control, store y persistencia.","El estado visible cambia sólo después de completar la operación autorizada.","Error accesible y genérico; no mostrar éxito anticipado.","NO_APLICA","{""chapter_id"":""CH13"",""event_id"":""CH13-E0091"",""timestamp"":""00:39:40.800"",""image"":""references/video-audit/chapters/CH13_compras_y_compras_al_por_mayor/event_frames/CH13-E0091_00h39m40s800ms_settled.jpg"",""detail_crop"":""references/video-audit/chapters/CH13_compras_y_compras_al_por_mayor/detail_crops/CH13-E0091_00h39m40s800ms_DETAIL.jpg"",""transcript"":""references/video-audit/chapters/CH13_compras_y_compras_al_por_mayor/transcript_raw.txt""}","app/main.js; app/templates.js; docs/OPEN_QUESTIONS.md","printPurchase/export-purchase","Estado mock persistido en localStorage; Supabase todavía no validado en runtime.","tests/e2e/ch13.spec.mjs","NEEDS_CLIENT_CONFIRMATION","","CH13-Q012","Confirmar contenido, ocultamiento de montos, formato, validez y permisos antes de considerar oficiales las salidas; la plataforma sólo ofrece impresión/CSV sintéticos provisionales. | Persiste después de recargar cuando la acción modifica datos. | Respeta rol y organización. | Tiene prueba automatizada específica y prueba de navegador cuando corresponde."
"CH13-H001","PLATFORM_HARDENING","CH13","CH13-E0004 | CH13-E0084","00:36:46.400 | 00:39:33.400","purchase_bootstrap","Compras","","data_contract","Bootstrap de proveedores, catálogo, compras y líneas","Carga y normaliza snake_case, purchase_items e importes para que Supabase no vacíe ni rompa el listado o detalle.","Datos sintéticos y alcance de la organización activa.","Entrada válida, estado vacío y error accionable sin revelar existencia de registros.","Permiso explícito de lectura o escritura aplicado en navegación, control, store y persistencia.","El estado visible cambia sólo después de completar la operación autorizada.","Error accesible y genérico; no mostrar éxito anticipado.","NO_APLICA","{""chapter_id"":""CH13"",""event_id"":""CH13-E0004"",""timestamp"":""00:36:46.400"",""image"":""references/video-audit/chapters/CH13_compras_y_compras_al_por_mayor/event_frames/CH13-E0004_00h36m46s400ms_abrupt_change.jpg"",""detail_crop"":""references/video-audit/chapters/CH13_compras_y_compras_al_por_mayor/detail_crops/CH13-E0004_00h36m46s400ms_DETAIL.jpg"",""transcript"":""references/video-audit/chapters/CH13_compras_y_compras_al_por_mayor/transcript_raw.txt""} | {""chapter_id"":""CH13"",""event_id"":""CH13-E0084"",""timestamp"":""00:39:33.400"",""image"":""references/video-audit/chapters/CH13_compras_y_compras_al_por_mayor/event_frames/CH13-E0084_00h39m33s400ms_abrupt_change.jpg"",""detail_crop"":"""",""transcript"":""references/video-audit/chapters/CH13_compras_y_compras_al_por_mayor/transcript_raw.txt""}","app/supabase-adapter.js","mapSupabaseBootstrap/mapPurchase/bootstrap","Estado mock persistido en localStorage; Supabase todavía no validado en runtime.","tests/ch13-purchase-drafts.test.mjs","IMPLEMENTED_EXACT","","","Carga y normaliza snake_case, purchase_items e importes para que Supabase no vacíe ni rompa el listado o detalle. | Persiste después de recargar cuando la acción modifica datos. | Respeta rol y organización. | Tiene prueba automatizada específica y prueba de navegador cuando corresponde."
"CH13-H002","PLATFORM_HARDENING","CH13","CH13-E0078","00:39:25.800","remote_confirmation","Nueva compra","","persistence_boundary","Sin éxito local-first","En modo Supabase no muta el espejo ni cierra el compositor hasta que la RPC confirma cabecera y líneas; un fallo remoto permanece visible.","Datos sintéticos y alcance de la organización activa.","Entrada válida, estado vacío y error accionable sin revelar existencia de registros.","Permiso explícito de lectura o escritura aplicado en navegación, control, store y persistencia.","El estado visible cambia sólo después de completar la operación autorizada.","Error accesible y genérico; no mostrar éxito anticipado.","NO_APLICA","{""chapter_id"":""CH13"",""event_id"":""CH13-E0078"",""timestamp"":""00:39:25.800"",""image"":""references/video-audit/chapters/CH13_compras_y_compras_al_por_mayor/event_frames/CH13-E0078_00h39m25s800ms_abrupt_change.jpg"",""detail_crop"":"""",""transcript"":""references/video-audit/chapters/CH13_compras_y_compras_al_por_mayor/transcript_raw.txt""}","app/store.js; app/main.js","requiredSync/createPurchase/save-purchase","Estado mock persistido en localStorage; Supabase todavía no validado en runtime.","tests/ch13-purchase-drafts.test.mjs; tests/e2e/ch13.spec.mjs","IMPLEMENTED_EXACT","","","En modo Supabase no muta el espejo ni cierra el compositor hasta que la RPC confirma cabecera y líneas; un fallo remoto permanece visible. | Persiste después de recargar cuando la acción modifica datos. | Respeta rol y organización. | Tiene prueba automatizada específica y prueba de navegador cuando corresponde."
"CH13-H003","PLATFORM_HARDENING","CH13","CH13-E0028 | CH13-E0059 | CH13-E0078","00:37:23.400 | 00:38:39.200 | 00:39:25.800","atomic_purchase_draft","Persistencia","","transaction_idempotency","Borrador transaccional e idempotente","Valida y escribe cabecera, líneas, evento y auditoría en una transacción, deduplicada por organización y clave estable.","Datos sintéticos y alcance de la organización activa.","Entrada válida, estado vacío y error accionable sin revelar existencia de registros.","Permiso explícito de lectura o escritura aplicado en navegación, control, store y persistencia.","El estado visible cambia sólo después de completar la operación autorizada.","Error accesible y genérico; no mostrar éxito anticipado.","NO_APLICA","{""chapter_id"":""CH13"",""event_id"":""CH13-E0028"",""timestamp"":""00:37:23.400"",""image"":""references/video-audit/chapters/CH13_compras_y_compras_al_por_mayor/event_frames/CH13-E0028_00h37m23s400ms_abrupt_change.jpg"",""detail_crop"":"""",""transcript"":""references/video-audit/chapters/CH13_compras_y_compras_al_por_mayor/transcript_raw.txt""} | {""chapter_id"":""CH13"",""event_id"":""CH13-E0059"",""timestamp"":""00:38:39.200"",""image"":""references/video-audit/chapters/CH13_compras_y_compras_al_por_mayor/event_frames/CH13-E0059_00h38m39s200ms_abrupt_change.jpg"",""detail_crop"":"""",""transcript"":""references/video-audit/chapters/CH13_compras_y_compras_al_por_mayor/transcript_raw.txt""} | {""chapter_id"":""CH13"",""event_id"":""CH13-E0078"",""timestamp"":""00:39:25.800"",""image"":""references/video-audit/chapters/CH13_compras_y_compras_al_por_mayor/event_frames/CH13-E0078_00h39m25s800ms_abrupt_change.jpg"",""detail_crop"":"""",""transcript"":""references/video-audit/chapters/CH13_compras_y_compras_al_por_mayor/transcript_raw.txt""}","supabase/migrations/202608270009_ch13_purchase_drafts.sql; app/supabase-adapter.js","create_purchase_draft/CREATE_PURCHASE_DRAFT","Estado mock persistido en localStorage; Supabase todavía no validado en runtime.","tests/ch13-purchase-drafts.test.mjs","IMPLEMENTED_EXACT","","","Valida y escribe cabecera, líneas, evento y auditoría en una transacción, deduplicada por organización y clave estable. | Persiste después de recargar cuando la acción modifica datos. | Respeta rol y organización. | Tiene prueba automatizada específica y prueba de navegador cuando corresponde."
"CH13-H004","PLATFORM_HARDENING","CH13","CH13-E0004 | CH13-E0028","00:36:46.400 | 00:37:23.400","purchase_tenant_boundary","Persistencia","","rls","Referencias de compra limitadas al tenant","Deriva organización del actor, valida proveedor y catálogo en el mismo tenant, lee líneas sólo por padre autorizado y revoca DML financiero directo.","Datos sintéticos y alcance de la organización activa.","Entrada válida, estado vacío y error accionable sin revelar existencia de registros.","Permiso explícito de lectura o escritura aplicado en navegación, control, store y persistencia.","El estado visible cambia sólo después de completar la operación autorizada.","Error accesible y genérico; no mostrar éxito anticipado.","NO_APLICA","{""chapter_id"":""CH13"",""event_id"":""CH13-E0004"",""timestamp"":""00:36:46.400"",""image"":""references/video-audit/chapters/CH13_compras_y_compras_al_por_mayor/event_frames/CH13-E0004_00h36m46s400ms_abrupt_change.jpg"",""detail_crop"":""references/video-audit/chapters/CH13_compras_y_compras_al_por_mayor/detail_crops/CH13-E0004_00h36m46s400ms_DETAIL.jpg"",""transcript"":""references/video-audit/chapters/CH13_compras_y_compras_al_por_mayor/transcript_raw.txt""} | {""chapter_id"":""CH13"",""event_id"":""CH13-E0028"",""timestamp"":""00:37:23.400"",""image"":""references/video-audit/chapters/CH13_compras_y_compras_al_por_mayor/event_frames/CH13-E0028_00h37m23s400ms_abrupt_change.jpg"",""detail_crop"":"""",""transcript"":""references/video-audit/chapters/CH13_compras_y_compras_al_por_mayor/transcript_raw.txt""}","supabase/migrations/202608270009_ch13_purchase_drafts.sql","purchases_read/purchase_items_read/create_purchase_draft","Estado mock persistido en localStorage; Supabase todavía no validado en runtime.","tests/ch13-purchase-drafts.test.mjs","IMPLEMENTED_EXACT","","","Deriva organización del actor, valida proveedor y catálogo en el mismo tenant, lee líneas sólo por padre autorizado y revoca DML financiero directo. | Persiste después de recargar cuando la acción modifica datos. | Respeta rol y organización. | Tiene prueba automatizada específica y prueba de navegador cuando corresponde."
"CH13-H005","PLATFORM_HARDENING","CH13","CH13-E0057 | CH13-E0070 | CH13-E0080","00:38:34.800 | 00:39:12.600 | 00:39:26.800","no_inferred_purchase_rules","Compras","","safety_guard","Sin tasa, estado, recepción ni inventario inferidos","Elimina el IVA 13% inventado y sólo crea DRAFT con importes manuales; aprobación, recepción, Registro PT, archivo, anulación e inventario quedan bloqueados.","Datos sintéticos y alcance de la organización activa.","Entrada válida, estado vacío y error accionable sin revelar existencia de registros.","Permiso explícito de lectura o escritura aplicado en navegación, control, store y persistencia.","El estado visible cambia sólo después de completar la operación autorizada.","Error accesible y genérico; no mostrar éxito anticipado.","NO_APLICA","{""chapter_id"":""CH13"",""event_id"":""CH13-E0057"",""timestamp"":""00:38:34.800"",""image"":""references/video-audit/chapters/CH13_compras_y_compras_al_por_mayor/event_frames/CH13-E0057_00h38m34s800ms_stable_change.jpg"",""detail_crop"":"""",""transcript"":""references/video-audit/chapters/CH13_compras_y_compras_al_por_mayor/transcript_raw.txt""} | {""chapter_id"":""CH13"",""event_id"":""CH13-E0070"",""timestamp"":""00:39:12.600"",""image"":""references/video-audit/chapters/CH13_compras_y_compras_al_por_mayor/event_frames/CH13-E0070_00h39m12s600ms_abrupt_change.jpg"",""detail_crop"":"""",""transcript"":""references/video-audit/chapters/CH13_compras_y_compras_al_por_mayor/transcript_raw.txt""} | {""chapter_id"":""CH13"",""event_id"":""CH13-E0080"",""timestamp"":""00:39:26.800"",""image"":""references/video-audit/chapters/CH13_compras_y_compras_al_por_mayor/event_frames/CH13-E0080_00h39m26s800ms_abrupt_change.jpg"",""detail_crop"":""references/video-audit/chapters/CH13_compras_y_compras_al_por_mayor/detail_crops/CH13-E0080_00h39m26s800ms_DETAIL.jpg"",""transcript"":""references/video-audit/chapters/CH13_compras_y_compras_al_por_mayor/transcript_raw.txt""}","app/main.js; app/store.js; supabase/migrations/202608270009_ch13_purchase_drafts.sql","openPurchaseForm/createPurchase/create_purchase_draft","Estado mock persistido en localStorage; Supabase todavía no validado en runtime.","tests/ch13-purchase-drafts.test.mjs; tests/e2e/ch13.spec.mjs","IMPLEMENTED_EXACT","","CH13-Q001 | CH13-Q002 | CH13-Q004 | CH13-Q007 | CH13-Q009 | CH13-Q013","Elimina el IVA 13% inventado y sólo crea DRAFT con importes manuales; aprobación, recepción, Registro PT, archivo, anulación e inventario quedan bloqueados. | Persiste después de recargar cuando la acción modifica datos. | Respeta rol y organización. | Tiene prueba automatizada específica y prueba de navegador cuando corresponde."
"CH09-R001","VIDEO_REQUIREMENT","CH09","CH09-E0002 | CH09-E0003 | CH09-E0069","00:21:02.800 | 00:21:03.800 | 00:22:45.400","clinical_navigation","Shell / Hospitalización clínica","","navigation","Clínica / Hospitalización clínica","Navega al listado clínico separado del estado administrativo y respeta clinical:read.","Datos sintéticos y alcance de la organización activa.","Entrada válida, estado vacío y error accionable sin revelar existencia de registros.","Permiso explícito de lectura o escritura aplicado en navegación, control, store y persistencia.","El estado visible cambia sólo después de completar la operación autorizada.","Error accesible y genérico; no mostrar éxito anticipado.","NO_APLICA","{""chapter_id"":""CH09"",""event_id"":""CH09-E0002"",""timestamp"":""00:21:02.800"",""image"":""references/video-audit/chapters/CH09_hospitalizacion_clinica_y_reporte_de_salud/event_frames/CH09-E0002_00h21m02s800ms_settled.jpg"",""detail_crop"":""references/video-audit/chapters/CH09_hospitalizacion_clinica_y_reporte_de_salud/detail_crops/CH09-E0002_00h21m02s800ms_DETAIL.jpg"",""transcript"":""references/video-audit/chapters/CH09_hospitalizacion_clinica_y_reporte_de_salud/transcript_raw.txt""} | {""chapter_id"":""CH09"",""event_id"":""CH09-E0003"",""timestamp"":""00:21:03.800"",""image"":""references/video-audit/chapters/CH09_hospitalizacion_clinica_y_reporte_de_salud/event_frames/CH09-E0003_00h21m03s800ms_motion_progress.jpg"",""detail_crop"":""references/video-audit/chapters/CH09_hospitalizacion_clinica_y_reporte_de_salud/detail_crops/CH09-E0003_00h21m03s800ms_DETAIL.jpg"",""transcript"":""references/video-audit/chapters/CH09_hospitalizacion_clinica_y_reporte_de_salud/transcript_raw.txt""} | {""chapter_id"":""CH09"",""event_id"":""CH09-E0069"",""timestamp"":""00:22:45.400"",""image"":""references/video-audit/chapters/CH09_hospitalizacion_clinica_y_reporte_de_salud/event_frames/CH09-E0069_00h22m45s400ms_abrupt_change.jpg"",""detail_crop"":"""",""transcript"":""references/video-audit/chapters/CH09_hospitalizacion_clinica_y_reporte_de_salud/transcript_raw.txt""}","app/views.js","renderNavigation/renderRoute","Estado mock persistido en localStorage; Supabase todavía no validado en runtime.","tests/ch09-clinical-profile-report.test.mjs; tests/e2e/ch09.spec.mjs","IMPLEMENTED_EXACT","","","Navega al listado clínico separado del estado administrativo y respeta clinical:read. | Persiste después de recargar cuando la acción modifica datos. | Respeta rol y organización. | Tiene prueba automatizada específica y prueba de navegador cuando corresponde."
"CH09-R002","VIDEO_REQUIREMENT","CH09","CH09-E0004 | CH09-E0011","00:21:09.400 | 00:21:14.600","clinical_filters","Hospitalización clínica","","filters","Estado / Activado por / Tipo de servicio / Tipo de atención","Filtra por estado clínico, servicio y atención; el actor de activación queda visible y bloqueado hasta definir roles y transición.","Datos sintéticos y alcance de la organización activa.","Entrada válida, estado vacío y error accionable sin revelar existencia de registros.","Permiso explícito de lectura o escritura aplicado en navegación, control, store y persistencia.","El estado visible cambia sólo después de completar la operación autorizada.","Error accesible y genérico; no mostrar éxito anticipado.","NO_APLICA","{""chapter_id"":""CH09"",""event_id"":""CH09-E0004"",""timestamp"":""00:21:09.400"",""image"":""references/video-audit/chapters/CH09_hospitalizacion_clinica_y_reporte_de_salud/event_frames/CH09-E0004_00h21m09s400ms_abrupt_change.jpg"",""detail_crop"":"""",""transcript"":""references/video-audit/chapters/CH09_hospitalizacion_clinica_y_reporte_de_salud/transcript_raw.txt""} | {""chapter_id"":""CH09"",""event_id"":""CH09-E0011"",""timestamp"":""00:21:14.600"",""image"":""references/video-audit/chapters/CH09_hospitalizacion_clinica_y_reporte_de_salud/event_frames/CH09-E0011_00h21m14s600ms_abrupt_change.jpg"",""detail_crop"":"""",""transcript"":""references/video-audit/chapters/CH09_hospitalizacion_clinica_y_reporte_de_salud/transcript_raw.txt""}","app/views.js; app/main.js","renderClinicalHospitalizations/apply-clinical-filters","Estado mock persistido en localStorage; Supabase todavía no validado en runtime.","tests/e2e/ch09.spec.mjs","IMPLEMENTED_PARTIAL","","CH09-Q002 | CH09-Q003 | CH09-Q004","Filtra por estado clínico, servicio y atención; el actor de activación queda visible y bloqueado hasta definir roles y transición. | Persiste después de recargar cuando la acción modifica datos. | Respeta rol y organización. | Tiene prueba automatizada específica y prueba de navegador cuando corresponde."
"CH09-R003","VIDEO_REQUIREMENT","CH09","CH09-E0012 | CH09-E0015 | CH09-E0069","00:21:15.200 | 00:21:18.200 | 00:22:45.400","clinical_table","Hospitalización clínica","","table","Paciente / DUI/NIT / Hospitalización / Triage / Empresa / Clínico / Inicio / Fin / Duración","Muestra identidad, estado clínico independiente, fechas y duración con búsqueda y paginación 10/25/50.","Datos sintéticos y alcance de la organización activa.","Entrada válida, estado vacío y error accionable sin revelar existencia de registros.","Permiso explícito de lectura o escritura aplicado en navegación, control, store y persistencia.","El estado visible cambia sólo después de completar la operación autorizada.","Error accesible y genérico; no mostrar éxito anticipado.","NO_APLICA","{""chapter_id"":""CH09"",""event_id"":""CH09-E0012"",""timestamp"":""00:21:15.200"",""image"":""references/video-audit/chapters/CH09_hospitalizacion_clinica_y_reporte_de_salud/event_frames/CH09-E0012_00h21m15s200ms_stable_change.jpg"",""detail_crop"":"""",""transcript"":""references/video-audit/chapters/CH09_hospitalizacion_clinica_y_reporte_de_salud/transcript_raw.txt""} | {""chapter_id"":""CH09"",""event_id"":""CH09-E0015"",""timestamp"":""00:21:18.200"",""image"":""references/video-audit/chapters/CH09_hospitalizacion_clinica_y_reporte_de_salud/event_frames/CH09-E0015_00h21m18s200ms_stable_change.jpg"",""detail_crop"":"""",""transcript"":""references/video-audit/chapters/CH09_hospitalizacion_clinica_y_reporte_de_salud/transcript_raw.txt""} | {""chapter_id"":""CH09"",""event_id"":""CH09-E0069"",""timestamp"":""00:22:45.400"",""image"":""references/video-audit/chapters/CH09_hospitalizacion_clinica_y_reporte_de_salud/event_frames/CH09-E0069_00h22m45s400ms_abrupt_change.jpg"",""detail_crop"":"""",""transcript"":""references/video-audit/chapters/CH09_hospitalizacion_clinica_y_reporte_de_salud/transcript_raw.txt""}","app/views.js; app/main.js; app/domain.js","renderClinicalHospitalizations","Estado mock persistido en localStorage; Supabase todavía no validado en runtime.","tests/ch09-clinical-profile-report.test.mjs; tests/e2e/ch09.spec.mjs","IMPLEMENTED_EXACT","","","Muestra identidad, estado clínico independiente, fechas y duración con búsqueda y paginación 10/25/50. | Persiste después de recargar cuando la acción modifica datos. | Respeta rol y organización. | Tiene prueba automatizada específica y prueba de navegador cuando corresponde."
"CH09-R004","VIDEO_REQUIREMENT","CH09","CH09-E0016","00:21:34.800","clinical_row_actions","Hospitalización clínica","","menu","Cotizaciones / Perfil clínico / Relevos / Reingresos / Reinfecciones / Ulceraciones / Near miss","Abre cotizaciones, perfiles y reporte; conserva visibles y deshabilitadas las acciones clínicas sin contrato de datos, reglas o permisos aprobados.","Datos sintéticos y alcance de la organización activa.","Entrada válida, estado vacío y error accionable sin revelar existencia de registros.","Permiso explícito de lectura o escritura aplicado en navegación, control, store y persistencia.","El estado visible cambia sólo después de completar la operación autorizada.","Error accesible y genérico; no mostrar éxito anticipado.","NO_APLICA","{""chapter_id"":""CH09"",""event_id"":""CH09-E0016"",""timestamp"":""00:21:34.800"",""image"":""references/video-audit/chapters/CH09_hospitalizacion_clinica_y_reporte_de_salud/event_frames/CH09-E0016_00h21m34s800ms_motion_progress.jpg"",""detail_crop"":""references/video-audit/chapters/CH09_hospitalizacion_clinica_y_reporte_de_salud/detail_crops/CH09-E0016_00h21m34s800ms_DETAIL.jpg"",""transcript"":""references/video-audit/chapters/CH09_hospitalizacion_clinica_y_reporte_de_salud/transcript_raw.txt""}","app/views.js; app/main.js","renderClinicalHospitalizations/openClinicalProfiles","Estado mock persistido en localStorage; Supabase todavía no validado en runtime.","tests/e2e/ch09.spec.mjs","IMPLEMENTED_PARTIAL","","CH09-Q003 | CH09-Q004 | CH09-Q006","Abre cotizaciones, perfiles y reporte; conserva visibles y deshabilitadas las acciones clínicas sin contrato de datos, reglas o permisos aprobados. | Persiste después de recargar cuando la acción modifica datos. | Respeta rol y organización. | Tiene prueba automatizada específica y prueba de navegador cuando corresponde."
"CH09-R005","VIDEO_REQUIREMENT","CH09","CH09-E0017 | CH09-E0021 | CH09-E0067","00:21:42.200 | 00:21:45.600 | 00:22:42.200","profile_history","Perfiles Clínicos","","modal_table","Perfiles Clínicos / Nuevo perfil clínico","Muestra el historial append-only por hospitalización y permite crear un nuevo borrador sin sobrescribir versiones previas.","Datos sintéticos y alcance de la organización activa.","Entrada válida, estado vacío y error accionable sin revelar existencia de registros.","Permiso explícito de lectura o escritura aplicado en navegación, control, store y persistencia.","El estado visible cambia sólo después de completar la operación autorizada.","Error accesible y genérico; no mostrar éxito anticipado.","NO_APLICA","{""chapter_id"":""CH09"",""event_id"":""CH09-E0017"",""timestamp"":""00:21:42.200"",""image"":""references/video-audit/chapters/CH09_hospitalizacion_clinica_y_reporte_de_salud/event_frames/CH09-E0017_00h21m42s200ms_abrupt_change.jpg"",""detail_crop"":"""",""transcript"":""references/video-audit/chapters/CH09_hospitalizacion_clinica_y_reporte_de_salud/transcript_raw.txt""} | {""chapter_id"":""CH09"",""event_id"":""CH09-E0021"",""timestamp"":""00:21:45.600"",""image"":""references/video-audit/chapters/CH09_hospitalizacion_clinica_y_reporte_de_salud/event_frames/CH09-E0021_00h21m45s600ms_abrupt_change.jpg"",""detail_crop"":"""",""transcript"":""references/video-audit/chapters/CH09_hospitalizacion_clinica_y_reporte_de_salud/transcript_raw.txt""} | {""chapter_id"":""CH09"",""event_id"":""CH09-E0067"",""timestamp"":""00:22:42.200"",""image"":""references/video-audit/chapters/CH09_hospitalizacion_clinica_y_reporte_de_salud/event_frames/CH09-E0067_00h22m42s200ms_stable_change.jpg"",""detail_crop"":"""",""transcript"":""references/video-audit/chapters/CH09_hospitalizacion_clinica_y_reporte_de_salud/transcript_raw.txt""}","app/main.js; app/store.js","openClinicalProfiles/createClinicalProfile","Estado mock persistido en localStorage; Supabase todavía no validado en runtime.","tests/ch09-clinical-profile-report.test.mjs; tests/e2e/ch09.spec.mjs","IMPLEMENTED_EXACT","","","Muestra el historial append-only por hospitalización y permite crear un nuevo borrador sin sobrescribir versiones previas. | Persiste después de recargar cuando la acción modifica datos. | Respeta rol y organización. | Tiene prueba automatizada específica y prueba de navegador cuando corresponde."
"CH09-R006","VIDEO_REQUIREMENT","CH09","CH09-E0022 | CH09-E0065","00:21:46.000 | 00:22:39.000","profile_identity","Detalles de Hospitalización","","form","Paciente / DUI/NIT / Hospitalización / Estatus","Deriva la identidad desde la hospitalización autorizada y la presenta en solo lectura.","Datos sintéticos y alcance de la organización activa.","Entrada válida, estado vacío y error accionable sin revelar existencia de registros.","Permiso explícito de lectura o escritura aplicado en navegación, control, store y persistencia.","El estado visible cambia sólo después de completar la operación autorizada.","Error accesible y genérico; no mostrar éxito anticipado.","NO_APLICA","{""chapter_id"":""CH09"",""event_id"":""CH09-E0022"",""timestamp"":""00:21:46.000"",""image"":""references/video-audit/chapters/CH09_hospitalizacion_clinica_y_reporte_de_salud/event_frames/CH09-E0022_00h21m46s000ms_abrupt_change.jpg"",""detail_crop"":"""",""transcript"":""references/video-audit/chapters/CH09_hospitalizacion_clinica_y_reporte_de_salud/transcript_raw.txt""} | {""chapter_id"":""CH09"",""event_id"":""CH09-E0065"",""timestamp"":""00:22:39.000"",""image"":""references/video-audit/chapters/CH09_hospitalizacion_clinica_y_reporte_de_salud/event_frames/CH09-E0065_00h22m39s000ms_abrupt_change.jpg"",""detail_crop"":"""",""transcript"":""references/video-audit/chapters/CH09_hospitalizacion_clinica_y_reporte_de_salud/transcript_raw.txt""}","app/main.js","openClinicalProfileForm","Estado mock persistido en localStorage; Supabase todavía no validado en runtime.","tests/e2e/ch09.spec.mjs","IMPLEMENTED_EXACT","","","Deriva la identidad desde la hospitalización autorizada y la presenta en solo lectura. | Persiste después de recargar cuando la acción modifica datos. | Respeta rol y organización. | Tiene prueba automatizada específica y prueba de navegador cuando corresponde."
"CH09-R007","VIDEO_REQUIREMENT","CH09","CH09-E0023 | CH09-E0040 | CH09-E0054","00:21:46.800 | 00:22:18.200 | 00:22:33.400","profile_fields","Detalles de Hospitalización","","form","Diagnóstico / grupo / triage / perfil / tipo / responsables / frecuencias / servicio","Captura y valida los campos observados como valores documentados; obligatoriedad y catálogos oficiales permanecen configurables.","Datos sintéticos y alcance de la organización activa.","Entrada válida, estado vacío y error accionable sin revelar existencia de registros.","Permiso explícito de lectura o escritura aplicado en navegación, control, store y persistencia.","El estado visible cambia sólo después de completar la operación autorizada.","Error accesible y genérico; no mostrar éxito anticipado.","NO_APLICA","{""chapter_id"":""CH09"",""event_id"":""CH09-E0023"",""timestamp"":""00:21:46.800"",""image"":""references/video-audit/chapters/CH09_hospitalizacion_clinica_y_reporte_de_salud/event_frames/CH09-E0023_00h21m46s800ms_abrupt_change.jpg"",""detail_crop"":"""",""transcript"":""references/video-audit/chapters/CH09_hospitalizacion_clinica_y_reporte_de_salud/transcript_raw.txt""} | {""chapter_id"":""CH09"",""event_id"":""CH09-E0040"",""timestamp"":""00:22:18.200"",""image"":""references/video-audit/chapters/CH09_hospitalizacion_clinica_y_reporte_de_salud/event_frames/CH09-E0040_00h22m18s200ms_abrupt_change.jpg"",""detail_crop"":"""",""transcript"":""references/video-audit/chapters/CH09_hospitalizacion_clinica_y_reporte_de_salud/transcript_raw.txt""} | {""chapter_id"":""CH09"",""event_id"":""CH09-E0054"",""timestamp"":""00:22:33.400"",""image"":""references/video-audit/chapters/CH09_hospitalizacion_clinica_y_reporte_de_salud/event_frames/CH09-E0054_00h22m33s400ms_abrupt_change.jpg"",""detail_crop"":"""",""transcript"":""references/video-audit/chapters/CH09_hospitalizacion_clinica_y_reporte_de_salud/transcript_raw.txt""}","app/main.js; app/store.js","openClinicalProfileForm/createClinicalProfile","Estado mock persistido en localStorage; Supabase todavía no validado en runtime.","tests/ch09-clinical-profile-report.test.mjs; tests/e2e/ch09.spec.mjs","IMPLEMENTED_PARTIAL","","CH09-Q001 | CH09-Q003 | CH09-Q004","Captura y valida los campos observados como valores documentados; obligatoriedad y catálogos oficiales permanecen configurables. | Persiste después de recargar cuando la acción modifica datos. | Respeta rol y organización. | Tiene prueba automatizada específica y prueba de navegador cuando corresponde."
"CH09-R008","VIDEO_REQUIREMENT","CH09","CH09-E0027 | CH09-E0038","00:21:50.600 | 00:22:10.200","diagnosis_catalog","Detalles de Hospitalización","","autocomplete","Diagnóstico clínico codificado","No copia un catálogo clínico incompleto del video; captura código y descripción documentados hasta confirmar terminología, edición, fuente y actualización.","Datos sintéticos y alcance de la organización activa.","Entrada válida, estado vacío y error accionable sin revelar existencia de registros.","Permiso explícito de lectura o escritura aplicado en navegación, control, store y persistencia.","El estado visible cambia sólo después de completar la operación autorizada.","Error accesible y genérico; no mostrar éxito anticipado.","NO_APLICA","{""chapter_id"":""CH09"",""event_id"":""CH09-E0027"",""timestamp"":""00:21:50.600"",""image"":""references/video-audit/chapters/CH09_hospitalizacion_clinica_y_reporte_de_salud/event_frames/CH09-E0027_00h21m50s600ms_motion_progress.jpg"",""detail_crop"":""references/video-audit/chapters/CH09_hospitalizacion_clinica_y_reporte_de_salud/detail_crops/CH09-E0027_00h21m50s600ms_DETAIL.jpg"",""transcript"":""references/video-audit/chapters/CH09_hospitalizacion_clinica_y_reporte_de_salud/transcript_raw.txt""} | {""chapter_id"":""CH09"",""event_id"":""CH09-E0038"",""timestamp"":""00:22:10.200"",""image"":""references/video-audit/chapters/CH09_hospitalizacion_clinica_y_reporte_de_salud/event_frames/CH09-E0038_00h22m10s200ms_stable_change.jpg"",""detail_crop"":""references/video-audit/chapters/CH09_hospitalizacion_clinica_y_reporte_de_salud/detail_crops/CH09-E0038_00h22m10s200ms_DETAIL.jpg"",""transcript"":""references/video-audit/chapters/CH09_hospitalizacion_clinica_y_reporte_de_salud/transcript_raw.txt""}","app/main.js; docs/OPEN_QUESTIONS.md","openClinicalProfileForm","Estado mock persistido en localStorage; Supabase todavía no validado en runtime.","tests/ch09-clinical-profile-report.test.mjs","NEEDS_CLIENT_CONFIRMATION","","CH09-Q001","No copia un catálogo clínico incompleto del video; captura código y descripción documentados hasta confirmar terminología, edición, fuente y actualización. | Persiste después de recargar cuando la acción modifica datos. | Respeta rol y organización. | Tiene prueba automatizada específica y prueba de navegador cuando corresponde."
"CH09-R009","VIDEO_REQUIREMENT","CH09","CH09-E0022 | CH09-E0064","00:21:46.000 | 00:22:38.600","profile_doctors","Detalles de Hospitalización","","select","Médico tratante / Otros médicos / Coordinador clínico","Limita referencias a profesionales activos de la organización y persiste médicos adicionales sin cruce de tenant.","Datos sintéticos y alcance de la organización activa.","Entrada válida, estado vacío y error accionable sin revelar existencia de registros.","Permiso explícito de lectura o escritura aplicado en navegación, control, store y persistencia.","El estado visible cambia sólo después de completar la operación autorizada.","Error accesible y genérico; no mostrar éxito anticipado.","NO_APLICA","{""chapter_id"":""CH09"",""event_id"":""CH09-E0022"",""timestamp"":""00:21:46.000"",""image"":""references/video-audit/chapters/CH09_hospitalizacion_clinica_y_reporte_de_salud/event_frames/CH09-E0022_00h21m46s000ms_abrupt_change.jpg"",""detail_crop"":"""",""transcript"":""references/video-audit/chapters/CH09_hospitalizacion_clinica_y_reporte_de_salud/transcript_raw.txt""} | {""chapter_id"":""CH09"",""event_id"":""CH09-E0064"",""timestamp"":""00:22:38.600"",""image"":""references/video-audit/chapters/CH09_hospitalizacion_clinica_y_reporte_de_salud/event_frames/CH09-E0064_00h22m38s600ms_abrupt_change.jpg"",""detail_crop"":"""",""transcript"":""references/video-audit/chapters/CH09_hospitalizacion_clinica_y_reporte_de_salud/transcript_raw.txt""}","app/main.js; app/store.js; supabase/migrations/202608270005_ch09_clinical_profile_integrity.sql","doctorOptions/createClinicalProfile/create_clinical_profile","Estado mock persistido en localStorage; Supabase todavía no validado en runtime.","tests/ch09-clinical-profile-report.test.mjs","IMPLEMENTED_EXACT","","","Limita referencias a profesionales activos de la organización y persiste médicos adicionales sin cruce de tenant. | Persiste después de recargar cuando la acción modifica datos. | Respeta rol y organización. | Tiene prueba automatizada específica y prueba de navegador cuando corresponde."
"CH09-R010","VIDEO_REQUIREMENT","CH09","CH09-E0055 | CH09-E0058","00:22:33.800 | 00:22:35.200","profile_devices","Detalles de Hospitalización","","structured_table","Dispositivo / Fecha / Calibre / Motivo / Frecuencia / Observaciones","Agrega hasta 50 dispositivos estructurados, valida fechas y los conserva dentro del perfil append-only.","Datos sintéticos y alcance de la organización activa.","Entrada válida, estado vacío y error accionable sin revelar existencia de registros.","Permiso explícito de lectura o escritura aplicado en navegación, control, store y persistencia.","El estado visible cambia sólo después de completar la operación autorizada.","Error accesible y genérico; no mostrar éxito anticipado.","NO_APLICA","{""chapter_id"":""CH09"",""event_id"":""CH09-E0055"",""timestamp"":""00:22:33.800"",""image"":""references/video-audit/chapters/CH09_hospitalizacion_clinica_y_reporte_de_salud/event_frames/CH09-E0055_00h22m33s800ms_abrupt_change.jpg"",""detail_crop"":"""",""transcript"":""references/video-audit/chapters/CH09_hospitalizacion_clinica_y_reporte_de_salud/transcript_raw.txt""} | {""chapter_id"":""CH09"",""event_id"":""CH09-E0058"",""timestamp"":""00:22:35.200"",""image"":""references/video-audit/chapters/CH09_hospitalizacion_clinica_y_reporte_de_salud/event_frames/CH09-E0058_00h22m35s200ms_stable_change.jpg"",""detail_crop"":"""",""transcript"":""references/video-audit/chapters/CH09_hospitalizacion_clinica_y_reporte_de_salud/transcript_raw.txt""}","app/main.js; app/store.js","clinicalDeviceRow/createClinicalProfile","Estado mock persistido en localStorage; Supabase todavía no validado en runtime.","tests/ch09-clinical-profile-report.test.mjs; tests/e2e/ch09.spec.mjs","IMPLEMENTED_EXACT","","","Agrega hasta 50 dispositivos estructurados, valida fechas y los conserva dentro del perfil append-only. | Persiste después de recargar cuando la acción modifica datos. | Respeta rol y organización. | Tiene prueba automatizada específica y prueba de navegador cuando corresponde."
"CH09-R011","VIDEO_REQUIREMENT","CH09","CH09-E0059 | CH09-E0061","00:22:35.800 | 00:22:37.000","shift_range","Detalles de Hospitalización","","date_range","Rango de fechas para turnos / frecuencia / atención","Captura planificación sin crear turnos automáticamente y rechaza el rango invertido observado en el video.","Datos sintéticos y alcance de la organización activa.","Entrada válida, estado vacío y error accionable sin revelar existencia de registros.","Permiso explícito de lectura o escritura aplicado en navegación, control, store y persistencia.","El estado visible cambia sólo después de completar la operación autorizada.","Error accesible y genérico; no mostrar éxito anticipado.","NO_APLICA","{""chapter_id"":""CH09"",""event_id"":""CH09-E0059"",""timestamp"":""00:22:35.800"",""image"":""references/video-audit/chapters/CH09_hospitalizacion_clinica_y_reporte_de_salud/event_frames/CH09-E0059_00h22m35s800ms_abrupt_change.jpg"",""detail_crop"":"""",""transcript"":""references/video-audit/chapters/CH09_hospitalizacion_clinica_y_reporte_de_salud/transcript_raw.txt""} | {""chapter_id"":""CH09"",""event_id"":""CH09-E0061"",""timestamp"":""00:22:37.000"",""image"":""references/video-audit/chapters/CH09_hospitalizacion_clinica_y_reporte_de_salud/event_frames/CH09-E0061_00h22m37s000ms_stable_change.jpg"",""detail_crop"":""references/video-audit/chapters/CH09_hospitalizacion_clinica_y_reporte_de_salud/detail_crops/CH09-E0061_00h22m37s000ms_DETAIL.jpg"",""transcript"":""references/video-audit/chapters/CH09_hospitalizacion_clinica_y_reporte_de_salud/transcript_raw.txt""}","app/main.js; app/store.js; supabase/migrations/202608270005_ch09_clinical_profile_integrity.sql","save-clinical-profile/createClinicalProfile/create_clinical_profile","Estado mock persistido en localStorage; Supabase todavía no validado en runtime.","tests/ch09-clinical-profile-report.test.mjs","IMPLEMENTED_EXACT","","","Captura planificación sin crear turnos automáticamente y rechaza el rango invertido observado en el video. | Persiste después de recargar cuando la acción modifica datos. | Respeta rol y organización. | Tiene prueba automatizada específica y prueba de navegador cuando corresponde."
"CH09-R012","VIDEO_REQUIREMENT","CH09","CH09-E0022","00:21:46.000","profile_attachments","Detalles de Hospitalización","","attachment","Adjuntos","Mantiene el control visible y bloqueado hasta definir tipos, límites, acceso, almacenamiento y retención.","Datos sintéticos y alcance de la organización activa.","Entrada válida, estado vacío y error accionable sin revelar existencia de registros.","Permiso explícito de lectura o escritura aplicado en navegación, control, store y persistencia.","El estado visible cambia sólo después de completar la operación autorizada.","Error accesible y genérico; no mostrar éxito anticipado.","NO_APLICA","{""chapter_id"":""CH09"",""event_id"":""CH09-E0022"",""timestamp"":""00:21:46.000"",""image"":""references/video-audit/chapters/CH09_hospitalizacion_clinica_y_reporte_de_salud/event_frames/CH09-E0022_00h21m46s000ms_abrupt_change.jpg"",""detail_crop"":"""",""transcript"":""references/video-audit/chapters/CH09_hospitalizacion_clinica_y_reporte_de_salud/transcript_raw.txt""}","app/main.js; docs/OPEN_QUESTIONS.md","openClinicalProfileForm","Estado mock persistido en localStorage; Supabase todavía no validado en runtime.","tests/ch09-clinical-profile-report.test.mjs","NEEDS_CLIENT_CONFIRMATION","","CH09-Q008","Mantiene el control visible y bloqueado hasta definir tipos, límites, acceso, almacenamiento y retención. | Persiste después de recargar cuando la acción modifica datos. | Respeta rol y organización. | Tiene prueba automatizada específica y prueba de navegador cuando corresponde."
"CH09-R013","VIDEO_REQUIREMENT","CH09","CH09-E0065 | CH09-E0067","00:22:39.000 | 00:22:42.200","profile_activation","Perfiles Clínicos","","state_transition","Borrador / Activo / Finalizado","Crea únicamente borradores; activación, coexistencia, finalización y corrección requieren roles y transiciones confirmadas.","Datos sintéticos y alcance de la organización activa.","Entrada válida, estado vacío y error accionable sin revelar existencia de registros.","Permiso explícito de lectura o escritura aplicado en navegación, control, store y persistencia.","El estado visible cambia sólo después de completar la operación autorizada.","Error accesible y genérico; no mostrar éxito anticipado.","NO_APLICA","{""chapter_id"":""CH09"",""event_id"":""CH09-E0065"",""timestamp"":""00:22:39.000"",""image"":""references/video-audit/chapters/CH09_hospitalizacion_clinica_y_reporte_de_salud/event_frames/CH09-E0065_00h22m39s000ms_abrupt_change.jpg"",""detail_crop"":"""",""transcript"":""references/video-audit/chapters/CH09_hospitalizacion_clinica_y_reporte_de_salud/transcript_raw.txt""} | {""chapter_id"":""CH09"",""event_id"":""CH09-E0067"",""timestamp"":""00:22:42.200"",""image"":""references/video-audit/chapters/CH09_hospitalizacion_clinica_y_reporte_de_salud/event_frames/CH09-E0067_00h22m42s200ms_stable_change.jpg"",""detail_crop"":"""",""transcript"":""references/video-audit/chapters/CH09_hospitalizacion_clinica_y_reporte_de_salud/transcript_raw.txt""}","app/store.js; supabase/migrations/202608270005_ch09_clinical_profile_integrity.sql","createClinicalProfile","Estado mock persistido en localStorage; Supabase todavía no validado en runtime.","tests/ch09-clinical-profile-report.test.mjs","NEEDS_CLIENT_CONFIRMATION","","CH09-Q002 | CH09-Q003 | CH09-Q010","Crea únicamente borradores; activación, coexistencia, finalización y corrección requieren roles y transiciones confirmadas. | Persiste después de recargar cuando la acción modifica datos. | Respeta rol y organización. | Tiene prueba automatizada específica y prueba de navegador cuando corresponde."
"CH09-R014","VIDEO_REQUIREMENT","CH09","CH09-E0070 | CH09-E0075 | CH09-E0094","00:22:54.800 | 00:22:58.200 | 00:23:39.400","health_report_list","Reporte de salud","","table","Cédula / Nombre / Empresa / Hospitalización / Período / Auditoría / Triage / Estatus","Lista reportes por hospitalización con búsqueda, paginación 10/25/50 e identidad clínica separada.","Datos sintéticos y alcance de la organización activa.","Entrada válida, estado vacío y error accionable sin revelar existencia de registros.","Permiso explícito de lectura o escritura aplicado en navegación, control, store y persistencia.","El estado visible cambia sólo después de completar la operación autorizada.","Error accesible y genérico; no mostrar éxito anticipado.","NO_APLICA","{""chapter_id"":""CH09"",""event_id"":""CH09-E0070"",""timestamp"":""00:22:54.800"",""image"":""references/video-audit/chapters/CH09_hospitalizacion_clinica_y_reporte_de_salud/event_frames/CH09-E0070_00h22m54s800ms_abrupt_change.jpg"",""detail_crop"":"""",""transcript"":""references/video-audit/chapters/CH09_hospitalizacion_clinica_y_reporte_de_salud/transcript_raw.txt""} | {""chapter_id"":""CH09"",""event_id"":""CH09-E0075"",""timestamp"":""00:22:58.200"",""image"":""references/video-audit/chapters/CH09_hospitalizacion_clinica_y_reporte_de_salud/event_frames/CH09-E0075_00h22m58s200ms_stable_change.jpg"",""detail_crop"":"""",""transcript"":""references/video-audit/chapters/CH09_hospitalizacion_clinica_y_reporte_de_salud/transcript_raw.txt""} | {""chapter_id"":""CH09"",""event_id"":""CH09-E0094"",""timestamp"":""00:23:39.400"",""image"":""references/video-audit/chapters/CH09_hospitalizacion_clinica_y_reporte_de_salud/event_frames/CH09-E0094_00h23m39s400ms_abrupt_change.jpg"",""detail_crop"":""references/video-audit/chapters/CH09_hospitalizacion_clinica_y_reporte_de_salud/detail_crops/CH09-E0094_00h23m39s400ms_DETAIL.jpg"",""transcript"":""references/video-audit/chapters/CH09_hospitalizacion_clinica_y_reporte_de_salud/transcript_raw.txt""}","app/views.js; app/main.js","renderHealthReports/health-report-page","Estado mock persistido en localStorage; Supabase todavía no validado en runtime.","tests/ch09-clinical-profile-report.test.mjs; tests/e2e/ch09.spec.mjs","IMPLEMENTED_EXACT","","","Lista reportes por hospitalización con búsqueda, paginación 10/25/50 e identidad clínica separada. | Persiste después de recargar cuando la acción modifica datos. | Respeta rol y organización. | Tiene prueba automatizada específica y prueba de navegador cuando corresponde."
"CH09-R015","VIDEO_REQUIREMENT","CH09","CH09-E0076 | CH09-E0098","00:23:01.600 | 00:23:43.800","health_report_actions","Reporte de salud","","menu","Historia clínica / Claims / Visitas / Notas de servicio / Reporte de salud / Auditorías / Registro XPO","Abre el reporte de salud e historial disponible; las integraciones sin semántica o permisos confirmados permanecen visibles y bloqueadas.","Datos sintéticos y alcance de la organización activa.","Entrada válida, estado vacío y error accionable sin revelar existencia de registros.","Permiso explícito de lectura o escritura aplicado en navegación, control, store y persistencia.","El estado visible cambia sólo después de completar la operación autorizada.","Error accesible y genérico; no mostrar éxito anticipado.","NO_APLICA","{""chapter_id"":""CH09"",""event_id"":""CH09-E0076"",""timestamp"":""00:23:01.600"",""image"":""references/video-audit/chapters/CH09_hospitalizacion_clinica_y_reporte_de_salud/event_frames/CH09-E0076_00h23m01s600ms_motion_progress.jpg"",""detail_crop"":""references/video-audit/chapters/CH09_hospitalizacion_clinica_y_reporte_de_salud/detail_crops/CH09-E0076_00h23m01s600ms_DETAIL.jpg"",""transcript"":""references/video-audit/chapters/CH09_hospitalizacion_clinica_y_reporte_de_salud/transcript_raw.txt""} | {""chapter_id"":""CH09"",""event_id"":""CH09-E0098"",""timestamp"":""00:23:43.800"",""image"":""references/video-audit/chapters/CH09_hospitalizacion_clinica_y_reporte_de_salud/event_frames/CH09-E0098_00h23m43s800ms_settled.jpg"",""detail_crop"":""references/video-audit/chapters/CH09_hospitalizacion_clinica_y_reporte_de_salud/detail_crops/CH09-E0098_00h23m43s800ms_DETAIL.jpg"",""transcript"":""references/video-audit/chapters/CH09_hospitalizacion_clinica_y_reporte_de_salud/transcript_raw.txt""}","app/views.js","healthReportMenu","Estado mock persistido en localStorage; Supabase todavía no validado en runtime.","tests/ch09-clinical-profile-report.test.mjs","IMPLEMENTED_PARTIAL","","CH09-Q006","Abre el reporte de salud e historial disponible; las integraciones sin semántica o permisos confirmados permanecen visibles y bloqueadas. | Persiste después de recargar cuando la acción modifica datos. | Respeta rol y organización. | Tiene prueba automatizada específica y prueba de navegador cuando corresponde."
"CH09-R016","VIDEO_REQUIREMENT","CH09","CH09-E0078 | CH09-E0085 | CH09-E0104 | CH09-E0113","00:23:08.800 | 00:23:31.000 | 00:23:47.800 | 00:24:06.600","report_date_range","Detalle reporte de salud","","date_range","Rango fechas / Cargar / Procesando","Valida inicio menor o igual a fin en cliente y servidor, muestra procesamiento y filtra las colecciones longitudinales al rango seleccionado.","Datos sintéticos y alcance de la organización activa.","Entrada válida, estado vacío y error accionable sin revelar existencia de registros.","Permiso explícito de lectura o escritura aplicado en navegación, control, store y persistencia.","El estado visible cambia sólo después de completar la operación autorizada.","Error accesible y genérico; no mostrar éxito anticipado.","NO_APLICA","{""chapter_id"":""CH09"",""event_id"":""CH09-E0078"",""timestamp"":""00:23:08.800"",""image"":""references/video-audit/chapters/CH09_hospitalizacion_clinica_y_reporte_de_salud/event_frames/CH09-E0078_00h23m08s800ms_abrupt_change.jpg"",""detail_crop"":"""",""transcript"":""references/video-audit/chapters/CH09_hospitalizacion_clinica_y_reporte_de_salud/transcript_raw.txt""} | {""chapter_id"":""CH09"",""event_id"":""CH09-E0085"",""timestamp"":""00:23:31.000"",""image"":""references/video-audit/chapters/CH09_hospitalizacion_clinica_y_reporte_de_salud/event_frames/CH09-E0085_00h23m31s000ms_abrupt_change.jpg"",""detail_crop"":""references/video-audit/chapters/CH09_hospitalizacion_clinica_y_reporte_de_salud/detail_crops/CH09-E0085_00h23m31s000ms_DETAIL.jpg"",""transcript"":""references/video-audit/chapters/CH09_hospitalizacion_clinica_y_reporte_de_salud/transcript_raw.txt""} | {""chapter_id"":""CH09"",""event_id"":""CH09-E0104"",""timestamp"":""00:23:47.800"",""image"":""references/video-audit/chapters/CH09_hospitalizacion_clinica_y_reporte_de_salud/event_frames/CH09-E0104_00h23m47s800ms_stable_change.jpg"",""detail_crop"":""references/video-audit/chapters/CH09_hospitalizacion_clinica_y_reporte_de_salud/detail_crops/CH09-E0104_00h23m47s800ms_DETAIL.jpg"",""transcript"":""references/video-audit/chapters/CH09_hospitalizacion_clinica_y_reporte_de_salud/transcript_raw.txt""} | {""chapter_id"":""CH09"",""event_id"":""CH09-E0113"",""timestamp"":""00:24:06.600"",""image"":""references/video-audit/chapters/CH09_hospitalizacion_clinica_y_reporte_de_salud/event_frames/CH09-E0113_00h24m06s600ms_stable_change.jpg"",""detail_crop"":"""",""transcript"":""references/video-audit/chapters/CH09_hospitalizacion_clinica_y_reporte_de_salud/transcript_raw.txt""}","app/views.js; app/main.js; app/store.js; supabase/migrations/202608270005_ch09_clinical_profile_integrity.sql","renderHealthReportDetail/openHealthReportRange/validateHealthReportRange/validate_health_report_range","Estado mock persistido en localStorage; Supabase todavía no validado en runtime.","tests/ch09-clinical-profile-report.test.mjs; tests/e2e/ch09.spec.mjs","IMPLEMENTED_EXACT","","","Valida inicio menor o igual a fin en cliente y servidor, muestra procesamiento y filtra las colecciones longitudinales al rango seleccionado. | Persiste después de recargar cuando la acción modifica datos. | Respeta rol y organización. | Tiene prueba automatizada específica y prueba de navegador cuando corresponde."
"CH09-R017","VIDEO_REQUIREMENT","CH09","CH09-E0078 | CH09-E0089 | CH09-E0112","00:23:08.800 | 00:23:34.800 | 00:24:06.000","report_tabs","Detalle reporte de salud","","tabs","Main / Evaluation / Medical / Treatments / Events / Evidence","Expone seis secciones equivalentes y conserva la pestaña activa al recalcular el reporte.","Datos sintéticos y alcance de la organización activa.","Entrada válida, estado vacío y error accionable sin revelar existencia de registros.","Permiso explícito de lectura o escritura aplicado en navegación, control, store y persistencia.","El estado visible cambia sólo después de completar la operación autorizada.","Error accesible y genérico; no mostrar éxito anticipado.","NO_APLICA","{""chapter_id"":""CH09"",""event_id"":""CH09-E0078"",""timestamp"":""00:23:08.800"",""image"":""references/video-audit/chapters/CH09_hospitalizacion_clinica_y_reporte_de_salud/event_frames/CH09-E0078_00h23m08s800ms_abrupt_change.jpg"",""detail_crop"":"""",""transcript"":""references/video-audit/chapters/CH09_hospitalizacion_clinica_y_reporte_de_salud/transcript_raw.txt""} | {""chapter_id"":""CH09"",""event_id"":""CH09-E0089"",""timestamp"":""00:23:34.800"",""image"":""references/video-audit/chapters/CH09_hospitalizacion_clinica_y_reporte_de_salud/event_frames/CH09-E0089_00h23m34s800ms_stable_change.jpg"",""detail_crop"":"""",""transcript"":""references/video-audit/chapters/CH09_hospitalizacion_clinica_y_reporte_de_salud/transcript_raw.txt""} | {""chapter_id"":""CH09"",""event_id"":""CH09-E0112"",""timestamp"":""00:24:06.000"",""image"":""references/video-audit/chapters/CH09_hospitalizacion_clinica_y_reporte_de_salud/event_frames/CH09-E0112_00h24m06s000ms_abrupt_change.jpg"",""detail_crop"":"""",""transcript"":""references/video-audit/chapters/CH09_hospitalizacion_clinica_y_reporte_de_salud/transcript_raw.txt""}","app/views.js; app/main.js","renderHealthReportDetail/set-health-report-tab","Estado mock persistido en localStorage; Supabase todavía no validado en runtime.","tests/e2e/ch09.spec.mjs","IMPLEMENTED_EXACT","","","Expone seis secciones equivalentes y conserva la pestaña activa al recalcular el reporte. | Persiste después de recargar cuando la acción modifica datos. | Respeta rol y organización. | Tiene prueba automatizada específica y prueba de navegador cuando corresponde."
"CH09-R018","VIDEO_REQUIREMENT","CH09","CH09-E0078 | CH09-E0089","00:23:08.800 | 00:23:34.800","report_main","Detalle reporte de salud","Información Principal","detail","Datos paciente / hospitalización / estado / seguro","Muestra datos derivados del caso y seguro autorizado sin fabricar pólizas, certificados o módulos faltantes.","Datos sintéticos y alcance de la organización activa.","Entrada válida, estado vacío y error accionable sin revelar existencia de registros.","Permiso explícito de lectura o escritura aplicado en navegación, control, store y persistencia.","El estado visible cambia sólo después de completar la operación autorizada.","Error accesible y genérico; no mostrar éxito anticipado.","NO_APLICA","{""chapter_id"":""CH09"",""event_id"":""CH09-E0078"",""timestamp"":""00:23:08.800"",""image"":""references/video-audit/chapters/CH09_hospitalizacion_clinica_y_reporte_de_salud/event_frames/CH09-E0078_00h23m08s800ms_abrupt_change.jpg"",""detail_crop"":"""",""transcript"":""references/video-audit/chapters/CH09_hospitalizacion_clinica_y_reporte_de_salud/transcript_raw.txt""} | {""chapter_id"":""CH09"",""event_id"":""CH09-E0089"",""timestamp"":""00:23:34.800"",""image"":""references/video-audit/chapters/CH09_hospitalizacion_clinica_y_reporte_de_salud/event_frames/CH09-E0089_00h23m34s800ms_stable_change.jpg"",""detail_crop"":"""",""transcript"":""references/video-audit/chapters/CH09_hospitalizacion_clinica_y_reporte_de_salud/transcript_raw.txt""}","app/views.js","renderHealthReportDetail","Estado mock persistido en localStorage; Supabase todavía no validado en runtime.","tests/e2e/ch09.spec.mjs","IMPLEMENTED_PARTIAL","","CH09-Q004 | CH09-Q005","Muestra datos derivados del caso y seguro autorizado sin fabricar pólizas, certificados o módulos faltantes. | Persiste después de recargar cuando la acción modifica datos. | Respeta rol y organización. | Tiene prueba automatizada específica y prueba de navegador cuando corresponde."
"CH09-R019","VIDEO_REQUIREMENT","CH09","CH09-E0112 | CH09-E0113","00:24:06.000 | 00:24:06.600","report_clinical_sections","Detalle reporte de salud","","longitudinal_sections","Evaluación / atención / órdenes / eventos / evidencia","Presenta perfil, dispositivos, signos vitales, atención, órdenes, medicamentos, eventos y documentos sólo desde registros existentes del caso y rango.","Datos sintéticos y alcance de la organización activa.","Entrada válida, estado vacío y error accionable sin revelar existencia de registros.","Permiso explícito de lectura o escritura aplicado en navegación, control, store y persistencia.","El estado visible cambia sólo después de completar la operación autorizada.","Error accesible y genérico; no mostrar éxito anticipado.","NO_APLICA","{""chapter_id"":""CH09"",""event_id"":""CH09-E0112"",""timestamp"":""00:24:06.000"",""image"":""references/video-audit/chapters/CH09_hospitalizacion_clinica_y_reporte_de_salud/event_frames/CH09-E0112_00h24m06s000ms_abrupt_change.jpg"",""detail_crop"":"""",""transcript"":""references/video-audit/chapters/CH09_hospitalizacion_clinica_y_reporte_de_salud/transcript_raw.txt""} | {""chapter_id"":""CH09"",""event_id"":""CH09-E0113"",""timestamp"":""00:24:06.600"",""image"":""references/video-audit/chapters/CH09_hospitalizacion_clinica_y_reporte_de_salud/event_frames/CH09-E0113_00h24m06s600ms_stable_change.jpg"",""detail_crop"":"""",""transcript"":""references/video-audit/chapters/CH09_hospitalizacion_clinica_y_reporte_de_salud/transcript_raw.txt""}","app/views.js","renderHealthReportDetail","Estado mock persistido en localStorage; Supabase todavía no validado en runtime.","tests/e2e/ch09.spec.mjs","IMPLEMENTED_EXACT","","","Presenta perfil, dispositivos, signos vitales, atención, órdenes, medicamentos, eventos y documentos sólo desde registros existentes del caso y rango. | Persiste después de recargar cuando la acción modifica datos. | Respeta rol y organización. | Tiene prueba automatizada específica y prueba de navegador cuando corresponde."
"CH09-R020","VIDEO_REQUIREMENT","CH09","CH09-E0114 | CH09-E0126","00:24:09.600 | 00:24:26.200","print_configuration","Configuration report","","dual_list_order","Títulos disponibles / Reporte / Include attached documents","Permite añadir, quitar y reordenar secciones; adjuntos quedan bloqueados hasta confirmar políticas y secciones obligatorias.","Datos sintéticos y alcance de la organización activa.","Entrada válida, estado vacío y error accionable sin revelar existencia de registros.","Permiso explícito de lectura o escritura aplicado en navegación, control, store y persistencia.","El estado visible cambia sólo después de completar la operación autorizada.","Error accesible y genérico; no mostrar éxito anticipado.","NO_APLICA","{""chapter_id"":""CH09"",""event_id"":""CH09-E0114"",""timestamp"":""00:24:09.600"",""image"":""references/video-audit/chapters/CH09_hospitalizacion_clinica_y_reporte_de_salud/event_frames/CH09-E0114_00h24m09s600ms_abrupt_change.jpg"",""detail_crop"":"""",""transcript"":""references/video-audit/chapters/CH09_hospitalizacion_clinica_y_reporte_de_salud/transcript_raw.txt""} | {""chapter_id"":""CH09"",""event_id"":""CH09-E0126"",""timestamp"":""00:24:26.200"",""image"":""references/video-audit/chapters/CH09_hospitalizacion_clinica_y_reporte_de_salud/event_frames/CH09-E0126_00h24m26s200ms_stable_change.jpg"",""detail_crop"":""references/video-audit/chapters/CH09_hospitalizacion_clinica_y_reporte_de_salud/detail_crops/CH09-E0126_00h24m26s200ms_DETAIL.jpg"",""transcript"":""references/video-audit/chapters/CH09_hospitalizacion_clinica_y_reporte_de_salud/transcript_raw.txt""}","app/main.js","renderHealthReportConfigModal","Estado mock persistido en localStorage; Supabase todavía no validado en runtime.","tests/ch09-clinical-profile-report.test.mjs; tests/e2e/ch09.spec.mjs","IMPLEMENTED_PARTIAL","","CH09-Q007 | CH09-Q008","Permite añadir, quitar y reordenar secciones; adjuntos quedan bloqueados hasta confirmar políticas y secciones obligatorias. | Persiste después de recargar cuando la acción modifica datos. | Respeta rol y organización. | Tiene prueba automatizada específica y prueba de navegador cuando corresponde."
"CH09-R021","VIDEO_REQUIREMENT","CH09","CH09-E0116 | CH09-E0117","00:24:10.800 | 00:24:11.400","print_default_sections","Configuration report","","ordered_selection","Signos vitales / medicamentos / gráfico / condición / evidencias / recetas","Inicializa las seis secciones observadas en el orden mostrado y genera contenido sólo desde registros autorizados.","Datos sintéticos y alcance de la organización activa.","Entrada válida, estado vacío y error accionable sin revelar existencia de registros.","Permiso explícito de lectura o escritura aplicado en navegación, control, store y persistencia.","El estado visible cambia sólo después de completar la operación autorizada.","Error accesible y genérico; no mostrar éxito anticipado.","NO_APLICA","{""chapter_id"":""CH09"",""event_id"":""CH09-E0116"",""timestamp"":""00:24:10.800"",""image"":""references/video-audit/chapters/CH09_hospitalizacion_clinica_y_reporte_de_salud/event_frames/CH09-E0116_00h24m10s800ms_abrupt_change.jpg"",""detail_crop"":""references/video-audit/chapters/CH09_hospitalizacion_clinica_y_reporte_de_salud/detail_crops/CH09-E0116_00h24m10s800ms_DETAIL.jpg"",""transcript"":""references/video-audit/chapters/CH09_hospitalizacion_clinica_y_reporte_de_salud/transcript_raw.txt""} | {""chapter_id"":""CH09"",""event_id"":""CH09-E0117"",""timestamp"":""00:24:11.400"",""image"":""references/video-audit/chapters/CH09_hospitalizacion_clinica_y_reporte_de_salud/event_frames/CH09-E0117_00h24m11s400ms_stable_change.jpg"",""detail_crop"":""references/video-audit/chapters/CH09_hospitalizacion_clinica_y_reporte_de_salud/detail_crops/CH09-E0117_00h24m11s400ms_DETAIL.jpg"",""transcript"":""references/video-audit/chapters/CH09_hospitalizacion_clinica_y_reporte_de_salud/transcript_raw.txt""}","app/main.js","HEALTH_REPORT_DEFAULT_SECTION_KEYS/healthReportSectionHtml","Estado mock persistido en localStorage; Supabase todavía no validado en runtime.","tests/ch09-clinical-profile-report.test.mjs; tests/e2e/ch09.spec.mjs","IMPLEMENTED_EXACT","","","Inicializa las seis secciones observadas en el orden mostrado y genera contenido sólo desde registros autorizados. | Persiste después de recargar cuando la acción modifica datos. | Respeta rol y organización. | Tiene prueba automatizada específica y prueba de navegador cuando corresponde."
"CH09-R022","VIDEO_REQUIREMENT","CH09","CH09-E0125 | CH09-E0127","00:24:25.600 | 00:24:28.000","report_print","Configuration report","","print","Cerrar / Imprimir","Imprime una vista estable en el orden configurado y no muestra la confirmación de salida errónea observada; plantilla, firma y validez legal permanecen pendientes.","Datos sintéticos y alcance de la organización activa.","Entrada válida, estado vacío y error accionable sin revelar existencia de registros.","Permiso explícito de lectura o escritura aplicado en navegación, control, store y persistencia.","El estado visible cambia sólo después de completar la operación autorizada.","Error accesible y genérico; no mostrar éxito anticipado.","NO_APLICA","{""chapter_id"":""CH09"",""event_id"":""CH09-E0125"",""timestamp"":""00:24:25.600"",""image"":""references/video-audit/chapters/CH09_hospitalizacion_clinica_y_reporte_de_salud/event_frames/CH09-E0125_00h24m25s600ms_abrupt_change.jpg"",""detail_crop"":""references/video-audit/chapters/CH09_hospitalizacion_clinica_y_reporte_de_salud/detail_crops/CH09-E0125_00h24m25s600ms_DETAIL.jpg"",""transcript"":""references/video-audit/chapters/CH09_hospitalizacion_clinica_y_reporte_de_salud/transcript_raw.txt""} | {""chapter_id"":""CH09"",""event_id"":""CH09-E0127"",""timestamp"":""00:24:28.000"",""image"":""references/video-audit/chapters/CH09_hospitalizacion_clinica_y_reporte_de_salud/event_frames/CH09-E0127_00h24m28s000ms_abrupt_change.jpg"",""detail_crop"":"""",""transcript"":""references/video-audit/chapters/CH09_hospitalizacion_clinica_y_reporte_de_salud/transcript_raw.txt""}","app/main.js; app/templates.js","printConfiguredHealthReport/openPrintWindow","Estado mock persistido en localStorage; Supabase todavía no validado en runtime.","tests/ch09-clinical-profile-report.test.mjs","IMPLEMENTED_PARTIAL","","CH09-Q007 | CH09-Q009","Imprime una vista estable en el orden configurado y no muestra la confirmación de salida errónea observada; plantilla, firma y validez legal permanecen pendientes. | Persiste después de recargar cuando la acción modifica datos. | Respeta rol y organización. | Tiene prueba automatizada específica y prueba de navegador cuando corresponde."
"CH09-R023","VIDEO_REQUIREMENT","CH09","CH09-E0127 | CH09-E0130","00:24:28.000 | 00:27:13.800","video_print_result","Configuration report","","external_result","Resultado PDF del video","El video no demuestra un PDF: queda congelado y vuelve a configuración; el resultado exacto no puede validarse contra evidencia.","Datos sintéticos y alcance de la organización activa.","Entrada válida, estado vacío y error accionable sin revelar existencia de registros.","Permiso explícito de lectura o escritura aplicado en navegación, control, store y persistencia.","El estado visible cambia sólo después de completar la operación autorizada.","Error accesible y genérico; no mostrar éxito anticipado.","NO_APLICA","{""chapter_id"":""CH09"",""event_id"":""CH09-E0127"",""timestamp"":""00:24:28.000"",""image"":""references/video-audit/chapters/CH09_hospitalizacion_clinica_y_reporte_de_salud/event_frames/CH09-E0127_00h24m28s000ms_abrupt_change.jpg"",""detail_crop"":"""",""transcript"":""references/video-audit/chapters/CH09_hospitalizacion_clinica_y_reporte_de_salud/transcript_raw.txt""} | {""chapter_id"":""CH09"",""event_id"":""CH09-E0130"",""timestamp"":""00:27:13.800"",""image"":""references/video-audit/chapters/CH09_hospitalizacion_clinica_y_reporte_de_salud/event_frames/CH09-E0130_00h27m13s800ms_abrupt_change.jpg"",""detail_crop"":"""",""transcript"":""references/video-audit/chapters/CH09_hospitalizacion_clinica_y_reporte_de_salud/transcript_raw.txt""}","references/video-audit/chapters/CH09_hospitalizacion_clinica_y_reporte_de_salud/event_frames","NO_APLICA","Estado mock persistido en localStorage; Supabase todavía no validado en runtime.","tests/e2e/ch09.spec.mjs","NOT_TESTABLE","","","El video no demuestra un PDF: queda congelado y vuelve a configuración; el resultado exacto no puede validarse contra evidencia. | Persiste después de recargar cuando la acción modifica datos. | Respeta rol y organización. | Tiene prueba automatizada específica y prueba de navegador cuando corresponde."
"CH09-R024","VIDEO_REQUIREMENT","CH09","CH09-E0071 | CH09-E0074 | CH09-E0091 | CH09-E0094 | CH09-E0136 | CH09-E0137","00:22:55.200 | 00:22:57.600 | 00:23:38.000 | 00:23:39.400 | 00:27:19.200 | 00:27:19.800","report_states","Reporte de salud","","state","Carga / poblado / vacío / error","Las tablas tienen estado vacío estable y la capa de ejecución presenta errores explícitos; la carga autoritativa de producción depende del adaptador.","Datos sintéticos y alcance de la organización activa.","Entrada válida, estado vacío y error accionable sin revelar existencia de registros.","Permiso explícito de lectura o escritura aplicado en navegación, control, store y persistencia.","El estado visible cambia sólo después de completar la operación autorizada.","Error accesible y genérico; no mostrar éxito anticipado.","NO_APLICA","{""chapter_id"":""CH09"",""event_id"":""CH09-E0071"",""timestamp"":""00:22:55.200"",""image"":""references/video-audit/chapters/CH09_hospitalizacion_clinica_y_reporte_de_salud/event_frames/CH09-E0071_00h22m55s200ms_abrupt_change.jpg"",""detail_crop"":"""",""transcript"":""references/video-audit/chapters/CH09_hospitalizacion_clinica_y_reporte_de_salud/transcript_raw.txt""} | {""chapter_id"":""CH09"",""event_id"":""CH09-E0074"",""timestamp"":""00:22:57.600"",""image"":""references/video-audit/chapters/CH09_hospitalizacion_clinica_y_reporte_de_salud/event_frames/CH09-E0074_00h22m57s600ms_abrupt_change.jpg"",""detail_crop"":"""",""transcript"":""references/video-audit/chapters/CH09_hospitalizacion_clinica_y_reporte_de_salud/transcript_raw.txt""} | {""chapter_id"":""CH09"",""event_id"":""CH09-E0091"",""timestamp"":""00:23:38.000"",""image"":""references/video-audit/chapters/CH09_hospitalizacion_clinica_y_reporte_de_salud/event_frames/CH09-E0091_00h23m38s000ms_abrupt_change.jpg"",""detail_crop"":"""",""transcript"":""references/video-audit/chapters/CH09_hospitalizacion_clinica_y_reporte_de_salud/transcript_raw.txt""} | {""chapter_id"":""CH09"",""event_id"":""CH09-E0094"",""timestamp"":""00:23:39.400"",""image"":""references/video-audit/chapters/CH09_hospitalizacion_clinica_y_reporte_de_salud/event_frames/CH09-E0094_00h23m39s400ms_abrupt_change.jpg"",""detail_crop"":""references/video-audit/chapters/CH09_hospitalizacion_clinica_y_reporte_de_salud/detail_crops/CH09-E0094_00h23m39s400ms_DETAIL.jpg"",""transcript"":""references/video-audit/chapters/CH09_hospitalizacion_clinica_y_reporte_de_salud/transcript_raw.txt""} | {""chapter_id"":""CH09"",""event_id"":""CH09-E0136"",""timestamp"":""00:27:19.200"",""image"":""references/video-audit/chapters/CH09_hospitalizacion_clinica_y_reporte_de_salud/event_frames/CH09-E0136_00h27m19s200ms_abrupt_change.jpg"",""detail_crop"":"""",""transcript"":""references/video-audit/chapters/CH09_hospitalizacion_clinica_y_reporte_de_salud/transcript_raw.txt""} | {""chapter_id"":""CH09"",""event_id"":""CH09-E0137"",""timestamp"":""00:27:19.800"",""image"":""references/video-audit/chapters/CH09_hospitalizacion_clinica_y_reporte_de_salud/event_frames/CH09-E0137_00h27m19s800ms_stable_change.jpg"",""detail_crop"":""references/video-audit/chapters/CH09_hospitalizacion_clinica_y_reporte_de_salud/detail_crops/CH09-E0137_00h27m19s800ms_DETAIL.jpg"",""transcript"":""references/video-audit/chapters/CH09_hospitalizacion_clinica_y_reporte_de_salud/transcript_raw.txt""}","app/views.js; app/main.js; app/supabase-adapter.js","table/runSafely/bootstrap","Estado mock persistido en localStorage; Supabase todavía no validado en runtime.","tests/e2e/ch09.spec.mjs","IMPLEMENTED_PARTIAL","","CH09-Q005","Las tablas tienen estado vacío estable y la capa de ejecución presenta errores explícitos; la carga autoritativa de producción depende del adaptador. | Persiste después de recargar cuando la acción modifica datos. | Respeta rol y organización. | Tiene prueba automatizada específica y prueba de navegador cuando corresponde."
"CH09-R025","VIDEO_REQUIREMENT","CH09","CH09-E0059 | CH09-E0109","00:22:35.800 | 00:24:03.000","date_integrity","Perfil y reporte","","validation","Fechas clínicas de calendario","Rechaza rangos invertidos y muestra el día elegido sin desplazamiento por zona horaria.","Datos sintéticos y alcance de la organización activa.","Entrada válida, estado vacío y error accionable sin revelar existencia de registros.","Permiso explícito de lectura o escritura aplicado en navegación, control, store y persistencia.","El estado visible cambia sólo después de completar la operación autorizada.","Error accesible y genérico; no mostrar éxito anticipado.","NO_APLICA","{""chapter_id"":""CH09"",""event_id"":""CH09-E0059"",""timestamp"":""00:22:35.800"",""image"":""references/video-audit/chapters/CH09_hospitalizacion_clinica_y_reporte_de_salud/event_frames/CH09-E0059_00h22m35s800ms_abrupt_change.jpg"",""detail_crop"":"""",""transcript"":""references/video-audit/chapters/CH09_hospitalizacion_clinica_y_reporte_de_salud/transcript_raw.txt""} | {""chapter_id"":""CH09"",""event_id"":""CH09-E0109"",""timestamp"":""00:24:03.000"",""image"":""references/video-audit/chapters/CH09_hospitalizacion_clinica_y_reporte_de_salud/event_frames/CH09-E0109_00h24m03s000ms_abrupt_change.jpg"",""detail_crop"":""references/video-audit/chapters/CH09_hospitalizacion_clinica_y_reporte_de_salud/detail_crops/CH09-E0109_00h24m03s000ms_DETAIL.jpg"",""transcript"":""references/video-audit/chapters/CH09_hospitalizacion_clinica_y_reporte_de_salud/transcript_raw.txt""}","app/domain.js; app/main.js; app/store.js","formatDate/createClinicalProfile/save-health-report-range","Estado mock persistido en localStorage; Supabase todavía no validado en runtime.","tests/domain.test.mjs; tests/ch09-clinical-profile-report.test.mjs; tests/e2e/ch09.spec.mjs","IMPLEMENTED_EXACT","","","Rechaza rangos invertidos y muestra el día elegido sin desplazamiento por zona horaria. | Persiste después de recargar cuando la acción modifica datos. | Respeta rol y organización. | Tiene prueba automatizada específica y prueba de navegador cuando corresponde."
"CH09-H001","PLATFORM_HARDENING","CH09","CH09-E0017 | CH09-E0067","00:21:42.200 | 00:22:42.200","profile_persistence","Perfil clínico","","transaction","Creación remota-first, idempotente y auditable","Confirma la RPC antes de mutar el espejo local, serializa idempotencia y registra actor, organización, hospitalización y paciente.","Datos sintéticos y alcance de la organización activa.","Entrada válida, estado vacío y error accionable sin revelar existencia de registros.","Permiso explícito de lectura o escritura aplicado en navegación, control, store y persistencia.","El estado visible cambia sólo después de completar la operación autorizada.","Error accesible y genérico; no mostrar éxito anticipado.","NO_APLICA","{""chapter_id"":""CH09"",""event_id"":""CH09-E0017"",""timestamp"":""00:21:42.200"",""image"":""references/video-audit/chapters/CH09_hospitalizacion_clinica_y_reporte_de_salud/event_frames/CH09-E0017_00h21m42s200ms_abrupt_change.jpg"",""detail_crop"":"""",""transcript"":""references/video-audit/chapters/CH09_hospitalizacion_clinica_y_reporte_de_salud/transcript_raw.txt""} | {""chapter_id"":""CH09"",""event_id"":""CH09-E0067"",""timestamp"":""00:22:42.200"",""image"":""references/video-audit/chapters/CH09_hospitalizacion_clinica_y_reporte_de_salud/event_frames/CH09-E0067_00h22m42s200ms_stable_change.jpg"",""detail_crop"":"""",""transcript"":""references/video-audit/chapters/CH09_hospitalizacion_clinica_y_reporte_de_salud/transcript_raw.txt""}","app/store.js; app/supabase-adapter.js; supabase/migrations/202608270005_ch09_clinical_profile_integrity.sql","createClinicalProfile/create_clinical_profile","Estado mock persistido en localStorage; Supabase todavía no validado en runtime.","tests/ch09-clinical-profile-report.test.mjs","IMPLEMENTED_EXACT","","","Confirma la RPC antes de mutar el espejo local, serializa idempotencia y registra actor, organización, hospitalización y paciente. | Persiste después de recargar cuando la acción modifica datos. | Respeta rol y organización. | Tiene prueba automatizada específica y prueba de navegador cuando corresponde."
"CH09-H002","PLATFORM_HARDENING","CH09","CH09-E0067","00:22:42.200","profile_immutability","Perfil clínico","","clinical_integrity","Perfil append-only","Deniega update/delete directos mediante RLS, grants y trigger; las correcciones futuras deben crear nueva evidencia autorizada.","Datos sintéticos y alcance de la organización activa.","Entrada válida, estado vacío y error accionable sin revelar existencia de registros.","Permiso explícito de lectura o escritura aplicado en navegación, control, store y persistencia.","El estado visible cambia sólo después de completar la operación autorizada.","Error accesible y genérico; no mostrar éxito anticipado.","NO_APLICA","{""chapter_id"":""CH09"",""event_id"":""CH09-E0067"",""timestamp"":""00:22:42.200"",""image"":""references/video-audit/chapters/CH09_hospitalizacion_clinica_y_reporte_de_salud/event_frames/CH09-E0067_00h22m42s200ms_stable_change.jpg"",""detail_crop"":"""",""transcript"":""references/video-audit/chapters/CH09_hospitalizacion_clinica_y_reporte_de_salud/transcript_raw.txt""}","supabase/migrations/202608270005_ch09_clinical_profile_integrity.sql","prevent_clinical_profile_mutation","Estado mock persistido en localStorage; Supabase todavía no validado en runtime.","tests/ch09-clinical-profile-report.test.mjs","IMPLEMENTED_EXACT","","","Deniega update/delete directos mediante RLS, grants y trigger; las correcciones futuras deben crear nueva evidencia autorizada. | Persiste después de recargar cuando la acción modifica datos. | Respeta rol y organización. | Tiene prueba automatizada específica y prueba de navegador cuando corresponde."
"CH09-H003","PLATFORM_HARDENING","CH09","CH09-E0022 | CH09-E0064","00:21:46.000 | 00:22:38.600","tenant_references","Perfil clínico","","authorization","Hospitalización y profesionales de la organización","Valida organización, permiso, hospitalización, paciente y cada profesional activo dentro del tenant.","Datos sintéticos y alcance de la organización activa.","Entrada válida, estado vacío y error accionable sin revelar existencia de registros.","Permiso explícito de lectura o escritura aplicado en navegación, control, store y persistencia.","El estado visible cambia sólo después de completar la operación autorizada.","Error accesible y genérico; no mostrar éxito anticipado.","NO_APLICA","{""chapter_id"":""CH09"",""event_id"":""CH09-E0022"",""timestamp"":""00:21:46.000"",""image"":""references/video-audit/chapters/CH09_hospitalizacion_clinica_y_reporte_de_salud/event_frames/CH09-E0022_00h21m46s000ms_abrupt_change.jpg"",""detail_crop"":"""",""transcript"":""references/video-audit/chapters/CH09_hospitalizacion_clinica_y_reporte_de_salud/transcript_raw.txt""} | {""chapter_id"":""CH09"",""event_id"":""CH09-E0064"",""timestamp"":""00:22:38.600"",""image"":""references/video-audit/chapters/CH09_hospitalizacion_clinica_y_reporte_de_salud/event_frames/CH09-E0064_00h22m38s600ms_abrupt_change.jpg"",""detail_crop"":"""",""transcript"":""references/video-audit/chapters/CH09_hospitalizacion_clinica_y_reporte_de_salud/transcript_raw.txt""}","app/store.js; supabase/migrations/202608270005_ch09_clinical_profile_integrity.sql","createClinicalProfile/create_clinical_profile","Estado mock persistido en localStorage; Supabase todavía no validado en runtime.","tests/ch09-clinical-profile-report.test.mjs","IMPLEMENTED_EXACT","","","Valida organización, permiso, hospitalización, paciente y cada profesional activo dentro del tenant. | Persiste después de recargar cuando la acción modifica datos. | Respeta rol y organización. | Tiene prueba automatizada específica y prueba de navegador cuando corresponde."
"CH09-H004","PLATFORM_HARDENING","CH09","CH09-E0059 | CH09-E0109","00:22:35.800 | 00:24:03.000","temporal_validation","Perfil y reporte","","validation","Validación temporal cliente y servidor","Aplica start<=end en HTML, dominio, constraints SQL y RPC sin aceptar el defecto de rango del video.","Datos sintéticos y alcance de la organización activa.","Entrada válida, estado vacío y error accionable sin revelar existencia de registros.","Permiso explícito de lectura o escritura aplicado en navegación, control, store y persistencia.","El estado visible cambia sólo después de completar la operación autorizada.","Error accesible y genérico; no mostrar éxito anticipado.","NO_APLICA","{""chapter_id"":""CH09"",""event_id"":""CH09-E0059"",""timestamp"":""00:22:35.800"",""image"":""references/video-audit/chapters/CH09_hospitalizacion_clinica_y_reporte_de_salud/event_frames/CH09-E0059_00h22m35s800ms_abrupt_change.jpg"",""detail_crop"":"""",""transcript"":""references/video-audit/chapters/CH09_hospitalizacion_clinica_y_reporte_de_salud/transcript_raw.txt""} | {""chapter_id"":""CH09"",""event_id"":""CH09-E0109"",""timestamp"":""00:24:03.000"",""image"":""references/video-audit/chapters/CH09_hospitalizacion_clinica_y_reporte_de_salud/event_frames/CH09-E0109_00h24m03s000ms_abrupt_change.jpg"",""detail_crop"":""references/video-audit/chapters/CH09_hospitalizacion_clinica_y_reporte_de_salud/detail_crops/CH09-E0109_00h24m03s000ms_DETAIL.jpg"",""transcript"":""references/video-audit/chapters/CH09_hospitalizacion_clinica_y_reporte_de_salud/transcript_raw.txt""}","app/main.js; app/store.js; app/supabase-adapter.js; supabase/migrations/202608270005_ch09_clinical_profile_integrity.sql","save-clinical-profile/createClinicalProfile/validateHealthReportRange/create_clinical_profile/validate_health_report_range","Estado mock persistido en localStorage; Supabase todavía no validado en runtime.","tests/ch09-clinical-profile-report.test.mjs; tests/e2e/ch09.spec.mjs","IMPLEMENTED_EXACT","","","Aplica start<=end en HTML, dominio, constraints SQL y RPC sin aceptar el defecto de rango del video. | Persiste después de recargar cuando la acción modifica datos. | Respeta rol y organización. | Tiene prueba automatizada específica y prueba de navegador cuando corresponde."
"CH09-H005","PLATFORM_HARDENING","CH09","CH09-E0127 | CH09-E0130","00:24:28.000 | 00:27:13.800","safe_printing","Reporte de salud","","safety_guard","Impresión sin mutación clínica","La impresión configura una vista derivada, no edita documentos firmados ni convierte el fallo del video en comportamiento productivo.","Datos sintéticos y alcance de la organización activa.","Entrada válida, estado vacío y error accionable sin revelar existencia de registros.","Permiso explícito de lectura o escritura aplicado en navegación, control, store y persistencia.","El estado visible cambia sólo después de completar la operación autorizada.","Error accesible y genérico; no mostrar éxito anticipado.","NO_APLICA","{""chapter_id"":""CH09"",""event_id"":""CH09-E0127"",""timestamp"":""00:24:28.000"",""image"":""references/video-audit/chapters/CH09_hospitalizacion_clinica_y_reporte_de_salud/event_frames/CH09-E0127_00h24m28s000ms_abrupt_change.jpg"",""detail_crop"":"""",""transcript"":""references/video-audit/chapters/CH09_hospitalizacion_clinica_y_reporte_de_salud/transcript_raw.txt""} | {""chapter_id"":""CH09"",""event_id"":""CH09-E0130"",""timestamp"":""00:27:13.800"",""image"":""references/video-audit/chapters/CH09_hospitalizacion_clinica_y_reporte_de_salud/event_frames/CH09-E0130_00h27m13s800ms_abrupt_change.jpg"",""detail_crop"":"""",""transcript"":""references/video-audit/chapters/CH09_hospitalizacion_clinica_y_reporte_de_salud/transcript_raw.txt""}","app/main.js; app/templates.js","printConfiguredHealthReport/openPrintWindow","Estado mock persistido en localStorage; Supabase todavía no validado en runtime.","tests/ch09-clinical-profile-report.test.mjs","IMPLEMENTED_EXACT","","","La impresión configura una vista derivada, no edita documentos firmados ni convierte el fallo del video en comportamiento productivo. | Persiste después de recargar cuando la acción modifica datos. | Respeta rol y organización. | Tiene prueba automatizada específica y prueba de navegador cuando corresponde."
"CH10-R001","VIDEO_REQUIREMENT","CH10","CH10-E0008 | CH10-E0009 | CH10-E0065","00:27:37.600 | 00:27:42.200 | 00:29:24.400","medical_order_list","Orden Médica","","tabs_table","Activos / Inactivos / Tratamientos con cambios / Actualizaciones","Lista hospitalizaciones autorizadas con búsqueda, paginación, estado, triage y acciones Nuevo/Ver Órdenes; Registro XPO permanece bloqueado hasta definir contrato.","Datos sintéticos y alcance de la organización activa.","Entrada válida, estado vacío y error accionable sin revelar existencia de registros.","Permiso explícito de lectura o escritura aplicado en navegación, control, store y persistencia.","El estado visible cambia sólo después de completar la operación autorizada.","Error accesible y genérico; no mostrar éxito anticipado.","NO_APLICA","{""chapter_id"":""CH10"",""event_id"":""CH10-E0008"",""timestamp"":""00:27:37.600"",""image"":""references/video-audit/chapters/CH10_orden_medica_tratamientos_y_tarjeta_de_medicamentos/event_frames/CH10-E0008_00h27m37s600ms_stable_change.jpg"",""detail_crop"":"""",""transcript"":""references/video-audit/chapters/CH10_orden_medica_tratamientos_y_tarjeta_de_medicamentos/transcript_raw.txt""} | {""chapter_id"":""CH10"",""event_id"":""CH10-E0009"",""timestamp"":""00:27:42.200"",""image"":""references/video-audit/chapters/CH10_orden_medica_tratamientos_y_tarjeta_de_medicamentos/event_frames/CH10-E0009_00h27m42s200ms_settled.jpg"",""detail_crop"":""references/video-audit/chapters/CH10_orden_medica_tratamientos_y_tarjeta_de_medicamentos/detail_crops/CH10-E0009_00h27m42s200ms_DETAIL.jpg"",""transcript"":""references/video-audit/chapters/CH10_orden_medica_tratamientos_y_tarjeta_de_medicamentos/transcript_raw.txt""} | {""chapter_id"":""CH10"",""event_id"":""CH10-E0065"",""timestamp"":""00:29:24.400"",""image"":""references/video-audit/chapters/CH10_orden_medica_tratamientos_y_tarjeta_de_medicamentos/event_frames/CH10-E0065_00h29m24s400ms_settled.jpg"",""detail_crop"":""references/video-audit/chapters/CH10_orden_medica_tratamientos_y_tarjeta_de_medicamentos/detail_crops/CH10-E0065_00h29m24s400ms_DETAIL.jpg"",""transcript"":""references/video-audit/chapters/CH10_orden_medica_tratamientos_y_tarjeta_de_medicamentos/transcript_raw.txt""}","app/views.js; app/main.js","renderMedicalOrders","Estado mock persistido en localStorage; Supabase todavía no validado en runtime.","tests/ch10-medical-orders-cards.test.mjs; tests/e2e/ch10.spec.mjs","IMPLEMENTED_PARTIAL","","CH10-Q012","Lista hospitalizaciones autorizadas con búsqueda, paginación, estado, triage y acciones Nuevo/Ver Órdenes; Registro XPO permanece bloqueado hasta definir contrato. | Persiste después de recargar cuando la acción modifica datos. | Respeta rol y organización. | Tiene prueba automatizada específica y prueba de navegador cuando corresponde."
"CH10-R002","VIDEO_REQUIREMENT","CH10","CH10-E0011 | CH10-E0067","00:27:43.800 | 00:29:25.200","creation_choice","Orden Médica","","modal_choice","Orden Médica / Tarjeta de medicamentos","Nuevo abre una elección bifurcada y deriva la hospitalización autorizada al formulario seleccionado.","Datos sintéticos y alcance de la organización activa.","Entrada válida, estado vacío y error accionable sin revelar existencia de registros.","Permiso explícito de lectura o escritura aplicado en navegación, control, store y persistencia.","El estado visible cambia sólo después de completar la operación autorizada.","Error accesible y genérico; no mostrar éxito anticipado.","NO_APLICA","{""chapter_id"":""CH10"",""event_id"":""CH10-E0011"",""timestamp"":""00:27:43.800"",""image"":""references/video-audit/chapters/CH10_orden_medica_tratamientos_y_tarjeta_de_medicamentos/event_frames/CH10-E0011_00h27m43s800ms_abrupt_change.jpg"",""detail_crop"":"""",""transcript"":""references/video-audit/chapters/CH10_orden_medica_tratamientos_y_tarjeta_de_medicamentos/transcript_raw.txt""} | {""chapter_id"":""CH10"",""event_id"":""CH10-E0067"",""timestamp"":""00:29:25.200"",""image"":""references/video-audit/chapters/CH10_orden_medica_tratamientos_y_tarjeta_de_medicamentos/event_frames/CH10-E0067_00h29m25s200ms_abrupt_change.jpg"",""detail_crop"":"""",""transcript"":""references/video-audit/chapters/CH10_orden_medica_tratamientos_y_tarjeta_de_medicamentos/transcript_raw.txt""}","app/main.js","openClinicalCreationChoice","Estado mock persistido en localStorage; Supabase todavía no validado en runtime.","tests/e2e/ch10.spec.mjs","IMPLEMENTED_EXACT","","","Nuevo abre una elección bifurcada y deriva la hospitalización autorizada al formulario seleccionado. | Persiste después de recargar cuando la acción modifica datos. | Respeta rol y organización. | Tiene prueba automatizada específica y prueba de navegador cuando corresponde."
"CH10-R003","VIDEO_REQUIREMENT","CH10","CH10-E0013 | CH10-E0018 | CH10-E0071","00:27:55.600 | 00:27:57.800 | 00:29:30.000","clinical_header","Orden / Tarjeta","","form_header","Paciente / cédula / hospitalización / triage / médicos / diagnósticos","Autocompleta identidad desde el caso, permite documentar profesionales activos del tenant y diagnóstico sin inventar reglas clínicas.","Datos sintéticos y alcance de la organización activa.","Entrada válida, estado vacío y error accionable sin revelar existencia de registros.","Permiso explícito de lectura o escritura aplicado en navegación, control, store y persistencia.","El estado visible cambia sólo después de completar la operación autorizada.","Error accesible y genérico; no mostrar éxito anticipado.","NO_APLICA","{""chapter_id"":""CH10"",""event_id"":""CH10-E0013"",""timestamp"":""00:27:55.600"",""image"":""references/video-audit/chapters/CH10_orden_medica_tratamientos_y_tarjeta_de_medicamentos/event_frames/CH10-E0013_00h27m55s600ms_abrupt_change.jpg"",""detail_crop"":"""",""transcript"":""references/video-audit/chapters/CH10_orden_medica_tratamientos_y_tarjeta_de_medicamentos/transcript_raw.txt""} | {""chapter_id"":""CH10"",""event_id"":""CH10-E0018"",""timestamp"":""00:27:57.800"",""image"":""references/video-audit/chapters/CH10_orden_medica_tratamientos_y_tarjeta_de_medicamentos/event_frames/CH10-E0018_00h27m57s800ms_stable_change.jpg"",""detail_crop"":"""",""transcript"":""references/video-audit/chapters/CH10_orden_medica_tratamientos_y_tarjeta_de_medicamentos/transcript_raw.txt""} | {""chapter_id"":""CH10"",""event_id"":""CH10-E0071"",""timestamp"":""00:29:30.000"",""image"":""references/video-audit/chapters/CH10_orden_medica_tratamientos_y_tarjeta_de_medicamentos/event_frames/CH10-E0071_00h29m30s000ms_abrupt_change.jpg"",""detail_crop"":"""",""transcript"":""references/video-audit/chapters/CH10_orden_medica_tratamientos_y_tarjeta_de_medicamentos/transcript_raw.txt""}","app/main.js; app/store.js","orderPatientSummary/openMedicalOrderForm/openMedicationCardForm","Estado mock persistido en localStorage; Supabase todavía no validado en runtime.","tests/ch10-medical-orders-cards.test.mjs; tests/e2e/ch10.spec.mjs","IMPLEMENTED_EXACT","","","Autocompleta identidad desde el caso, permite documentar profesionales activos del tenant y diagnóstico sin inventar reglas clínicas. | Persiste después de recargar cuando la acción modifica datos. | Respeta rol y organización. | Tiene prueba automatizada específica y prueba de navegador cuando corresponde."
"CH10-R004","VIDEO_REQUIREMENT","CH10","CH10-E0020 | CH10-E0050","00:27:59.800 | 00:29:08.800","treatment_editor","Configuración de tratamientos","","structured_form","Medicamento / médico / vía / dosis / frecuencia / duración / fechas / crónico / horarios / indicaciones / diluciones","Captura uno o más tratamientos documentados, valida estructura/calendario y no recomienda dosis; el catálogo y editor enriquecido oficiales requieren confirmación.","Datos sintéticos y alcance de la organización activa.","Entrada válida, estado vacío y error accionable sin revelar existencia de registros.","Permiso explícito de lectura o escritura aplicado en navegación, control, store y persistencia.","El estado visible cambia sólo después de completar la operación autorizada.","Error accesible y genérico; no mostrar éxito anticipado.","NO_APLICA","{""chapter_id"":""CH10"",""event_id"":""CH10-E0020"",""timestamp"":""00:27:59.800"",""image"":""references/video-audit/chapters/CH10_orden_medica_tratamientos_y_tarjeta_de_medicamentos/event_frames/CH10-E0020_00h27m59s800ms_abrupt_change.jpg"",""detail_crop"":"""",""transcript"":""references/video-audit/chapters/CH10_orden_medica_tratamientos_y_tarjeta_de_medicamentos/transcript_raw.txt""} | {""chapter_id"":""CH10"",""event_id"":""CH10-E0050"",""timestamp"":""00:29:08.800"",""image"":""references/video-audit/chapters/CH10_orden_medica_tratamientos_y_tarjeta_de_medicamentos/event_frames/CH10-E0050_00h29m08s800ms_abrupt_change.jpg"",""detail_crop"":""references/video-audit/chapters/CH10_orden_medica_tratamientos_y_tarjeta_de_medicamentos/detail_crops/CH10-E0050_00h29m08s800ms_DETAIL.jpg"",""transcript"":""references/video-audit/chapters/CH10_orden_medica_tratamientos_y_tarjeta_de_medicamentos/transcript_raw.txt""}","app/main.js; app/store.js; supabase/migrations/202608270006_ch10_medical_orders_medication_cards.sql","openTreatmentDraftForm/createMedicationCard/create_medication_card_draft","Estado mock persistido en localStorage; Supabase todavía no validado en runtime.","tests/ch10-medical-orders-cards.test.mjs; tests/e2e/ch10.spec.mjs","IMPLEMENTED_PARTIAL","","CH10-Q003 | CH10-Q005 | CH10-Q006","Captura uno o más tratamientos documentados, valida estructura/calendario y no recomienda dosis; el catálogo y editor enriquecido oficiales requieren confirmación. | Persiste después de recargar cuando la acción modifica datos. | Respeta rol y organización. | Tiene prueba automatizada específica y prueba de navegador cuando corresponde."
"CH10-R005","VIDEO_REQUIREMENT","CH10","CH10-E0021 | CH10-E0028 | CH10-E0031 | CH10-E0042","00:28:00.400 | 00:28:14.000 | 00:28:22.800 | 00:28:42.400","clinical_catalogs","Configuración de tratamientos","","catalog","Vías / frecuencias / duraciones / horarios / PRN","Mantiene visibles los valores observados sólo como captura configurable; no asume relaciones terapéuticas ni catálogos oficiales.","Datos sintéticos y alcance de la organización activa.","Entrada válida, estado vacío y error accionable sin revelar existencia de registros.","Permiso explícito de lectura o escritura aplicado en navegación, control, store y persistencia.","El estado visible cambia sólo después de completar la operación autorizada.","Error accesible y genérico; no mostrar éxito anticipado.","NO_APLICA","{""chapter_id"":""CH10"",""event_id"":""CH10-E0021"",""timestamp"":""00:28:00.400"",""image"":""references/video-audit/chapters/CH10_orden_medica_tratamientos_y_tarjeta_de_medicamentos/event_frames/CH10-E0021_00h28m00s400ms_stable_change.jpg"",""detail_crop"":""references/video-audit/chapters/CH10_orden_medica_tratamientos_y_tarjeta_de_medicamentos/detail_crops/CH10-E0021_00h28m00s400ms_DETAIL.jpg"",""transcript"":""references/video-audit/chapters/CH10_orden_medica_tratamientos_y_tarjeta_de_medicamentos/transcript_raw.txt""} | {""chapter_id"":""CH10"",""event_id"":""CH10-E0028"",""timestamp"":""00:28:14.000"",""image"":""references/video-audit/chapters/CH10_orden_medica_tratamientos_y_tarjeta_de_medicamentos/event_frames/CH10-E0028_00h28m14s000ms_motion_progress.jpg"",""detail_crop"":""references/video-audit/chapters/CH10_orden_medica_tratamientos_y_tarjeta_de_medicamentos/detail_crops/CH10-E0028_00h28m14s000ms_DETAIL.jpg"",""transcript"":""references/video-audit/chapters/CH10_orden_medica_tratamientos_y_tarjeta_de_medicamentos/transcript_raw.txt""} | {""chapter_id"":""CH10"",""event_id"":""CH10-E0031"",""timestamp"":""00:28:22.800"",""image"":""references/video-audit/chapters/CH10_orden_medica_tratamientos_y_tarjeta_de_medicamentos/event_frames/CH10-E0031_00h28m22s800ms_motion_progress.jpg"",""detail_crop"":""references/video-audit/chapters/CH10_orden_medica_tratamientos_y_tarjeta_de_medicamentos/detail_crops/CH10-E0031_00h28m22s800ms_DETAIL.jpg"",""transcript"":""references/video-audit/chapters/CH10_orden_medica_tratamientos_y_tarjeta_de_medicamentos/transcript_raw.txt""} | {""chapter_id"":""CH10"",""event_id"":""CH10-E0042"",""timestamp"":""00:28:42.400"",""image"":""references/video-audit/chapters/CH10_orden_medica_tratamientos_y_tarjeta_de_medicamentos/event_frames/CH10-E0042_00h28m42s400ms_abrupt_change.jpg"",""detail_crop"":""references/video-audit/chapters/CH10_orden_medica_tratamientos_y_tarjeta_de_medicamentos/detail_crops/CH10-E0042_00h28m42s400ms_DETAIL.jpg"",""transcript"":""references/video-audit/chapters/CH10_orden_medica_tratamientos_y_tarjeta_de_medicamentos/transcript_raw.txt""}","app/main.js; docs/OPEN_QUESTIONS.md","openTreatmentDraftForm","Estado mock persistido en localStorage; Supabase todavía no validado en runtime.","tests/ch10-medical-orders-cards.test.mjs","NEEDS_CLIENT_CONFIRMATION","","CH10-Q003 | CH10-Q005","Mantiene visibles los valores observados sólo como captura configurable; no asume relaciones terapéuticas ni catálogos oficiales. | Persiste después de recargar cuando la acción modifica datos. | Respeta rol y organización. | Tiene prueba automatizada específica y prueba de navegador cuando corresponde."
"CH10-R006","VIDEO_REQUIREMENT","CH10","CH10-E0035 | CH10-E0038","00:28:27.200 | 00:28:30.200","treatment_calendar","Configuración de tratamientos","","date_derivation","Inicio / duración / fin","Ofrece una sugerencia editable inclusiva que reproduce el único ejemplo observado y rechaza fin anterior; la fórmula productiva queda pendiente.","Datos sintéticos y alcance de la organización activa.","Entrada válida, estado vacío y error accionable sin revelar existencia de registros.","Permiso explícito de lectura o escritura aplicado en navegación, control, store y persistencia.","El estado visible cambia sólo después de completar la operación autorizada.","Error accesible y genérico; no mostrar éxito anticipado.","NO_APLICA","{""chapter_id"":""CH10"",""event_id"":""CH10-E0035"",""timestamp"":""00:28:27.200"",""image"":""references/video-audit/chapters/CH10_orden_medica_tratamientos_y_tarjeta_de_medicamentos/event_frames/CH10-E0035_00h28m27s200ms_motion_progress.jpg"",""detail_crop"":""references/video-audit/chapters/CH10_orden_medica_tratamientos_y_tarjeta_de_medicamentos/detail_crops/CH10-E0035_00h28m27s200ms_DETAIL.jpg"",""transcript"":""references/video-audit/chapters/CH10_orden_medica_tratamientos_y_tarjeta_de_medicamentos/transcript_raw.txt""} | {""chapter_id"":""CH10"",""event_id"":""CH10-E0038"",""timestamp"":""00:28:30.200"",""image"":""references/video-audit/chapters/CH10_orden_medica_tratamientos_y_tarjeta_de_medicamentos/event_frames/CH10-E0038_00h28m30s200ms_stable_change.jpg"",""detail_crop"":""references/video-audit/chapters/CH10_orden_medica_tratamientos_y_tarjeta_de_medicamentos/detail_crops/CH10-E0038_00h28m30s200ms_DETAIL.jpg"",""transcript"":""references/video-audit/chapters/CH10_orden_medica_tratamientos_y_tarjeta_de_medicamentos/transcript_raw.txt""}","app/main.js; app/store.js","treatment date change/createMedicationCard","Estado mock persistido en localStorage; Supabase todavía no validado en runtime.","tests/ch10-medical-orders-cards.test.mjs; tests/e2e/ch10.spec.mjs","NEEDS_CLIENT_CONFIRMATION","","CH10-Q004","Ofrece una sugerencia editable inclusiva que reproduce el único ejemplo observado y rechaza fin anterior; la fórmula productiva queda pendiente. | Persiste después de recargar cuando la acción modifica datos. | Respeta rol y organización. | Tiene prueba automatizada específica y prueba de navegador cuando corresponde."
"CH10-R007","VIDEO_REQUIREMENT","CH10","CH10-E0075 | CH10-E0086 | CH10-E0091","00:29:33.200 | 00:29:45.600 | 00:29:52.400","order_sections","Orden médica nueva","","section_builder","Etiquetas para el reporte / editores por sección","Permite seleccionar y quitar las secciones observadas y documentar contenido por sección; catálogo, reordenación, etiquetas nuevas y rich text requieren reglas aprobadas.","Datos sintéticos y alcance de la organización activa.","Entrada válida, estado vacío y error accionable sin revelar existencia de registros.","Permiso explícito de lectura o escritura aplicado en navegación, control, store y persistencia.","El estado visible cambia sólo después de completar la operación autorizada.","Error accesible y genérico; no mostrar éxito anticipado.","NO_APLICA","{""chapter_id"":""CH10"",""event_id"":""CH10-E0075"",""timestamp"":""00:29:33.200"",""image"":""references/video-audit/chapters/CH10_orden_medica_tratamientos_y_tarjeta_de_medicamentos/event_frames/CH10-E0075_00h29m33s200ms_abrupt_change.jpg"",""detail_crop"":""references/video-audit/chapters/CH10_orden_medica_tratamientos_y_tarjeta_de_medicamentos/detail_crops/CH10-E0075_00h29m33s200ms_DETAIL.jpg"",""transcript"":""references/video-audit/chapters/CH10_orden_medica_tratamientos_y_tarjeta_de_medicamentos/transcript_raw.txt""} | {""chapter_id"":""CH10"",""event_id"":""CH10-E0086"",""timestamp"":""00:29:45.600"",""image"":""references/video-audit/chapters/CH10_orden_medica_tratamientos_y_tarjeta_de_medicamentos/event_frames/CH10-E0086_00h29m45s600ms_abrupt_change.jpg"",""detail_crop"":""references/video-audit/chapters/CH10_orden_medica_tratamientos_y_tarjeta_de_medicamentos/detail_crops/CH10-E0086_00h29m45s600ms_DETAIL.jpg"",""transcript"":""references/video-audit/chapters/CH10_orden_medica_tratamientos_y_tarjeta_de_medicamentos/transcript_raw.txt""} | {""chapter_id"":""CH10"",""event_id"":""CH10-E0091"",""timestamp"":""00:29:52.400"",""image"":""references/video-audit/chapters/CH10_orden_medica_tratamientos_y_tarjeta_de_medicamentos/event_frames/CH10-E0091_00h29m52s400ms_abrupt_change.jpg"",""detail_crop"":"""",""transcript"":""references/video-audit/chapters/CH10_orden_medica_tratamientos_y_tarjeta_de_medicamentos/transcript_raw.txt""}","app/main.js; app/templates.js","MEDICAL_ORDER_SECTIONS/openMedicalOrderForm/medicalOrderDocument","Estado mock persistido en localStorage; Supabase todavía no validado en runtime.","tests/ch10-medical-orders-cards.test.mjs; tests/e2e/ch10.spec.mjs","IMPLEMENTED_PARTIAL","","CH10-Q007 | CH10-Q008","Permite seleccionar y quitar las secciones observadas y documentar contenido por sección; catálogo, reordenación, etiquetas nuevas y rich text requieren reglas aprobadas. | Persiste después de recargar cuando la acción modifica datos. | Respeta rol y organización. | Tiene prueba automatizada específica y prueba de navegador cuando corresponde."
"CH10-R008","VIDEO_REQUIREMENT","CH10","CH10-E0101 | CH10-E0105 | CH10-E0114","00:30:05.400 | 00:30:10.400 | 00:31:13.400","patient_orders","Órdenes","","modal_tabs","Órdenes médicas / Tarjetas de medicamentos / Historial de tratamientos","Presenta los tres conjuntos del caso con código, estado, actor y fecha; PMC queda explícitamente pendiente sin transición inventada.","Datos sintéticos y alcance de la organización activa.","Entrada válida, estado vacío y error accionable sin revelar existencia de registros.","Permiso explícito de lectura o escritura aplicado en navegación, control, store y persistencia.","El estado visible cambia sólo después de completar la operación autorizada.","Error accesible y genérico; no mostrar éxito anticipado.","NO_APLICA","{""chapter_id"":""CH10"",""event_id"":""CH10-E0101"",""timestamp"":""00:30:05.400"",""image"":""references/video-audit/chapters/CH10_orden_medica_tratamientos_y_tarjeta_de_medicamentos/event_frames/CH10-E0101_00h30m05s400ms_stable_change.jpg"",""detail_crop"":"""",""transcript"":""references/video-audit/chapters/CH10_orden_medica_tratamientos_y_tarjeta_de_medicamentos/transcript_raw.txt""} | {""chapter_id"":""CH10"",""event_id"":""CH10-E0105"",""timestamp"":""00:30:10.400"",""image"":""references/video-audit/chapters/CH10_orden_medica_tratamientos_y_tarjeta_de_medicamentos/event_frames/CH10-E0105_00h30m10s400ms_abrupt_change.jpg"",""detail_crop"":""references/video-audit/chapters/CH10_orden_medica_tratamientos_y_tarjeta_de_medicamentos/detail_crops/CH10-E0105_00h30m10s400ms_DETAIL.jpg"",""transcript"":""references/video-audit/chapters/CH10_orden_medica_tratamientos_y_tarjeta_de_medicamentos/transcript_raw.txt""} | {""chapter_id"":""CH10"",""event_id"":""CH10-E0114"",""timestamp"":""00:31:13.400"",""image"":""references/video-audit/chapters/CH10_orden_medica_tratamientos_y_tarjeta_de_medicamentos/event_frames/CH10-E0114_00h31m13s400ms_abrupt_change.jpg"",""detail_crop"":"""",""transcript"":""references/video-audit/chapters/CH10_orden_medica_tratamientos_y_tarjeta_de_medicamentos/transcript_raw.txt""}","app/main.js","openPatientOrders","Estado mock persistido en localStorage; Supabase todavía no validado en runtime.","tests/e2e/ch10.spec.mjs","IMPLEMENTED_PARTIAL","","CH10-Q002 | CH10-Q011","Presenta los tres conjuntos del caso con código, estado, actor y fecha; PMC queda explícitamente pendiente sin transición inventada. | Persiste después de recargar cuando la acción modifica datos. | Respeta rol y organización. | Tiene prueba automatizada específica y prueba de navegador cuando corresponde."
"CH10-R009","VIDEO_REQUIREMENT","CH10","CH10-E0109","00:30:13.200","medication_prints","Tarjeta de medicamentos","","print_menu","Tarjeta completa / Tarjeta simple / Conteo presencial","Expone y genera tres salidas identificadas; completa y simple usan datos autorizados, conteo se marca provisional hasta aprobar contenido y firmas.","Datos sintéticos y alcance de la organización activa.","Entrada válida, estado vacío y error accionable sin revelar existencia de registros.","Permiso explícito de lectura o escritura aplicado en navegación, control, store y persistencia.","El estado visible cambia sólo después de completar la operación autorizada.","Error accesible y genérico; no mostrar éxito anticipado.","NO_APLICA","{""chapter_id"":""CH10"",""event_id"":""CH10-E0109"",""timestamp"":""00:30:13.200"",""image"":""references/video-audit/chapters/CH10_orden_medica_tratamientos_y_tarjeta_de_medicamentos/event_frames/CH10-E0109_00h30m13s200ms_settled.jpg"",""detail_crop"":""references/video-audit/chapters/CH10_orden_medica_tratamientos_y_tarjeta_de_medicamentos/detail_crops/CH10-E0109_00h30m13s200ms_DETAIL.jpg"",""transcript"":""references/video-audit/chapters/CH10_orden_medica_tratamientos_y_tarjeta_de_medicamentos/transcript_raw.txt""}","app/views.js; app/main.js; app/templates.js","renderMedicationCards/printMedicationCard/medicationCardDocument","Estado mock persistido en localStorage; Supabase todavía no validado en runtime.","tests/ch10-medical-orders-cards.test.mjs; tests/e2e/ch10.spec.mjs","NEEDS_CLIENT_CONFIRMATION","","CH10-Q009 | CH10-Q010","Expone y genera tres salidas identificadas; completa y simple usan datos autorizados, conteo se marca provisional hasta aprobar contenido y firmas. | Persiste después de recargar cuando la acción modifica datos. | Respeta rol y organización. | Tiene prueba automatizada específica y prueba de navegador cuando corresponde."
"CH10-R010","VIDEO_REQUIREMENT","CH10","CH10-E0112","00:31:12.200","clinical_permissions","Orden / Tarjeta","","safety_policy","Firma / corrección / anulación","El video no permite validar permisos; la plataforma conserva firma con metadata, inmutabilidad y correcciones append-only auditadas.","Datos sintéticos y alcance de la organización activa.","Entrada válida, estado vacío y error accionable sin revelar existencia de registros.","Permiso explícito de lectura o escritura aplicado en navegación, control, store y persistencia.","El estado visible cambia sólo después de completar la operación autorizada.","Error accesible y genérico; no mostrar éxito anticipado.","NO_APLICA","{""chapter_id"":""CH10"",""event_id"":""CH10-E0112"",""timestamp"":""00:31:12.200"",""image"":""references/video-audit/chapters/CH10_orden_medica_tratamientos_y_tarjeta_de_medicamentos/event_frames/CH10-E0112_00h31m12s200ms_abrupt_change.jpg"",""detail_crop"":""references/video-audit/chapters/CH10_orden_medica_tratamientos_y_tarjeta_de_medicamentos/detail_crops/CH10-E0112_00h31m12s200ms_DETAIL.jpg"",""transcript"":""references/video-audit/chapters/CH10_orden_medica_tratamientos_y_tarjeta_de_medicamentos/transcript_raw.txt""}","app/store.js; supabase/migrations/202608260005_p0_quote_clinical_immutability.sql","signClinicalDocument/signMedicationCard/createClinicalCorrection/voidClinicalRecord","Estado mock persistido en localStorage; Supabase todavía no validado en runtime.","tests/p0-immutable-records.test.mjs; tests/ch10-medical-orders-cards.test.mjs","NOT_TESTABLE","","","El video no permite validar permisos; la plataforma conserva firma con metadata, inmutabilidad y correcciones append-only auditadas. | Persiste después de recargar cuando la acción modifica datos. | Respeta rol y organización. | Tiene prueba automatizada específica y prueba de navegador cuando corresponde."
"CH10-H001","PLATFORM_HARDENING","CH10","CH10-E0013 | CH10-E0069","00:27:55.600 | 00:29:29.000","clinical_transaction","Orden / Tarjeta","","transaction","Creación remota-first e idempotente","Confirma RPC antes de reflejar éxito local, serializa idempotencia y audita hospitalización sin contenido clínico en logs.","Datos sintéticos y alcance de la organización activa.","Entrada válida, estado vacío y error accionable sin revelar existencia de registros.","Permiso explícito de lectura o escritura aplicado en navegación, control, store y persistencia.","El estado visible cambia sólo después de completar la operación autorizada.","Error accesible y genérico; no mostrar éxito anticipado.","NO_APLICA","{""chapter_id"":""CH10"",""event_id"":""CH10-E0013"",""timestamp"":""00:27:55.600"",""image"":""references/video-audit/chapters/CH10_orden_medica_tratamientos_y_tarjeta_de_medicamentos/event_frames/CH10-E0013_00h27m55s600ms_abrupt_change.jpg"",""detail_crop"":"""",""transcript"":""references/video-audit/chapters/CH10_orden_medica_tratamientos_y_tarjeta_de_medicamentos/transcript_raw.txt""} | {""chapter_id"":""CH10"",""event_id"":""CH10-E0069"",""timestamp"":""00:29:29.000"",""image"":""references/video-audit/chapters/CH10_orden_medica_tratamientos_y_tarjeta_de_medicamentos/event_frames/CH10-E0069_00h29m29s000ms_abrupt_change.jpg"",""detail_crop"":"""",""transcript"":""references/video-audit/chapters/CH10_orden_medica_tratamientos_y_tarjeta_de_medicamentos/transcript_raw.txt""}","app/store.js; app/supabase-adapter.js; supabase/migrations/202608270006_ch10_medical_orders_medication_cards.sql","createClinicalDocument/createMedicationCard","Estado mock persistido en localStorage; Supabase todavía no validado en runtime.","tests/ch10-medical-orders-cards.test.mjs","IMPLEMENTED_EXACT","","","Confirma RPC antes de reflejar éxito local, serializa idempotencia y audita hospitalización sin contenido clínico en logs. | Persiste después de recargar cuando la acción modifica datos. | Respeta rol y organización. | Tiene prueba automatizada específica y prueba de navegador cuando corresponde."
"CH10-H002","PLATFORM_HARDENING","CH10","CH10-E0013 | CH10-E0020","00:27:55.600 | 00:27:59.800","tenant_integrity","Orden / Tarjeta","","authorization","Hospitalización y profesionales del tenant","Valida organización, permiso, hospitalización, paciente y profesionales activos en cliente/store/RPC con RLS.","Datos sintéticos y alcance de la organización activa.","Entrada válida, estado vacío y error accionable sin revelar existencia de registros.","Permiso explícito de lectura o escritura aplicado en navegación, control, store y persistencia.","El estado visible cambia sólo después de completar la operación autorizada.","Error accesible y genérico; no mostrar éxito anticipado.","NO_APLICA","{""chapter_id"":""CH10"",""event_id"":""CH10-E0013"",""timestamp"":""00:27:55.600"",""image"":""references/video-audit/chapters/CH10_orden_medica_tratamientos_y_tarjeta_de_medicamentos/event_frames/CH10-E0013_00h27m55s600ms_abrupt_change.jpg"",""detail_crop"":"""",""transcript"":""references/video-audit/chapters/CH10_orden_medica_tratamientos_y_tarjeta_de_medicamentos/transcript_raw.txt""} | {""chapter_id"":""CH10"",""event_id"":""CH10-E0020"",""timestamp"":""00:27:59.800"",""image"":""references/video-audit/chapters/CH10_orden_medica_tratamientos_y_tarjeta_de_medicamentos/event_frames/CH10-E0020_00h27m59s800ms_abrupt_change.jpg"",""detail_crop"":"""",""transcript"":""references/video-audit/chapters/CH10_orden_medica_tratamientos_y_tarjeta_de_medicamentos/transcript_raw.txt""}","app/store.js; supabase/migrations/202608270006_ch10_medical_orders_medication_cards.sql","createClinicalDocument/createMedicationCard","Estado mock persistido en localStorage; Supabase todavía no validado en runtime.","tests/ch10-medical-orders-cards.test.mjs","IMPLEMENTED_EXACT","","","Valida organización, permiso, hospitalización, paciente y profesionales activos en cliente/store/RPC con RLS. | Persiste después de recargar cuando la acción modifica datos. | Respeta rol y organización. | Tiene prueba automatizada específica y prueba de navegador cuando corresponde."
"CH10-H003","PLATFORM_HARDENING","CH10","CH10-E0035 | CH10-E0038","00:28:27.200 | 00:28:30.200","calendar_integrity","Configuración de tratamientos","","validation","Calendario editable y validado","Evita desplazamiento por zona horaria, rechaza rangos invertidos y conserva la fecha sugerida como editable/configurable.","Datos sintéticos y alcance de la organización activa.","Entrada válida, estado vacío y error accionable sin revelar existencia de registros.","Permiso explícito de lectura o escritura aplicado en navegación, control, store y persistencia.","El estado visible cambia sólo después de completar la operación autorizada.","Error accesible y genérico; no mostrar éxito anticipado.","NO_APLICA","{""chapter_id"":""CH10"",""event_id"":""CH10-E0035"",""timestamp"":""00:28:27.200"",""image"":""references/video-audit/chapters/CH10_orden_medica_tratamientos_y_tarjeta_de_medicamentos/event_frames/CH10-E0035_00h28m27s200ms_motion_progress.jpg"",""detail_crop"":""references/video-audit/chapters/CH10_orden_medica_tratamientos_y_tarjeta_de_medicamentos/detail_crops/CH10-E0035_00h28m27s200ms_DETAIL.jpg"",""transcript"":""references/video-audit/chapters/CH10_orden_medica_tratamientos_y_tarjeta_de_medicamentos/transcript_raw.txt""} | {""chapter_id"":""CH10"",""event_id"":""CH10-E0038"",""timestamp"":""00:28:30.200"",""image"":""references/video-audit/chapters/CH10_orden_medica_tratamientos_y_tarjeta_de_medicamentos/event_frames/CH10-E0038_00h28m30s200ms_stable_change.jpg"",""detail_crop"":""references/video-audit/chapters/CH10_orden_medica_tratamientos_y_tarjeta_de_medicamentos/detail_crops/CH10-E0038_00h28m30s200ms_DETAIL.jpg"",""transcript"":""references/video-audit/chapters/CH10_orden_medica_tratamientos_y_tarjeta_de_medicamentos/transcript_raw.txt""}","app/main.js; app/store.js; supabase/migrations/202608270006_ch10_medical_orders_medication_cards.sql","treatment date change/createMedicationCard","Estado mock persistido en localStorage; Supabase todavía no validado en runtime.","tests/ch10-medical-orders-cards.test.mjs; tests/e2e/ch10.spec.mjs","IMPLEMENTED_EXACT","","","Evita desplazamiento por zona horaria, rechaza rangos invertidos y conserva la fecha sugerida como editable/configurable. | Persiste después de recargar cuando la acción modifica datos. | Respeta rol y organización. | Tiene prueba automatizada específica y prueba de navegador cuando corresponde."
"CH10-H004","PLATFORM_HARDENING","CH10","CH10-E0109","00:30:13.200","safe_administration","Tarjeta de medicamentos","","safety_guard","Administración no simulada","No afirma una administración ni envía contenido clínico; el registro operativo permanece deshabilitado hasta definir campos, permisos y correcciones.","Datos sintéticos y alcance de la organización activa.","Entrada válida, estado vacío y error accionable sin revelar existencia de registros.","Permiso explícito de lectura o escritura aplicado en navegación, control, store y persistencia.","El estado visible cambia sólo después de completar la operación autorizada.","Error accesible y genérico; no mostrar éxito anticipado.","NO_APLICA","{""chapter_id"":""CH10"",""event_id"":""CH10-E0109"",""timestamp"":""00:30:13.200"",""image"":""references/video-audit/chapters/CH10_orden_medica_tratamientos_y_tarjeta_de_medicamentos/event_frames/CH10-E0109_00h30m13s200ms_settled.jpg"",""detail_crop"":""references/video-audit/chapters/CH10_orden_medica_tratamientos_y_tarjeta_de_medicamentos/detail_crops/CH10-E0109_00h30m13s200ms_DETAIL.jpg"",""transcript"":""references/video-audit/chapters/CH10_orden_medica_tratamientos_y_tarjeta_de_medicamentos/transcript_raw.txt""}","app/main.js; docs/OPEN_QUESTIONS.md","administer-medication","Estado mock persistido en localStorage; Supabase todavía no validado en runtime.","tests/ch10-medical-orders-cards.test.mjs","NEEDS_CLIENT_CONFIRMATION","","CH10-Q013","No afirma una administración ni envía contenido clínico; el registro operativo permanece deshabilitado hasta definir campos, permisos y correcciones. | Persiste después de recargar cuando la acción modifica datos. | Respeta rol y organización. | Tiene prueba automatizada específica y prueba de navegador cuando corresponde."
"CH11-R001","VIDEO_REQUIREMENT","CH11","CH11-E0007 | CH11-E0009 | CH11-E0015","00:31:47.000 | 00:31:49.800 | 00:31:55.600","agenda_calendar","Agenda","","calendar_filters","Detalles de visitas / Paciente / Recurso / Mes / Semana / Listas","Filtra visitas por paciente y recurso, permite buscar paciente, navega períodos y alterna las cuatro vistas observadas sin perder contexto.","Datos sintéticos y alcance de la organización activa.","Entrada válida, estado vacío y error accionable sin revelar existencia de registros.","Permiso explícito de lectura o escritura aplicado en navegación, control, store y persistencia.","El estado visible cambia sólo después de completar la operación autorizada.","Error accesible y genérico; no mostrar éxito anticipado.","NO_APLICA","{""chapter_id"":""CH11"",""event_id"":""CH11-E0007"",""timestamp"":""00:31:47.000"",""image"":""references/video-audit/chapters/CH11_agenda_y_turnos/event_frames/CH11-E0007_00h31m47s000ms_stable_change.jpg"",""detail_crop"":""references/video-audit/chapters/CH11_agenda_y_turnos/detail_crops/CH11-E0007_00h31m47s000ms_DETAIL.jpg"",""transcript"":""references/video-audit/chapters/CH11_agenda_y_turnos/transcript_raw.txt""} | {""chapter_id"":""CH11"",""event_id"":""CH11-E0009"",""timestamp"":""00:31:49.800"",""image"":""references/video-audit/chapters/CH11_agenda_y_turnos/event_frames/CH11-E0009_00h31m49s800ms_abrupt_change.jpg"",""detail_crop"":"""",""transcript"":""references/video-audit/chapters/CH11_agenda_y_turnos/transcript_raw.txt""} | {""chapter_id"":""CH11"",""event_id"":""CH11-E0015"",""timestamp"":""00:31:55.600"",""image"":""references/video-audit/chapters/CH11_agenda_y_turnos/event_frames/CH11-E0015_00h31m55s600ms_stable_change.jpg"",""detail_crop"":"""",""transcript"":""references/video-audit/chapters/CH11_agenda_y_turnos/transcript_raw.txt""}","app/views.js; app/main.js","renderAgenda/renderAgendaMonth","Estado mock persistido en localStorage; Supabase todavía no validado en runtime.","tests/ch11-agenda-visits.test.mjs; tests/e2e/ch11.spec.mjs","IMPLEMENTED_EXACT","","","Filtra visitas por paciente y recurso, permite buscar paciente, navega períodos y alterna las cuatro vistas observadas sin perder contexto. | Persiste después de recargar cuando la acción modifica datos. | Respeta rol y organización. | Tiene prueba automatizada específica y prueba de navegador cuando corresponde."
"CH11-R002","VIDEO_REQUIREMENT","CH11","CH11-E0010 | CH11-E0011 | CH11-E0015","00:31:50.200 | 00:31:50.800 | 00:31:55.600","patient_context","Agenda","","search_select","Selector buscable de paciente","Busca y selecciona sólo pacientes del alcance autorizado y actualiza eventos y acciones contextuales.","Datos sintéticos y alcance de la organización activa.","Entrada válida, estado vacío y error accionable sin revelar existencia de registros.","Permiso explícito de lectura o escritura aplicado en navegación, control, store y persistencia.","El estado visible cambia sólo después de completar la operación autorizada.","Error accesible y genérico; no mostrar éxito anticipado.","NO_APLICA","{""chapter_id"":""CH11"",""event_id"":""CH11-E0010"",""timestamp"":""00:31:50.200"",""image"":""references/video-audit/chapters/CH11_agenda_y_turnos/event_frames/CH11-E0010_00h31m50s200ms_abrupt_change.jpg"",""detail_crop"":""references/video-audit/chapters/CH11_agenda_y_turnos/detail_crops/CH11-E0010_00h31m50s200ms_DETAIL.jpg"",""transcript"":""references/video-audit/chapters/CH11_agenda_y_turnos/transcript_raw.txt""} | {""chapter_id"":""CH11"",""event_id"":""CH11-E0011"",""timestamp"":""00:31:50.800"",""image"":""references/video-audit/chapters/CH11_agenda_y_turnos/event_frames/CH11-E0011_00h31m50s800ms_abrupt_change.jpg"",""detail_crop"":"""",""transcript"":""references/video-audit/chapters/CH11_agenda_y_turnos/transcript_raw.txt""} | {""chapter_id"":""CH11"",""event_id"":""CH11-E0015"",""timestamp"":""00:31:55.600"",""image"":""references/video-audit/chapters/CH11_agenda_y_turnos/event_frames/CH11-E0015_00h31m55s600ms_stable_change.jpg"",""detail_crop"":"""",""transcript"":""references/video-audit/chapters/CH11_agenda_y_turnos/transcript_raw.txt""}","app/views.js; app/main.js","agendaPatientQuery/agendaPatientId","Estado mock persistido en localStorage; Supabase todavía no validado en runtime.","tests/e2e/ch11.spec.mjs","IMPLEMENTED_EXACT","","","Busca y selecciona sólo pacientes del alcance autorizado y actualiza eventos y acciones contextuales. | Persiste después de recargar cuando la acción modifica datos. | Respeta rol y organización. | Tiene prueba automatizada específica y prueba de navegador cuando corresponde."
"CH11-R003","VIDEO_REQUIREMENT","CH11","CH11-E0015 | CH11-E0019","00:31:55.600 | 00:32:01.800","context_actions","Agenda","","action_group","Eliminar visitas / Crear / Pool / enlace","Crear abre el formulario; las acciones sin semántica demostrada permanecen visibles pero bloqueadas sin afirmar éxito.","Datos sintéticos y alcance de la organización activa.","Entrada válida, estado vacío y error accionable sin revelar existencia de registros.","Permiso explícito de lectura o escritura aplicado en navegación, control, store y persistencia.","El estado visible cambia sólo después de completar la operación autorizada.","Error accesible y genérico; no mostrar éxito anticipado.","NO_APLICA","{""chapter_id"":""CH11"",""event_id"":""CH11-E0015"",""timestamp"":""00:31:55.600"",""image"":""references/video-audit/chapters/CH11_agenda_y_turnos/event_frames/CH11-E0015_00h31m55s600ms_stable_change.jpg"",""detail_crop"":"""",""transcript"":""references/video-audit/chapters/CH11_agenda_y_turnos/transcript_raw.txt""} | {""chapter_id"":""CH11"",""event_id"":""CH11-E0019"",""timestamp"":""00:32:01.800"",""image"":""references/video-audit/chapters/CH11_agenda_y_turnos/event_frames/CH11-E0019_00h32m01s800ms_abrupt_change.jpg"",""detail_crop"":""references/video-audit/chapters/CH11_agenda_y_turnos/detail_crops/CH11-E0019_00h32m01s800ms_DETAIL.jpg"",""transcript"":""references/video-audit/chapters/CH11_agenda_y_turnos/transcript_raw.txt""}","app/views.js; app/main.js","renderAgenda/blocked-bulk-visits/blocked-agenda-destination","Estado mock persistido en localStorage; Supabase todavía no validado en runtime.","tests/e2e/ch11.spec.mjs","IMPLEMENTED_PARTIAL","","CH11-Q004","Crear abre el formulario; las acciones sin semántica demostrada permanecen visibles pero bloqueadas sin afirmar éxito. | Persiste después de recargar cuando la acción modifica datos. | Respeta rol y organización. | Tiene prueba automatizada específica y prueba de navegador cuando corresponde."
"CH11-R004","VIDEO_REQUIREMENT","CH11","CH11-E0021 | CH11-E0025","00:32:03.200 | 00:32:25.000","visit_form","Crear turno a paciente","","structured_form","Paciente / cédula / empresa / inicio / fin / frecuencia / número / clasificación / tipo / descuento","Deriva identidad del caso autorizado, captura el intervalo y metadatos observados, valida fin posterior a inicio y no ejecuta descuentos.","Datos sintéticos y alcance de la organización activa.","Entrada válida, estado vacío y error accionable sin revelar existencia de registros.","Permiso explícito de lectura o escritura aplicado en navegación, control, store y persistencia.","El estado visible cambia sólo después de completar la operación autorizada.","Error accesible y genérico; no mostrar éxito anticipado.","NO_APLICA","{""chapter_id"":""CH11"",""event_id"":""CH11-E0021"",""timestamp"":""00:32:03.200"",""image"":""references/video-audit/chapters/CH11_agenda_y_turnos/event_frames/CH11-E0021_00h32m03s200ms_abrupt_change.jpg"",""detail_crop"":"""",""transcript"":""references/video-audit/chapters/CH11_agenda_y_turnos/transcript_raw.txt""} | {""chapter_id"":""CH11"",""event_id"":""CH11-E0025"",""timestamp"":""00:32:25.000"",""image"":""references/video-audit/chapters/CH11_agenda_y_turnos/event_frames/CH11-E0025_00h32m25s000ms_motion_progress.jpg"",""detail_crop"":""references/video-audit/chapters/CH11_agenda_y_turnos/detail_crops/CH11-E0025_00h32m25s000ms_DETAIL.jpg"",""transcript"":""references/video-audit/chapters/CH11_agenda_y_turnos/transcript_raw.txt""}","app/main.js; app/store.js","openShiftForm/createShift","Estado mock persistido en localStorage; Supabase todavía no validado en runtime.","tests/ch11-agenda-visits.test.mjs; tests/e2e/ch11.spec.mjs","IMPLEMENTED_EXACT","","","Deriva identidad del caso autorizado, captura el intervalo y metadatos observados, valida fin posterior a inicio y no ejecuta descuentos. | Persiste después de recargar cuando la acción modifica datos. | Respeta rol y organización. | Tiene prueba automatizada específica y prueba de navegador cuando corresponde."
"CH11-R005","VIDEO_REQUIREMENT","CH11","CH11-E0026 | CH11-E0029 | CH11-E0041","00:32:28.600 | 00:32:31.800 | 00:32:45.400","visit_catalogs","Crear turno a paciente","","catalogs","Puntual / Turno / catálogo de tipos de visita","Expone las clasificaciones y nombres de servicio observados como valores documentales, sin inferir reglas clínicas ni tarifarias.","Datos sintéticos y alcance de la organización activa.","Entrada válida, estado vacío y error accionable sin revelar existencia de registros.","Permiso explícito de lectura o escritura aplicado en navegación, control, store y persistencia.","El estado visible cambia sólo después de completar la operación autorizada.","Error accesible y genérico; no mostrar éxito anticipado.","NO_APLICA","{""chapter_id"":""CH11"",""event_id"":""CH11-E0026"",""timestamp"":""00:32:28.600"",""image"":""references/video-audit/chapters/CH11_agenda_y_turnos/event_frames/CH11-E0026_00h32m28s600ms_settled.jpg"",""detail_crop"":""references/video-audit/chapters/CH11_agenda_y_turnos/detail_crops/CH11-E0026_00h32m28s600ms_DETAIL.jpg"",""transcript"":""references/video-audit/chapters/CH11_agenda_y_turnos/transcript_raw.txt""} | {""chapter_id"":""CH11"",""event_id"":""CH11-E0029"",""timestamp"":""00:32:31.800"",""image"":""references/video-audit/chapters/CH11_agenda_y_turnos/event_frames/CH11-E0029_00h32m31s800ms_abrupt_change.jpg"",""detail_crop"":""references/video-audit/chapters/CH11_agenda_y_turnos/detail_crops/CH11-E0029_00h32m31s800ms_DETAIL.jpg"",""transcript"":""references/video-audit/chapters/CH11_agenda_y_turnos/transcript_raw.txt""} | {""chapter_id"":""CH11"",""event_id"":""CH11-E0041"",""timestamp"":""00:32:45.400"",""image"":""references/video-audit/chapters/CH11_agenda_y_turnos/event_frames/CH11-E0041_00h32m45s400ms_motion_progress.jpg"",""detail_crop"":""references/video-audit/chapters/CH11_agenda_y_turnos/detail_crops/CH11-E0041_00h32m45s400ms_DETAIL.jpg"",""transcript"":""references/video-audit/chapters/CH11_agenda_y_turnos/transcript_raw.txt""}","app/main.js","VISIT_TYPE_OPTIONS/openShiftForm","Estado mock persistido en localStorage; Supabase todavía no validado en runtime.","tests/ch11-agenda-visits.test.mjs","IMPLEMENTED_EXACT","","","Expone las clasificaciones y nombres de servicio observados como valores documentales, sin inferir reglas clínicas ni tarifarias. | Persiste después de recargar cuando la acción modifica datos. | Respeta rol y organización. | Tiene prueba automatizada específica y prueba de navegador cuando corresponde."
"CH11-R006","VIDEO_REQUIREMENT","CH11","CH11-E0021 | CH11-E0025","00:32:03.200 | 00:32:25.000","recurrence","Crear turno a paciente","","recurrence","Frecuencia / Número de veces","Conserva la frecuencia documentada y una visita; no genera series hasta confirmar intervalos, límites, conflictos, edición y cancelación.","Datos sintéticos y alcance de la organización activa.","Entrada válida, estado vacío y error accionable sin revelar existencia de registros.","Permiso explícito de lectura o escritura aplicado en navegación, control, store y persistencia.","El estado visible cambia sólo después de completar la operación autorizada.","Error accesible y genérico; no mostrar éxito anticipado.","NO_APLICA","{""chapter_id"":""CH11"",""event_id"":""CH11-E0021"",""timestamp"":""00:32:03.200"",""image"":""references/video-audit/chapters/CH11_agenda_y_turnos/event_frames/CH11-E0021_00h32m03s200ms_abrupt_change.jpg"",""detail_crop"":"""",""transcript"":""references/video-audit/chapters/CH11_agenda_y_turnos/transcript_raw.txt""} | {""chapter_id"":""CH11"",""event_id"":""CH11-E0025"",""timestamp"":""00:32:25.000"",""image"":""references/video-audit/chapters/CH11_agenda_y_turnos/event_frames/CH11-E0025_00h32m25s000ms_motion_progress.jpg"",""detail_crop"":""references/video-audit/chapters/CH11_agenda_y_turnos/detail_crops/CH11-E0025_00h32m25s000ms_DETAIL.jpg"",""transcript"":""references/video-audit/chapters/CH11_agenda_y_turnos/transcript_raw.txt""}","app/main.js; app/store.js; docs/OPEN_QUESTIONS.md","openShiftForm/createShift","Estado mock persistido en localStorage; Supabase todavía no validado en runtime.","tests/ch11-agenda-visits.test.mjs","NEEDS_CLIENT_CONFIRMATION","","CH11-Q001","Conserva la frecuencia documentada y una visita; no genera series hasta confirmar intervalos, límites, conflictos, edición y cancelación. | Persiste después de recargar cuando la acción modifica datos. | Respeta rol y organización. | Tiene prueba automatizada específica y prueba de navegador cuando corresponde."
"CH11-R007","VIDEO_REQUIREMENT","CH11","CH11-E0050 | CH11-E0058","00:32:51.800 | 00:33:02.800","visit_detail","Detalle de visita","","modal_tabs","Agenda / Actualizaciones / inicio / fin / paciente / hospitalización / recurso / observaciones","Abre el evento y presenta sus datos operativos y observaciones; la regla de finalización y secuencia permanece sin inventar.","Datos sintéticos y alcance de la organización activa.","Entrada válida, estado vacío y error accionable sin revelar existencia de registros.","Permiso explícito de lectura o escritura aplicado en navegación, control, store y persistencia.","El estado visible cambia sólo después de completar la operación autorizada.","Error accesible y genérico; no mostrar éxito anticipado.","NO_APLICA","{""chapter_id"":""CH11"",""event_id"":""CH11-E0050"",""timestamp"":""00:32:51.800"",""image"":""references/video-audit/chapters/CH11_agenda_y_turnos/event_frames/CH11-E0050_00h32m51s800ms_abrupt_change.jpg"",""detail_crop"":"""",""transcript"":""references/video-audit/chapters/CH11_agenda_y_turnos/transcript_raw.txt""} | {""chapter_id"":""CH11"",""event_id"":""CH11-E0058"",""timestamp"":""00:33:02.800"",""image"":""references/video-audit/chapters/CH11_agenda_y_turnos/event_frames/CH11-E0058_00h33m02s800ms_stable_change.jpg"",""detail_crop"":""references/video-audit/chapters/CH11_agenda_y_turnos/detail_crops/CH11-E0058_00h33m02s800ms_DETAIL.jpg"",""transcript"":""references/video-audit/chapters/CH11_agenda_y_turnos/transcript_raw.txt""}","app/main.js; app/views.js","openVisitDetail/renderAgendaMonth","Estado mock persistido en localStorage; Supabase todavía no validado en runtime.","tests/e2e/ch11.spec.mjs","IMPLEMENTED_PARTIAL","","CH11-Q002","Abre el evento y presenta sus datos operativos y observaciones; la regla de finalización y secuencia permanece sin inventar. | Persiste después de recargar cuando la acción modifica datos. | Respeta rol y organización. | Tiene prueba automatizada específica y prueba de navegador cuando corresponde."
"CH11-R008","VIDEO_REQUIREMENT","CH11","CH11-E0050 | CH11-E0051","00:32:51.800 | 00:32:52.400","resource_assignment","Detalle de visita","","assignment","Recursos","Asigna un usuario activo del tenant mediante confirmación remota, evento append-only y auditoría antes de reflejar éxito local.","Datos sintéticos y alcance de la organización activa.","Entrada válida, estado vacío y error accionable sin revelar existencia de registros.","Permiso explícito de lectura o escritura aplicado en navegación, control, store y persistencia.","El estado visible cambia sólo después de completar la operación autorizada.","Error accesible y genérico; no mostrar éxito anticipado.","NO_APLICA","{""chapter_id"":""CH11"",""event_id"":""CH11-E0050"",""timestamp"":""00:32:51.800"",""image"":""references/video-audit/chapters/CH11_agenda_y_turnos/event_frames/CH11-E0050_00h32m51s800ms_abrupt_change.jpg"",""detail_crop"":"""",""transcript"":""references/video-audit/chapters/CH11_agenda_y_turnos/transcript_raw.txt""} | {""chapter_id"":""CH11"",""event_id"":""CH11-E0051"",""timestamp"":""00:32:52.400"",""image"":""references/video-audit/chapters/CH11_agenda_y_turnos/event_frames/CH11-E0051_00h32m52s400ms_abrupt_change.jpg"",""detail_crop"":"""",""transcript"":""references/video-audit/chapters/CH11_agenda_y_turnos/transcript_raw.txt""}","app/store.js; app/supabase-adapter.js; supabase/migrations/202608270007_ch11_agenda_visits.sql","updateShiftAssignment/assign_shift_resource","Estado mock persistido en localStorage; Supabase todavía no validado en runtime.","tests/ch11-agenda-visits.test.mjs; tests/e2e/ch11.spec.mjs","IMPLEMENTED_EXACT","","","Asigna un usuario activo del tenant mediante confirmación remota, evento append-only y auditoría antes de reflejar éxito local. | Persiste después de recargar cuando la acción modifica datos. | Respeta rol y organización. | Tiene prueba automatizada específica y prueba de navegador cuando corresponde."
"CH11-R009","VIDEO_REQUIREMENT","CH11","CH11-E0051 | CH11-E0055 | CH11-E0057","00:32:52.400 | 00:33:00.600 | 00:33:02.200","professional_payment","Detalle de visita","","financial_controls","Tipo de turno / Tarifa / descuento / Editar pago / Motivo / Monto / Comentario","Muestra la superficie observada sin aplicar tarifa, descuento, ajuste o liquidación hasta confirmar contrato, permisos y reglas contables.","Datos sintéticos y alcance de la organización activa.","Entrada válida, estado vacío y error accionable sin revelar existencia de registros.","Permiso explícito de lectura o escritura aplicado en navegación, control, store y persistencia.","El estado visible cambia sólo después de completar la operación autorizada.","Error accesible y genérico; no mostrar éxito anticipado.","NO_APLICA","{""chapter_id"":""CH11"",""event_id"":""CH11-E0051"",""timestamp"":""00:32:52.400"",""image"":""references/video-audit/chapters/CH11_agenda_y_turnos/event_frames/CH11-E0051_00h32m52s400ms_abrupt_change.jpg"",""detail_crop"":"""",""transcript"":""references/video-audit/chapters/CH11_agenda_y_turnos/transcript_raw.txt""} | {""chapter_id"":""CH11"",""event_id"":""CH11-E0055"",""timestamp"":""00:33:00.600"",""image"":""references/video-audit/chapters/CH11_agenda_y_turnos/event_frames/CH11-E0055_00h33m00s600ms_abrupt_change.jpg"",""detail_crop"":"""",""transcript"":""references/video-audit/chapters/CH11_agenda_y_turnos/transcript_raw.txt""} | {""chapter_id"":""CH11"",""event_id"":""CH11-E0057"",""timestamp"":""00:33:02.200"",""image"":""references/video-audit/chapters/CH11_agenda_y_turnos/event_frames/CH11-E0057_00h33m02s200ms_abrupt_change.jpg"",""detail_crop"":"""",""transcript"":""references/video-audit/chapters/CH11_agenda_y_turnos/transcript_raw.txt""}","app/main.js; docs/OPEN_QUESTIONS.md","openVisitDetail/blocked-professional-payment","Estado mock persistido en localStorage; Supabase todavía no validado en runtime.","tests/ch11-agenda-visits.test.mjs","NEEDS_CLIENT_CONFIRMATION","","CH11-Q002 | CH11-Q003","Muestra la superficie observada sin aplicar tarifa, descuento, ajuste o liquidación hasta confirmar contrato, permisos y reglas contables. | Persiste después de recargar cuando la acción modifica datos. | Respeta rol y organización. | Tiene prueba automatizada específica y prueba de navegador cuando corresponde."
"CH11-R010","VIDEO_REQUIREMENT","CH11","CH11-E0004 | CH11-E0069","00:31:42.600 | 00:33:24.800","agenda_destinations","Navegación","","navigation_group","Agenda / Disponibilidades / Control de Visitas / Asignación de turnos / Nueva Agenda","Conserva los destinos visibles; sus páginas y acciones no se inventan porque el capítulo no las abre.","Datos sintéticos y alcance de la organización activa.","Entrada válida, estado vacío y error accionable sin revelar existencia de registros.","Permiso explícito de lectura o escritura aplicado en navegación, control, store y persistencia.","El estado visible cambia sólo después de completar la operación autorizada.","Error accesible y genérico; no mostrar éxito anticipado.","NO_APLICA","{""chapter_id"":""CH11"",""event_id"":""CH11-E0004"",""timestamp"":""00:31:42.600"",""image"":""references/video-audit/chapters/CH11_agenda_y_turnos/event_frames/CH11-E0004_00h31m42s600ms_settled.jpg"",""detail_crop"":""references/video-audit/chapters/CH11_agenda_y_turnos/detail_crops/CH11-E0004_00h31m42s600ms_DETAIL.jpg"",""transcript"":""references/video-audit/chapters/CH11_agenda_y_turnos/transcript_raw.txt""} | {""chapter_id"":""CH11"",""event_id"":""CH11-E0069"",""timestamp"":""00:33:24.800"",""image"":""references/video-audit/chapters/CH11_agenda_y_turnos/event_frames/CH11-E0069_00h33m24s800ms_settled.jpg"",""detail_crop"":""references/video-audit/chapters/CH11_agenda_y_turnos/detail_crops/CH11-E0069_00h33m24s800ms_DETAIL.jpg"",""transcript"":""references/video-audit/chapters/CH11_agenda_y_turnos/transcript_raw.txt""}","app/views.js; app/main.js","agenda-destinations/blocked-agenda-destination","Estado mock persistido en localStorage; Supabase todavía no validado en runtime.","tests/ch11-agenda-visits.test.mjs","NOT_TESTABLE","","CH11-Q005","Conserva los destinos visibles; sus páginas y acciones no se inventan porque el capítulo no las abre. | Persiste después de recargar cuando la acción modifica datos. | Respeta rol y organización. | Tiene prueba automatizada específica y prueba de navegador cuando corresponde."
"CH11-H001","PLATFORM_HARDENING","CH11","CH11-E0019 | CH11-E0044","00:32:01.800 | 00:32:49.000","shift_transaction","Agenda","","transaction","Creación remota-first e idempotente","Valida organización e intervalo, serializa la idempotencia, confirma la RPC y sólo entonces agrega la visita local y muestra éxito.","Datos sintéticos y alcance de la organización activa.","Entrada válida, estado vacío y error accionable sin revelar existencia de registros.","Permiso explícito de lectura o escritura aplicado en navegación, control, store y persistencia.","El estado visible cambia sólo después de completar la operación autorizada.","Error accesible y genérico; no mostrar éxito anticipado.","NO_APLICA","{""chapter_id"":""CH11"",""event_id"":""CH11-E0019"",""timestamp"":""00:32:01.800"",""image"":""references/video-audit/chapters/CH11_agenda_y_turnos/event_frames/CH11-E0019_00h32m01s800ms_abrupt_change.jpg"",""detail_crop"":""references/video-audit/chapters/CH11_agenda_y_turnos/detail_crops/CH11-E0019_00h32m01s800ms_DETAIL.jpg"",""transcript"":""references/video-audit/chapters/CH11_agenda_y_turnos/transcript_raw.txt""} | {""chapter_id"":""CH11"",""event_id"":""CH11-E0044"",""timestamp"":""00:32:49.000"",""image"":""references/video-audit/chapters/CH11_agenda_y_turnos/event_frames/CH11-E0044_00h32m49s000ms_abrupt_change.jpg"",""detail_crop"":"""",""transcript"":""references/video-audit/chapters/CH11_agenda_y_turnos/transcript_raw.txt""}","app/store.js; app/supabase-adapter.js; supabase/migrations/202608270007_ch11_agenda_visits.sql","createShift/create_shift_visit","Estado mock persistido en localStorage; Supabase todavía no validado en runtime.","tests/ch11-agenda-visits.test.mjs","IMPLEMENTED_EXACT","","","Valida organización e intervalo, serializa la idempotencia, confirma la RPC y sólo entonces agrega la visita local y muestra éxito. | Persiste después de recargar cuando la acción modifica datos. | Respeta rol y organización. | Tiene prueba automatizada específica y prueba de navegador cuando corresponde."
"CH11-H002","PLATFORM_HARDENING","CH11","CH11-E0050 | CH11-E0051","00:32:51.800 | 00:32:52.400","tenant_resource","Detalle de visita","","authorization","Hospitalización, paciente y recurso del tenant","Deriva organización y paciente en servidor, valida miembro activo y cierra escrituras directas sin desactivar RLS.","Datos sintéticos y alcance de la organización activa.","Entrada válida, estado vacío y error accionable sin revelar existencia de registros.","Permiso explícito de lectura o escritura aplicado en navegación, control, store y persistencia.","El estado visible cambia sólo después de completar la operación autorizada.","Error accesible y genérico; no mostrar éxito anticipado.","NO_APLICA","{""chapter_id"":""CH11"",""event_id"":""CH11-E0050"",""timestamp"":""00:32:51.800"",""image"":""references/video-audit/chapters/CH11_agenda_y_turnos/event_frames/CH11-E0050_00h32m51s800ms_abrupt_change.jpg"",""detail_crop"":"""",""transcript"":""references/video-audit/chapters/CH11_agenda_y_turnos/transcript_raw.txt""} | {""chapter_id"":""CH11"",""event_id"":""CH11-E0051"",""timestamp"":""00:32:52.400"",""image"":""references/video-audit/chapters/CH11_agenda_y_turnos/event_frames/CH11-E0051_00h32m52s400ms_abrupt_change.jpg"",""detail_crop"":"""",""transcript"":""references/video-audit/chapters/CH11_agenda_y_turnos/transcript_raw.txt""}","app/store.js; supabase/migrations/202608270007_ch11_agenda_visits.sql","create_shift_visit/assign_shift_resource","Estado mock persistido en localStorage; Supabase todavía no validado en runtime.","tests/ch11-agenda-visits.test.mjs","IMPLEMENTED_EXACT","","","Deriva organización y paciente en servidor, valida miembro activo y cierra escrituras directas sin desactivar RLS. | Persiste después de recargar cuando la acción modifica datos. | Respeta rol y organización. | Tiene prueba automatizada específica y prueba de navegador cuando corresponde."
"CH11-H003","PLATFORM_HARDENING","CH11","CH11-E0021 | CH11-E0051","00:32:03.200 | 00:32:52.400","safe_blockers","Agenda / Detalle","","safety_guard","Recurrencia, eliminación y liquidación no simuladas","No crea series, elimina visitas ni aplica pagos/descuentos cuando faltan reglas; informa el bloqueo y registra preguntas concretas.","Datos sintéticos y alcance de la organización activa.","Entrada válida, estado vacío y error accionable sin revelar existencia de registros.","Permiso explícito de lectura o escritura aplicado en navegación, control, store y persistencia.","El estado visible cambia sólo después de completar la operación autorizada.","Error accesible y genérico; no mostrar éxito anticipado.","NO_APLICA","{""chapter_id"":""CH11"",""event_id"":""CH11-E0021"",""timestamp"":""00:32:03.200"",""image"":""references/video-audit/chapters/CH11_agenda_y_turnos/event_frames/CH11-E0021_00h32m03s200ms_abrupt_change.jpg"",""detail_crop"":"""",""transcript"":""references/video-audit/chapters/CH11_agenda_y_turnos/transcript_raw.txt""} | {""chapter_id"":""CH11"",""event_id"":""CH11-E0051"",""timestamp"":""00:32:52.400"",""image"":""references/video-audit/chapters/CH11_agenda_y_turnos/event_frames/CH11-E0051_00h32m52s400ms_abrupt_change.jpg"",""detail_crop"":"""",""transcript"":""references/video-audit/chapters/CH11_agenda_y_turnos/transcript_raw.txt""}","app/main.js; docs/OPEN_QUESTIONS.md","blocked-bulk-visits/blocked-professional-payment","Estado mock persistido en localStorage; Supabase todavía no validado en runtime.","tests/ch11-agenda-visits.test.mjs; tests/e2e/ch11.spec.mjs","IMPLEMENTED_EXACT","","","No crea series, elimina visitas ni aplica pagos/descuentos cuando faltan reglas; informa el bloqueo y registra preguntas concretas. | Persiste después de recargar cuando la acción modifica datos. | Respeta rol y organización. | Tiene prueba automatizada específica y prueba de navegador cuando corresponde."
"CH12-R001","VIDEO_REQUIREMENT","CH12","CH12-E0001 | CH12-E0005 | CH12-E0006","00:33:29.400 | 00:33:33.600 | 00:33:34.000","payables_tabs","Cuentas por pagar","","tabs","Resumen / Pagos de Servicio","Alterna las dos superficies observadas sin perder filtros ni contexto autorizado.","Datos sintéticos y alcance de la organización activa.","Entrada válida, estado vacío y error accionable sin revelar existencia de registros.","Permiso explícito de lectura o escritura aplicado en navegación, control, store y persistencia.","El estado visible cambia sólo después de completar la operación autorizada.","Error accesible y genérico; no mostrar éxito anticipado.","NO_APLICA","{""chapter_id"":""CH12"",""event_id"":""CH12-E0001"",""timestamp"":""00:33:29.400"",""image"":""references/video-audit/chapters/CH12_cuentas_por_pagar_y_pagos_de_servicios/event_frames/CH12-E0001_00h33m29s400ms_abrupt_change.jpg"",""detail_crop"":"""",""transcript"":""references/video-audit/chapters/CH12_cuentas_por_pagar_y_pagos_de_servicios/transcript_raw.txt""} | {""chapter_id"":""CH12"",""event_id"":""CH12-E0005"",""timestamp"":""00:33:33.600"",""image"":""references/video-audit/chapters/CH12_cuentas_por_pagar_y_pagos_de_servicios/event_frames/CH12-E0005_00h33m33s600ms_abrupt_change.jpg"",""detail_crop"":""references/video-audit/chapters/CH12_cuentas_por_pagar_y_pagos_de_servicios/detail_crops/CH12-E0005_00h33m33s600ms_DETAIL.jpg"",""transcript"":""references/video-audit/chapters/CH12_cuentas_por_pagar_y_pagos_de_servicios/transcript_raw.txt""} | {""chapter_id"":""CH12"",""event_id"":""CH12-E0006"",""timestamp"":""00:33:34.000"",""image"":""references/video-audit/chapters/CH12_cuentas_por_pagar_y_pagos_de_servicios/event_frames/CH12-E0006_00h33m34s000ms_abrupt_change.jpg"",""detail_crop"":""references/video-audit/chapters/CH12_cuentas_por_pagar_y_pagos_de_servicios/detail_crops/CH12-E0006_00h33m34s000ms_DETAIL.jpg"",""transcript"":""references/video-audit/chapters/CH12_cuentas_por_pagar_y_pagos_de_servicios/transcript_raw.txt""}","app/views.js; app/main.js","renderPayables/set-payables-tab","Estado mock persistido en localStorage; Supabase todavía no validado en runtime.","tests/ch12-professional-payables.test.mjs; tests/e2e/ch12.spec.mjs","IMPLEMENTED_EXACT","","","Alterna las dos superficies observadas sin perder filtros ni contexto autorizado. | Persiste después de recargar cuando la acción modifica datos. | Respeta rol y organización. | Tiene prueba automatizada específica y prueba de navegador cuando corresponde."
"CH12-R002","VIDEO_REQUIREMENT","CH12","CH12-E0001 | CH12-E0004","00:33:29.400 | 00:33:30.600","summary","Cuentas por pagar","Resumen","summary_tables","Facturas / Reclamos","Presenta estados profesionales disponibles y conserva Reclamos como vacío explícito hasta definir su entidad y relación financiera.","Datos sintéticos y alcance de la organización activa.","Entrada válida, estado vacío y error accionable sin revelar existencia de registros.","Permiso explícito de lectura o escritura aplicado en navegación, control, store y persistencia.","El estado visible cambia sólo después de completar la operación autorizada.","Error accesible y genérico; no mostrar éxito anticipado.","NO_APLICA","{""chapter_id"":""CH12"",""event_id"":""CH12-E0001"",""timestamp"":""00:33:29.400"",""image"":""references/video-audit/chapters/CH12_cuentas_por_pagar_y_pagos_de_servicios/event_frames/CH12-E0001_00h33m29s400ms_abrupt_change.jpg"",""detail_crop"":"""",""transcript"":""references/video-audit/chapters/CH12_cuentas_por_pagar_y_pagos_de_servicios/transcript_raw.txt""} | {""chapter_id"":""CH12"",""event_id"":""CH12-E0004"",""timestamp"":""00:33:30.600"",""image"":""references/video-audit/chapters/CH12_cuentas_por_pagar_y_pagos_de_servicios/event_frames/CH12-E0004_00h33m30s600ms_abrupt_change.jpg"",""detail_crop"":""references/video-audit/chapters/CH12_cuentas_por_pagar_y_pagos_de_servicios/detail_crops/CH12-E0004_00h33m30s600ms_DETAIL.jpg"",""transcript"":""references/video-audit/chapters/CH12_cuentas_por_pagar_y_pagos_de_servicios/transcript_raw.txt""}","app/views.js; docs/OPEN_QUESTIONS.md","renderPayables","Estado mock persistido en localStorage; Supabase todavía no validado en runtime.","tests/e2e/ch12.spec.mjs","IMPLEMENTED_PARTIAL","","CH12-Q011","Presenta estados profesionales disponibles y conserva Reclamos como vacío explícito hasta definir su entidad y relación financiera. | Persiste después de recargar cuando la acción modifica datos. | Respeta rol y organización. | Tiene prueba automatizada específica y prueba de navegador cuando corresponde."
"CH12-R003","VIDEO_REQUIREMENT","CH12","CH12-E0001","00:33:29.400","summary_actions","Cuentas por pagar","Resumen","action_group","Generar planilla / Restricciones / Descargar / Limpiar Tabla","Descarga un CSV sintético provisional; acciones monetarias o ambiguas permanecen visibles y bloqueadas sin afirmar éxito.","Datos sintéticos y alcance de la organización activa.","Entrada válida, estado vacío y error accionable sin revelar existencia de registros.","Permiso explícito de lectura o escritura aplicado en navegación, control, store y persistencia.","El estado visible cambia sólo después de completar la operación autorizada.","Error accesible y genérico; no mostrar éxito anticipado.","NO_APLICA","{""chapter_id"":""CH12"",""event_id"":""CH12-E0001"",""timestamp"":""00:33:29.400"",""image"":""references/video-audit/chapters/CH12_cuentas_por_pagar_y_pagos_de_servicios/event_frames/CH12-E0001_00h33m29s400ms_abrupt_change.jpg"",""detail_crop"":"""",""transcript"":""references/video-audit/chapters/CH12_cuentas_por_pagar_y_pagos_de_servicios/transcript_raw.txt""}","app/views.js; app/main.js; app/store.js","renderPayables/export-payables/blocked-payables-mutation/generateDoctorStatements","Estado mock persistido en localStorage; Supabase todavía no validado en runtime.","tests/ch12-professional-payables.test.mjs; tests/e2e/ch12.spec.mjs","IMPLEMENTED_PARTIAL","","CH12-Q008 | CH12-Q009 | CH12-Q010","Descarga un CSV sintético provisional; acciones monetarias o ambiguas permanecen visibles y bloqueadas sin afirmar éxito. | Persiste después de recargar cuando la acción modifica datos. | Respeta rol y organización. | Tiene prueba automatizada específica y prueba de navegador cuando corresponde."
"CH12-R004","VIDEO_REQUIREMENT","CH12","CH12-E0007 | CH12-E0013 | CH12-E0015","00:33:53.600 | 00:34:14.800 | 00:34:16.400","payment_filters","Cuentas por pagar","Pagos de Servicio","filter_panel","Fecha desde / Fecha hasta / Recurso / Estado / Cerrar / Limpiar / Aplicar","Combina rango, recurso y estado; valida el filtro en cliente, permite limpiar y aplica sin alterar datos financieros.","Datos sintéticos y alcance de la organización activa.","Entrada válida, estado vacío y error accionable sin revelar existencia de registros.","Permiso explícito de lectura o escritura aplicado en navegación, control, store y persistencia.","El estado visible cambia sólo después de completar la operación autorizada.","Error accesible y genérico; no mostrar éxito anticipado.","NO_APLICA","{""chapter_id"":""CH12"",""event_id"":""CH12-E0007"",""timestamp"":""00:33:53.600"",""image"":""references/video-audit/chapters/CH12_cuentas_por_pagar_y_pagos_de_servicios/event_frames/CH12-E0007_00h33m53s600ms_motion_progress.jpg"",""detail_crop"":""references/video-audit/chapters/CH12_cuentas_por_pagar_y_pagos_de_servicios/detail_crops/CH12-E0007_00h33m53s600ms_DETAIL.jpg"",""transcript"":""references/video-audit/chapters/CH12_cuentas_por_pagar_y_pagos_de_servicios/transcript_raw.txt""} | {""chapter_id"":""CH12"",""event_id"":""CH12-E0013"",""timestamp"":""00:34:14.800"",""image"":""references/video-audit/chapters/CH12_cuentas_por_pagar_y_pagos_de_servicios/event_frames/CH12-E0013_00h34m14s800ms_settled.jpg"",""detail_crop"":""references/video-audit/chapters/CH12_cuentas_por_pagar_y_pagos_de_servicios/detail_crops/CH12-E0013_00h34m14s800ms_DETAIL.jpg"",""transcript"":""references/video-audit/chapters/CH12_cuentas_por_pagar_y_pagos_de_servicios/transcript_raw.txt""} | {""chapter_id"":""CH12"",""event_id"":""CH12-E0015"",""timestamp"":""00:34:16.400"",""image"":""references/video-audit/chapters/CH12_cuentas_por_pagar_y_pagos_de_servicios/event_frames/CH12-E0015_00h34m16s400ms_stable_change.jpg"",""detail_crop"":""references/video-audit/chapters/CH12_cuentas_por_pagar_y_pagos_de_servicios/detail_crops/CH12-E0015_00h34m16s400ms_DETAIL.jpg"",""transcript"":""references/video-audit/chapters/CH12_cuentas_por_pagar_y_pagos_de_servicios/transcript_raw.txt""}","app/views.js; app/main.js","renderPayables/apply-payables-filters/clear-payables-filters","Estado mock persistido en localStorage; Supabase todavía no validado en runtime.","tests/e2e/ch12.spec.mjs","IMPLEMENTED_EXACT","","","Combina rango, recurso y estado; valida el filtro en cliente, permite limpiar y aplica sin alterar datos financieros. | Persiste después de recargar cuando la acción modifica datos. | Respeta rol y organización. | Tiene prueba automatizada específica y prueba de navegador cuando corresponde."
"CH12-R005","VIDEO_REQUIREMENT","CH12","CH12-E0006 | CH12-E0016 | CH12-E0020","00:33:34.000 | 00:34:17.000 | 00:34:23.000","service_payments","Cuentas por pagar","Pagos de Servicio","data_table","Recurso / Fecha Visita / Paciente / Monto / Estatus / Est. Visita","Lista una fila por servicio, separa estado de pago y visita, y muestra No documentado cuando no existe correlación autoritativa.","Datos sintéticos y alcance de la organización activa.","Entrada válida, estado vacío y error accionable sin revelar existencia de registros.","Permiso explícito de lectura o escritura aplicado en navegación, control, store y persistencia.","El estado visible cambia sólo después de completar la operación autorizada.","Error accesible y genérico; no mostrar éxito anticipado.","NO_APLICA","{""chapter_id"":""CH12"",""event_id"":""CH12-E0006"",""timestamp"":""00:33:34.000"",""image"":""references/video-audit/chapters/CH12_cuentas_por_pagar_y_pagos_de_servicios/event_frames/CH12-E0006_00h33m34s000ms_abrupt_change.jpg"",""detail_crop"":""references/video-audit/chapters/CH12_cuentas_por_pagar_y_pagos_de_servicios/detail_crops/CH12-E0006_00h33m34s000ms_DETAIL.jpg"",""transcript"":""references/video-audit/chapters/CH12_cuentas_por_pagar_y_pagos_de_servicios/transcript_raw.txt""} | {""chapter_id"":""CH12"",""event_id"":""CH12-E0016"",""timestamp"":""00:34:17.000"",""image"":""references/video-audit/chapters/CH12_cuentas_por_pagar_y_pagos_de_servicios/event_frames/CH12-E0016_00h34m17s000ms_abrupt_change.jpg"",""detail_crop"":""references/video-audit/chapters/CH12_cuentas_por_pagar_y_pagos_de_servicios/detail_crops/CH12-E0016_00h34m17s000ms_DETAIL.jpg"",""transcript"":""references/video-audit/chapters/CH12_cuentas_por_pagar_y_pagos_de_servicios/transcript_raw.txt""} | {""chapter_id"":""CH12"",""event_id"":""CH12-E0020"",""timestamp"":""00:34:23.000"",""image"":""references/video-audit/chapters/CH12_cuentas_por_pagar_y_pagos_de_servicios/event_frames/CH12-E0020_00h34m23s000ms_settled.jpg"",""detail_crop"":""references/video-audit/chapters/CH12_cuentas_por_pagar_y_pagos_de_servicios/detail_crops/CH12-E0020_00h34m23s000ms_DETAIL.jpg"",""transcript"":""references/video-audit/chapters/CH12_cuentas_por_pagar_y_pagos_de_servicios/transcript_raw.txt""}","app/views.js; app/supabase-adapter.js","renderPayables/mapSupabaseBootstrap","Estado mock persistido en localStorage; Supabase todavía no validado en runtime.","tests/ch12-professional-payables.test.mjs; tests/e2e/ch12.spec.mjs","IMPLEMENTED_EXACT","","","Lista una fila por servicio, separa estado de pago y visita, y muestra No documentado cuando no existe correlación autoritativa. | Persiste después de recargar cuando la acción modifica datos. | Respeta rol y organización. | Tiene prueba automatizada específica y prueba de navegador cuando corresponde."
"CH12-R006","VIDEO_REQUIREMENT","CH12","CH12-E0004 | CH12-E0047 | CH12-E0048","00:33:30.600 | 00:35:13.000 | 00:35:15.400","table_navigation","Cuentas por pagar","Pagos de Servicio","search_pagination","Selección / búsqueda / cantidad de registros / paginación","Permite seleccionar filas localmente, buscar por recurso/paciente/caso y navegar páginas sin ejecutar una edición grupal.","Datos sintéticos y alcance de la organización activa.","Entrada válida, estado vacío y error accionable sin revelar existencia de registros.","Permiso explícito de lectura o escritura aplicado en navegación, control, store y persistencia.","El estado visible cambia sólo después de completar la operación autorizada.","Error accesible y genérico; no mostrar éxito anticipado.","NO_APLICA","{""chapter_id"":""CH12"",""event_id"":""CH12-E0004"",""timestamp"":""00:33:30.600"",""image"":""references/video-audit/chapters/CH12_cuentas_por_pagar_y_pagos_de_servicios/event_frames/CH12-E0004_00h33m30s600ms_abrupt_change.jpg"",""detail_crop"":""references/video-audit/chapters/CH12_cuentas_por_pagar_y_pagos_de_servicios/detail_crops/CH12-E0004_00h33m30s600ms_DETAIL.jpg"",""transcript"":""references/video-audit/chapters/CH12_cuentas_por_pagar_y_pagos_de_servicios/transcript_raw.txt""} | {""chapter_id"":""CH12"",""event_id"":""CH12-E0047"",""timestamp"":""00:35:13.000"",""image"":""references/video-audit/chapters/CH12_cuentas_por_pagar_y_pagos_de_servicios/event_frames/CH12-E0047_00h35m13s000ms_abrupt_change.jpg"",""detail_crop"":"""",""transcript"":""references/video-audit/chapters/CH12_cuentas_por_pagar_y_pagos_de_servicios/transcript_raw.txt""} | {""chapter_id"":""CH12"",""event_id"":""CH12-E0048"",""timestamp"":""00:35:15.400"",""image"":""references/video-audit/chapters/CH12_cuentas_por_pagar_y_pagos_de_servicios/event_frames/CH12-E0048_00h35m15s400ms_abrupt_change.jpg"",""detail_crop"":"""",""transcript"":""references/video-audit/chapters/CH12_cuentas_por_pagar_y_pagos_de_servicios/transcript_raw.txt""}","app/views.js; app/main.js","renderPayables/payables-search/payables-page","Estado mock persistido en localStorage; Supabase todavía no validado en runtime.","tests/e2e/ch12.spec.mjs","IMPLEMENTED_EXACT","","","Permite seleccionar filas localmente, buscar por recurso/paciente/caso y navegar páginas sin ejecutar una edición grupal. | Persiste después de recargar cuando la acción modifica datos. | Respeta rol y organización. | Tiene prueba automatizada específica y prueba de navegador cuando corresponde."
"CH12-R007","VIDEO_REQUIREMENT","CH12","CH12-E0021 | CH12-E0022 | CH12-E0024","00:34:42.200 | 00:34:42.800 | 00:34:44.600","payment_editor","Pago de servicios profesionales","","modal_form","Fecha / Hospitalización / Recurso / Paciente / Tarifa / Monto / Estatus / Comentarios / Conceptos","Abre el servicio autorizado y presenta todos los campos observados en modo de revisión; no permite cambiar valores sin reglas financieras aprobadas.","Datos sintéticos y alcance de la organización activa.","Entrada válida, estado vacío y error accionable sin revelar existencia de registros.","Permiso explícito de lectura o escritura aplicado en navegación, control, store y persistencia.","El estado visible cambia sólo después de completar la operación autorizada.","Error accesible y genérico; no mostrar éxito anticipado.","NO_APLICA","{""chapter_id"":""CH12"",""event_id"":""CH12-E0021"",""timestamp"":""00:34:42.200"",""image"":""references/video-audit/chapters/CH12_cuentas_por_pagar_y_pagos_de_servicios/event_frames/CH12-E0021_00h34m42s200ms_abrupt_change.jpg"",""detail_crop"":"""",""transcript"":""references/video-audit/chapters/CH12_cuentas_por_pagar_y_pagos_de_servicios/transcript_raw.txt""} | {""chapter_id"":""CH12"",""event_id"":""CH12-E0022"",""timestamp"":""00:34:42.800"",""image"":""references/video-audit/chapters/CH12_cuentas_por_pagar_y_pagos_de_servicios/event_frames/CH12-E0022_00h34m42s800ms_stable_change.jpg"",""detail_crop"":""references/video-audit/chapters/CH12_cuentas_por_pagar_y_pagos_de_servicios/detail_crops/CH12-E0022_00h34m42s800ms_DETAIL.jpg"",""transcript"":""references/video-audit/chapters/CH12_cuentas_por_pagar_y_pagos_de_servicios/transcript_raw.txt""} | {""chapter_id"":""CH12"",""event_id"":""CH12-E0024"",""timestamp"":""00:34:44.600"",""image"":""references/video-audit/chapters/CH12_cuentas_por_pagar_y_pagos_de_servicios/event_frames/CH12-E0024_00h34m44s600ms_stable_change.jpg"",""detail_crop"":""references/video-audit/chapters/CH12_cuentas_por_pagar_y_pagos_de_servicios/detail_crops/CH12-E0024_00h34m44s600ms_DETAIL.jpg"",""transcript"":""references/video-audit/chapters/CH12_cuentas_por_pagar_y_pagos_de_servicios/transcript_raw.txt""}","app/main.js","openProfessionalServicePayment","Estado mock persistido en localStorage; Supabase todavía no validado en runtime.","tests/e2e/ch12.spec.mjs","IMPLEMENTED_PARTIAL","","CH12-Q002 | CH12-Q003 | CH12-Q004 | CH12-Q007","Abre el servicio autorizado y presenta todos los campos observados en modo de revisión; no permite cambiar valores sin reglas financieras aprobadas. | Persiste después de recargar cuando la acción modifica datos. | Respeta rol y organización. | Tiene prueba automatizada específica y prueba de navegador cuando corresponde."
"CH12-R008","VIDEO_REQUIREMENT","CH12","CH12-E0025 | CH12-E0026 | CH12-E0034","00:34:47.600 | 00:34:48.600 | 00:35:02.000","payment_concept","Agregar Concepto","","modal_form","Tipo / Motivo / Monto / Comentario / Añadidura / Descuento","Alterna los catálogos documentales y captura el borrador visual, pero Agregar no modifica saldos ni persiste conceptos sin contrato aprobado.","Datos sintéticos y alcance de la organización activa.","Entrada válida, estado vacío y error accionable sin revelar existencia de registros.","Permiso explícito de lectura o escritura aplicado en navegación, control, store y persistencia.","El estado visible cambia sólo después de completar la operación autorizada.","Error accesible y genérico; no mostrar éxito anticipado.","NO_APLICA","{""chapter_id"":""CH12"",""event_id"":""CH12-E0025"",""timestamp"":""00:34:47.600"",""image"":""references/video-audit/chapters/CH12_cuentas_por_pagar_y_pagos_de_servicios/event_frames/CH12-E0025_00h34m47s600ms_abrupt_change.jpg"",""detail_crop"":"""",""transcript"":""references/video-audit/chapters/CH12_cuentas_por_pagar_y_pagos_de_servicios/transcript_raw.txt""} | {""chapter_id"":""CH12"",""event_id"":""CH12-E0026"",""timestamp"":""00:34:48.600"",""image"":""references/video-audit/chapters/CH12_cuentas_por_pagar_y_pagos_de_servicios/event_frames/CH12-E0026_00h34m48s600ms_stable_change.jpg"",""detail_crop"":""references/video-audit/chapters/CH12_cuentas_por_pagar_y_pagos_de_servicios/detail_crops/CH12-E0026_00h34m48s600ms_DETAIL.jpg"",""transcript"":""references/video-audit/chapters/CH12_cuentas_por_pagar_y_pagos_de_servicios/transcript_raw.txt""} | {""chapter_id"":""CH12"",""event_id"":""CH12-E0034"",""timestamp"":""00:35:02.000"",""image"":""references/video-audit/chapters/CH12_cuentas_por_pagar_y_pagos_de_servicios/event_frames/CH12-E0034_00h35m02s000ms_abrupt_change.jpg"",""detail_crop"":""references/video-audit/chapters/CH12_cuentas_por_pagar_y_pagos_de_servicios/detail_crops/CH12-E0034_00h35m02s000ms_DETAIL.jpg"",""transcript"":""references/video-audit/chapters/CH12_cuentas_por_pagar_y_pagos_de_servicios/transcript_raw.txt""}","app/main.js","openProfessionalPaymentConcept/blocked-payables-mutation","Estado mock persistido en localStorage; Supabase todavía no validado en runtime.","tests/ch12-professional-payables.test.mjs; tests/e2e/ch12.spec.mjs","IMPLEMENTED_PARTIAL","","CH12-Q005 | CH12-Q006 | CH12-Q007","Alterna los catálogos documentales y captura el borrador visual, pero Agregar no modifica saldos ni persiste conceptos sin contrato aprobado. | Persiste después de recargar cuando la acción modifica datos. | Respeta rol y organización. | Tiene prueba automatizada específica y prueba de navegador cuando corresponde."
"CH12-R009","VIDEO_REQUIREMENT","CH12","CH12-E0029 | CH12-E0035 | CH12-E0037","00:34:55.800 | 00:35:02.800 | 00:35:04.800","concept_catalogs","Agregar Concepto","","catalogs","Motivos visibles de añadidura y descuento","Expone sólo los rótulos observados como catálogo documental; no deriva fórmulas, obligatoriedad ni efecto contable.","Datos sintéticos y alcance de la organización activa.","Entrada válida, estado vacío y error accionable sin revelar existencia de registros.","Permiso explícito de lectura o escritura aplicado en navegación, control, store y persistencia.","El estado visible cambia sólo después de completar la operación autorizada.","Error accesible y genérico; no mostrar éxito anticipado.","NO_APLICA","{""chapter_id"":""CH12"",""event_id"":""CH12-E0029"",""timestamp"":""00:34:55.800"",""image"":""references/video-audit/chapters/CH12_cuentas_por_pagar_y_pagos_de_servicios/event_frames/CH12-E0029_00h34m55s800ms_motion_progress.jpg"",""detail_crop"":""references/video-audit/chapters/CH12_cuentas_por_pagar_y_pagos_de_servicios/detail_crops/CH12-E0029_00h34m55s800ms_DETAIL.jpg"",""transcript"":""references/video-audit/chapters/CH12_cuentas_por_pagar_y_pagos_de_servicios/transcript_raw.txt""} | {""chapter_id"":""CH12"",""event_id"":""CH12-E0035"",""timestamp"":""00:35:02.800"",""image"":""references/video-audit/chapters/CH12_cuentas_por_pagar_y_pagos_de_servicios/event_frames/CH12-E0035_00h35m02s800ms_stable_change.jpg"",""detail_crop"":""references/video-audit/chapters/CH12_cuentas_por_pagar_y_pagos_de_servicios/detail_crops/CH12-E0035_00h35m02s800ms_DETAIL.jpg"",""transcript"":""references/video-audit/chapters/CH12_cuentas_por_pagar_y_pagos_de_servicios/transcript_raw.txt""} | {""chapter_id"":""CH12"",""event_id"":""CH12-E0037"",""timestamp"":""00:35:04.800"",""image"":""references/video-audit/chapters/CH12_cuentas_por_pagar_y_pagos_de_servicios/event_frames/CH12-E0037_00h35m04s800ms_motion_progress.jpg"",""detail_crop"":""references/video-audit/chapters/CH12_cuentas_por_pagar_y_pagos_de_servicios/detail_crops/CH12-E0037_00h35m04s800ms_DETAIL.jpg"",""transcript"":""references/video-audit/chapters/CH12_cuentas_por_pagar_y_pagos_de_servicios/transcript_raw.txt""}","app/main.js; docs/OPEN_QUESTIONS.md","PROFESSIONAL_ADDITION_REASONS/PROFESSIONAL_DISCOUNT_REASONS","Estado mock persistido en localStorage; Supabase todavía no validado en runtime.","tests/ch12-professional-payables.test.mjs; tests/e2e/ch12.spec.mjs","IMPLEMENTED_EXACT","","CH12-Q005 | CH12-Q006","Expone sólo los rótulos observados como catálogo documental; no deriva fórmulas, obligatoriedad ni efecto contable. | Persiste después de recargar cuando la acción modifica datos. | Respeta rol y organización. | Tiene prueba automatizada específica y prueba de navegador cuando corresponde."
"CH12-R010","VIDEO_REQUIREMENT","CH12","CH12-E0006 | CH12-E0015","00:33:34.000 | 00:34:16.400","group_reports","Cuentas por pagar","Pagos de Servicio","action_group","Editar Grupo / Reporte Por Recurso / reporte parcialmente oculto","Conserva acciones visibles; no edita ni genera documentos oficiales hasta definir selección, permisos, contenido y el control oculto.","Datos sintéticos y alcance de la organización activa.","Entrada válida, estado vacío y error accionable sin revelar existencia de registros.","Permiso explícito de lectura o escritura aplicado en navegación, control, store y persistencia.","El estado visible cambia sólo después de completar la operación autorizada.","Error accesible y genérico; no mostrar éxito anticipado.","NO_APLICA","{""chapter_id"":""CH12"",""event_id"":""CH12-E0006"",""timestamp"":""00:33:34.000"",""image"":""references/video-audit/chapters/CH12_cuentas_por_pagar_y_pagos_de_servicios/event_frames/CH12-E0006_00h33m34s000ms_abrupt_change.jpg"",""detail_crop"":""references/video-audit/chapters/CH12_cuentas_por_pagar_y_pagos_de_servicios/detail_crops/CH12-E0006_00h33m34s000ms_DETAIL.jpg"",""transcript"":""references/video-audit/chapters/CH12_cuentas_por_pagar_y_pagos_de_servicios/transcript_raw.txt""} | {""chapter_id"":""CH12"",""event_id"":""CH12-E0015"",""timestamp"":""00:34:16.400"",""image"":""references/video-audit/chapters/CH12_cuentas_por_pagar_y_pagos_de_servicios/event_frames/CH12-E0015_00h34m16s400ms_stable_change.jpg"",""detail_crop"":""references/video-audit/chapters/CH12_cuentas_por_pagar_y_pagos_de_servicios/detail_crops/CH12-E0015_00h34m16s400ms_DETAIL.jpg"",""transcript"":""references/video-audit/chapters/CH12_cuentas_por_pagar_y_pagos_de_servicios/transcript_raw.txt""}","app/views.js; app/main.js","renderPayables/blocked-payables-mutation","Estado mock persistido en localStorage; Supabase todavía no validado en runtime.","tests/e2e/ch12.spec.mjs","NEEDS_CLIENT_CONFIRMATION","","CH12-Q001 | CH12-Q007 | CH12-Q010","Conserva acciones visibles; no edita ni genera documentos oficiales hasta definir selección, permisos, contenido y el control oculto. | Persiste después de recargar cuando la acción modifica datos. | Respeta rol y organización. | Tiene prueba automatizada específica y prueba de navegador cuando corresponde."
"CH12-R011","VIDEO_REQUIREMENT","CH12","CH12-E0042 | CH12-E0044 | CH12-E0045","00:35:09.800 | 00:35:11.400 | 00:35:11.800","cancel_save","Pago de servicios profesionales","","form_actions","Cancelar / Guardar","Cancelar cierra sin persistir; Guardar permanece bloqueado hasta disponer de transición remota, permisos e historial de corrección.","Datos sintéticos y alcance de la organización activa.","Entrada válida, estado vacío y error accionable sin revelar existencia de registros.","Permiso explícito de lectura o escritura aplicado en navegación, control, store y persistencia.","El estado visible cambia sólo después de completar la operación autorizada.","Error accesible y genérico; no mostrar éxito anticipado.","NO_APLICA","{""chapter_id"":""CH12"",""event_id"":""CH12-E0042"",""timestamp"":""00:35:09.800"",""image"":""references/video-audit/chapters/CH12_cuentas_por_pagar_y_pagos_de_servicios/event_frames/CH12-E0042_00h35m09s800ms_abrupt_change.jpg"",""detail_crop"":""references/video-audit/chapters/CH12_cuentas_por_pagar_y_pagos_de_servicios/detail_crops/CH12-E0042_00h35m09s800ms_DETAIL.jpg"",""transcript"":""references/video-audit/chapters/CH12_cuentas_por_pagar_y_pagos_de_servicios/transcript_raw.txt""} | {""chapter_id"":""CH12"",""event_id"":""CH12-E0044"",""timestamp"":""00:35:11.400"",""image"":""references/video-audit/chapters/CH12_cuentas_por_pagar_y_pagos_de_servicios/event_frames/CH12-E0044_00h35m11s400ms_abrupt_change.jpg"",""detail_crop"":""references/video-audit/chapters/CH12_cuentas_por_pagar_y_pagos_de_servicios/detail_crops/CH12-E0044_00h35m11s400ms_DETAIL.jpg"",""transcript"":""references/video-audit/chapters/CH12_cuentas_por_pagar_y_pagos_de_servicios/transcript_raw.txt""} | {""chapter_id"":""CH12"",""event_id"":""CH12-E0045"",""timestamp"":""00:35:11.800"",""image"":""references/video-audit/chapters/CH12_cuentas_por_pagar_y_pagos_de_servicios/event_frames/CH12-E0045_00h35m11s800ms_abrupt_change.jpg"",""detail_crop"":"""",""transcript"":""references/video-audit/chapters/CH12_cuentas_por_pagar_y_pagos_de_servicios/transcript_raw.txt""}","app/main.js; app/store.js","openProfessionalServicePayment/blocked-payables-mutation","Estado mock persistido en localStorage; Supabase todavía no validado en runtime.","tests/ch12-professional-payables.test.mjs; tests/e2e/ch12.spec.mjs","IMPLEMENTED_PARTIAL","","CH12-Q002 | CH12-Q007 | CH12-Q012","Cancelar cierra sin persistir; Guardar permanece bloqueado hasta disponer de transición remota, permisos e historial de corrección. | Persiste después de recargar cuando la acción modifica datos. | Respeta rol y organización. | Tiene prueba automatizada específica y prueba de navegador cuando corresponde."
"CH12-R012","VIDEO_REQUIREMENT","CH12","CH12-E0001 | CH12-E0050","00:33:29.400 | 00:35:16.200","payroll_generation","Cuentas por pagar","","financial_workflow","Corte quincenal y reporte consolidado descritos verbalmente","No se implementa una regla de período, agrupación, tarifa o desembolso a partir del audio; requiere contrato explícito.","Datos sintéticos y alcance de la organización activa.","Entrada válida, estado vacío y error accionable sin revelar existencia de registros.","Permiso explícito de lectura o escritura aplicado en navegación, control, store y persistencia.","El estado visible cambia sólo después de completar la operación autorizada.","Error accesible y genérico; no mostrar éxito anticipado.","NO_APLICA","{""chapter_id"":""CH12"",""event_id"":""CH12-E0001"",""timestamp"":""00:33:29.400"",""image"":""references/video-audit/chapters/CH12_cuentas_por_pagar_y_pagos_de_servicios/event_frames/CH12-E0001_00h33m29s400ms_abrupt_change.jpg"",""detail_crop"":"""",""transcript"":""references/video-audit/chapters/CH12_cuentas_por_pagar_y_pagos_de_servicios/transcript_raw.txt""} | {""chapter_id"":""CH12"",""event_id"":""CH12-E0050"",""timestamp"":""00:35:16.200"",""image"":""references/video-audit/chapters/CH12_cuentas_por_pagar_y_pagos_de_servicios/event_frames/CH12-E0050_00h35m16s200ms_abrupt_change.jpg"",""detail_crop"":"""",""transcript"":""references/video-audit/chapters/CH12_cuentas_por_pagar_y_pagos_de_servicios/transcript_raw.txt""}","app/store.js; docs/OPEN_QUESTIONS.md","generateDoctorStatements","Estado mock persistido en localStorage; Supabase todavía no validado en runtime.","tests/ch12-professional-payables.test.mjs","NEEDS_CLIENT_CONFIRMATION","","CH12-Q002 | CH12-Q004 | CH12-Q008 | CH12-Q010 | CH12-Q012","No se implementa una regla de período, agrupación, tarifa o desembolso a partir del audio; requiere contrato explícito. | Persiste después de recargar cuando la acción modifica datos. | Respeta rol y organización. | Tiene prueba automatizada específica y prueba de navegador cuando corresponde."
"CH12-H001","PLATFORM_HARDENING","CH12","CH12-E0004 | CH12-E0016","00:33:30.600 | 00:34:17.000","supabase_bootstrap","Cuentas por pagar","","data_contract","Bootstrap productivo de servicios y estados profesionales","Carga doctor_services y normaliza snake_case, importes e ítems de doctor_statements para que la fuente Supabase no vacíe ni rompa las vistas.","Datos sintéticos y alcance de la organización activa.","Entrada válida, estado vacío y error accionable sin revelar existencia de registros.","Permiso explícito de lectura o escritura aplicado en navegación, control, store y persistencia.","El estado visible cambia sólo después de completar la operación autorizada.","Error accesible y genérico; no mostrar éxito anticipado.","NO_APLICA","{""chapter_id"":""CH12"",""event_id"":""CH12-E0004"",""timestamp"":""00:33:30.600"",""image"":""references/video-audit/chapters/CH12_cuentas_por_pagar_y_pagos_de_servicios/event_frames/CH12-E0004_00h33m30s600ms_abrupt_change.jpg"",""detail_crop"":""references/video-audit/chapters/CH12_cuentas_por_pagar_y_pagos_de_servicios/detail_crops/CH12-E0004_00h33m30s600ms_DETAIL.jpg"",""transcript"":""references/video-audit/chapters/CH12_cuentas_por_pagar_y_pagos_de_servicios/transcript_raw.txt""} | {""chapter_id"":""CH12"",""event_id"":""CH12-E0016"",""timestamp"":""00:34:17.000"",""image"":""references/video-audit/chapters/CH12_cuentas_por_pagar_y_pagos_de_servicios/event_frames/CH12-E0016_00h34m17s000ms_abrupt_change.jpg"",""detail_crop"":""references/video-audit/chapters/CH12_cuentas_por_pagar_y_pagos_de_servicios/detail_crops/CH12-E0016_00h34m17s000ms_DETAIL.jpg"",""transcript"":""references/video-audit/chapters/CH12_cuentas_por_pagar_y_pagos_de_servicios/transcript_raw.txt""}","app/supabase-adapter.js","mapSupabaseBootstrap/bootstrap","Estado mock persistido en localStorage; Supabase todavía no validado en runtime.","tests/ch12-professional-payables.test.mjs","IMPLEMENTED_EXACT","","","Carga doctor_services y normaliza snake_case, importes e ítems de doctor_statements para que la fuente Supabase no vacíe ni rompa las vistas. | Persiste después de recargar cuando la acción modifica datos. | Respeta rol y organización. | Tiene prueba automatizada específica y prueba de navegador cuando corresponde."
"CH12-H002","PLATFORM_HARDENING","CH12","CH12-E0016 | CH12-E0022","00:34:17.000 | 00:34:42.800","financial_boundary","Persistencia","","rls_idempotency","Ítems tenant-safe y servicio en un solo estado","Habilita RLS en ítems, deriva tenant por el padre, impide incluir un servicio en dos estados y revoca DML directo en las tres tablas financieras.","Datos sintéticos y alcance de la organización activa.","Entrada válida, estado vacío y error accionable sin revelar existencia de registros.","Permiso explícito de lectura o escritura aplicado en navegación, control, store y persistencia.","El estado visible cambia sólo después de completar la operación autorizada.","Error accesible y genérico; no mostrar éxito anticipado.","NO_APLICA","{""chapter_id"":""CH12"",""event_id"":""CH12-E0016"",""timestamp"":""00:34:17.000"",""image"":""references/video-audit/chapters/CH12_cuentas_por_pagar_y_pagos_de_servicios/event_frames/CH12-E0016_00h34m17s000ms_abrupt_change.jpg"",""detail_crop"":""references/video-audit/chapters/CH12_cuentas_por_pagar_y_pagos_de_servicios/detail_crops/CH12-E0016_00h34m17s000ms_DETAIL.jpg"",""transcript"":""references/video-audit/chapters/CH12_cuentas_por_pagar_y_pagos_de_servicios/transcript_raw.txt""} | {""chapter_id"":""CH12"",""event_id"":""CH12-E0022"",""timestamp"":""00:34:42.800"",""image"":""references/video-audit/chapters/CH12_cuentas_por_pagar_y_pagos_de_servicios/event_frames/CH12-E0022_00h34m42s800ms_stable_change.jpg"",""detail_crop"":""references/video-audit/chapters/CH12_cuentas_por_pagar_y_pagos_de_servicios/detail_crops/CH12-E0022_00h34m42s800ms_DETAIL.jpg"",""transcript"":""references/video-audit/chapters/CH12_cuentas_por_pagar_y_pagos_de_servicios/transcript_raw.txt""}","supabase/migrations/202608270008_ch12_professional_payables.sql","doctor_statement_items_read/unique index/revokes","Estado mock persistido en localStorage; Supabase todavía no validado en runtime.","tests/ch12-professional-payables.test.mjs","IMPLEMENTED_EXACT","","","Habilita RLS en ítems, deriva tenant por el padre, impide incluir un servicio en dos estados y revoca DML directo en las tres tablas financieras. | Persiste después de recargar cuando la acción modifica datos. | Respeta rol y organización. | Tiene prueba automatizada específica y prueba de navegador cuando corresponde."
"CH12-H003","PLATFORM_HARDENING","CH12","CH12-E0001 | CH12-E0024","00:33:29.400 | 00:34:44.600","no_fake_finance","Cuentas por pagar / Estados","","safety_guard","Sin éxito financiero local-first","Generar, guardar, editar, enviar y reportes no confirmados fallan o se bloquean explícitamente sin mutar localStorage, auditoría o notificaciones.","Datos sintéticos y alcance de la organización activa.","Entrada válida, estado vacío y error accionable sin revelar existencia de registros.","Permiso explícito de lectura o escritura aplicado en navegación, control, store y persistencia.","El estado visible cambia sólo después de completar la operación autorizada.","Error accesible y genérico; no mostrar éxito anticipado.","NO_APLICA","{""chapter_id"":""CH12"",""event_id"":""CH12-E0001"",""timestamp"":""00:33:29.400"",""image"":""references/video-audit/chapters/CH12_cuentas_por_pagar_y_pagos_de_servicios/event_frames/CH12-E0001_00h33m29s400ms_abrupt_change.jpg"",""detail_crop"":"""",""transcript"":""references/video-audit/chapters/CH12_cuentas_por_pagar_y_pagos_de_servicios/transcript_raw.txt""} | {""chapter_id"":""CH12"",""event_id"":""CH12-E0024"",""timestamp"":""00:34:44.600"",""image"":""references/video-audit/chapters/CH12_cuentas_por_pagar_y_pagos_de_servicios/event_frames/CH12-E0024_00h34m44s600ms_stable_change.jpg"",""detail_crop"":""references/video-audit/chapters/CH12_cuentas_por_pagar_y_pagos_de_servicios/detail_crops/CH12-E0024_00h34m44s600ms_DETAIL.jpg"",""transcript"":""references/video-audit/chapters/CH12_cuentas_por_pagar_y_pagos_de_servicios/transcript_raw.txt""}","app/store.js; app/main.js","generateDoctorStatements/sendDoctorStatement/blocked-payables-mutation","Estado mock persistido en localStorage; Supabase todavía no validado en runtime.","tests/ch12-professional-payables.test.mjs; tests/e2e/ch12.spec.mjs","IMPLEMENTED_EXACT","","","Generar, guardar, editar, enviar y reportes no confirmados fallan o se bloquean explícitamente sin mutar localStorage, auditoría o notificaciones. | Persiste después de recargar cuando la acción modifica datos. | Respeta rol y organización. | Tiene prueba automatizada específica y prueba de navegador cuando corresponde."
"CH14-R001","VIDEO_REQUIREMENT","CH14","CH14-E0004 | CH14-E0006","00:39:58.200 | 00:40:05.400","inventory_navigation","Gestión de inventario","","tabs","Items / Movimientos / Comprometido / Lotes","Expone las cuatro secciones observadas, conserva la pestaña activa y limita el contenido a la organización autorizada.","Datos sintéticos y alcance de la organización activa.","Entrada válida, estado vacío y error accionable sin revelar existencia de registros.","Permiso explícito de lectura o escritura aplicado en navegación, control, store y persistencia.","El estado visible cambia sólo después de completar la operación autorizada.","Error accesible y genérico; no mostrar éxito anticipado.","NO_APLICA","{""chapter_id"":""CH14"",""event_id"":""CH14-E0004"",""timestamp"":""00:39:58.200"",""image"":""references/video-audit/chapters/CH14_inventario_movimientos_acuses_cierres_bodegas_y_kits/event_frames/CH14-E0004_00h39m58s200ms_stable_change.jpg"",""detail_crop"":"""",""transcript"":""references/video-audit/chapters/CH14_inventario_movimientos_acuses_cierres_bodegas_y_kits/transcript_raw.txt""} | {""chapter_id"":""CH14"",""event_id"":""CH14-E0006"",""timestamp"":""00:40:05.400"",""image"":""references/video-audit/chapters/CH14_inventario_movimientos_acuses_cierres_bodegas_y_kits/event_frames/CH14-E0006_00h40m05s400ms_settled.jpg"",""detail_crop"":""references/video-audit/chapters/CH14_inventario_movimientos_acuses_cierres_bodegas_y_kits/detail_crops/CH14-E0006_00h40m05s400ms_DETAIL.jpg"",""transcript"":""references/video-audit/chapters/CH14_inventario_movimientos_acuses_cierres_bodegas_y_kits/transcript_raw.txt""}","app/views.js","renderInventory/renderRoute","Estado mock persistido en localStorage; Supabase todavía no validado en runtime.","tests/ch14-inventory-boundaries.test.mjs; tests/e2e/ch14.spec.mjs","IMPLEMENTED_EXACT","","","Expone las cuatro secciones observadas, conserva la pestaña activa y limita el contenido a la organización autorizada. | Persiste después de recargar cuando la acción modifica datos. | Respeta rol y organización. | Tiene prueba automatizada específica y prueba de navegador cuando corresponde."
"CH14-R002","VIDEO_REQUIREMENT","CH14","CH14-E0005 | CH14-E0006 | CH14-E0012","00:39:59.200 | 00:40:05.400 | 00:40:13.000","inventory_list","Gestión de inventario","","data_table","Bodega / Tipo / Código / Nombre / Disp / Comp / Total","Lista y busca existencias con total reconciliable; filtro de bodega y paginación real requieren completar la interacción observada.","Datos sintéticos y alcance de la organización activa.","Entrada válida, estado vacío y error accionable sin revelar existencia de registros.","Permiso explícito de lectura o escritura aplicado en navegación, control, store y persistencia.","El estado visible cambia sólo después de completar la operación autorizada.","Error accesible y genérico; no mostrar éxito anticipado.","NO_APLICA","{""chapter_id"":""CH14"",""event_id"":""CH14-E0005"",""timestamp"":""00:39:59.200"",""image"":""references/video-audit/chapters/CH14_inventario_movimientos_acuses_cierres_bodegas_y_kits/event_frames/CH14-E0005_00h39m59s200ms_abrupt_change.jpg"",""detail_crop"":"""",""transcript"":""references/video-audit/chapters/CH14_inventario_movimientos_acuses_cierres_bodegas_y_kits/transcript_raw.txt""} | {""chapter_id"":""CH14"",""event_id"":""CH14-E0006"",""timestamp"":""00:40:05.400"",""image"":""references/video-audit/chapters/CH14_inventario_movimientos_acuses_cierres_bodegas_y_kits/event_frames/CH14-E0006_00h40m05s400ms_settled.jpg"",""detail_crop"":""references/video-audit/chapters/CH14_inventario_movimientos_acuses_cierres_bodegas_y_kits/detail_crops/CH14-E0006_00h40m05s400ms_DETAIL.jpg"",""transcript"":""references/video-audit/chapters/CH14_inventario_movimientos_acuses_cierres_bodegas_y_kits/transcript_raw.txt""} | {""chapter_id"":""CH14"",""event_id"":""CH14-E0012"",""timestamp"":""00:40:13.000"",""image"":""references/video-audit/chapters/CH14_inventario_movimientos_acuses_cierres_bodegas_y_kits/event_frames/CH14-E0012_00h40m13s000ms_settled.jpg"",""detail_crop"":""references/video-audit/chapters/CH14_inventario_movimientos_acuses_cierres_bodegas_y_kits/detail_crops/CH14-E0012_00h40m13s000ms_DETAIL.jpg"",""transcript"":""references/video-audit/chapters/CH14_inventario_movimientos_acuses_cierres_bodegas_y_kits/transcript_raw.txt""}","app/views.js","renderInventory","Estado mock persistido en localStorage; Supabase todavía no validado en runtime.","tests/e2e/ch14.spec.mjs","IMPLEMENTED_PARTIAL","","","Lista y busca existencias con total reconciliable; filtro de bodega y paginación real requieren completar la interacción observada. | Persiste después de recargar cuando la acción modifica datos. | Respeta rol y organización. | Tiene prueba automatizada específica y prueba de navegador cuando corresponde."
"CH14-R003","VIDEO_REQUIREMENT","CH14","CH14-E0005","00:39:59.200","inventory_export","Gestión de inventario","","button","Excel","Exporta únicamente el conjunto sintético autorizado; la implementación entrega CSV utilizable sin afirmar equivalencia al libro oficial.","Datos sintéticos y alcance de la organización activa.","Entrada válida, estado vacío y error accionable sin revelar existencia de registros.","Permiso explícito de lectura o escritura aplicado en navegación, control, store y persistencia.","El estado visible cambia sólo después de completar la operación autorizada.","Error accesible y genérico; no mostrar éxito anticipado.","NO_APLICA","{""chapter_id"":""CH14"",""event_id"":""CH14-E0005"",""timestamp"":""00:39:59.200"",""image"":""references/video-audit/chapters/CH14_inventario_movimientos_acuses_cierres_bodegas_y_kits/event_frames/CH14-E0005_00h39m59s200ms_abrupt_change.jpg"",""detail_crop"":"""",""transcript"":""references/video-audit/chapters/CH14_inventario_movimientos_acuses_cierres_bodegas_y_kits/transcript_raw.txt""}","app/main.js","exportInventory","Estado mock persistido en localStorage; Supabase todavía no validado en runtime.","tests/e2e/ch14.spec.mjs","IMPLEMENTED_PARTIAL","","CH14-Q003","Exporta únicamente el conjunto sintético autorizado; la implementación entrega CSV utilizable sin afirmar equivalencia al libro oficial. | Persiste después de recargar cuando la acción modifica datos. | Respeta rol y organización. | Tiene prueba automatizada específica y prueba de navegador cuando corresponde."
"CH14-R004","VIDEO_REQUIREMENT","CH14","CH14-E0014 | CH14-E0016 | CH14-E0018 | CH14-E0023","00:40:34.800 | 00:40:37.800 | 00:40:39.000 | 00:40:42.400","item_history","Movimientos de item","","modal_table","Rango de fechas / Lote o serie / Origen / Destino / Entrada o salida / Estado","Abre el historial tenant-safe con las columnas observadas; el rango y los estados documentales no se inventan como filtro o regla productiva.","Datos sintéticos y alcance de la organización activa.","Entrada válida, estado vacío y error accionable sin revelar existencia de registros.","Permiso explícito de lectura o escritura aplicado en navegación, control, store y persistencia.","El estado visible cambia sólo después de completar la operación autorizada.","Error accesible y genérico; no mostrar éxito anticipado.","NO_APLICA","{""chapter_id"":""CH14"",""event_id"":""CH14-E0014"",""timestamp"":""00:40:34.800"",""image"":""references/video-audit/chapters/CH14_inventario_movimientos_acuses_cierres_bodegas_y_kits/event_frames/CH14-E0014_00h40m34s800ms_settled.jpg"",""detail_crop"":""references/video-audit/chapters/CH14_inventario_movimientos_acuses_cierres_bodegas_y_kits/detail_crops/CH14-E0014_00h40m34s800ms_DETAIL.jpg"",""transcript"":""references/video-audit/chapters/CH14_inventario_movimientos_acuses_cierres_bodegas_y_kits/transcript_raw.txt""} | {""chapter_id"":""CH14"",""event_id"":""CH14-E0016"",""timestamp"":""00:40:37.800"",""image"":""references/video-audit/chapters/CH14_inventario_movimientos_acuses_cierres_bodegas_y_kits/event_frames/CH14-E0016_00h40m37s800ms_stable_change.jpg"",""detail_crop"":"""",""transcript"":""references/video-audit/chapters/CH14_inventario_movimientos_acuses_cierres_bodegas_y_kits/transcript_raw.txt""} | {""chapter_id"":""CH14"",""event_id"":""CH14-E0018"",""timestamp"":""00:40:39.000"",""image"":""references/video-audit/chapters/CH14_inventario_movimientos_acuses_cierres_bodegas_y_kits/event_frames/CH14-E0018_00h40m39s000ms_abrupt_change.jpg"",""detail_crop"":"""",""transcript"":""references/video-audit/chapters/CH14_inventario_movimientos_acuses_cierres_bodegas_y_kits/transcript_raw.txt""} | {""chapter_id"":""CH14"",""event_id"":""CH14-E0023"",""timestamp"":""00:40:42.400"",""image"":""references/video-audit/chapters/CH14_inventario_movimientos_acuses_cierres_bodegas_y_kits/event_frames/CH14-E0023_00h40m42s400ms_stable_change.jpg"",""detail_crop"":""references/video-audit/chapters/CH14_inventario_movimientos_acuses_cierres_bodegas_y_kits/detail_crops/CH14-E0023_00h40m42s400ms_DETAIL.jpg"",""transcript"":""references/video-audit/chapters/CH14_inventario_movimientos_acuses_cierres_bodegas_y_kits/transcript_raw.txt""}","app/main.js","inventoryItemHistory","Estado mock persistido en localStorage; Supabase todavía no validado en runtime.","tests/e2e/ch14.spec.mjs","IMPLEMENTED_PARTIAL","","CH14-Q015","Abre el historial tenant-safe con las columnas observadas; el rango y los estados documentales no se inventan como filtro o regla productiva. | Persiste después de recargar cuando la acción modifica datos. | Respeta rol y organización. | Tiene prueba automatizada específica y prueba de navegador cuando corresponde."
"CH14-R005","VIDEO_REQUIREMENT","CH14","CH14-E0018 | CH14-E0027","00:40:39.000 | 00:40:47.400","movement_types","Movimientos","","inventory_workflow","Entradas / salidas / compromiso / consumo / devolución / traslado / ajuste / baja","Sólo aplica tipos permitidos con referencia e idempotencia; el resultado remoto se confirma antes de reflejar éxito.","Datos sintéticos y alcance de la organización activa.","Entrada válida, estado vacío y error accionable sin revelar existencia de registros.","Permiso explícito de lectura o escritura aplicado en navegación, control, store y persistencia.","El estado visible cambia sólo después de completar la operación autorizada.","Error accesible y genérico; no mostrar éxito anticipado.","NO_APLICA","{""chapter_id"":""CH14"",""event_id"":""CH14-E0018"",""timestamp"":""00:40:39.000"",""image"":""references/video-audit/chapters/CH14_inventario_movimientos_acuses_cierres_bodegas_y_kits/event_frames/CH14-E0018_00h40m39s000ms_abrupt_change.jpg"",""detail_crop"":"""",""transcript"":""references/video-audit/chapters/CH14_inventario_movimientos_acuses_cierres_bodegas_y_kits/transcript_raw.txt""} | {""chapter_id"":""CH14"",""event_id"":""CH14-E0027"",""timestamp"":""00:40:47.400"",""image"":""references/video-audit/chapters/CH14_inventario_movimientos_acuses_cierres_bodegas_y_kits/event_frames/CH14-E0027_00h40m47s400ms_settled.jpg"",""detail_crop"":""references/video-audit/chapters/CH14_inventario_movimientos_acuses_cierres_bodegas_y_kits/detail_crops/CH14-E0027_00h40m47s400ms_DETAIL.jpg"",""transcript"":""references/video-audit/chapters/CH14_inventario_movimientos_acuses_cierres_bodegas_y_kits/transcript_raw.txt""}","app/store.js; app/supabase-adapter.js","createInventoryMovement/CREATE_INVENTORY_MOVEMENT","Estado mock persistido en localStorage; Supabase todavía no validado en runtime.","tests/ch14-inventory-boundaries.test.mjs","IMPLEMENTED_PARTIAL","","","Sólo aplica tipos permitidos con referencia e idempotencia; el resultado remoto se confirma antes de reflejar éxito. | Persiste después de recargar cuando la acción modifica datos. | Respeta rol y organización. | Tiene prueba automatizada específica y prueba de navegador cuando corresponde."
"CH14-R006","VIDEO_REQUIREMENT","CH14","CH14-E0018","00:40:39.000","committed_semantics","Inventario comprometido","","derived_state","Comprometido","No promueve la explicación verbal a fórmula contable hasta definir reserva, entrega, consumo, devolución y reversión.","Datos sintéticos y alcance de la organización activa.","Entrada válida, estado vacío y error accionable sin revelar existencia de registros.","Permiso explícito de lectura o escritura aplicado en navegación, control, store y persistencia.","El estado visible cambia sólo después de completar la operación autorizada.","Error accesible y genérico; no mostrar éxito anticipado.","NO_APLICA","{""chapter_id"":""CH14"",""event_id"":""CH14-E0018"",""timestamp"":""00:40:39.000"",""image"":""references/video-audit/chapters/CH14_inventario_movimientos_acuses_cierres_bodegas_y_kits/event_frames/CH14-E0018_00h40m39s000ms_abrupt_change.jpg"",""detail_crop"":"""",""transcript"":""references/video-audit/chapters/CH14_inventario_movimientos_acuses_cierres_bodegas_y_kits/transcript_raw.txt""}","app/store.js; docs/OPEN_QUESTIONS.md","createInventoryMovement","Estado mock persistido en localStorage; Supabase todavía no validado en runtime.","tests/ch14-inventory-boundaries.test.mjs","NEEDS_CLIENT_CONFIRMATION","","CH14-Q001","No promueve la explicación verbal a fórmula contable hasta definir reserva, entrega, consumo, devolución y reversión. | Persiste después de recargar cuando la acción modifica datos. | Respeta rol y organización. | Tiene prueba automatizada específica y prueba de navegador cuando corresponde."
"CH14-R007","VIDEO_REQUIREMENT","CH14","CH14-E0029 | CH14-E0030 | CH14-E0031","00:40:51.600 | 00:40:52.400 | 00:40:52.800","acknowledgement_panel","Inventario / Acuses","","tabs_table","Pacientes / Recursos / No disponible / Solicitudes / Tareas","Expone las pestañas, selector de área y tabla de pacientes; las colecciones auxiliares permanecen vacías sin fabricar datos.","Datos sintéticos y alcance de la organización activa.","Entrada válida, estado vacío y error accionable sin revelar existencia de registros.","Permiso explícito de lectura o escritura aplicado en navegación, control, store y persistencia.","El estado visible cambia sólo después de completar la operación autorizada.","Error accesible y genérico; no mostrar éxito anticipado.","NO_APLICA","{""chapter_id"":""CH14"",""event_id"":""CH14-E0029"",""timestamp"":""00:40:51.600"",""image"":""references/video-audit/chapters/CH14_inventario_movimientos_acuses_cierres_bodegas_y_kits/event_frames/CH14-E0029_00h40m51s600ms_abrupt_change.jpg"",""detail_crop"":"""",""transcript"":""references/video-audit/chapters/CH14_inventario_movimientos_acuses_cierres_bodegas_y_kits/transcript_raw.txt""} | {""chapter_id"":""CH14"",""event_id"":""CH14-E0030"",""timestamp"":""00:40:52.400"",""image"":""references/video-audit/chapters/CH14_inventario_movimientos_acuses_cierres_bodegas_y_kits/event_frames/CH14-E0030_00h40m52s400ms_abrupt_change.jpg"",""detail_crop"":"""",""transcript"":""references/video-audit/chapters/CH14_inventario_movimientos_acuses_cierres_bodegas_y_kits/transcript_raw.txt""} | {""chapter_id"":""CH14"",""event_id"":""CH14-E0031"",""timestamp"":""00:40:52.800"",""image"":""references/video-audit/chapters/CH14_inventario_movimientos_acuses_cierres_bodegas_y_kits/event_frames/CH14-E0031_00h40m52s800ms_abrupt_change.jpg"",""detail_crop"":""references/video-audit/chapters/CH14_inventario_movimientos_acuses_cierres_bodegas_y_kits/detail_crops/CH14-E0031_00h40m52s800ms_DETAIL.jpg"",""transcript"":""references/video-audit/chapters/CH14_inventario_movimientos_acuses_cierres_bodegas_y_kits/transcript_raw.txt""}","app/views.js","renderCommittedInventory","Estado mock persistido en localStorage; Supabase todavía no validado en runtime.","tests/e2e/ch14.spec.mjs","IMPLEMENTED_PARTIAL","","","Expone las pestañas, selector de área y tabla de pacientes; las colecciones auxiliares permanecen vacías sin fabricar datos. | Persiste después de recargar cuando la acción modifica datos. | Respeta rol y organización. | Tiene prueba automatizada específica y prueba de navegador cuando corresponde."
"CH14-R008","VIDEO_REQUIREMENT","CH14","CH14-E0032 | CH14-E0035 | CH14-E0038 | CH14-E0039","00:40:53.200 | 00:41:00.800 | 00:41:05.800 | 00:41:08.000","acknowledgement_actions","Inventario / Acuses","","row_menu","Nuevo / Ver / Excel / XPO / Duplicar / Editar / Asignar / Imprimir / Faltantes / Eliminar","Mantiene visibles las acciones observadas y bloquea toda mutación cuyo estado, permiso, versión, reversión o efecto no está aprobado.","Datos sintéticos y alcance de la organización activa.","Entrada válida, estado vacío y error accionable sin revelar existencia de registros.","Permiso explícito de lectura o escritura aplicado en navegación, control, store y persistencia.","El estado visible cambia sólo después de completar la operación autorizada.","Error accesible y genérico; no mostrar éxito anticipado.","NO_APLICA","{""chapter_id"":""CH14"",""event_id"":""CH14-E0032"",""timestamp"":""00:40:53.200"",""image"":""references/video-audit/chapters/CH14_inventario_movimientos_acuses_cierres_bodegas_y_kits/event_frames/CH14-E0032_00h40m53s200ms_abrupt_change.jpg"",""detail_crop"":"""",""transcript"":""references/video-audit/chapters/CH14_inventario_movimientos_acuses_cierres_bodegas_y_kits/transcript_raw.txt""} | {""chapter_id"":""CH14"",""event_id"":""CH14-E0035"",""timestamp"":""00:41:00.800"",""image"":""references/video-audit/chapters/CH14_inventario_movimientos_acuses_cierres_bodegas_y_kits/event_frames/CH14-E0035_00h41m00s800ms_settled.jpg"",""detail_crop"":""references/video-audit/chapters/CH14_inventario_movimientos_acuses_cierres_bodegas_y_kits/detail_crops/CH14-E0035_00h41m00s800ms_DETAIL.jpg"",""transcript"":""references/video-audit/chapters/CH14_inventario_movimientos_acuses_cierres_bodegas_y_kits/transcript_raw.txt""} | {""chapter_id"":""CH14"",""event_id"":""CH14-E0038"",""timestamp"":""00:41:05.800"",""image"":""references/video-audit/chapters/CH14_inventario_movimientos_acuses_cierres_bodegas_y_kits/event_frames/CH14-E0038_00h41m05s800ms_settled.jpg"",""detail_crop"":""references/video-audit/chapters/CH14_inventario_movimientos_acuses_cierres_bodegas_y_kits/detail_crops/CH14-E0038_00h41m05s800ms_DETAIL.jpg"",""transcript"":""references/video-audit/chapters/CH14_inventario_movimientos_acuses_cierres_bodegas_y_kits/transcript_raw.txt""} | {""chapter_id"":""CH14"",""event_id"":""CH14-E0039"",""timestamp"":""00:41:08.000"",""image"":""references/video-audit/chapters/CH14_inventario_movimientos_acuses_cierres_bodegas_y_kits/event_frames/CH14-E0039_00h41m08s000ms_settled.jpg"",""detail_crop"":""references/video-audit/chapters/CH14_inventario_movimientos_acuses_cierres_bodegas_y_kits/detail_crops/CH14-E0039_00h41m08s000ms_DETAIL.jpg"",""transcript"":""references/video-audit/chapters/CH14_inventario_movimientos_acuses_cierres_bodegas_y_kits/transcript_raw.txt""}","app/views.js; app/main.js","renderCommittedInventory/blocked-inventory-action","Estado mock persistido en localStorage; Supabase todavía no validado en runtime.","tests/e2e/ch14.spec.mjs","NEEDS_CLIENT_CONFIRMATION","","CH14-Q002 | CH14-Q003","Mantiene visibles las acciones observadas y bloquea toda mutación cuyo estado, permiso, versión, reversión o efecto no está aprobado. | Persiste después de recargar cuando la acción modifica datos. | Respeta rol y organización. | Tiene prueba automatizada específica y prueba de navegador cuando corresponde."
"CH14-R009","VIDEO_REQUIREMENT","CH14","CH14-E0147 | CH14-E0148 | CH14-E0149 | CH14-E0152","00:45:19.800 | 00:45:20.400 | 00:45:23.800 | 00:45:27.400","acknowledgement_form","Acuse nuevo","","form","Paciente / Fecha / Hospitalización / Bodega / Item / Disponible / Asignar / Vaciar / Plantilla / Añadir","Reproduce la captura observada sin aplicar existencias ni afirmar guardado hasta aprobar su contrato e idempotencia.","Datos sintéticos y alcance de la organización activa.","Entrada válida, estado vacío y error accionable sin revelar existencia de registros.","Permiso explícito de lectura o escritura aplicado en navegación, control, store y persistencia.","El estado visible cambia sólo después de completar la operación autorizada.","Error accesible y genérico; no mostrar éxito anticipado.","NO_APLICA","{""chapter_id"":""CH14"",""event_id"":""CH14-E0147"",""timestamp"":""00:45:19.800"",""image"":""references/video-audit/chapters/CH14_inventario_movimientos_acuses_cierres_bodegas_y_kits/event_frames/CH14-E0147_00h45m19s800ms_abrupt_change.jpg"",""detail_crop"":"""",""transcript"":""references/video-audit/chapters/CH14_inventario_movimientos_acuses_cierres_bodegas_y_kits/transcript_raw.txt""} | {""chapter_id"":""CH14"",""event_id"":""CH14-E0148"",""timestamp"":""00:45:20.400"",""image"":""references/video-audit/chapters/CH14_inventario_movimientos_acuses_cierres_bodegas_y_kits/event_frames/CH14-E0148_00h45m20s400ms_stable_change.jpg"",""detail_crop"":"""",""transcript"":""references/video-audit/chapters/CH14_inventario_movimientos_acuses_cierres_bodegas_y_kits/transcript_raw.txt""} | {""chapter_id"":""CH14"",""event_id"":""CH14-E0149"",""timestamp"":""00:45:23.800"",""image"":""references/video-audit/chapters/CH14_inventario_movimientos_acuses_cierres_bodegas_y_kits/event_frames/CH14-E0149_00h45m23s800ms_settled.jpg"",""detail_crop"":""references/video-audit/chapters/CH14_inventario_movimientos_acuses_cierres_bodegas_y_kits/detail_crops/CH14-E0149_00h45m23s800ms_DETAIL.jpg"",""transcript"":""references/video-audit/chapters/CH14_inventario_movimientos_acuses_cierres_bodegas_y_kits/transcript_raw.txt""} | {""chapter_id"":""CH14"",""event_id"":""CH14-E0152"",""timestamp"":""00:45:27.400"",""image"":""references/video-audit/chapters/CH14_inventario_movimientos_acuses_cierres_bodegas_y_kits/event_frames/CH14-E0152_00h45m27s400ms_abrupt_change.jpg"",""detail_crop"":"""",""transcript"":""references/video-audit/chapters/CH14_inventario_movimientos_acuses_cierres_bodegas_y_kits/transcript_raw.txt""}","app/main.js","openAcknowledgementForm","Estado mock persistido en localStorage; Supabase todavía no validado en runtime.","tests/e2e/ch14.spec.mjs","IMPLEMENTED_PARTIAL","","CH14-Q001 | CH14-Q002 | CH14-Q004","Reproduce la captura observada sin aplicar existencias ni afirmar guardado hasta aprobar su contrato e idempotencia. | Persiste después de recargar cuando la acción modifica datos. | Respeta rol y organización. | Tiene prueba automatizada específica y prueba de navegador cuando corresponde."
"CH14-R010","VIDEO_REQUIREMENT","CH14","CH14-E0152","00:45:27.400","missing_items","Acuse nuevo","","inventory_exception","Items faltantes","No crea compras, sustituciones, notificaciones ni stock negativo hasta definir el flujo posterior y Acuse creado.","Datos sintéticos y alcance de la organización activa.","Entrada válida, estado vacío y error accionable sin revelar existencia de registros.","Permiso explícito de lectura o escritura aplicado en navegación, control, store y persistencia.","El estado visible cambia sólo después de completar la operación autorizada.","Error accesible y genérico; no mostrar éxito anticipado.","NO_APLICA","{""chapter_id"":""CH14"",""event_id"":""CH14-E0152"",""timestamp"":""00:45:27.400"",""image"":""references/video-audit/chapters/CH14_inventario_movimientos_acuses_cierres_bodegas_y_kits/event_frames/CH14-E0152_00h45m27s400ms_abrupt_change.jpg"",""detail_crop"":"""",""transcript"":""references/video-audit/chapters/CH14_inventario_movimientos_acuses_cierres_bodegas_y_kits/transcript_raw.txt""}","app/main.js; docs/OPEN_QUESTIONS.md","blocked-inventory-action","Estado mock persistido en localStorage; Supabase todavía no validado en runtime.","tests/e2e/ch14.spec.mjs","NEEDS_CLIENT_CONFIRMATION","","CH14-Q005","No crea compras, sustituciones, notificaciones ni stock negativo hasta definir el flujo posterior y Acuse creado. | Persiste después de recargar cuando la acción modifica datos. | Respeta rol y organización. | Tiene prueba automatizada específica y prueba de navegador cuando corresponde."
"CH14-R011","VIDEO_REQUIREMENT","CH14","CH14-E0041 | CH14-E0047 | CH14-E0049 | CH14-E0056","00:41:38.600 | 00:41:57.800 | 00:42:14.800 | 00:42:36.000","closure_panel","Inventario / Cierres","","tabs_table","Pendientes / Cierres totales / Cerrados / Recursos","Expone las cuatro secciones y los casos sintéticos sin ejecutar transiciones de cierre no confirmadas.","Datos sintéticos y alcance de la organización activa.","Entrada válida, estado vacío y error accionable sin revelar existencia de registros.","Permiso explícito de lectura o escritura aplicado en navegación, control, store y persistencia.","El estado visible cambia sólo después de completar la operación autorizada.","Error accesible y genérico; no mostrar éxito anticipado.","NO_APLICA","{""chapter_id"":""CH14"",""event_id"":""CH14-E0041"",""timestamp"":""00:41:38.600"",""image"":""references/video-audit/chapters/CH14_inventario_movimientos_acuses_cierres_bodegas_y_kits/event_frames/CH14-E0041_00h41m38s600ms_stable_change.jpg"",""detail_crop"":"""",""transcript"":""references/video-audit/chapters/CH14_inventario_movimientos_acuses_cierres_bodegas_y_kits/transcript_raw.txt""} | {""chapter_id"":""CH14"",""event_id"":""CH14-E0047"",""timestamp"":""00:41:57.800"",""image"":""references/video-audit/chapters/CH14_inventario_movimientos_acuses_cierres_bodegas_y_kits/event_frames/CH14-E0047_00h41m57s800ms_settled.jpg"",""detail_crop"":""references/video-audit/chapters/CH14_inventario_movimientos_acuses_cierres_bodegas_y_kits/detail_crops/CH14-E0047_00h41m57s800ms_DETAIL.jpg"",""transcript"":""references/video-audit/chapters/CH14_inventario_movimientos_acuses_cierres_bodegas_y_kits/transcript_raw.txt""} | {""chapter_id"":""CH14"",""event_id"":""CH14-E0049"",""timestamp"":""00:42:14.800"",""image"":""references/video-audit/chapters/CH14_inventario_movimientos_acuses_cierres_bodegas_y_kits/event_frames/CH14-E0049_00h42m14s800ms_stable_change.jpg"",""detail_crop"":"""",""transcript"":""references/video-audit/chapters/CH14_inventario_movimientos_acuses_cierres_bodegas_y_kits/transcript_raw.txt""} | {""chapter_id"":""CH14"",""event_id"":""CH14-E0056"",""timestamp"":""00:42:36.000"",""image"":""references/video-audit/chapters/CH14_inventario_movimientos_acuses_cierres_bodegas_y_kits/event_frames/CH14-E0056_00h42m36s000ms_settled.jpg"",""detail_crop"":""references/video-audit/chapters/CH14_inventario_movimientos_acuses_cierres_bodegas_y_kits/detail_crops/CH14-E0056_00h42m36s000ms_DETAIL.jpg"",""transcript"":""references/video-audit/chapters/CH14_inventario_movimientos_acuses_cierres_bodegas_y_kits/transcript_raw.txt""}","app/views.js","renderInventoryClosures","Estado mock persistido en localStorage; Supabase todavía no validado en runtime.","tests/e2e/ch14.spec.mjs","IMPLEMENTED_PARTIAL","","","Expone las cuatro secciones y los casos sintéticos sin ejecutar transiciones de cierre no confirmadas. | Persiste después de recargar cuando la acción modifica datos. | Respeta rol y organización. | Tiene prueba automatizada específica y prueba de navegador cuando corresponde."
"CH14-R012","VIDEO_REQUIREMENT","CH14","CH14-E0043 | CH14-E0044 | CH14-E0045","00:41:43.600 | 00:41:44.200 | 00:41:46.400","closure_warning","Advertencia","","confirmation_dialog","Cancelar / Aceptar","Advierte posible pérdida, permite cancelar sin cambios y mantiene Aceptar bloqueado hasta disponer de recuperación y autorización auditada.","Datos sintéticos y alcance de la organización activa.","Entrada válida, estado vacío y error accionable sin revelar existencia de registros.","Permiso explícito de lectura o escritura aplicado en navegación, control, store y persistencia.","El estado visible cambia sólo después de completar la operación autorizada.","Error accesible y genérico; no mostrar éxito anticipado.","NO_APLICA","{""chapter_id"":""CH14"",""event_id"":""CH14-E0043"",""timestamp"":""00:41:43.600"",""image"":""references/video-audit/chapters/CH14_inventario_movimientos_acuses_cierres_bodegas_y_kits/event_frames/CH14-E0043_00h41m43s600ms_abrupt_change.jpg"",""detail_crop"":"""",""transcript"":""references/video-audit/chapters/CH14_inventario_movimientos_acuses_cierres_bodegas_y_kits/transcript_raw.txt""} | {""chapter_id"":""CH14"",""event_id"":""CH14-E0044"",""timestamp"":""00:41:44.200"",""image"":""references/video-audit/chapters/CH14_inventario_movimientos_acuses_cierres_bodegas_y_kits/event_frames/CH14-E0044_00h41m44s200ms_stable_change.jpg"",""detail_crop"":"""",""transcript"":""references/video-audit/chapters/CH14_inventario_movimientos_acuses_cierres_bodegas_y_kits/transcript_raw.txt""} | {""chapter_id"":""CH14"",""event_id"":""CH14-E0045"",""timestamp"":""00:41:46.400"",""image"":""references/video-audit/chapters/CH14_inventario_movimientos_acuses_cierres_bodegas_y_kits/event_frames/CH14-E0045_00h41m46s400ms_abrupt_change.jpg"",""detail_crop"":""references/video-audit/chapters/CH14_inventario_movimientos_acuses_cierres_bodegas_y_kits/detail_crops/CH14-E0045_00h41m46s400ms_DETAIL.jpg"",""transcript"":""references/video-audit/chapters/CH14_inventario_movimientos_acuses_cierres_bodegas_y_kits/transcript_raw.txt""}","app/main.js","openClosureWarning","Estado mock persistido en localStorage; Supabase todavía no validado en runtime.","tests/e2e/ch14.spec.mjs","IMPLEMENTED_EXACT","","CH14-Q006","Advierte posible pérdida, permite cancelar sin cambios y mantiene Aceptar bloqueado hasta disponer de recuperación y autorización auditada. | Persiste después de recargar cuando la acción modifica datos. | Respeta rol y organización. | Tiene prueba automatizada específica y prueba de navegador cuando corresponde."
"CH14-R013","VIDEO_REQUIREMENT","CH14","CH14-E0050 | CH14-E0051 | CH14-E0052 | CH14-E0053 | CH14-E0054","00:42:16.400 | 00:42:19.600 | 00:42:20.200 | 00:42:22.200 | 00:42:28.600","closure_state_machine","Cierres totales","","row_menu","Editar / Imprimir / Aprobar / Cancelar","No crea, aprueba, cancela ni revierte cierres hasta aprobar estados, conciliación, permisos y efectos; la impresión visible no concede validez oficial.","Datos sintéticos y alcance de la organización activa.","Entrada válida, estado vacío y error accionable sin revelar existencia de registros.","Permiso explícito de lectura o escritura aplicado en navegación, control, store y persistencia.","El estado visible cambia sólo después de completar la operación autorizada.","Error accesible y genérico; no mostrar éxito anticipado.","NO_APLICA","{""chapter_id"":""CH14"",""event_id"":""CH14-E0050"",""timestamp"":""00:42:16.400"",""image"":""references/video-audit/chapters/CH14_inventario_movimientos_acuses_cierres_bodegas_y_kits/event_frames/CH14-E0050_00h42m16s400ms_settled.jpg"",""detail_crop"":""references/video-audit/chapters/CH14_inventario_movimientos_acuses_cierres_bodegas_y_kits/detail_crops/CH14-E0050_00h42m16s400ms_DETAIL.jpg"",""transcript"":""references/video-audit/chapters/CH14_inventario_movimientos_acuses_cierres_bodegas_y_kits/transcript_raw.txt""} | {""chapter_id"":""CH14"",""event_id"":""CH14-E0051"",""timestamp"":""00:42:19.600"",""image"":""references/video-audit/chapters/CH14_inventario_movimientos_acuses_cierres_bodegas_y_kits/event_frames/CH14-E0051_00h42m19s600ms_abrupt_change.jpg"",""detail_crop"":"""",""transcript"":""references/video-audit/chapters/CH14_inventario_movimientos_acuses_cierres_bodegas_y_kits/transcript_raw.txt""} | {""chapter_id"":""CH14"",""event_id"":""CH14-E0052"",""timestamp"":""00:42:20.200"",""image"":""references/video-audit/chapters/CH14_inventario_movimientos_acuses_cierres_bodegas_y_kits/event_frames/CH14-E0052_00h42m20s200ms_stable_change.jpg"",""detail_crop"":"""",""transcript"":""references/video-audit/chapters/CH14_inventario_movimientos_acuses_cierres_bodegas_y_kits/transcript_raw.txt""} | {""chapter_id"":""CH14"",""event_id"":""CH14-E0053"",""timestamp"":""00:42:22.200"",""image"":""references/video-audit/chapters/CH14_inventario_movimientos_acuses_cierres_bodegas_y_kits/event_frames/CH14-E0053_00h42m22s200ms_abrupt_change.jpg"",""detail_crop"":""references/video-audit/chapters/CH14_inventario_movimientos_acuses_cierres_bodegas_y_kits/detail_crops/CH14-E0053_00h42m22s200ms_DETAIL.jpg"",""transcript"":""references/video-audit/chapters/CH14_inventario_movimientos_acuses_cierres_bodegas_y_kits/transcript_raw.txt""} | {""chapter_id"":""CH14"",""event_id"":""CH14-E0054"",""timestamp"":""00:42:28.600"",""image"":""references/video-audit/chapters/CH14_inventario_movimientos_acuses_cierres_bodegas_y_kits/event_frames/CH14-E0054_00h42m28s600ms_settled.jpg"",""detail_crop"":""references/video-audit/chapters/CH14_inventario_movimientos_acuses_cierres_bodegas_y_kits/detail_crops/CH14-E0054_00h42m28s600ms_DETAIL.jpg"",""transcript"":""references/video-audit/chapters/CH14_inventario_movimientos_acuses_cierres_bodegas_y_kits/transcript_raw.txt""}","app/store.js; app/main.js","createInventoryClosure/approveInventoryClosure","Estado mock persistido en localStorage; Supabase todavía no validado en runtime.","tests/ch14-inventory-boundaries.test.mjs; tests/e2e/ch14.spec.mjs","NEEDS_CLIENT_CONFIRMATION","","CH14-Q006 | CH14-Q007","No crea, aprueba, cancela ni revierte cierres hasta aprobar estados, conciliación, permisos y efectos; la impresión visible no concede validez oficial. | Persiste después de recargar cuando la acción modifica datos. | Respeta rol y organización. | Tiene prueba automatizada específica y prueba de navegador cuando corresponde."
"CH14-R014","VIDEO_REQUIREMENT","CH14","CH14-E0058 | CH14-E0059 | CH14-E0061 | CH14-E0064","00:43:19.800 | 00:43:21.200 | 00:43:24.400 | 00:43:26.200","suppliers","Inventario / Proveedores","","catalog_table","Código / Empresa / Contacto / Teléfono / Correo / Dirección / Nuevo / Editar","Presenta el catálogo sintético tenant-scoped; alta, edición y desactivación permanecen bloqueadas hasta definir identidad, unicidad e historial.","Datos sintéticos y alcance de la organización activa.","Entrada válida, estado vacío y error accionable sin revelar existencia de registros.","Permiso explícito de lectura o escritura aplicado en navegación, control, store y persistencia.","El estado visible cambia sólo después de completar la operación autorizada.","Error accesible y genérico; no mostrar éxito anticipado.","NO_APLICA","{""chapter_id"":""CH14"",""event_id"":""CH14-E0058"",""timestamp"":""00:43:19.800"",""image"":""references/video-audit/chapters/CH14_inventario_movimientos_acuses_cierres_bodegas_y_kits/event_frames/CH14-E0058_00h43m19s800ms_settled.jpg"",""detail_crop"":""references/video-audit/chapters/CH14_inventario_movimientos_acuses_cierres_bodegas_y_kits/detail_crops/CH14-E0058_00h43m19s800ms_DETAIL.jpg"",""transcript"":""references/video-audit/chapters/CH14_inventario_movimientos_acuses_cierres_bodegas_y_kits/transcript_raw.txt""} | {""chapter_id"":""CH14"",""event_id"":""CH14-E0059"",""timestamp"":""00:43:21.200"",""image"":""references/video-audit/chapters/CH14_inventario_movimientos_acuses_cierres_bodegas_y_kits/event_frames/CH14-E0059_00h43m21s200ms_settled.jpg"",""detail_crop"":""references/video-audit/chapters/CH14_inventario_movimientos_acuses_cierres_bodegas_y_kits/detail_crops/CH14-E0059_00h43m21s200ms_DETAIL.jpg"",""transcript"":""references/video-audit/chapters/CH14_inventario_movimientos_acuses_cierres_bodegas_y_kits/transcript_raw.txt""} | {""chapter_id"":""CH14"",""event_id"":""CH14-E0061"",""timestamp"":""00:43:24.400"",""image"":""references/video-audit/chapters/CH14_inventario_movimientos_acuses_cierres_bodegas_y_kits/event_frames/CH14-E0061_00h43m24s400ms_abrupt_change.jpg"",""detail_crop"":"""",""transcript"":""references/video-audit/chapters/CH14_inventario_movimientos_acuses_cierres_bodegas_y_kits/transcript_raw.txt""} | {""chapter_id"":""CH14"",""event_id"":""CH14-E0064"",""timestamp"":""00:43:26.200"",""image"":""references/video-audit/chapters/CH14_inventario_movimientos_acuses_cierres_bodegas_y_kits/event_frames/CH14-E0064_00h43m26s200ms_abrupt_change.jpg"",""detail_crop"":"""",""transcript"":""references/video-audit/chapters/CH14_inventario_movimientos_acuses_cierres_bodegas_y_kits/transcript_raw.txt""}","app/views.js","renderSuppliers","Estado mock persistido en localStorage; Supabase todavía no validado en runtime.","tests/e2e/ch14.spec.mjs","IMPLEMENTED_PARTIAL","","CH14-Q008","Presenta el catálogo sintético tenant-scoped; alta, edición y desactivación permanecen bloqueadas hasta definir identidad, unicidad e historial. | Persiste después de recargar cuando la acción modifica datos. | Respeta rol y organización. | Tiene prueba automatizada específica y prueba de navegador cuando corresponde."
"CH14-R015","VIDEO_REQUIREMENT","CH14","CH14-E0069 | CH14-E0070 | CH14-E0071 | CH14-E0073","00:43:31.800 | 00:43:32.400 | 00:43:33.400 | 00:43:36.000","warehouses","Items / Bodegas","","catalog_table","Estado / Nombre / Descripción / Fecha de creación / Nuevo / Editar","Presenta bodegas autorizadas; altas y cambios permanecen bloqueados hasta definir ciclo de vida y referencias históricas.","Datos sintéticos y alcance de la organización activa.","Entrada válida, estado vacío y error accionable sin revelar existencia de registros.","Permiso explícito de lectura o escritura aplicado en navegación, control, store y persistencia.","El estado visible cambia sólo después de completar la operación autorizada.","Error accesible y genérico; no mostrar éxito anticipado.","NO_APLICA","{""chapter_id"":""CH14"",""event_id"":""CH14-E0069"",""timestamp"":""00:43:31.800"",""image"":""references/video-audit/chapters/CH14_inventario_movimientos_acuses_cierres_bodegas_y_kits/event_frames/CH14-E0069_00h43m31s800ms_abrupt_change.jpg"",""detail_crop"":"""",""transcript"":""references/video-audit/chapters/CH14_inventario_movimientos_acuses_cierres_bodegas_y_kits/transcript_raw.txt""} | {""chapter_id"":""CH14"",""event_id"":""CH14-E0070"",""timestamp"":""00:43:32.400"",""image"":""references/video-audit/chapters/CH14_inventario_movimientos_acuses_cierres_bodegas_y_kits/event_frames/CH14-E0070_00h43m32s400ms_abrupt_change.jpg"",""detail_crop"":"""",""transcript"":""references/video-audit/chapters/CH14_inventario_movimientos_acuses_cierres_bodegas_y_kits/transcript_raw.txt""} | {""chapter_id"":""CH14"",""event_id"":""CH14-E0071"",""timestamp"":""00:43:33.400"",""image"":""references/video-audit/chapters/CH14_inventario_movimientos_acuses_cierres_bodegas_y_kits/event_frames/CH14-E0071_00h43m33s400ms_settled.jpg"",""detail_crop"":""references/video-audit/chapters/CH14_inventario_movimientos_acuses_cierres_bodegas_y_kits/detail_crops/CH14-E0071_00h43m33s400ms_DETAIL.jpg"",""transcript"":""references/video-audit/chapters/CH14_inventario_movimientos_acuses_cierres_bodegas_y_kits/transcript_raw.txt""} | {""chapter_id"":""CH14"",""event_id"":""CH14-E0073"",""timestamp"":""00:43:36.000"",""image"":""references/video-audit/chapters/CH14_inventario_movimientos_acuses_cierres_bodegas_y_kits/event_frames/CH14-E0073_00h43m36s000ms_abrupt_change.jpg"",""detail_crop"":"""",""transcript"":""references/video-audit/chapters/CH14_inventario_movimientos_acuses_cierres_bodegas_y_kits/transcript_raw.txt""}","app/views.js","renderWarehouses","Estado mock persistido en localStorage; Supabase todavía no validado en runtime.","tests/e2e/ch14.spec.mjs","IMPLEMENTED_PARTIAL","","CH14-Q009","Presenta bodegas autorizadas; altas y cambios permanecen bloqueados hasta definir ciclo de vida y referencias históricas. | Persiste después de recargar cuando la acción modifica datos. | Respeta rol y organización. | Tiene prueba automatizada específica y prueba de navegador cuando corresponde."
"CH14-R016","VIDEO_REQUIREMENT","CH14","CH14-E0005 | CH14-E0069","00:39:59.200 | 00:43:31.800","warehouse_transfer","Inventario / Bodegas","","inventory_workflow","Traslados","Transfiere sólo por la RPC idempotente, tenant-safe y auditada; la superficie aún no reproduce el acceso directo completo.","Datos sintéticos y alcance de la organización activa.","Entrada válida, estado vacío y error accionable sin revelar existencia de registros.","Permiso explícito de lectura o escritura aplicado en navegación, control, store y persistencia.","El estado visible cambia sólo después de completar la operación autorizada.","Error accesible y genérico; no mostrar éxito anticipado.","NO_APLICA","{""chapter_id"":""CH14"",""event_id"":""CH14-E0005"",""timestamp"":""00:39:59.200"",""image"":""references/video-audit/chapters/CH14_inventario_movimientos_acuses_cierres_bodegas_y_kits/event_frames/CH14-E0005_00h39m59s200ms_abrupt_change.jpg"",""detail_crop"":"""",""transcript"":""references/video-audit/chapters/CH14_inventario_movimientos_acuses_cierres_bodegas_y_kits/transcript_raw.txt""} | {""chapter_id"":""CH14"",""event_id"":""CH14-E0069"",""timestamp"":""00:43:31.800"",""image"":""references/video-audit/chapters/CH14_inventario_movimientos_acuses_cierres_bodegas_y_kits/event_frames/CH14-E0069_00h43m31s800ms_abrupt_change.jpg"",""detail_crop"":"""",""transcript"":""references/video-audit/chapters/CH14_inventario_movimientos_acuses_cierres_bodegas_y_kits/transcript_raw.txt""}","app/store.js; app/supabase-adapter.js","createInventoryMovement/CREATE_INVENTORY_MOVEMENT","Estado mock persistido en localStorage; Supabase todavía no validado en runtime.","tests/ch14-inventory-boundaries.test.mjs","IMPLEMENTED_PARTIAL","","CH14-Q009","Transfiere sólo por la RPC idempotente, tenant-safe y auditada; la superficie aún no reproduce el acceso directo completo. | Persiste después de recargar cuando la acción modifica datos. | Respeta rol y organización. | Tiene prueba automatizada específica y prueba de navegador cuando corresponde."
"CH14-R017","VIDEO_REQUIREMENT","CH14","CH14-E0076 | CH14-E0078 | CH14-E0081 | CH14-E0092","00:44:03.000 | 00:44:04.600 | 00:44:10.400 | 00:44:24.400","lots_serials","Inventario: Lotes y números de serie","","catalog_table","Número / Descripción / Item / Fecha E - Fecha V / Estado","Lista lotes y series tenant-safe; creación, edición, unicidad y corrección quedan bloqueadas hasta aprobar su ciclo de vida.","Datos sintéticos y alcance de la organización activa.","Entrada válida, estado vacío y error accionable sin revelar existencia de registros.","Permiso explícito de lectura o escritura aplicado en navegación, control, store y persistencia.","El estado visible cambia sólo después de completar la operación autorizada.","Error accesible y genérico; no mostrar éxito anticipado.","NO_APLICA","{""chapter_id"":""CH14"",""event_id"":""CH14-E0076"",""timestamp"":""00:44:03.000"",""image"":""references/video-audit/chapters/CH14_inventario_movimientos_acuses_cierres_bodegas_y_kits/event_frames/CH14-E0076_00h44m03s000ms_abrupt_change.jpg"",""detail_crop"":"""",""transcript"":""references/video-audit/chapters/CH14_inventario_movimientos_acuses_cierres_bodegas_y_kits/transcript_raw.txt""} | {""chapter_id"":""CH14"",""event_id"":""CH14-E0078"",""timestamp"":""00:44:04.600"",""image"":""references/video-audit/chapters/CH14_inventario_movimientos_acuses_cierres_bodegas_y_kits/event_frames/CH14-E0078_00h44m04s600ms_settled.jpg"",""detail_crop"":""references/video-audit/chapters/CH14_inventario_movimientos_acuses_cierres_bodegas_y_kits/detail_crops/CH14-E0078_00h44m04s600ms_DETAIL.jpg"",""transcript"":""references/video-audit/chapters/CH14_inventario_movimientos_acuses_cierres_bodegas_y_kits/transcript_raw.txt""} | {""chapter_id"":""CH14"",""event_id"":""CH14-E0081"",""timestamp"":""00:44:10.400"",""image"":""references/video-audit/chapters/CH14_inventario_movimientos_acuses_cierres_bodegas_y_kits/event_frames/CH14-E0081_00h44m10s400ms_abrupt_change.jpg"",""detail_crop"":"""",""transcript"":""references/video-audit/chapters/CH14_inventario_movimientos_acuses_cierres_bodegas_y_kits/transcript_raw.txt""} | {""chapter_id"":""CH14"",""event_id"":""CH14-E0092"",""timestamp"":""00:44:24.400"",""image"":""references/video-audit/chapters/CH14_inventario_movimientos_acuses_cierres_bodegas_y_kits/event_frames/CH14-E0092_00h44m24s400ms_abrupt_change.jpg"",""detail_crop"":"""",""transcript"":""references/video-audit/chapters/CH14_inventario_movimientos_acuses_cierres_bodegas_y_kits/transcript_raw.txt""}","app/views.js; app/supabase-adapter.js","renderInventoryLots/mapSupabaseBootstrap","Estado mock persistido en localStorage; Supabase todavía no validado en runtime.","tests/ch14-inventory-boundaries.test.mjs; tests/e2e/ch14.spec.mjs","IMPLEMENTED_PARTIAL","","CH14-Q010 | CH14-Q011","Lista lotes y series tenant-safe; creación, edición, unicidad y corrección quedan bloqueadas hasta aprobar su ciclo de vida. | Persiste después de recargar cuando la acción modifica datos. | Respeta rol y organización. | Tiene prueba automatizada específica y prueba de navegador cuando corresponde."
"CH14-R018","VIDEO_REQUIREMENT","CH14","CH14-E0082 | CH14-E0083 | CH14-E0084 | CH14-E0087","00:44:11.400 | 00:44:13.000 | 00:44:13.600 | 00:44:19.400","invalid_expiry","Lotes y números de serie","","safety_state","Fecha inválida con estado activo","No reproduce el defecto inseguro: la RPC rechaza lotes vencidos/no disponibles y la UI no presenta la fecha inválida como inventario utilizable.","Datos sintéticos y alcance de la organización activa.","Entrada válida, estado vacío y error accionable sin revelar existencia de registros.","Permiso explícito de lectura o escritura aplicado en navegación, control, store y persistencia.","El estado visible cambia sólo después de completar la operación autorizada.","Error accesible y genérico; no mostrar éxito anticipado.","NO_APLICA","{""chapter_id"":""CH14"",""event_id"":""CH14-E0082"",""timestamp"":""00:44:11.400"",""image"":""references/video-audit/chapters/CH14_inventario_movimientos_acuses_cierres_bodegas_y_kits/event_frames/CH14-E0082_00h44m11s400ms_abrupt_change.jpg"",""detail_crop"":""references/video-audit/chapters/CH14_inventario_movimientos_acuses_cierres_bodegas_y_kits/detail_crops/CH14-E0082_00h44m11s400ms_DETAIL.jpg"",""transcript"":""references/video-audit/chapters/CH14_inventario_movimientos_acuses_cierres_bodegas_y_kits/transcript_raw.txt""} | {""chapter_id"":""CH14"",""event_id"":""CH14-E0083"",""timestamp"":""00:44:13.000"",""image"":""references/video-audit/chapters/CH14_inventario_movimientos_acuses_cierres_bodegas_y_kits/event_frames/CH14-E0083_00h44m13s000ms_abrupt_change.jpg"",""detail_crop"":""references/video-audit/chapters/CH14_inventario_movimientos_acuses_cierres_bodegas_y_kits/detail_crops/CH14-E0083_00h44m13s000ms_DETAIL.jpg"",""transcript"":""references/video-audit/chapters/CH14_inventario_movimientos_acuses_cierres_bodegas_y_kits/transcript_raw.txt""} | {""chapter_id"":""CH14"",""event_id"":""CH14-E0084"",""timestamp"":""00:44:13.600"",""image"":""references/video-audit/chapters/CH14_inventario_movimientos_acuses_cierres_bodegas_y_kits/event_frames/CH14-E0084_00h44m13s600ms_stable_change.jpg"",""detail_crop"":""references/video-audit/chapters/CH14_inventario_movimientos_acuses_cierres_bodegas_y_kits/detail_crops/CH14-E0084_00h44m13s600ms_DETAIL.jpg"",""transcript"":""references/video-audit/chapters/CH14_inventario_movimientos_acuses_cierres_bodegas_y_kits/transcript_raw.txt""} | {""chapter_id"":""CH14"",""event_id"":""CH14-E0087"",""timestamp"":""00:44:19.400"",""image"":""references/video-audit/chapters/CH14_inventario_movimientos_acuses_cierres_bodegas_y_kits/event_frames/CH14-E0087_00h44m19s400ms_stable_change.jpg"",""detail_crop"":"""",""transcript"":""references/video-audit/chapters/CH14_inventario_movimientos_acuses_cierres_bodegas_y_kits/transcript_raw.txt""}","supabase/migrations/202608260006_p0_notifications_payments_inventory.sql; app/views.js","apply_inventory_movement_v2/renderInventoryLots","Estado mock persistido en localStorage; Supabase todavía no validado en runtime.","tests/ch14-inventory-boundaries.test.mjs","IMPLEMENTED_PARTIAL","","CH14-Q010","No reproduce el defecto inseguro: la RPC rechaza lotes vencidos/no disponibles y la UI no presenta la fecha inválida como inventario utilizable. | Persiste después de recargar cuando la acción modifica datos. | Respeta rol y organización. | Tiene prueba automatizada específica y prueba de navegador cuando corresponde."
"CH14-R019","VIDEO_REQUIREMENT","CH14","CH14-E0094 | CH14-E0095 | CH14-E0096 | CH14-E0098 | CH14-E0101","00:44:29.000 | 00:44:29.400 | 00:44:29.800 | 00:44:31.400 | 00:44:33.000","kit_catalog","Inventario / Kit de insumos","","catalog_table","Excel / Nuevo / Editar / Duplicar / Eliminar","Expone lista y acciones; no afirma mutación ni exportación oficial sin reglas de versionado, uso histórico y permisos.","Datos sintéticos y alcance de la organización activa.","Entrada válida, estado vacío y error accionable sin revelar existencia de registros.","Permiso explícito de lectura o escritura aplicado en navegación, control, store y persistencia.","El estado visible cambia sólo después de completar la operación autorizada.","Error accesible y genérico; no mostrar éxito anticipado.","NO_APLICA","{""chapter_id"":""CH14"",""event_id"":""CH14-E0094"",""timestamp"":""00:44:29.000"",""image"":""references/video-audit/chapters/CH14_inventario_movimientos_acuses_cierres_bodegas_y_kits/event_frames/CH14-E0094_00h44m29s000ms_abrupt_change.jpg"",""detail_crop"":"""",""transcript"":""references/video-audit/chapters/CH14_inventario_movimientos_acuses_cierres_bodegas_y_kits/transcript_raw.txt""} | {""chapter_id"":""CH14"",""event_id"":""CH14-E0095"",""timestamp"":""00:44:29.400"",""image"":""references/video-audit/chapters/CH14_inventario_movimientos_acuses_cierres_bodegas_y_kits/event_frames/CH14-E0095_00h44m29s400ms_abrupt_change.jpg"",""detail_crop"":"""",""transcript"":""references/video-audit/chapters/CH14_inventario_movimientos_acuses_cierres_bodegas_y_kits/transcript_raw.txt""} | {""chapter_id"":""CH14"",""event_id"":""CH14-E0096"",""timestamp"":""00:44:29.800"",""image"":""references/video-audit/chapters/CH14_inventario_movimientos_acuses_cierres_bodegas_y_kits/event_frames/CH14-E0096_00h44m29s800ms_abrupt_change.jpg"",""detail_crop"":"""",""transcript"":""references/video-audit/chapters/CH14_inventario_movimientos_acuses_cierres_bodegas_y_kits/transcript_raw.txt""} | {""chapter_id"":""CH14"",""event_id"":""CH14-E0098"",""timestamp"":""00:44:31.400"",""image"":""references/video-audit/chapters/CH14_inventario_movimientos_acuses_cierres_bodegas_y_kits/event_frames/CH14-E0098_00h44m31s400ms_abrupt_change.jpg"",""detail_crop"":"""",""transcript"":""references/video-audit/chapters/CH14_inventario_movimientos_acuses_cierres_bodegas_y_kits/transcript_raw.txt""} | {""chapter_id"":""CH14"",""event_id"":""CH14-E0101"",""timestamp"":""00:44:33.000"",""image"":""references/video-audit/chapters/CH14_inventario_movimientos_acuses_cierres_bodegas_y_kits/event_frames/CH14-E0101_00h44m33s000ms_stable_change.jpg"",""detail_crop"":""references/video-audit/chapters/CH14_inventario_movimientos_acuses_cierres_bodegas_y_kits/detail_crops/CH14-E0101_00h44m33s000ms_DETAIL.jpg"",""transcript"":""references/video-audit/chapters/CH14_inventario_movimientos_acuses_cierres_bodegas_y_kits/transcript_raw.txt""}","app/views.js; app/store.js","renderKits/createKit","Estado mock persistido en localStorage; Supabase todavía no validado en runtime.","tests/ch14-inventory-boundaries.test.mjs; tests/e2e/ch14.spec.mjs","IMPLEMENTED_PARTIAL","","CH14-Q012","Expone lista y acciones; no afirma mutación ni exportación oficial sin reglas de versionado, uso histórico y permisos. | Persiste después de recargar cuando la acción modifica datos. | Respeta rol y organización. | Tiene prueba automatizada específica y prueba de navegador cuando corresponde."
"CH14-R020","VIDEO_REQUIREMENT","CH14","CH14-E0104 | CH14-E0105 | CH14-E0106 | CH14-E0107 | CH14-E0108 | CH14-E0117","00:44:35.200 | 00:44:39.200 | 00:44:39.600 | 00:44:40.200 | 00:44:41.000 | 00:44:44.800","kit_composer","Kit de insumos","","modal_form","Nombre / Item / Cantidad / Añadir / Quitar","Presenta composición cuantificada y controles observados; guardar permanece bloqueado para no crear un maestro incompleto.","Datos sintéticos y alcance de la organización activa.","Entrada válida, estado vacío y error accionable sin revelar existencia de registros.","Permiso explícito de lectura o escritura aplicado en navegación, control, store y persistencia.","El estado visible cambia sólo después de completar la operación autorizada.","Error accesible y genérico; no mostrar éxito anticipado.","NO_APLICA","{""chapter_id"":""CH14"",""event_id"":""CH14-E0104"",""timestamp"":""00:44:35.200"",""image"":""references/video-audit/chapters/CH14_inventario_movimientos_acuses_cierres_bodegas_y_kits/event_frames/CH14-E0104_00h44m35s200ms_settled.jpg"",""detail_crop"":""references/video-audit/chapters/CH14_inventario_movimientos_acuses_cierres_bodegas_y_kits/detail_crops/CH14-E0104_00h44m35s200ms_DETAIL.jpg"",""transcript"":""references/video-audit/chapters/CH14_inventario_movimientos_acuses_cierres_bodegas_y_kits/transcript_raw.txt""} | {""chapter_id"":""CH14"",""event_id"":""CH14-E0105"",""timestamp"":""00:44:39.200"",""image"":""references/video-audit/chapters/CH14_inventario_movimientos_acuses_cierres_bodegas_y_kits/event_frames/CH14-E0105_00h44m39s200ms_abrupt_change.jpg"",""detail_crop"":"""",""transcript"":""references/video-audit/chapters/CH14_inventario_movimientos_acuses_cierres_bodegas_y_kits/transcript_raw.txt""} | {""chapter_id"":""CH14"",""event_id"":""CH14-E0106"",""timestamp"":""00:44:39.600"",""image"":""references/video-audit/chapters/CH14_inventario_movimientos_acuses_cierres_bodegas_y_kits/event_frames/CH14-E0106_00h44m39s600ms_abrupt_change.jpg"",""detail_crop"":"""",""transcript"":""references/video-audit/chapters/CH14_inventario_movimientos_acuses_cierres_bodegas_y_kits/transcript_raw.txt""} | {""chapter_id"":""CH14"",""event_id"":""CH14-E0107"",""timestamp"":""00:44:40.200"",""image"":""references/video-audit/chapters/CH14_inventario_movimientos_acuses_cierres_bodegas_y_kits/event_frames/CH14-E0107_00h44m40s200ms_abrupt_change.jpg"",""detail_crop"":""references/video-audit/chapters/CH14_inventario_movimientos_acuses_cierres_bodegas_y_kits/detail_crops/CH14-E0107_00h44m40s200ms_DETAIL.jpg"",""transcript"":""references/video-audit/chapters/CH14_inventario_movimientos_acuses_cierres_bodegas_y_kits/transcript_raw.txt""} | {""chapter_id"":""CH14"",""event_id"":""CH14-E0108"",""timestamp"":""00:44:41.000"",""image"":""references/video-audit/chapters/CH14_inventario_movimientos_acuses_cierres_bodegas_y_kits/event_frames/CH14-E0108_00h44m41s000ms_abrupt_change.jpg"",""detail_crop"":""references/video-audit/chapters/CH14_inventario_movimientos_acuses_cierres_bodegas_y_kits/detail_crops/CH14-E0108_00h44m41s000ms_DETAIL.jpg"",""transcript"":""references/video-audit/chapters/CH14_inventario_movimientos_acuses_cierres_bodegas_y_kits/transcript_raw.txt""} | {""chapter_id"":""CH14"",""event_id"":""CH14-E0117"",""timestamp"":""00:44:44.800"",""image"":""references/video-audit/chapters/CH14_inventario_movimientos_acuses_cierres_bodegas_y_kits/event_frames/CH14-E0117_00h44m44s800ms_abrupt_change.jpg"",""detail_crop"":""references/video-audit/chapters/CH14_inventario_movimientos_acuses_cierres_bodegas_y_kits/detail_crops/CH14-E0117_00h44m44s800ms_DETAIL.jpg"",""transcript"":""references/video-audit/chapters/CH14_inventario_movimientos_acuses_cierres_bodegas_y_kits/transcript_raw.txt""}","app/main.js","openKitForm","Estado mock persistido en localStorage; Supabase todavía no validado en runtime.","tests/e2e/ch14.spec.mjs","IMPLEMENTED_PARTIAL","","CH14-Q012","Presenta composición cuantificada y controles observados; guardar permanece bloqueado para no crear un maestro incompleto. | Persiste después de recargar cuando la acción modifica datos. | Respeta rol y organización. | Tiene prueba automatizada específica y prueba de navegador cuando corresponde."
"CH14-R021","VIDEO_REQUIREMENT","CH14","CH14-E0104 | CH14-E0117","00:44:35.200 | 00:44:44.800","kit_consumption","Kit de insumos","","atomic_inventory_workflow","Descarga automática de componentes","No descuenta componentes hasta definir bodega, lote/FEFO, sustitución, faltantes, concurrencia, idempotencia y reversión atómica.","Datos sintéticos y alcance de la organización activa.","Entrada válida, estado vacío y error accionable sin revelar existencia de registros.","Permiso explícito de lectura o escritura aplicado en navegación, control, store y persistencia.","El estado visible cambia sólo después de completar la operación autorizada.","Error accesible y genérico; no mostrar éxito anticipado.","NO_APLICA","{""chapter_id"":""CH14"",""event_id"":""CH14-E0104"",""timestamp"":""00:44:35.200"",""image"":""references/video-audit/chapters/CH14_inventario_movimientos_acuses_cierres_bodegas_y_kits/event_frames/CH14-E0104_00h44m35s200ms_settled.jpg"",""detail_crop"":""references/video-audit/chapters/CH14_inventario_movimientos_acuses_cierres_bodegas_y_kits/detail_crops/CH14-E0104_00h44m35s200ms_DETAIL.jpg"",""transcript"":""references/video-audit/chapters/CH14_inventario_movimientos_acuses_cierres_bodegas_y_kits/transcript_raw.txt""} | {""chapter_id"":""CH14"",""event_id"":""CH14-E0117"",""timestamp"":""00:44:44.800"",""image"":""references/video-audit/chapters/CH14_inventario_movimientos_acuses_cierres_bodegas_y_kits/event_frames/CH14-E0117_00h44m44s800ms_abrupt_change.jpg"",""detail_crop"":""references/video-audit/chapters/CH14_inventario_movimientos_acuses_cierres_bodegas_y_kits/detail_crops/CH14-E0117_00h44m44s800ms_DETAIL.jpg"",""transcript"":""references/video-audit/chapters/CH14_inventario_movimientos_acuses_cierres_bodegas_y_kits/transcript_raw.txt""}","app/store.js; docs/OPEN_QUESTIONS.md","createKit","Estado mock persistido en localStorage; Supabase todavía no validado en runtime.","tests/ch14-inventory-boundaries.test.mjs","NEEDS_CLIENT_CONFIRMATION","","CH14-Q013","No descuenta componentes hasta definir bodega, lote/FEFO, sustitución, faltantes, concurrencia, idempotencia y reversión atómica. | Persiste después de recargar cuando la acción modifica datos. | Respeta rol y organización. | Tiene prueba automatizada específica y prueba de navegador cuando corresponde."
"CH14-R022","VIDEO_REQUIREMENT","CH14","CH14-E0152","00:45:27.400","quote_link","Acuse nuevo","","ambiguous_workflow","Faltar una cotización","No automatiza una frase ambigua sin entidad, estado, permiso ni resultado demostrados.","Datos sintéticos y alcance de la organización activa.","Entrada válida, estado vacío y error accionable sin revelar existencia de registros.","Permiso explícito de lectura o escritura aplicado en navegación, control, store y persistencia.","El estado visible cambia sólo después de completar la operación autorizada.","Error accesible y genérico; no mostrar éxito anticipado.","NO_APLICA","{""chapter_id"":""CH14"",""event_id"":""CH14-E0152"",""timestamp"":""00:45:27.400"",""image"":""references/video-audit/chapters/CH14_inventario_movimientos_acuses_cierres_bodegas_y_kits/event_frames/CH14-E0152_00h45m27s400ms_abrupt_change.jpg"",""detail_crop"":"""",""transcript"":""references/video-audit/chapters/CH14_inventario_movimientos_acuses_cierres_bodegas_y_kits/transcript_raw.txt""}","docs/OPEN_QUESTIONS.md","","Estado mock persistido en localStorage; Supabase todavía no validado en runtime.","NONE","NEEDS_CLIENT_CONFIRMATION","","CH14-Q014","No automatiza una frase ambigua sin entidad, estado, permiso ni resultado demostrados. | Persiste después de recargar cuando la acción modifica datos. | Respeta rol y organización. | Tiene prueba automatizada específica y prueba de navegador cuando corresponde."
"CH14-R023","VIDEO_REQUIREMENT","CH14","CH14-E0006 | CH14-E0152","00:40:05.400 | 00:45:27.400","error_behavior","Inventario","","error_state","Validaciones y recuperación","El capítulo no provoca errores remotos, de stock, lote, concurrencia o validación; su presentación exacta no es atribuible al video.","Datos sintéticos y alcance de la organización activa.","Entrada válida, estado vacío y error accionable sin revelar existencia de registros.","Permiso explícito de lectura o escritura aplicado en navegación, control, store y persistencia.","El estado visible cambia sólo después de completar la operación autorizada.","Error accesible y genérico; no mostrar éxito anticipado.","NO_APLICA","{""chapter_id"":""CH14"",""event_id"":""CH14-E0006"",""timestamp"":""00:40:05.400"",""image"":""references/video-audit/chapters/CH14_inventario_movimientos_acuses_cierres_bodegas_y_kits/event_frames/CH14-E0006_00h40m05s400ms_settled.jpg"",""detail_crop"":""references/video-audit/chapters/CH14_inventario_movimientos_acuses_cierres_bodegas_y_kits/detail_crops/CH14-E0006_00h40m05s400ms_DETAIL.jpg"",""transcript"":""references/video-audit/chapters/CH14_inventario_movimientos_acuses_cierres_bodegas_y_kits/transcript_raw.txt""} | {""chapter_id"":""CH14"",""event_id"":""CH14-E0152"",""timestamp"":""00:45:27.400"",""image"":""references/video-audit/chapters/CH14_inventario_movimientos_acuses_cierres_bodegas_y_kits/event_frames/CH14-E0152_00h45m27s400ms_abrupt_change.jpg"",""detail_crop"":"""",""transcript"":""references/video-audit/chapters/CH14_inventario_movimientos_acuses_cierres_bodegas_y_kits/transcript_raw.txt""}","app/main.js; app/store.js","runSafely/createInventoryMovement","Estado mock persistido en localStorage; Supabase todavía no validado en runtime.","tests/ch14-inventory-boundaries.test.mjs","NOT_TESTABLE","","CH14-Q015","El capítulo no provoca errores remotos, de stock, lote, concurrencia o validación; su presentación exacta no es atribuible al video. | Persiste después de recargar cuando la acción modifica datos. | Respeta rol y organización. | Tiene prueba automatizada específica y prueba de navegador cuando corresponde."
"CH14-R024","VIDEO_REQUIREMENT","CH14","CH14-E0035 | CH14-E0052 | CH14-E0095","00:41:00.800 | 00:42:20.200 | 00:44:29.400","document_results","Inventario","","external_result","Resultado de Excel e impresión","Los menús y rótulos son visibles, pero el capítulo no demuestra archivos finales, validez ni permisos completos.","Datos sintéticos y alcance de la organización activa.","Entrada válida, estado vacío y error accionable sin revelar existencia de registros.","Permiso explícito de lectura o escritura aplicado en navegación, control, store y persistencia.","El estado visible cambia sólo después de completar la operación autorizada.","Error accesible y genérico; no mostrar éxito anticipado.","NO_APLICA","{""chapter_id"":""CH14"",""event_id"":""CH14-E0035"",""timestamp"":""00:41:00.800"",""image"":""references/video-audit/chapters/CH14_inventario_movimientos_acuses_cierres_bodegas_y_kits/event_frames/CH14-E0035_00h41m00s800ms_settled.jpg"",""detail_crop"":""references/video-audit/chapters/CH14_inventario_movimientos_acuses_cierres_bodegas_y_kits/detail_crops/CH14-E0035_00h41m00s800ms_DETAIL.jpg"",""transcript"":""references/video-audit/chapters/CH14_inventario_movimientos_acuses_cierres_bodegas_y_kits/transcript_raw.txt""} | {""chapter_id"":""CH14"",""event_id"":""CH14-E0052"",""timestamp"":""00:42:20.200"",""image"":""references/video-audit/chapters/CH14_inventario_movimientos_acuses_cierres_bodegas_y_kits/event_frames/CH14-E0052_00h42m20s200ms_stable_change.jpg"",""detail_crop"":"""",""transcript"":""references/video-audit/chapters/CH14_inventario_movimientos_acuses_cierres_bodegas_y_kits/transcript_raw.txt""} | {""chapter_id"":""CH14"",""event_id"":""CH14-E0095"",""timestamp"":""00:44:29.400"",""image"":""references/video-audit/chapters/CH14_inventario_movimientos_acuses_cierres_bodegas_y_kits/event_frames/CH14-E0095_00h44m29s400ms_abrupt_change.jpg"",""detail_crop"":"""",""transcript"":""references/video-audit/chapters/CH14_inventario_movimientos_acuses_cierres_bodegas_y_kits/transcript_raw.txt""}","app/main.js; app/templates.js","","Estado mock persistido en localStorage; Supabase todavía no validado en runtime.","tests/e2e/ch14.spec.mjs","NOT_TESTABLE","","CH14-Q003","Los menús y rótulos son visibles, pero el capítulo no demuestra archivos finales, validez ni permisos completos. | Persiste después de recargar cuando la acción modifica datos. | Respeta rol y organización. | Tiene prueba automatizada específica y prueba de navegador cuando corresponde."
"CH14-H001","PLATFORM_HARDENING","CH14","CH14-E0018 | CH14-E0023","00:40:39.000 | 00:40:42.400","remote_confirmation","Persistencia","","idempotent_rpc","Movimiento confirmado antes de éxito","En modo Supabase, confirma la RPC y su identificador antes de mutar el espejo local o cerrar el formulario.","Datos sintéticos y alcance de la organización activa.","Entrada válida, estado vacío y error accionable sin revelar existencia de registros.","Permiso explícito de lectura o escritura aplicado en navegación, control, store y persistencia.","El estado visible cambia sólo después de completar la operación autorizada.","Error accesible y genérico; no mostrar éxito anticipado.","NO_APLICA","{""chapter_id"":""CH14"",""event_id"":""CH14-E0018"",""timestamp"":""00:40:39.000"",""image"":""references/video-audit/chapters/CH14_inventario_movimientos_acuses_cierres_bodegas_y_kits/event_frames/CH14-E0018_00h40m39s000ms_abrupt_change.jpg"",""detail_crop"":"""",""transcript"":""references/video-audit/chapters/CH14_inventario_movimientos_acuses_cierres_bodegas_y_kits/transcript_raw.txt""} | {""chapter_id"":""CH14"",""event_id"":""CH14-E0023"",""timestamp"":""00:40:42.400"",""image"":""references/video-audit/chapters/CH14_inventario_movimientos_acuses_cierres_bodegas_y_kits/event_frames/CH14-E0023_00h40m42s400ms_stable_change.jpg"",""detail_crop"":""references/video-audit/chapters/CH14_inventario_movimientos_acuses_cierres_bodegas_y_kits/detail_crops/CH14-E0023_00h40m42s400ms_DETAIL.jpg"",""transcript"":""references/video-audit/chapters/CH14_inventario_movimientos_acuses_cierres_bodegas_y_kits/transcript_raw.txt""}","app/store.js; app/supabase-adapter.js; app/main.js","createInventoryMovement/CREATE_INVENTORY_MOVEMENT/save-inventory-movement","Estado mock persistido en localStorage; Supabase todavía no validado en runtime.","tests/ch14-inventory-boundaries.test.mjs","IMPLEMENTED_EXACT","","","En modo Supabase, confirma la RPC y su identificador antes de mutar el espejo local o cerrar el formulario. | Persiste después de recargar cuando la acción modifica datos. | Respeta rol y organización. | Tiene prueba automatizada específica y prueba de navegador cuando corresponde."
"CH14-H002","PLATFORM_HARDENING","CH14","CH14-E0006 | CH14-E0049 | CH14-E0096","00:40:05.400 | 00:42:14.800 | 00:44:29.800","supabase_bootstrap","Persistencia","","data_contract","Bootstrap completo de inventario","Reconstruye bodegas, items, lotes, movimientos, reservas, cierres y kits desde Supabase sin caer en datos locales obsoletos.","Datos sintéticos y alcance de la organización activa.","Entrada válida, estado vacío y error accionable sin revelar existencia de registros.","Permiso explícito de lectura o escritura aplicado en navegación, control, store y persistencia.","El estado visible cambia sólo después de completar la operación autorizada.","Error accesible y genérico; no mostrar éxito anticipado.","NO_APLICA","{""chapter_id"":""CH14"",""event_id"":""CH14-E0006"",""timestamp"":""00:40:05.400"",""image"":""references/video-audit/chapters/CH14_inventario_movimientos_acuses_cierres_bodegas_y_kits/event_frames/CH14-E0006_00h40m05s400ms_settled.jpg"",""detail_crop"":""references/video-audit/chapters/CH14_inventario_movimientos_acuses_cierres_bodegas_y_kits/detail_crops/CH14-E0006_00h40m05s400ms_DETAIL.jpg"",""transcript"":""references/video-audit/chapters/CH14_inventario_movimientos_acuses_cierres_bodegas_y_kits/transcript_raw.txt""} | {""chapter_id"":""CH14"",""event_id"":""CH14-E0049"",""timestamp"":""00:42:14.800"",""image"":""references/video-audit/chapters/CH14_inventario_movimientos_acuses_cierres_bodegas_y_kits/event_frames/CH14-E0049_00h42m14s800ms_stable_change.jpg"",""detail_crop"":"""",""transcript"":""references/video-audit/chapters/CH14_inventario_movimientos_acuses_cierres_bodegas_y_kits/transcript_raw.txt""} | {""chapter_id"":""CH14"",""event_id"":""CH14-E0096"",""timestamp"":""00:44:29.800"",""image"":""references/video-audit/chapters/CH14_inventario_movimientos_acuses_cierres_bodegas_y_kits/event_frames/CH14-E0096_00h44m29s800ms_abrupt_change.jpg"",""detail_crop"":"""",""transcript"":""references/video-audit/chapters/CH14_inventario_movimientos_acuses_cierres_bodegas_y_kits/transcript_raw.txt""}","app/supabase-adapter.js","mapSupabaseBootstrap/bootstrap","Estado mock persistido en localStorage; Supabase todavía no validado en runtime.","tests/ch14-inventory-boundaries.test.mjs","IMPLEMENTED_EXACT","","","Reconstruye bodegas, items, lotes, movimientos, reservas, cierres y kits desde Supabase sin caer en datos locales obsoletos. | Persiste después de recargar cuando la acción modifica datos. | Respeta rol y organización. | Tiene prueba automatizada específica y prueba de navegador cuando corresponde."
"CH14-H003","PLATFORM_HARDENING","CH14","CH14-E0006 | CH14-E0049 | CH14-E0078 | CH14-E0096","00:40:05.400 | 00:42:14.800 | 00:44:04.600 | 00:44:29.800","inventory_rls","Persistencia","","rls_dml_boundary","Lecturas tenant-safe y DML directo cerrado","Habilita RLS en hijos, deriva el tenant por padres autorizados y revoca escrituras directas de inventario, cierres y kits.","Datos sintéticos y alcance de la organización activa.","Entrada válida, estado vacío y error accionable sin revelar existencia de registros.","Permiso explícito de lectura o escritura aplicado en navegación, control, store y persistencia.","El estado visible cambia sólo después de completar la operación autorizada.","Error accesible y genérico; no mostrar éxito anticipado.","NO_APLICA","{""chapter_id"":""CH14"",""event_id"":""CH14-E0006"",""timestamp"":""00:40:05.400"",""image"":""references/video-audit/chapters/CH14_inventario_movimientos_acuses_cierres_bodegas_y_kits/event_frames/CH14-E0006_00h40m05s400ms_settled.jpg"",""detail_crop"":""references/video-audit/chapters/CH14_inventario_movimientos_acuses_cierres_bodegas_y_kits/detail_crops/CH14-E0006_00h40m05s400ms_DETAIL.jpg"",""transcript"":""references/video-audit/chapters/CH14_inventario_movimientos_acuses_cierres_bodegas_y_kits/transcript_raw.txt""} | {""chapter_id"":""CH14"",""event_id"":""CH14-E0049"",""timestamp"":""00:42:14.800"",""image"":""references/video-audit/chapters/CH14_inventario_movimientos_acuses_cierres_bodegas_y_kits/event_frames/CH14-E0049_00h42m14s800ms_stable_change.jpg"",""detail_crop"":"""",""transcript"":""references/video-audit/chapters/CH14_inventario_movimientos_acuses_cierres_bodegas_y_kits/transcript_raw.txt""} | {""chapter_id"":""CH14"",""event_id"":""CH14-E0078"",""timestamp"":""00:44:04.600"",""image"":""references/video-audit/chapters/CH14_inventario_movimientos_acuses_cierres_bodegas_y_kits/event_frames/CH14-E0078_00h44m04s600ms_settled.jpg"",""detail_crop"":""references/video-audit/chapters/CH14_inventario_movimientos_acuses_cierres_bodegas_y_kits/detail_crops/CH14-E0078_00h44m04s600ms_DETAIL.jpg"",""transcript"":""references/video-audit/chapters/CH14_inventario_movimientos_acuses_cierres_bodegas_y_kits/transcript_raw.txt""} | {""chapter_id"":""CH14"",""event_id"":""CH14-E0096"",""timestamp"":""00:44:29.800"",""image"":""references/video-audit/chapters/CH14_inventario_movimientos_acuses_cierres_bodegas_y_kits/event_frames/CH14-E0096_00h44m29s800ms_abrupt_change.jpg"",""detail_crop"":"""",""transcript"":""references/video-audit/chapters/CH14_inventario_movimientos_acuses_cierres_bodegas_y_kits/transcript_raw.txt""}","supabase/migrations/202608270010_ch14_inventory_boundaries.sql","inventory reads/revokes","Estado mock persistido en localStorage; Supabase todavía no validado en runtime.","tests/ch14-inventory-boundaries.test.mjs","IMPLEMENTED_EXACT","","","Habilita RLS en hijos, deriva el tenant por padres autorizados y revoca escrituras directas de inventario, cierres y kits. | Persiste después de recargar cuando la acción modifica datos. | Respeta rol y organización. | Tiene prueba automatizada específica y prueba de navegador cuando corresponde."
"CH14-H004","PLATFORM_HARDENING","CH14","CH14-E0019 | CH14-E0021 | CH14-E0082","00:40:39.600 | 00:40:41.200 | 00:44:11.400","local_lot_guard","Modo local / standalone","","safety_guard","Sin movimientos locales inseguros de lote o serie","Bloquea toda mutación local de un ítem trazable antes de cambiar stock, lote, movimiento o auditoría; producción usa la RPC transaccional.","Datos sintéticos y alcance de la organización activa.","Entrada válida, estado vacío y error accionable sin revelar existencia de registros.","Permiso explícito de lectura o escritura aplicado en navegación, control, store y persistencia.","El estado visible cambia sólo después de completar la operación autorizada.","Error accesible y genérico; no mostrar éxito anticipado.","NO_APLICA","{""chapter_id"":""CH14"",""event_id"":""CH14-E0019"",""timestamp"":""00:40:39.600"",""image"":""references/video-audit/chapters/CH14_inventario_movimientos_acuses_cierres_bodegas_y_kits/event_frames/CH14-E0019_00h40m39s600ms_stable_change.jpg"",""detail_crop"":"""",""transcript"":""references/video-audit/chapters/CH14_inventario_movimientos_acuses_cierres_bodegas_y_kits/transcript_raw.txt""} | {""chapter_id"":""CH14"",""event_id"":""CH14-E0021"",""timestamp"":""00:40:41.200"",""image"":""references/video-audit/chapters/CH14_inventario_movimientos_acuses_cierres_bodegas_y_kits/event_frames/CH14-E0021_00h40m41s200ms_abrupt_change.jpg"",""detail_crop"":""references/video-audit/chapters/CH14_inventario_movimientos_acuses_cierres_bodegas_y_kits/detail_crops/CH14-E0021_00h40m41s200ms_DETAIL.jpg"",""transcript"":""references/video-audit/chapters/CH14_inventario_movimientos_acuses_cierres_bodegas_y_kits/transcript_raw.txt""} | {""chapter_id"":""CH14"",""event_id"":""CH14-E0082"",""timestamp"":""00:44:11.400"",""image"":""references/video-audit/chapters/CH14_inventario_movimientos_acuses_cierres_bodegas_y_kits/event_frames/CH14-E0082_00h44m11s400ms_abrupt_change.jpg"",""detail_crop"":""references/video-audit/chapters/CH14_inventario_movimientos_acuses_cierres_bodegas_y_kits/detail_crops/CH14-E0082_00h44m11s400ms_DETAIL.jpg"",""transcript"":""references/video-audit/chapters/CH14_inventario_movimientos_acuses_cierres_bodegas_y_kits/transcript_raw.txt""}","app/store.js","createInventoryMovement","Estado mock persistido en localStorage; Supabase todavía no validado en runtime.","tests/ch14-inventory-boundaries.test.mjs","IMPLEMENTED_EXACT","","","Bloquea toda mutación local de un ítem trazable antes de cambiar stock, lote, movimiento o auditoría; producción usa la RPC transaccional. | Persiste después de recargar cuando la acción modifica datos. | Respeta rol y organización. | Tiene prueba automatizada específica y prueba de navegador cuando corresponde."
"CH14-H005","PLATFORM_HARDENING","CH14","CH14-E0032 | CH14-E0050 | CH14-E0098","00:40:53.200 | 00:42:16.400 | 00:44:31.400","no_fake_inventory_success","Inventario","","safety_guard","Sin éxito simulado en acuses, cierres o kits","Las operaciones sin contrato aprobado fallan o se muestran bloqueadas sin mutar estado, stock, cierres, kits ni auditoría.","Datos sintéticos y alcance de la organización activa.","Entrada válida, estado vacío y error accionable sin revelar existencia de registros.","Permiso explícito de lectura o escritura aplicado en navegación, control, store y persistencia.","El estado visible cambia sólo después de completar la operación autorizada.","Error accesible y genérico; no mostrar éxito anticipado.","NO_APLICA","{""chapter_id"":""CH14"",""event_id"":""CH14-E0032"",""timestamp"":""00:40:53.200"",""image"":""references/video-audit/chapters/CH14_inventario_movimientos_acuses_cierres_bodegas_y_kits/event_frames/CH14-E0032_00h40m53s200ms_abrupt_change.jpg"",""detail_crop"":"""",""transcript"":""references/video-audit/chapters/CH14_inventario_movimientos_acuses_cierres_bodegas_y_kits/transcript_raw.txt""} | {""chapter_id"":""CH14"",""event_id"":""CH14-E0050"",""timestamp"":""00:42:16.400"",""image"":""references/video-audit/chapters/CH14_inventario_movimientos_acuses_cierres_bodegas_y_kits/event_frames/CH14-E0050_00h42m16s400ms_settled.jpg"",""detail_crop"":""references/video-audit/chapters/CH14_inventario_movimientos_acuses_cierres_bodegas_y_kits/detail_crops/CH14-E0050_00h42m16s400ms_DETAIL.jpg"",""transcript"":""references/video-audit/chapters/CH14_inventario_movimientos_acuses_cierres_bodegas_y_kits/transcript_raw.txt""} | {""chapter_id"":""CH14"",""event_id"":""CH14-E0098"",""timestamp"":""00:44:31.400"",""image"":""references/video-audit/chapters/CH14_inventario_movimientos_acuses_cierres_bodegas_y_kits/event_frames/CH14-E0098_00h44m31s400ms_abrupt_change.jpg"",""detail_crop"":"""",""transcript"":""references/video-audit/chapters/CH14_inventario_movimientos_acuses_cierres_bodegas_y_kits/transcript_raw.txt""}","app/store.js; app/main.js","createInventoryClosure/approveInventoryClosure/createKit/blocked-inventory-action","Estado mock persistido en localStorage; Supabase todavía no validado en runtime.","tests/ch14-inventory-boundaries.test.mjs; tests/e2e/ch14.spec.mjs","IMPLEMENTED_EXACT","","CH14-Q002 | CH14-Q007 | CH14-Q012 | CH14-Q013","Las operaciones sin contrato aprobado fallan o se muestran bloqueadas sin mutar estado, stock, cierres, kits ni auditoría. | Persiste después de recargar cuando la acción modifica datos. | Respeta rol y organización. | Tiene prueba automatizada específica y prueba de navegador cuando corresponde."
"CH15-R001","VIDEO_REQUIREMENT","CH15","CH15-E0003 | CH15-E0009","00:45:29.400 | 00:45:32.200","missing_items_reconciliation","Inventario / Acuse nuevo","","inventory_exception","Disponible / Requerido / Acuse creado / Agregar al acuse","Presenta la comparación documentada, pero no crea, sustituye ni cancela faltantes hasta aprobar su transición e impacto de inventario.","Datos sintéticos y alcance de la organización activa.","Entrada válida, estado vacío y error accionable sin revelar existencia de registros.","Permiso explícito de lectura o escritura aplicado en navegación, control, store y persistencia.","El estado visible cambia sólo después de completar la operación autorizada.","Error accesible y genérico; no mostrar éxito anticipado.","NO_APLICA","{""chapter_id"":""CH15"",""event_id"":""CH15-E0003"",""timestamp"":""00:45:29.400"",""image"":""references/video-audit/chapters/CH15_acuse_de_inventario_y_catalogos_de_items/event_frames/CH15-E0003_00h45m29s400ms_abrupt_change.jpg"",""detail_crop"":"""",""transcript"":""references/video-audit/chapters/CH15_acuse_de_inventario_y_catalogos_de_items/transcript_raw.txt""} | {""chapter_id"":""CH15"",""event_id"":""CH15-E0009"",""timestamp"":""00:45:32.200"",""image"":""references/video-audit/chapters/CH15_acuse_de_inventario_y_catalogos_de_items/event_frames/CH15-E0009_00h45m32s200ms_stable_change.jpg"",""detail_crop"":"""",""transcript"":""references/video-audit/chapters/CH15_acuse_de_inventario_y_catalogos_de_items/transcript_raw.txt""}","app/main.js; docs/OPEN_QUESTIONS.md","openAcknowledgementForm/blocked-inventory-action","Estado mock persistido en localStorage; Supabase todavía no validado en runtime.","tests/e2e/ch14.spec.mjs","NEEDS_CLIENT_CONFIRMATION","","CH15-Q001","Presenta la comparación documentada, pero no crea, sustituye ni cancela faltantes hasta aprobar su transición e impacto de inventario. | Persiste después de recargar cuando la acción modifica datos. | Respeta rol y organización. | Tiene prueba automatizada específica y prueba de navegador cuando corresponde."
"CH15-R002","VIDEO_REQUIREMENT","CH15","CH15-E0013 | CH15-E0017","00:45:35.200 | 00:45:38.200","home_requests","Solicitudes desde la casa del paciente","","modal_table","Bodega / Tipo / Código / Nombre / Disponibilidad / Cantidad / Faltante / Acusar","No acusa ni descarga solicitudes hasta definir bodegas elegibles, permiso, validación de disponibilidad e idempotencia.","Datos sintéticos y alcance de la organización activa.","Entrada válida, estado vacío y error accionable sin revelar existencia de registros.","Permiso explícito de lectura o escritura aplicado en navegación, control, store y persistencia.","El estado visible cambia sólo después de completar la operación autorizada.","Error accesible y genérico; no mostrar éxito anticipado.","NO_APLICA","{""chapter_id"":""CH15"",""event_id"":""CH15-E0013"",""timestamp"":""00:45:35.200"",""image"":""references/video-audit/chapters/CH15_acuse_de_inventario_y_catalogos_de_items/event_frames/CH15-E0013_00h45m35s200ms_abrupt_change.jpg"",""detail_crop"":"""",""transcript"":""references/video-audit/chapters/CH15_acuse_de_inventario_y_catalogos_de_items/transcript_raw.txt""} | {""chapter_id"":""CH15"",""event_id"":""CH15-E0017"",""timestamp"":""00:45:38.200"",""image"":""references/video-audit/chapters/CH15_acuse_de_inventario_y_catalogos_de_items/event_frames/CH15-E0017_00h45m38s200ms_stable_change.jpg"",""detail_crop"":""references/video-audit/chapters/CH15_acuse_de_inventario_y_catalogos_de_items/detail_crops/CH15-E0017_00h45m38s200ms_DETAIL.jpg"",""transcript"":""references/video-audit/chapters/CH15_acuse_de_inventario_y_catalogos_de_items/transcript_raw.txt""}","app/views.js; app/main.js","renderCommittedInventory/blocked-inventory-action","Estado mock persistido en localStorage; Supabase todavía no validado en runtime.","tests/e2e/ch14.spec.mjs","NEEDS_CLIENT_CONFIRMATION","","CH15-Q002","No acusa ni descarga solicitudes hasta definir bodegas elegibles, permiso, validación de disponibilidad e idempotencia. | Persiste después de recargar cuando la acción modifica datos. | Respeta rol y organización. | Tiene prueba automatizada específica y prueba de navegador cuando corresponde."
"CH15-R003","VIDEO_REQUIREMENT","CH15","CH15-E0020","00:45:45.000","acknowledgement_form","Acuse nuevo","","form","Paciente / Fecha / Hospitalización / Bodega / Item / Disponible / Cantidad / Vaciar / Plantilla / Añadir","Expone la captura exacta; la persistencia y el efecto sobre existencias permanecen bloqueados por la máquina de estados de acuses.","Datos sintéticos y alcance de la organización activa.","Entrada válida, estado vacío y error accionable sin revelar existencia de registros.","Permiso explícito de lectura o escritura aplicado en navegación, control, store y persistencia.","El estado visible cambia sólo después de completar la operación autorizada.","Error accesible y genérico; no mostrar éxito anticipado.","NO_APLICA","{""chapter_id"":""CH15"",""event_id"":""CH15-E0020"",""timestamp"":""00:45:45.000"",""image"":""references/video-audit/chapters/CH15_acuse_de_inventario_y_catalogos_de_items/event_frames/CH15-E0020_00h45m45s000ms_abrupt_change.jpg"",""detail_crop"":"""",""transcript"":""references/video-audit/chapters/CH15_acuse_de_inventario_y_catalogos_de_items/transcript_raw.txt""}","app/main.js","openAcknowledgementForm","Estado mock persistido en localStorage; Supabase todavía no validado en runtime.","tests/e2e/ch14.spec.mjs","IMPLEMENTED_PARTIAL","","CH15-Q001 | CH15-Q002","Expone la captura exacta; la persistencia y el efecto sobre existencias permanecen bloqueados por la máquina de estados de acuses. | Persiste después de recargar cuando la acción modifica datos. | Respeta rol y organización. | Tiene prueba automatizada específica y prueba de navegador cuando corresponde."
"CH15-R004","VIDEO_REQUIREMENT","CH15","CH15-E0023 | CH15-E0032","00:45:48.400 | 00:45:57.400","acknowledgement_template","Añadir plantilla","","copy_workflow","Plantilla / Cotización / Bodega / referencia / Tipo / Código / Descripción / Cantidad","La superficie conserva Plantilla visible sin copiar o aplicar ítems hasta aprobar orígenes, estados autorizados y efecto posterior.","Datos sintéticos y alcance de la organización activa.","Entrada válida, estado vacío y error accionable sin revelar existencia de registros.","Permiso explícito de lectura o escritura aplicado en navegación, control, store y persistencia.","El estado visible cambia sólo después de completar la operación autorizada.","Error accesible y genérico; no mostrar éxito anticipado.","NO_APLICA","{""chapter_id"":""CH15"",""event_id"":""CH15-E0023"",""timestamp"":""00:45:48.400"",""image"":""references/video-audit/chapters/CH15_acuse_de_inventario_y_catalogos_de_items/event_frames/CH15-E0023_00h45m48s400ms_motion_progress.jpg"",""detail_crop"":""references/video-audit/chapters/CH15_acuse_de_inventario_y_catalogos_de_items/detail_crops/CH15-E0023_00h45m48s400ms_DETAIL.jpg"",""transcript"":""references/video-audit/chapters/CH15_acuse_de_inventario_y_catalogos_de_items/transcript_raw.txt""} | {""chapter_id"":""CH15"",""event_id"":""CH15-E0032"",""timestamp"":""00:45:57.400"",""image"":""references/video-audit/chapters/CH15_acuse_de_inventario_y_catalogos_de_items/event_frames/CH15-E0032_00h45m57s400ms_abrupt_change.jpg"",""detail_crop"":""references/video-audit/chapters/CH15_acuse_de_inventario_y_catalogos_de_items/detail_crops/CH15-E0032_00h45m57s400ms_DETAIL.jpg"",""transcript"":""references/video-audit/chapters/CH15_acuse_de_inventario_y_catalogos_de_items/transcript_raw.txt""}","app/main.js","openAcknowledgementForm","Estado mock persistido en localStorage; Supabase todavía no validado en runtime.","tests/e2e/ch14.spec.mjs","IMPLEMENTED_PARTIAL","","CH15-Q003","La superficie conserva Plantilla visible sin copiar o aplicar ítems hasta aprobar orígenes, estados autorizados y efecto posterior. | Persiste después de recargar cuando la acción modifica datos. | Respeta rol y organización. | Tiene prueba automatizada específica y prueba de navegador cuando corresponde."
"CH15-R005","VIDEO_REQUIREMENT","CH15","CH15-E0029","00:45:54.400","quote_source_states","Añadir plantilla","","select","En ejecución / Finalizado","No infiere qué estados pueden originar un acuse ni sus validaciones posteriores.","Datos sintéticos y alcance de la organización activa.","Entrada válida, estado vacío y error accionable sin revelar existencia de registros.","Permiso explícito de lectura o escritura aplicado en navegación, control, store y persistencia.","El estado visible cambia sólo después de completar la operación autorizada.","Error accesible y genérico; no mostrar éxito anticipado.","NO_APLICA","{""chapter_id"":""CH15"",""event_id"":""CH15-E0029"",""timestamp"":""00:45:54.400"",""image"":""references/video-audit/chapters/CH15_acuse_de_inventario_y_catalogos_de_items/event_frames/CH15-E0029_00h45m54s400ms_abrupt_change.jpg"",""detail_crop"":""references/video-audit/chapters/CH15_acuse_de_inventario_y_catalogos_de_items/detail_crops/CH15-E0029_00h45m54s400ms_DETAIL.jpg"",""transcript"":""references/video-audit/chapters/CH15_acuse_de_inventario_y_catalogos_de_items/transcript_raw.txt""}","docs/OPEN_QUESTIONS.md","","Estado mock persistido en localStorage; Supabase todavía no validado en runtime.","NONE","NEEDS_CLIENT_CONFIRMATION","","CH15-Q003","No infiere qué estados pueden originar un acuse ni sus validaciones posteriores. | Persiste después de recargar cuando la acción modifica datos. | Respeta rol y organización. | Tiene prueba automatizada específica y prueba de navegador cuando corresponde."
"CH15-R006","VIDEO_REQUIREMENT","CH15","CH15-E0046 | CH15-E0047","00:46:24.600 | 00:46:28.400","medication_catalog","Items / Medicamentos","","catalog_form","Código / nombre / principio activo / concentración / presentación / fabricante / vía / banderas","Lista, crea, edita e inactiva medicamentos con metadatos configurables, pero no inventa el efecto clínico, fiscal o logístico de sus banderas.","Datos sintéticos y alcance de la organización activa.","Entrada válida, estado vacío y error accionable sin revelar existencia de registros.","Permiso explícito de lectura o escritura aplicado en navegación, control, store y persistencia.","El estado visible cambia sólo después de completar la operación autorizada.","Error accesible y genérico; no mostrar éxito anticipado.","NO_APLICA","{""chapter_id"":""CH15"",""event_id"":""CH15-E0046"",""timestamp"":""00:46:24.600"",""image"":""references/video-audit/chapters/CH15_acuse_de_inventario_y_catalogos_de_items/event_frames/CH15-E0046_00h46m24s600ms_abrupt_change.jpg"",""detail_crop"":""references/video-audit/chapters/CH15_acuse_de_inventario_y_catalogos_de_items/detail_crops/CH15-E0046_00h46m24s600ms_DETAIL.jpg"",""transcript"":""references/video-audit/chapters/CH15_acuse_de_inventario_y_catalogos_de_items/transcript_raw.txt""} | {""chapter_id"":""CH15"",""event_id"":""CH15-E0047"",""timestamp"":""00:46:28.400"",""image"":""references/video-audit/chapters/CH15_acuse_de_inventario_y_catalogos_de_items/event_frames/CH15-E0047_00h46m28s400ms_abrupt_change.jpg"",""detail_crop"":"""",""transcript"":""references/video-audit/chapters/CH15_acuse_de_inventario_y_catalogos_de_items/transcript_raw.txt""}","app/views.js; app/main.js; app/store.js","renderCatalogs/openCatalogForm/createCatalogItem/updateCatalogItem","Estado mock persistido en localStorage; Supabase todavía no validado en runtime.","tests/ch15-catalogs.test.mjs","IMPLEMENTED_PARTIAL","","CH15-Q004","Lista, crea, edita e inactiva medicamentos con metadatos configurables, pero no inventa el efecto clínico, fiscal o logístico de sus banderas. | Persiste después de recargar cuando la acción modifica datos. | Respeta rol y organización. | Tiene prueba automatizada específica y prueba de navegador cuando corresponde."
"CH15-R007","VIDEO_REQUIREMENT","CH15","CH15-E0052 | CH15-E0071 | CH15-E0114","00:46:35.800 | 00:47:09.600 | 00:48:57.200","unsaved_changes","Formularios de catálogo","","confirmation_dialog","Salir / Cancelar / Aceptar","Detecta cambios no guardados; Cancelar conserva el formulario y Aceptar descarta sólo el borrador.","Datos sintéticos y alcance de la organización activa.","Entrada válida, estado vacío y error accionable sin revelar existencia de registros.","Permiso explícito de lectura o escritura aplicado en navegación, control, store y persistencia.","El estado visible cambia sólo después de completar la operación autorizada.","Error accesible y genérico; no mostrar éxito anticipado.","NO_APLICA","{""chapter_id"":""CH15"",""event_id"":""CH15-E0052"",""timestamp"":""00:46:35.800"",""image"":""references/video-audit/chapters/CH15_acuse_de_inventario_y_catalogos_de_items/event_frames/CH15-E0052_00h46m35s800ms_abrupt_change.jpg"",""detail_crop"":"""",""transcript"":""references/video-audit/chapters/CH15_acuse_de_inventario_y_catalogos_de_items/transcript_raw.txt""} | {""chapter_id"":""CH15"",""event_id"":""CH15-E0071"",""timestamp"":""00:47:09.600"",""image"":""references/video-audit/chapters/CH15_acuse_de_inventario_y_catalogos_de_items/event_frames/CH15-E0071_00h47m09s600ms_abrupt_change.jpg"",""detail_crop"":"""",""transcript"":""references/video-audit/chapters/CH15_acuse_de_inventario_y_catalogos_de_items/transcript_raw.txt""} | {""chapter_id"":""CH15"",""event_id"":""CH15-E0114"",""timestamp"":""00:48:57.200"",""image"":""references/video-audit/chapters/CH15_acuse_de_inventario_y_catalogos_de_items/event_frames/CH15-E0114_00h48m57s200ms_stable_change.jpg"",""detail_crop"":""references/video-audit/chapters/CH15_acuse_de_inventario_y_catalogos_de_items/detail_crops/CH15-E0114_00h48m57s200ms_DETAIL.jpg"",""transcript"":""references/video-audit/chapters/CH15_acuse_de_inventario_y_catalogos_de_items/transcript_raw.txt""}","app/main.js","close-modal dirty catalog guard","Estado mock persistido en localStorage; Supabase todavía no validado en runtime.","tests/ch15-catalogs.test.mjs","IMPLEMENTED_EXACT","","","Detecta cambios no guardados; Cancelar conserva el formulario y Aceptar descarta sólo el borrador. | Persiste después de recargar cuando la acción modifica datos. | Respeta rol y organización. | Tiene prueba automatizada específica y prueba de navegador cuando corresponde."
"CH15-R008","VIDEO_REQUIREMENT","CH15","CH15-E0067 | CH15-E0068","00:46:48.400 | 00:46:51.600","supply_catalog","Items / Insumos","","catalog_form","Código / Nombre / Tipo / Fabricante / Descripción / banderas","Crea, edita e inactiva insumos con validación, proveedor, trazabilidad, vigencia, búsqueda, paginación y auditoría.","Datos sintéticos y alcance de la organización activa.","Entrada válida, estado vacío y error accionable sin revelar existencia de registros.","Permiso explícito de lectura o escritura aplicado en navegación, control, store y persistencia.","El estado visible cambia sólo después de completar la operación autorizada.","Error accesible y genérico; no mostrar éxito anticipado.","NO_APLICA","{""chapter_id"":""CH15"",""event_id"":""CH15-E0067"",""timestamp"":""00:46:48.400"",""image"":""references/video-audit/chapters/CH15_acuse_de_inventario_y_catalogos_de_items/event_frames/CH15-E0067_00h46m48s400ms_stable_change.jpg"",""detail_crop"":""references/video-audit/chapters/CH15_acuse_de_inventario_y_catalogos_de_items/detail_crops/CH15-E0067_00h46m48s400ms_DETAIL.jpg"",""transcript"":""references/video-audit/chapters/CH15_acuse_de_inventario_y_catalogos_de_items/transcript_raw.txt""} | {""chapter_id"":""CH15"",""event_id"":""CH15-E0068"",""timestamp"":""00:46:51.600"",""image"":""references/video-audit/chapters/CH15_acuse_de_inventario_y_catalogos_de_items/event_frames/CH15-E0068_00h46m51s600ms_abrupt_change.jpg"",""detail_crop"":"""",""transcript"":""references/video-audit/chapters/CH15_acuse_de_inventario_y_catalogos_de_items/transcript_raw.txt""}","app/views.js; app/main.js; app/store.js; app/supabase-adapter.js","renderCatalogs/openCatalogForm/catalog CRUD","Estado mock persistido en localStorage; Supabase todavía no validado en runtime.","tests/ch15-catalogs.test.mjs","IMPLEMENTED_EXACT","","","Crea, edita e inactiva insumos con validación, proveedor, trazabilidad, vigencia, búsqueda, paginación y auditoría. | Persiste después de recargar cuando la acción modifica datos. | Respeta rol y organización. | Tiene prueba automatizada específica y prueba de navegador cuando corresponde."
"CH15-R009","VIDEO_REQUIREMENT","CH15","CH15-E0084","00:47:20.600","study_catalog","Items / Estudios Dx","","data_table","Código / Nombre / Descripción / Impuesto / Descuento / Estado / búsqueda / paginación / Excel / alta","Lista, busca, pagina y administra estudios; la exportación oficial permanece provisional.","Datos sintéticos y alcance de la organización activa.","Entrada válida, estado vacío y error accionable sin revelar existencia de registros.","Permiso explícito de lectura o escritura aplicado en navegación, control, store y persistencia.","El estado visible cambia sólo después de completar la operación autorizada.","Error accesible y genérico; no mostrar éxito anticipado.","NO_APLICA","{""chapter_id"":""CH15"",""event_id"":""CH15-E0084"",""timestamp"":""00:47:20.600"",""image"":""references/video-audit/chapters/CH15_acuse_de_inventario_y_catalogos_de_items/event_frames/CH15-E0084_00h47m20s600ms_abrupt_change.jpg"",""detail_crop"":""references/video-audit/chapters/CH15_acuse_de_inventario_y_catalogos_de_items/detail_crops/CH15-E0084_00h47m20s600ms_DETAIL.jpg"",""transcript"":""references/video-audit/chapters/CH15_acuse_de_inventario_y_catalogos_de_items/transcript_raw.txt""}","app/views.js; app/main.js; app/store.js","renderCatalogs/openCatalogForm","Estado mock persistido en localStorage; Supabase todavía no validado en runtime.","tests/ch15-catalogs.test.mjs","IMPLEMENTED_PARTIAL","","","Lista, busca, pagina y administra estudios; la exportación oficial permanece provisional. | Persiste después de recargar cuando la acción modifica datos. | Respeta rol y organización. | Tiene prueba automatizada específica y prueba de navegador cuando corresponde."
"CH15-R010","VIDEO_REQUIREMENT","CH15","CH15-E0094 | CH15-E0097","00:47:31.600 | 00:47:42.000","fee_catalog","Items / Honorarios","","catalog_form","Código / Nombre / Recurso / Descuento / Impuesto / Giftcard","Administra el maestro y sus banderas; la asociación versionada a un recurso y liquidación requieren contrato del cliente.","Datos sintéticos y alcance de la organización activa.","Entrada válida, estado vacío y error accionable sin revelar existencia de registros.","Permiso explícito de lectura o escritura aplicado en navegación, control, store y persistencia.","El estado visible cambia sólo después de completar la operación autorizada.","Error accesible y genérico; no mostrar éxito anticipado.","NO_APLICA","{""chapter_id"":""CH15"",""event_id"":""CH15-E0094"",""timestamp"":""00:47:31.600"",""image"":""references/video-audit/chapters/CH15_acuse_de_inventario_y_catalogos_de_items/event_frames/CH15-E0094_00h47m31s600ms_abrupt_change.jpg"",""detail_crop"":""references/video-audit/chapters/CH15_acuse_de_inventario_y_catalogos_de_items/detail_crops/CH15-E0094_00h47m31s600ms_DETAIL.jpg"",""transcript"":""references/video-audit/chapters/CH15_acuse_de_inventario_y_catalogos_de_items/transcript_raw.txt""} | {""chapter_id"":""CH15"",""event_id"":""CH15-E0097"",""timestamp"":""00:47:42.000"",""image"":""references/video-audit/chapters/CH15_acuse_de_inventario_y_catalogos_de_items/event_frames/CH15-E0097_00h47m42s000ms_stable_change.jpg"",""detail_crop"":"""",""transcript"":""references/video-audit/chapters/CH15_acuse_de_inventario_y_catalogos_de_items/transcript_raw.txt""}","app/views.js; app/main.js; app/store.js","renderCatalogs/openCatalogForm","Estado mock persistido en localStorage; Supabase todavía no validado en runtime.","tests/ch15-catalogs.test.mjs","IMPLEMENTED_PARTIAL","","CH15-Q006","Administra el maestro y sus banderas; la asociación versionada a un recurso y liquidación requieren contrato del cliente. | Persiste después de recargar cuando la acción modifica datos. | Respeta rol y organización. | Tiene prueba automatizada específica y prueba de navegador cuando corresponde."
"CH15-R011","VIDEO_REQUIREMENT","CH15","CH15-E0100 | CH15-E0101","00:48:10.400 | 00:48:11.000","catalog_remote_confirmation","Items / Honorario nuevo","","submit","Procesando / guardado exitosamente","En Supabase confirma INSERT/UPDATE antes de cerrar o mostrar éxito; en demo confirma la persistencia local auditada.","Datos sintéticos y alcance de la organización activa.","Entrada válida, estado vacío y error accionable sin revelar existencia de registros.","Permiso explícito de lectura o escritura aplicado en navegación, control, store y persistencia.","El estado visible cambia sólo después de completar la operación autorizada.","Error accesible y genérico; no mostrar éxito anticipado.","NO_APLICA","{""chapter_id"":""CH15"",""event_id"":""CH15-E0100"",""timestamp"":""00:48:10.400"",""image"":""references/video-audit/chapters/CH15_acuse_de_inventario_y_catalogos_de_items/event_frames/CH15-E0100_00h48m10s400ms_abrupt_change.jpg"",""detail_crop"":"""",""transcript"":""references/video-audit/chapters/CH15_acuse_de_inventario_y_catalogos_de_items/transcript_raw.txt""} | {""chapter_id"":""CH15"",""event_id"":""CH15-E0101"",""timestamp"":""00:48:11.000"",""image"":""references/video-audit/chapters/CH15_acuse_de_inventario_y_catalogos_de_items/event_frames/CH15-E0101_00h48m11s000ms_abrupt_change.jpg"",""detail_crop"":"""",""transcript"":""references/video-audit/chapters/CH15_acuse_de_inventario_y_catalogos_de_items/transcript_raw.txt""}","app/store.js; app/supabase-adapter.js; app/main.js","requiredSync/catalog sync/save-catalog-item","Estado mock persistido en localStorage; Supabase todavía no validado en runtime.","tests/ch15-catalogs.test.mjs","IMPLEMENTED_EXACT","","","En Supabase confirma INSERT/UPDATE antes de cerrar o mostrar éxito; en demo confirma la persistencia local auditada. | Persiste después de recargar cuando la acción modifica datos. | Respeta rol y organización. | Tiene prueba automatizada específica y prueba de navegador cuando corresponde."
"CH15-R012","VIDEO_REQUIREMENT","CH15","CH15-E0110 | CH15-E0113","00:48:27.800 | 00:48:56.600","fee_actions","Items / Honorario editar","","row_actions","Editar / costos de compra / precios de venta / cuentas / Inactivar","Editar e Inactivar son operaciones reales y auditadas; vistas financieras sensibles esperan permiso y definición de alcance.","Datos sintéticos y alcance de la organización activa.","Entrada válida, estado vacío y error accionable sin revelar existencia de registros.","Permiso explícito de lectura o escritura aplicado en navegación, control, store y persistencia.","El estado visible cambia sólo después de completar la operación autorizada.","Error accesible y genérico; no mostrar éxito anticipado.","NO_APLICA","{""chapter_id"":""CH15"",""event_id"":""CH15-E0110"",""timestamp"":""00:48:27.800"",""image"":""references/video-audit/chapters/CH15_acuse_de_inventario_y_catalogos_de_items/event_frames/CH15-E0110_00h48m27s800ms_abrupt_change.jpg"",""detail_crop"":"""",""transcript"":""references/video-audit/chapters/CH15_acuse_de_inventario_y_catalogos_de_items/transcript_raw.txt""} | {""chapter_id"":""CH15"",""event_id"":""CH15-E0113"",""timestamp"":""00:48:56.600"",""image"":""references/video-audit/chapters/CH15_acuse_de_inventario_y_catalogos_de_items/event_frames/CH15-E0113_00h48m56s600ms_abrupt_change.jpg"",""detail_crop"":"""",""transcript"":""references/video-audit/chapters/CH15_acuse_de_inventario_y_catalogos_de_items/transcript_raw.txt""}","app/views.js; app/main.js; app/store.js","updateCatalogItem/inactivateCatalogItem","Estado mock persistido en localStorage; Supabase todavía no validado en runtime.","tests/ch15-catalogs.test.mjs","IMPLEMENTED_PARTIAL","","CH15-Q007","Editar e Inactivar son operaciones reales y auditadas; vistas financieras sensibles esperan permiso y definición de alcance. | Persiste después de recargar cuando la acción modifica datos. | Respeta rol y organización. | Tiene prueba automatizada específica y prueba de navegador cuando corresponde."
"CH15-R013","VIDEO_REQUIREMENT","CH15","CH15-E0122 | CH15-E0128","00:49:05.800 | 00:49:09.000","service_catalog","Items / Servicios","","data_table","Código / Nombre / Tipo de producto / Categoría / Impuesto / Descuento / Estado","Lista, busca, pagina, crea, edita e inactiva servicios con taxonomías configurables sin inventar catálogos maestros.","Datos sintéticos y alcance de la organización activa.","Entrada válida, estado vacío y error accionable sin revelar existencia de registros.","Permiso explícito de lectura o escritura aplicado en navegación, control, store y persistencia.","El estado visible cambia sólo después de completar la operación autorizada.","Error accesible y genérico; no mostrar éxito anticipado.","NO_APLICA","{""chapter_id"":""CH15"",""event_id"":""CH15-E0122"",""timestamp"":""00:49:05.800"",""image"":""references/video-audit/chapters/CH15_acuse_de_inventario_y_catalogos_de_items/event_frames/CH15-E0122_00h49m05s800ms_abrupt_change.jpg"",""detail_crop"":"""",""transcript"":""references/video-audit/chapters/CH15_acuse_de_inventario_y_catalogos_de_items/transcript_raw.txt""} | {""chapter_id"":""CH15"",""event_id"":""CH15-E0128"",""timestamp"":""00:49:09.000"",""image"":""references/video-audit/chapters/CH15_acuse_de_inventario_y_catalogos_de_items/event_frames/CH15-E0128_00h49m09s000ms_abrupt_change.jpg"",""detail_crop"":""references/video-audit/chapters/CH15_acuse_de_inventario_y_catalogos_de_items/detail_crops/CH15-E0128_00h49m09s000ms_DETAIL.jpg"",""transcript"":""references/video-audit/chapters/CH15_acuse_de_inventario_y_catalogos_de_items/transcript_raw.txt""}","app/views.js; app/main.js; app/store.js","renderCatalogs/openCatalogForm","Estado mock persistido en localStorage; Supabase todavía no validado en runtime.","tests/ch15-catalogs.test.mjs","IMPLEMENTED_PARTIAL","","CH15-Q008","Lista, busca, pagina, crea, edita e inactiva servicios con taxonomías configurables sin inventar catálogos maestros. | Persiste después de recargar cuando la acción modifica datos. | Respeta rol y organización. | Tiene prueba automatizada específica y prueba de navegador cuando corresponde."
"CH15-R014","VIDEO_REQUIREMENT","CH15","CH15-E0144 | CH15-E0148","00:49:33.200 | 00:49:41.400","discount_matrix","Descuentos","","data_table","Servicios / Laboratorios / Medicamentos / Equipos / Insumos / Honorarios","Expone porcentajes por familia; integración completa con cotizaciones se cierra en CH16.","Datos sintéticos y alcance de la organización activa.","Entrada válida, estado vacío y error accionable sin revelar existencia de registros.","Permiso explícito de lectura o escritura aplicado en navegación, control, store y persistencia.","El estado visible cambia sólo después de completar la operación autorizada.","Error accesible y genérico; no mostrar éxito anticipado.","NO_APLICA","{""chapter_id"":""CH15"",""event_id"":""CH15-E0144"",""timestamp"":""00:49:33.200"",""image"":""references/video-audit/chapters/CH15_acuse_de_inventario_y_catalogos_de_items/event_frames/CH15-E0144_00h49m33s200ms_abrupt_change.jpg"",""detail_crop"":""references/video-audit/chapters/CH15_acuse_de_inventario_y_catalogos_de_items/detail_crops/CH15-E0144_00h49m33s200ms_DETAIL.jpg"",""transcript"":""references/video-audit/chapters/CH15_acuse_de_inventario_y_catalogos_de_items/transcript_raw.txt""} | {""chapter_id"":""CH15"",""event_id"":""CH15-E0148"",""timestamp"":""00:49:41.400"",""image"":""references/video-audit/chapters/CH15_acuse_de_inventario_y_catalogos_de_items/event_frames/CH15-E0148_00h49m41s400ms_settled.jpg"",""detail_crop"":""references/video-audit/chapters/CH15_acuse_de_inventario_y_catalogos_de_items/detail_crops/CH15-E0148_00h49m41s400ms_DETAIL.jpg"",""transcript"":""references/video-audit/chapters/CH15_acuse_de_inventario_y_catalogos_de_items/transcript_raw.txt""}","app/views.js; app/store.js","renderDiscounts/createDiscountRule","Estado mock persistido en localStorage; Supabase todavía no validado en runtime.","tests/ch06-discounts.test.mjs","IMPLEMENTED_PARTIAL","","CH15-Q009","Expone porcentajes por familia; integración completa con cotizaciones se cierra en CH16. | Persiste después de recargar cuando la acción modifica datos. | Respeta rol y organización. | Tiene prueba automatizada específica y prueba de navegador cuando corresponde."
"CH15-R015","VIDEO_REQUIREMENT","CH15","CH15-E0068","00:46:51.600","internal_lot_rule","Items / Insumo nuevo","","business_rule","Lotes para uso interno","Permite configurar la bandera sin inferir cuándo el lote es obligatorio en consumo interno.","Datos sintéticos y alcance de la organización activa.","Entrada válida, estado vacío y error accionable sin revelar existencia de registros.","Permiso explícito de lectura o escritura aplicado en navegación, control, store y persistencia.","El estado visible cambia sólo después de completar la operación autorizada.","Error accesible y genérico; no mostrar éxito anticipado.","NO_APLICA","{""chapter_id"":""CH15"",""event_id"":""CH15-E0068"",""timestamp"":""00:46:51.600"",""image"":""references/video-audit/chapters/CH15_acuse_de_inventario_y_catalogos_de_items/event_frames/CH15-E0068_00h46m51s600ms_abrupt_change.jpg"",""detail_crop"":"""",""transcript"":""references/video-audit/chapters/CH15_acuse_de_inventario_y_catalogos_de_items/transcript_raw.txt""}","app/main.js; docs/OPEN_QUESTIONS.md","openCatalogForm","Estado mock persistido en localStorage; Supabase todavía no validado en runtime.","tests/ch15-catalogs.test.mjs","NEEDS_CLIENT_CONFIRMATION","","CH15-Q005","Permite configurar la bandera sin inferir cuándo el lote es obligatorio en consumo interno. | Persiste después de recargar cuando la acción modifica datos. | Respeta rol y organización. | Tiene prueba automatizada específica y prueba de navegador cuando corresponde."
"CH15-R016","VIDEO_REQUIREMENT","CH15","CH15-E0097","00:47:42.000","fee_professional_link","Items / Honorario nuevo","","relation","Recurso","No liquida ni deriva tarifas hasta definir versionado, profesional elegible, moneda, vigencia y permisos.","Datos sintéticos y alcance de la organización activa.","Entrada válida, estado vacío y error accionable sin revelar existencia de registros.","Permiso explícito de lectura o escritura aplicado en navegación, control, store y persistencia.","El estado visible cambia sólo después de completar la operación autorizada.","Error accesible y genérico; no mostrar éxito anticipado.","NO_APLICA","{""chapter_id"":""CH15"",""event_id"":""CH15-E0097"",""timestamp"":""00:47:42.000"",""image"":""references/video-audit/chapters/CH15_acuse_de_inventario_y_catalogos_de_items/event_frames/CH15-E0097_00h47m42s000ms_stable_change.jpg"",""detail_crop"":"""",""transcript"":""references/video-audit/chapters/CH15_acuse_de_inventario_y_catalogos_de_items/transcript_raw.txt""}","docs/OPEN_QUESTIONS.md","","Estado mock persistido en localStorage; Supabase todavía no validado en runtime.","NONE","NEEDS_CLIENT_CONFIRMATION","","CH15-Q006","No liquida ni deriva tarifas hasta definir versionado, profesional elegible, moneda, vigencia y permisos. | Persiste después de recargar cuando la acción modifica datos. | Respeta rol y organización. | Tiene prueba automatizada específica y prueba de navegador cuando corresponde."
"CH15-H001","PLATFORM_HARDENING","CH15","CH15-E0046 | CH15-E0110","00:46:24.600 | 00:48:27.800","catalog_integrity","Persistencia","","rls_audit_history","Catálogo tenant-safe, sin borrado y con historial","Impide SKU duplicado por organización, registra cambios/precios append-only, confirma remoto y niega borrado de maestros usados.","Datos sintéticos y alcance de la organización activa.","Entrada válida, estado vacío y error accionable sin revelar existencia de registros.","Permiso explícito de lectura o escritura aplicado en navegación, control, store y persistencia.","El estado visible cambia sólo después de completar la operación autorizada.","Error accesible y genérico; no mostrar éxito anticipado.","NO_APLICA","{""chapter_id"":""CH15"",""event_id"":""CH15-E0046"",""timestamp"":""00:46:24.600"",""image"":""references/video-audit/chapters/CH15_acuse_de_inventario_y_catalogos_de_items/event_frames/CH15-E0046_00h46m24s600ms_abrupt_change.jpg"",""detail_crop"":""references/video-audit/chapters/CH15_acuse_de_inventario_y_catalogos_de_items/detail_crops/CH15-E0046_00h46m24s600ms_DETAIL.jpg"",""transcript"":""references/video-audit/chapters/CH15_acuse_de_inventario_y_catalogos_de_items/transcript_raw.txt""} | {""chapter_id"":""CH15"",""event_id"":""CH15-E0110"",""timestamp"":""00:48:27.800"",""image"":""references/video-audit/chapters/CH15_acuse_de_inventario_y_catalogos_de_items/event_frames/CH15-E0110_00h48m27s800ms_abrupt_change.jpg"",""detail_crop"":"""",""transcript"":""references/video-audit/chapters/CH15_acuse_de_inventario_y_catalogos_de_items/transcript_raw.txt""}","app/store.js; app/supabase-adapter.js; supabase/migrations/20260827140639_ch15_catalogs.sql","catalog CRUD/catalog_items_record_change","Estado mock persistido en localStorage; Supabase todavía no validado en runtime.","tests/ch15-catalogs.test.mjs","IMPLEMENTED_EXACT","","","Impide SKU duplicado por organización, registra cambios/precios append-only, confirma remoto y niega borrado de maestros usados. | Persiste después de recargar cuando la acción modifica datos. | Respeta rol y organización. | Tiene prueba automatizada específica y prueba de navegador cuando corresponde."
"CH15-H002","PLATFORM_HARDENING","CH15","CH15-E0046 | CH15-E0084","00:46:24.600 | 00:47:20.600","catalog_bulk_import","Importar catálogo","","file_workflow","Archivo / validación / preview / válidas / errores / duplicados / confirmar","Importa sólo CSV sintético completamente válido, rechaza lotes parciales y registra una auditoría del lote.","Datos sintéticos y alcance de la organización activa.","Entrada válida, estado vacío y error accionable sin revelar existencia de registros.","Permiso explícito de lectura o escritura aplicado en navegación, control, store y persistencia.","El estado visible cambia sólo después de completar la operación autorizada.","Error accesible y genérico; no mostrar éxito anticipado.","NO_APLICA","{""chapter_id"":""CH15"",""event_id"":""CH15-E0046"",""timestamp"":""00:46:24.600"",""image"":""references/video-audit/chapters/CH15_acuse_de_inventario_y_catalogos_de_items/event_frames/CH15-E0046_00h46m24s600ms_abrupt_change.jpg"",""detail_crop"":""references/video-audit/chapters/CH15_acuse_de_inventario_y_catalogos_de_items/detail_crops/CH15-E0046_00h46m24s600ms_DETAIL.jpg"",""transcript"":""references/video-audit/chapters/CH15_acuse_de_inventario_y_catalogos_de_items/transcript_raw.txt""} | {""chapter_id"":""CH15"",""event_id"":""CH15-E0084"",""timestamp"":""00:47:20.600"",""image"":""references/video-audit/chapters/CH15_acuse_de_inventario_y_catalogos_de_items/event_frames/CH15-E0084_00h47m20s600ms_abrupt_change.jpg"",""detail_crop"":""references/video-audit/chapters/CH15_acuse_de_inventario_y_catalogos_de_items/detail_crops/CH15-E0084_00h47m20s600ms_DETAIL.jpg"",""transcript"":""references/video-audit/chapters/CH15_acuse_de_inventario_y_catalogos_de_items/transcript_raw.txt""}","app/main.js; app/store.js; app/supabase-adapter.js","parseCatalogCsv/openCatalogImport/importCatalogItems","Estado mock persistido en localStorage; Supabase todavía no validado en runtime.","tests/ch15-catalogs.test.mjs","IMPLEMENTED_EXACT","","","Importa sólo CSV sintético completamente válido, rechaza lotes parciales y registra una auditoría del lote. | Persiste después de recargar cuando la acción modifica datos. | Respeta rol y organización. | Tiene prueba automatizada específica y prueba de navegador cuando corresponde."
"CH16-R001","VIDEO_REQUIREMENT","CH16","CH16-E0001 | CH16-E0018","00:49:45.000 | 00:50:18.200","discount_matrix","Descuentos","","data_table","Servicios / Estudios / Medicamentos / Insumos / Equipos / Honorarios / Extras","Muestra una matriz configurable por las siete categorías y conserva porcentajes cero y exclusiones explícitas.","Datos sintéticos y alcance de la organización activa.","Entrada válida, estado vacío y error accionable sin revelar existencia de registros.","Permiso explícito de lectura o escritura aplicado en navegación, control, store y persistencia.","El estado visible cambia sólo después de completar la operación autorizada.","Error accesible y genérico; no mostrar éxito anticipado.","NO_APLICA","{""chapter_id"":""CH16"",""event_id"":""CH16-E0001"",""timestamp"":""00:49:45.000"",""image"":""references/video-audit/chapters/CH16_descuentos_y_reglas_por_categoria/event_frames/CH16-E0001_00h49m45s000ms_settled.jpg"",""detail_crop"":""references/video-audit/chapters/CH16_descuentos_y_reglas_por_categoria/detail_crops/CH16-E0001_00h49m45s000ms_DETAIL.jpg"",""transcript"":""references/video-audit/chapters/CH16_descuentos_y_reglas_por_categoria/transcript_raw.txt""} | {""chapter_id"":""CH16"",""event_id"":""CH16-E0018"",""timestamp"":""00:50:18.200"",""image"":""references/video-audit/chapters/CH16_descuentos_y_reglas_por_categoria/event_frames/CH16-E0018_00h50m18s200ms_abrupt_change.jpg"",""detail_crop"":"""",""transcript"":""references/video-audit/chapters/CH16_descuentos_y_reglas_por_categoria/transcript_raw.txt""}","app/views.js; app/store.js","renderDiscounts/normalizeDiscountRule","Estado mock persistido en localStorage; Supabase todavía no validado en runtime.","tests/ch16-discounts.test.mjs","IMPLEMENTED_EXACT","","","Muestra una matriz configurable por las siete categorías y conserva porcentajes cero y exclusiones explícitas. | Persiste después de recargar cuando la acción modifica datos. | Respeta rol y organización. | Tiene prueba automatizada específica y prueba de navegador cuando corresponde."
"CH16-R002","VIDEO_REQUIREMENT","CH16","CH16-E0013 | CH16-E0030","00:50:13.800 | 00:50:38.000","discount_directory","Descuentos","","filter_pagination_export","Buscar / registros / Anterior / Siguiente / Excel","Busca perfiles, filtra por estado, pagina datos reales del estado y exporta el conjunto sintético visible sin declarar formato oficial.","Datos sintéticos y alcance de la organización activa.","Entrada válida, estado vacío y error accionable sin revelar existencia de registros.","Permiso explícito de lectura o escritura aplicado en navegación, control, store y persistencia.","El estado visible cambia sólo después de completar la operación autorizada.","Error accesible y genérico; no mostrar éxito anticipado.","NO_APLICA","{""chapter_id"":""CH16"",""event_id"":""CH16-E0013"",""timestamp"":""00:50:13.800"",""image"":""references/video-audit/chapters/CH16_descuentos_y_reglas_por_categoria/event_frames/CH16-E0013_00h50m13s800ms_settled.jpg"",""detail_crop"":""references/video-audit/chapters/CH16_descuentos_y_reglas_por_categoria/detail_crops/CH16-E0013_00h50m13s800ms_DETAIL.jpg"",""transcript"":""references/video-audit/chapters/CH16_descuentos_y_reglas_por_categoria/transcript_raw.txt""} | {""chapter_id"":""CH16"",""event_id"":""CH16-E0030"",""timestamp"":""00:50:38.000"",""image"":""references/video-audit/chapters/CH16_descuentos_y_reglas_por_categoria/event_frames/CH16-E0030_00h50m38s000ms_abrupt_change.jpg"",""detail_crop"":"""",""transcript"":""references/video-audit/chapters/CH16_descuentos_y_reglas_por_categoria/transcript_raw.txt""}","app/views.js; app/main.js","renderDiscounts/exportDiscounts","Estado mock persistido en localStorage; Supabase todavía no validado en runtime.","tests/ch16-discounts.test.mjs","IMPLEMENTED_EXACT","","","Busca perfiles, filtra por estado, pagina datos reales del estado y exporta el conjunto sintético visible sin declarar formato oficial. | Persiste después de recargar cuando la acción modifica datos. | Respeta rol y organización. | Tiene prueba automatizada específica y prueba de navegador cuando corresponde."
"CH16-R003","VIDEO_REQUIREMENT","CH16","CH16-E0003 | CH16-E0024","00:49:58.000 | 00:50:25.800","category_exclusions","Descuentos","","matrix_validation","Porcentaje 0% / exclusiones","Valida porcentajes entre 0 y 100, conserva los ceros y fuerza a cero una categoría excluida antes de recalcular.","Datos sintéticos y alcance de la organización activa.","Entrada válida, estado vacío y error accionable sin revelar existencia de registros.","Permiso explícito de lectura o escritura aplicado en navegación, control, store y persistencia.","El estado visible cambia sólo después de completar la operación autorizada.","Error accesible y genérico; no mostrar éxito anticipado.","NO_APLICA","{""chapter_id"":""CH16"",""event_id"":""CH16-E0003"",""timestamp"":""00:49:58.000"",""image"":""references/video-audit/chapters/CH16_descuentos_y_reglas_por_categoria/event_frames/CH16-E0003_00h49m58s000ms_settled.jpg"",""detail_crop"":""references/video-audit/chapters/CH16_descuentos_y_reglas_por_categoria/detail_crops/CH16-E0003_00h49m58s000ms_DETAIL.jpg"",""transcript"":""references/video-audit/chapters/CH16_descuentos_y_reglas_por_categoria/transcript_raw.txt""} | {""chapter_id"":""CH16"",""event_id"":""CH16-E0024"",""timestamp"":""00:50:25.800"",""image"":""references/video-audit/chapters/CH16_descuentos_y_reglas_por_categoria/event_frames/CH16-E0024_00h50m25s800ms_abrupt_change.jpg"",""detail_crop"":"""",""transcript"":""references/video-audit/chapters/CH16_descuentos_y_reglas_por_categoria/transcript_raw.txt""}","app/store.js; app/domain.js","normalizeDiscountCategories/calculateQuote","Estado mock persistido en localStorage; Supabase todavía no validado en runtime.","tests/ch16-discounts.test.mjs","IMPLEMENTED_EXACT","","","Valida porcentajes entre 0 y 100, conserva los ceros y fuerza a cero una categoría excluida antes de recalcular. | Persiste después de recargar cuando la acción modifica datos. | Respeta rol y organización. | Tiene prueba automatizada específica y prueba de navegador cuando corresponde."
"CH16-R004","VIDEO_REQUIREMENT","CH16","CH16-E0035","00:50:42.400","discount_profile_form","Nuevo perfil de descuento","","form","Nombre / tipo / fechas / estado / motivo / aprobación / aprobador / límite / combinabilidad","Crea, edita e inactiva perfiles sintéticos con validaciones, permisos, auditoría y confirmación remota antes de actualizar el estado local.","Datos sintéticos y alcance de la organización activa.","Entrada válida, estado vacío y error accionable sin revelar existencia de registros.","Permiso explícito de lectura o escritura aplicado en navegación, control, store y persistencia.","El estado visible cambia sólo después de completar la operación autorizada.","Error accesible y genérico; no mostrar éxito anticipado.","NO_APLICA","{""chapter_id"":""CH16"",""event_id"":""CH16-E0035"",""timestamp"":""00:50:42.400"",""image"":""references/video-audit/chapters/CH16_descuentos_y_reglas_por_categoria/event_frames/CH16-E0035_00h50m42s400ms_stable_change.jpg"",""detail_crop"":"""",""transcript"":""references/video-audit/chapters/CH16_descuentos_y_reglas_por_categoria/transcript_raw.txt""}","app/main.js; app/store.js; app/supabase-adapter.js; supabase/migrations/202608280001_ch16_discount_rules_and_approvals.sql","openDiscountForm/createDiscountRule/updateDiscountRule/inactivateDiscountRule","Estado mock persistido en localStorage; Supabase todavía no validado en runtime.","tests/ch16-discounts.test.mjs","IMPLEMENTED_EXACT","","","Crea, edita e inactiva perfiles sintéticos con validaciones, permisos, auditoría y confirmación remota antes de actualizar el estado local. | Persiste después de recargar cuando la acción modifica datos. | Respeta rol y organización. | Tiene prueba automatizada específica y prueba de navegador cuando corresponde."
"CH16-R005","VIDEO_REQUIREMENT","CH16","CH16-E0034 | CH16-E0035","00:50:41.800 | 00:50:42.400","discount_eligibility","Nuevo perfil de descuento","","eligibility_configuration","Paciente / aseguradora / empresa / jubilado","Configura y verifica elegibilidad explícita contra paciente y hospitalización autorizados; no asigna perfiles automáticamente ni deduce jubilación.","Datos sintéticos y alcance de la organización activa.","Entrada válida, estado vacío y error accionable sin revelar existencia de registros.","Permiso explícito de lectura o escritura aplicado en navegación, control, store y persistencia.","El estado visible cambia sólo después de completar la operación autorizada.","Error accesible y genérico; no mostrar éxito anticipado.","NO_APLICA","{""chapter_id"":""CH16"",""event_id"":""CH16-E0034"",""timestamp"":""00:50:41.800"",""image"":""references/video-audit/chapters/CH16_descuentos_y_reglas_por_categoria/event_frames/CH16-E0034_00h50m41s800ms_abrupt_change.jpg"",""detail_crop"":"""",""transcript"":""references/video-audit/chapters/CH16_descuentos_y_reglas_por_categoria/transcript_raw.txt""} | {""chapter_id"":""CH16"",""event_id"":""CH16-E0035"",""timestamp"":""00:50:42.400"",""image"":""references/video-audit/chapters/CH16_descuentos_y_reglas_por_categoria/event_frames/CH16-E0035_00h50m42s400ms_stable_change.jpg"",""detail_crop"":"""",""transcript"":""references/video-audit/chapters/CH16_descuentos_y_reglas_por_categoria/transcript_raw.txt""}","app/store.js; app/supabase-adapter.js; supabase/migrations/202608280001_ch16_discount_rules_and_approvals.sql","discountEligibility/request_discount_approval","Estado mock persistido en localStorage; Supabase todavía no validado en runtime.","tests/ch16-discounts.test.mjs","IMPLEMENTED_EXACT","","","Configura y verifica elegibilidad explícita contra paciente y hospitalización autorizados; no asigna perfiles automáticamente ni deduce jubilación. | Persiste después de recargar cuando la acción modifica datos. | Respeta rol y organización. | Tiene prueba automatizada específica y prueba de navegador cuando corresponde."
"CH16-R006","VIDEO_REQUIREMENT","CH16","CH16-E0035 | CH16-E0039","00:50:42.400 | 00:50:49.400","discount_quote_application","Cotización","","approval_workflow","Solicitar aprobación / recalcular","Selecciona un perfil, verifica elegibilidad, exige motivo cuando procede y enlaza una aprobación configurada al mismo conjunto de líneas antes de recalcular, persistir y auditar.","Datos sintéticos y alcance de la organización activa.","Entrada válida, estado vacío y error accionable sin revelar existencia de registros.","Permiso explícito de lectura o escritura aplicado en navegación, control, store y persistencia.","El estado visible cambia sólo después de completar la operación autorizada.","Error accesible y genérico; no mostrar éxito anticipado.","NO_APLICA","{""chapter_id"":""CH16"",""event_id"":""CH16-E0035"",""timestamp"":""00:50:42.400"",""image"":""references/video-audit/chapters/CH16_descuentos_y_reglas_por_categoria/event_frames/CH16-E0035_00h50m42s400ms_stable_change.jpg"",""detail_crop"":"""",""transcript"":""references/video-audit/chapters/CH16_descuentos_y_reglas_por_categoria/transcript_raw.txt""} | {""chapter_id"":""CH16"",""event_id"":""CH16-E0039"",""timestamp"":""00:50:49.400"",""image"":""references/video-audit/chapters/CH16_descuentos_y_reglas_por_categoria/event_frames/CH16-E0039_00h50m49s400ms_stable_change.jpg"",""detail_crop"":""references/video-audit/chapters/CH16_descuentos_y_reglas_por_categoria/detail_crops/CH16-E0039_00h50m49s400ms_DETAIL.jpg"",""transcript"":""references/video-audit/chapters/CH16_descuentos_y_reglas_por_categoria/transcript_raw.txt""}","app/main.js; app/store.js; app/supabase-adapter.js; supabase/migrations/202608280001_ch16_discount_rules_and_approvals.sql","requestDiscountApproval/approveDiscountRequest/resolveQuoteDiscount/apply_quote_draft_catalog_v2","Estado mock persistido en localStorage; Supabase todavía no validado en runtime.","tests/ch16-discounts.test.mjs","IMPLEMENTED_EXACT","","","Selecciona un perfil, verifica elegibilidad, exige motivo cuando procede y enlaza una aprobación configurada al mismo conjunto de líneas antes de recalcular, persistir y auditar. | Persiste después de recargar cuando la acción modifica datos. | Respeta rol y organización. | Tiene prueba automatizada específica y prueba de navegador cuando corresponde."
"CH16-R007","VIDEO_REQUIREMENT","CH16","CH16-E0036 | CH16-E0039","00:50:48.000 | 00:50:49.400","discount_feedback_states","Descuentos","","loading_empty_error","Carga / actualización tras guardar","El directorio conserva estado vacío y sólo confirma tras persistir; queda pendiente una presentación específica de carga/error remoto por validar en un proyecto Supabase real.","Datos sintéticos y alcance de la organización activa.","Entrada válida, estado vacío y error accionable sin revelar existencia de registros.","Permiso explícito de lectura o escritura aplicado en navegación, control, store y persistencia.","El estado visible cambia sólo después de completar la operación autorizada.","Error accesible y genérico; no mostrar éxito anticipado.","NO_APLICA","{""chapter_id"":""CH16"",""event_id"":""CH16-E0036"",""timestamp"":""00:50:48.000"",""image"":""references/video-audit/chapters/CH16_descuentos_y_reglas_por_categoria/event_frames/CH16-E0036_00h50m48s000ms_abrupt_change.jpg"",""detail_crop"":"""",""transcript"":""references/video-audit/chapters/CH16_descuentos_y_reglas_por_categoria/transcript_raw.txt""} | {""chapter_id"":""CH16"",""event_id"":""CH16-E0039"",""timestamp"":""00:50:49.400"",""image"":""references/video-audit/chapters/CH16_descuentos_y_reglas_por_categoria/event_frames/CH16-E0039_00h50m49s400ms_stable_change.jpg"",""detail_crop"":""references/video-audit/chapters/CH16_descuentos_y_reglas_por_categoria/detail_crops/CH16-E0039_00h50m49s400ms_DETAIL.jpg"",""transcript"":""references/video-audit/chapters/CH16_descuentos_y_reglas_por_categoria/transcript_raw.txt""}","app/views.js; app/main.js; app/store.js","renderDiscounts/runSafely/requiredSync","Estado mock persistido en localStorage; Supabase todavía no validado en runtime.","tests/ch16-discounts.test.mjs","IMPLEMENTED_PARTIAL","","CH16-Q005","El directorio conserva estado vacío y sólo confirma tras persistir; queda pendiente una presentación específica de carga/error remoto por validar en un proyecto Supabase real. | Persiste después de recargar cuando la acción modifica datos. | Respeta rol y organización. | Tiene prueba automatizada específica y prueba de navegador cuando corresponde."
"CH16-R008","VIDEO_REQUIREMENT","CH16","CH16-E0041 | CH16-E0044","00:50:54.000 | 00:51:07.200","report_health_navigation","Reporte de salud","","navigation","Reporte de salud","La navegación observada se conserva; contenido, impresión, firma y versión clínica se resuelven en CH17 y no se infieren desde este capítulo.","Datos sintéticos y alcance de la organización activa.","Entrada válida, estado vacío y error accionable sin revelar existencia de registros.","Permiso explícito de lectura o escritura aplicado en navegación, control, store y persistencia.","El estado visible cambia sólo después de completar la operación autorizada.","Error accesible y genérico; no mostrar éxito anticipado.","NO_APLICA","{""chapter_id"":""CH16"",""event_id"":""CH16-E0041"",""timestamp"":""00:50:54.000"",""image"":""references/video-audit/chapters/CH16_descuentos_y_reglas_por_categoria/event_frames/CH16-E0041_00h50m54s000ms_settled.jpg"",""detail_crop"":""references/video-audit/chapters/CH16_descuentos_y_reglas_por_categoria/detail_crops/CH16-E0041_00h50m54s000ms_DETAIL.jpg"",""transcript"":""references/video-audit/chapters/CH16_descuentos_y_reglas_por_categoria/transcript_raw.txt""} | {""chapter_id"":""CH16"",""event_id"":""CH16-E0044"",""timestamp"":""00:51:07.200"",""image"":""references/video-audit/chapters/CH16_descuentos_y_reglas_por_categoria/event_frames/CH16-E0044_00h51m07s200ms_abrupt_change.jpg"",""detail_crop"":"""",""transcript"":""references/video-audit/chapters/CH16_descuentos_y_reglas_por_categoria/transcript_raw.txt""}","app/main.js; docs/OPEN_QUESTIONS.md","routeFromHash","Estado mock persistido en localStorage; Supabase todavía no validado en runtime.","NONE","NEEDS_CLIENT_CONFIRMATION","","CH16-Q007","La navegación observada se conserva; contenido, impresión, firma y versión clínica se resuelven en CH17 y no se infieren desde este capítulo. | Persiste después de recargar cuando la acción modifica datos. | Respeta rol y organización. | Tiene prueba automatizada específica y prueba de navegador cuando corresponde."
"CH16-R009","VIDEO_REQUIREMENT","CH16","CH16-E0003","00:49:58.000","clinical_edit_lock","Documentos clínicos","","verbal_rule","Bloqueo de edición clínica","No adopta como regla legal una explicación verbal ambigua; los documentos firmados existentes preservan versión y corrección auditada.","Datos sintéticos y alcance de la organización activa.","Entrada válida, estado vacío y error accionable sin revelar existencia de registros.","Permiso explícito de lectura o escritura aplicado en navegación, control, store y persistencia.","El estado visible cambia sólo después de completar la operación autorizada.","Error accesible y genérico; no mostrar éxito anticipado.","NO_APLICA","{""chapter_id"":""CH16"",""event_id"":""CH16-E0003"",""timestamp"":""00:49:58.000"",""image"":""references/video-audit/chapters/CH16_descuentos_y_reglas_por_categoria/event_frames/CH16-E0003_00h49m58s000ms_settled.jpg"",""detail_crop"":""references/video-audit/chapters/CH16_descuentos_y_reglas_por_categoria/detail_crops/CH16-E0003_00h49m58s000ms_DETAIL.jpg"",""transcript"":""references/video-audit/chapters/CH16_descuentos_y_reglas_por_categoria/transcript_raw.txt""}","app/store.js; docs/OPEN_QUESTIONS.md","updateClinicalDocument/createClinicalCorrection","Estado mock persistido en localStorage; Supabase todavía no validado en runtime.","tests/p0-immutable-records.test.mjs","NEEDS_CLIENT_CONFIRMATION","","CH16-Q007","No adopta como regla legal una explicación verbal ambigua; los documentos firmados existentes preservan versión y corrección auditada. | Persiste después de recargar cuando la acción modifica datos. | Respeta rol y organización. | Tiene prueba automatizada específica y prueba de navegador cuando corresponde."
"CH16-H001","PLATFORM_HARDENING","CH16","CH16-E0001 | CH16-E0035","00:49:45.000 | 00:50:42.400","discount_persistence","Persistencia","","tenant_safe_rpc","Reglas y solicitudes tenant-safe","El adaptador carga reglas y solicitudes explícitamente; sus escrituras pasan por RPCs con RLS y auditoría. La ejecución contra una instancia Supabase real aún no está disponible.","Datos sintéticos y alcance de la organización activa.","Entrada válida, estado vacío y error accionable sin revelar existencia de registros.","Permiso explícito de lectura o escritura aplicado en navegación, control, store y persistencia.","El estado visible cambia sólo después de completar la operación autorizada.","Error accesible y genérico; no mostrar éxito anticipado.","NO_APLICA","{""chapter_id"":""CH16"",""event_id"":""CH16-E0001"",""timestamp"":""00:49:45.000"",""image"":""references/video-audit/chapters/CH16_descuentos_y_reglas_por_categoria/event_frames/CH16-E0001_00h49m45s000ms_settled.jpg"",""detail_crop"":""references/video-audit/chapters/CH16_descuentos_y_reglas_por_categoria/detail_crops/CH16-E0001_00h49m45s000ms_DETAIL.jpg"",""transcript"":""references/video-audit/chapters/CH16_descuentos_y_reglas_por_categoria/transcript_raw.txt""} | {""chapter_id"":""CH16"",""event_id"":""CH16-E0035"",""timestamp"":""00:50:42.400"",""image"":""references/video-audit/chapters/CH16_descuentos_y_reglas_por_categoria/event_frames/CH16-E0035_00h50m42s400ms_stable_change.jpg"",""detail_crop"":"""",""transcript"":""references/video-audit/chapters/CH16_descuentos_y_reglas_por_categoria/transcript_raw.txt""}","app/supabase-adapter.js; supabase/migrations/202608280001_ch16_discount_rules_and_approvals.sql","mapSupabaseBootstrap/SAVE_DISCOUNT_RULE/REQUEST_DISCOUNT_APPROVAL","Estado mock persistido en localStorage; Supabase todavía no validado en runtime.","tests/ch16-discounts.test.mjs","IMPLEMENTED_PARTIAL","","CH16-Q005","El adaptador carga reglas y solicitudes explícitamente; sus escrituras pasan por RPCs con RLS y auditoría. La ejecución contra una instancia Supabase real aún no está disponible. | Persiste después de recargar cuando la acción modifica datos. | Respeta rol y organización. | Tiene prueba automatizada específica y prueba de navegador cuando corresponde."
"CH16-H002","PLATFORM_HARDENING","CH16","CH16-E0035 | CH16-E0039","00:50:42.400 | 00:50:49.400","approval_integrity","Cotización","","financial_integrity","Aprobación vinculada a líneas","Una aprobación se vincula a regla, paciente, hospitalización y líneas/cantidades; cambios posteriores invalidan la aplicación y cada decisión deja auditoría.","Datos sintéticos y alcance de la organización activa.","Entrada válida, estado vacío y error accionable sin revelar existencia de registros.","Permiso explícito de lectura o escritura aplicado en navegación, control, store y persistencia.","El estado visible cambia sólo después de completar la operación autorizada.","Error accesible y genérico; no mostrar éxito anticipado.","NO_APLICA","{""chapter_id"":""CH16"",""event_id"":""CH16-E0035"",""timestamp"":""00:50:42.400"",""image"":""references/video-audit/chapters/CH16_descuentos_y_reglas_por_categoria/event_frames/CH16-E0035_00h50m42s400ms_stable_change.jpg"",""detail_crop"":"""",""transcript"":""references/video-audit/chapters/CH16_descuentos_y_reglas_por_categoria/transcript_raw.txt""} | {""chapter_id"":""CH16"",""event_id"":""CH16-E0039"",""timestamp"":""00:50:49.400"",""image"":""references/video-audit/chapters/CH16_descuentos_y_reglas_por_categoria/event_frames/CH16-E0039_00h50m49s400ms_stable_change.jpg"",""detail_crop"":""references/video-audit/chapters/CH16_descuentos_y_reglas_por_categoria/detail_crops/CH16-E0039_00h50m49s400ms_DETAIL.jpg"",""transcript"":""references/video-audit/chapters/CH16_descuentos_y_reglas_por_categoria/transcript_raw.txt""}","app/store.js; supabase/migrations/202608280001_ch16_discount_rules_and_approvals.sql","discountFingerprint/resolveQuoteDiscount/apply_quote_draft_catalog_v2","Estado mock persistido en localStorage; Supabase todavía no validado en runtime.","tests/ch16-discounts.test.mjs","IMPLEMENTED_EXACT","","","Una aprobación se vincula a regla, paciente, hospitalización y líneas/cantidades; cambios posteriores invalidan la aplicación y cada decisión deja auditoría. | Persiste después de recargar cuando la acción modifica datos. | Respeta rol y organización. | Tiene prueba automatizada específica y prueba de navegador cuando corresponde."
"CH16-H003","PLATFORM_HARDENING","CH16","CH16-E0003 | CH16-E0035","00:49:58.000 | 00:50:42.400","discount_precedence","Descuentos","","financial_policy","Precedencia y combinación","No combina ni prioriza perfiles, promociones o convenios automáticamente hasta que el cliente defina la política y el redondeo autorizados.","Datos sintéticos y alcance de la organización activa.","Entrada válida, estado vacío y error accionable sin revelar existencia de registros.","Permiso explícito de lectura o escritura aplicado en navegación, control, store y persistencia.","El estado visible cambia sólo después de completar la operación autorizada.","Error accesible y genérico; no mostrar éxito anticipado.","NO_APLICA","{""chapter_id"":""CH16"",""event_id"":""CH16-E0003"",""timestamp"":""00:49:58.000"",""image"":""references/video-audit/chapters/CH16_descuentos_y_reglas_por_categoria/event_frames/CH16-E0003_00h49m58s000ms_settled.jpg"",""detail_crop"":""references/video-audit/chapters/CH16_descuentos_y_reglas_por_categoria/detail_crops/CH16-E0003_00h49m58s000ms_DETAIL.jpg"",""transcript"":""references/video-audit/chapters/CH16_descuentos_y_reglas_por_categoria/transcript_raw.txt""} | {""chapter_id"":""CH16"",""event_id"":""CH16-E0035"",""timestamp"":""00:50:42.400"",""image"":""references/video-audit/chapters/CH16_descuentos_y_reglas_por_categoria/event_frames/CH16-E0035_00h50m42s400ms_stable_change.jpg"",""detail_crop"":"""",""transcript"":""references/video-audit/chapters/CH16_descuentos_y_reglas_por_categoria/transcript_raw.txt""}","app/store.js; docs/OPEN_QUESTIONS.md","resolveQuoteDiscount","Estado mock persistido en localStorage; Supabase todavía no validado en runtime.","tests/ch16-discounts.test.mjs","NEEDS_CLIENT_CONFIRMATION","","CH16-Q002 | CH16-Q003","No combina ni prioriza perfiles, promociones o convenios automáticamente hasta que el cliente defina la política y el redondeo autorizados. | Persiste después de recargar cuando la acción modifica datos. | Respeta rol y organización. | Tiene prueba automatizada específica y prueba de navegador cuando corresponde."
"CH17-R001","VIDEO_REQUIREMENT","CH17","CH17-E0001 | CH17-E0005 | CH17-E0011","00:51:10.000 | 00:51:14.200 | 00:51:18.000","health_report_directory","Reporte de salud","","search_pagination","Paciente / documento / hospitalización / triage / auditoría","Lista hospitalizaciones del alcance de la organización, busca por paciente, documento o hospitalización y conserva paginación y acciones contextuales.","Datos sintéticos y alcance de la organización activa.","Entrada válida, estado vacío y error accionable sin revelar existencia de registros.","Permiso explícito de lectura o escritura aplicado en navegación, control, store y persistencia.","El estado visible cambia sólo después de completar la operación autorizada.","Error accesible y genérico; no mostrar éxito anticipado.","NO_APLICA","{""chapter_id"":""CH17"",""event_id"":""CH17-E0001"",""timestamp"":""00:51:10.000"",""image"":""references/video-audit/chapters/CH17_reporte_de_salud_detallado_e_impresion/event_frames/CH17-E0001_00h51m10s000ms_settled.jpg"",""detail_crop"":""references/video-audit/chapters/CH17_reporte_de_salud_detallado_e_impresion/detail_crops/CH17-E0001_00h51m10s000ms_DETAIL.jpg"",""transcript"":""references/video-audit/chapters/CH17_reporte_de_salud_detallado_e_impresion/transcript_raw.txt""} | {""chapter_id"":""CH17"",""event_id"":""CH17-E0005"",""timestamp"":""00:51:14.200"",""image"":""references/video-audit/chapters/CH17_reporte_de_salud_detallado_e_impresion/event_frames/CH17-E0005_00h51m14s200ms_settled.jpg"",""detail_crop"":""references/video-audit/chapters/CH17_reporte_de_salud_detallado_e_impresion/detail_crops/CH17-E0005_00h51m14s200ms_DETAIL.jpg"",""transcript"":""references/video-audit/chapters/CH17_reporte_de_salud_detallado_e_impresion/transcript_raw.txt""} | {""chapter_id"":""CH17"",""event_id"":""CH17-E0011"",""timestamp"":""00:51:18.000"",""image"":""references/video-audit/chapters/CH17_reporte_de_salud_detallado_e_impresion/event_frames/CH17-E0011_00h51m18s000ms_stable_change.jpg"",""detail_crop"":""references/video-audit/chapters/CH17_reporte_de_salud_detallado_e_impresion/detail_crops/CH17-E0011_00h51m18s000ms_DETAIL.jpg"",""transcript"":""references/video-audit/chapters/CH17_reporte_de_salud_detallado_e_impresion/transcript_raw.txt""}","app/views.js; app/main.js","renderHealthReports/healthReportMenu","Estado mock persistido en localStorage; Supabase todavía no validado en runtime.","tests/ch17-health-report.test.mjs; tests/e2e/ch17.spec.mjs","IMPLEMENTED_EXACT","","","Lista hospitalizaciones del alcance de la organización, busca por paciente, documento o hospitalización y conserva paginación y acciones contextuales. | Persiste después de recargar cuando la acción modifica datos. | Respeta rol y organización. | Tiene prueba automatizada específica y prueba de navegador cuando corresponde."
"CH17-R002","VIDEO_REQUIREMENT","CH17","CH17-E0005 | CH17-E0019 | CH17-E0024","00:51:14.200 | 00:51:33.000 | 00:51:37.200","health_report_sections","Reporte de salud","","tabs","Información Principal / Evaluación Clínica / Atención Médica / Tratamientos y Órdenes / Eventos Clínicos / Evidencia y Documentos","Mantiene paciente, hospitalización y rango activo al navegar las secciones principales y de evaluación clínica.","Datos sintéticos y alcance de la organización activa.","Entrada válida, estado vacío y error accionable sin revelar existencia de registros.","Permiso explícito de lectura o escritura aplicado en navegación, control, store y persistencia.","El estado visible cambia sólo después de completar la operación autorizada.","Error accesible y genérico; no mostrar éxito anticipado.","NO_APLICA","{""chapter_id"":""CH17"",""event_id"":""CH17-E0005"",""timestamp"":""00:51:14.200"",""image"":""references/video-audit/chapters/CH17_reporte_de_salud_detallado_e_impresion/event_frames/CH17-E0005_00h51m14s200ms_settled.jpg"",""detail_crop"":""references/video-audit/chapters/CH17_reporte_de_salud_detallado_e_impresion/detail_crops/CH17-E0005_00h51m14s200ms_DETAIL.jpg"",""transcript"":""references/video-audit/chapters/CH17_reporte_de_salud_detallado_e_impresion/transcript_raw.txt""} | {""chapter_id"":""CH17"",""event_id"":""CH17-E0019"",""timestamp"":""00:51:33.000"",""image"":""references/video-audit/chapters/CH17_reporte_de_salud_detallado_e_impresion/event_frames/CH17-E0019_00h51m33s000ms_abrupt_change.jpg"",""detail_crop"":"""",""transcript"":""references/video-audit/chapters/CH17_reporte_de_salud_detallado_e_impresion/transcript_raw.txt""} | {""chapter_id"":""CH17"",""event_id"":""CH17-E0024"",""timestamp"":""00:51:37.200"",""image"":""references/video-audit/chapters/CH17_reporte_de_salud_detallado_e_impresion/event_frames/CH17-E0024_00h51m37s200ms_abrupt_change.jpg"",""detail_crop"":""references/video-audit/chapters/CH17_reporte_de_salud_detallado_e_impresion/detail_crops/CH17-E0024_00h51m37s200ms_DETAIL.jpg"",""transcript"":""references/video-audit/chapters/CH17_reporte_de_salud_detallado_e_impresion/transcript_raw.txt""}","app/views.js; app/main.js","renderHealthReportDetail/set-health-report-tab","Estado mock persistido en localStorage; Supabase todavía no validado en runtime.","tests/e2e/ch17.spec.mjs","IMPLEMENTED_EXACT","","","Mantiene paciente, hospitalización y rango activo al navegar las secciones principales y de evaluación clínica. | Persiste después de recargar cuando la acción modifica datos. | Respeta rol y organización. | Tiene prueba automatizada específica y prueba de navegador cuando corresponde."
"CH17-R003","VIDEO_REQUIREMENT","CH17","CH17-E0012 | CH17-E0013 | CH17-E0016","00:51:18.800 | 00:51:22.400 | 00:51:30.200","health_report_range","Reporte de salud","","date_range","Cambiar rango de fechas / Cargar / Procesando","Valida un intervalo cronológico, conserva la hospitalización y actualiza el reporte sólo tras cargar el rango autorizado.","Datos sintéticos y alcance de la organización activa.","Entrada válida, estado vacío y error accionable sin revelar existencia de registros.","Permiso explícito de lectura o escritura aplicado en navegación, control, store y persistencia.","El estado visible cambia sólo después de completar la operación autorizada.","Error accesible y genérico; no mostrar éxito anticipado.","NO_APLICA","{""chapter_id"":""CH17"",""event_id"":""CH17-E0012"",""timestamp"":""00:51:18.800"",""image"":""references/video-audit/chapters/CH17_reporte_de_salud_detallado_e_impresion/event_frames/CH17-E0012_00h51m18s800ms_abrupt_change.jpg"",""detail_crop"":""references/video-audit/chapters/CH17_reporte_de_salud_detallado_e_impresion/detail_crops/CH17-E0012_00h51m18s800ms_DETAIL.jpg"",""transcript"":""references/video-audit/chapters/CH17_reporte_de_salud_detallado_e_impresion/transcript_raw.txt""} | {""chapter_id"":""CH17"",""event_id"":""CH17-E0013"",""timestamp"":""00:51:22.400"",""image"":""references/video-audit/chapters/CH17_reporte_de_salud_detallado_e_impresion/event_frames/CH17-E0013_00h51m22s400ms_settled.jpg"",""detail_crop"":""references/video-audit/chapters/CH17_reporte_de_salud_detallado_e_impresion/detail_crops/CH17-E0013_00h51m22s400ms_DETAIL.jpg"",""transcript"":""references/video-audit/chapters/CH17_reporte_de_salud_detallado_e_impresion/transcript_raw.txt""} | {""chapter_id"":""CH17"",""event_id"":""CH17-E0016"",""timestamp"":""00:51:30.200"",""image"":""references/video-audit/chapters/CH17_reporte_de_salud_detallado_e_impresion/event_frames/CH17-E0016_00h51m30s200ms_abrupt_change.jpg"",""detail_crop"":""references/video-audit/chapters/CH17_reporte_de_salud_detallado_e_impresion/detail_crops/CH17-E0016_00h51m30s200ms_DETAIL.jpg"",""transcript"":""references/video-audit/chapters/CH17_reporte_de_salud_detallado_e_impresion/transcript_raw.txt""}","app/main.js; app/store.js","openHealthReportRange/validateHealthReportRange","Estado mock persistido en localStorage; Supabase todavía no validado en runtime.","tests/ch17-health-report.test.mjs; tests/e2e/ch17.spec.mjs","IMPLEMENTED_EXACT","","","Valida un intervalo cronológico, conserva la hospitalización y actualiza el reporte sólo tras cargar el rango autorizado. | Persiste después de recargar cuando la acción modifica datos. | Respeta rol y organización. | Tiene prueba automatizada específica y prueba de navegador cuando corresponde."
"CH17-R004","VIDEO_REQUIREMENT","CH17","CH17-E0019 | CH17-E0021","00:51:33.000 | 00:51:34.400","patient_summary_and_insurance","Información Principal","","details_table","Paciente / hospitalización / seguros seleccionables","Muestra la identidad y contexto sintéticos autorizados; permite seleccionar seguros para la salida y limita el documento a los seguros elegidos.","Datos sintéticos y alcance de la organización activa.","Entrada válida, estado vacío y error accionable sin revelar existencia de registros.","Permiso explícito de lectura o escritura aplicado en navegación, control, store y persistencia.","El estado visible cambia sólo después de completar la operación autorizada.","Error accesible y genérico; no mostrar éxito anticipado.","NO_APLICA","{""chapter_id"":""CH17"",""event_id"":""CH17-E0019"",""timestamp"":""00:51:33.000"",""image"":""references/video-audit/chapters/CH17_reporte_de_salud_detallado_e_impresion/event_frames/CH17-E0019_00h51m33s000ms_abrupt_change.jpg"",""detail_crop"":"""",""transcript"":""references/video-audit/chapters/CH17_reporte_de_salud_detallado_e_impresion/transcript_raw.txt""} | {""chapter_id"":""CH17"",""event_id"":""CH17-E0021"",""timestamp"":""00:51:34.400"",""image"":""references/video-audit/chapters/CH17_reporte_de_salud_detallado_e_impresion/event_frames/CH17-E0021_00h51m34s400ms_abrupt_change.jpg"",""detail_crop"":"""",""transcript"":""references/video-audit/chapters/CH17_reporte_de_salud_detallado_e_impresion/transcript_raw.txt""}","app/views.js; app/main.js","renderHealthReportDetail/toggle-health-report-insurance-print","Estado mock persistido en localStorage; Supabase todavía no validado en runtime.","tests/e2e/ch17.spec.mjs","IMPLEMENTED_EXACT","","","Muestra la identidad y contexto sintéticos autorizados; permite seleccionar seguros para la salida y limita el documento a los seguros elegidos. | Persiste después de recargar cuando la acción modifica datos. | Respeta rol y organización. | Tiene prueba automatizada específica y prueba de navegador cuando corresponde."
"CH17-R005","VIDEO_REQUIREMENT","CH17","CH17-E0008 | CH17-E0021 | CH17-E0043","00:51:16.600 | 00:51:34.400 | 00:52:08.400","health_report_print","Reporte de salud","","print_configuration","Imprimir / Configuration report","Permite seleccionar y ordenar secciones y abrir una salida imprimible de registros autorizados sin declarar formato oficial ni firma legal.","Datos sintéticos y alcance de la organización activa.","Entrada válida, estado vacío y error accionable sin revelar existencia de registros.","Permiso explícito de lectura o escritura aplicado en navegación, control, store y persistencia.","El estado visible cambia sólo después de completar la operación autorizada.","Error accesible y genérico; no mostrar éxito anticipado.","NO_APLICA","{""chapter_id"":""CH17"",""event_id"":""CH17-E0008"",""timestamp"":""00:51:16.600"",""image"":""references/video-audit/chapters/CH17_reporte_de_salud_detallado_e_impresion/event_frames/CH17-E0008_00h51m16s600ms_abrupt_change.jpg"",""detail_crop"":"""",""transcript"":""references/video-audit/chapters/CH17_reporte_de_salud_detallado_e_impresion/transcript_raw.txt""} | {""chapter_id"":""CH17"",""event_id"":""CH17-E0021"",""timestamp"":""00:51:34.400"",""image"":""references/video-audit/chapters/CH17_reporte_de_salud_detallado_e_impresion/event_frames/CH17-E0021_00h51m34s400ms_abrupt_change.jpg"",""detail_crop"":"""",""transcript"":""references/video-audit/chapters/CH17_reporte_de_salud_detallado_e_impresion/transcript_raw.txt""} | {""chapter_id"":""CH17"",""event_id"":""CH17-E0043"",""timestamp"":""00:52:08.400"",""image"":""references/video-audit/chapters/CH17_reporte_de_salud_detallado_e_impresion/event_frames/CH17-E0043_00h52m08s400ms_abrupt_change.jpg"",""detail_crop"":""references/video-audit/chapters/CH17_reporte_de_salud_detallado_e_impresion/detail_crops/CH17-E0043_00h52m08s400ms_DETAIL.jpg"",""transcript"":""references/video-audit/chapters/CH17_reporte_de_salud_detallado_e_impresion/transcript_raw.txt""}","app/main.js","renderHealthReportConfigModal/printConfiguredHealthReport","Estado mock persistido en localStorage; Supabase todavía no validado en runtime.","tests/e2e/ch17.spec.mjs","IMPLEMENTED_PARTIAL","","CH17-Q001","Permite seleccionar y ordenar secciones y abrir una salida imprimible de registros autorizados sin declarar formato oficial ni firma legal. | Persiste después de recargar cuando la acción modifica datos. | Respeta rol y organización. | Tiene prueba automatizada específica y prueba de navegador cuando corresponde."
"CH17-R006","VIDEO_REQUIREMENT","CH17","CH17-E0024 | CH17-E0026 | CH17-E0027","00:51:37.200 | 00:51:43.400 | 00:51:44.200","clinical_background","Evaluación Clínica","","nested_tabs","Antecedentes / alergias / dispositivos","Expone antecedentes estructurados, alergias documentadas y dispositivos sin inferir datos clínicos o permitir mutación sin un catálogo y política aprobados.","Datos sintéticos y alcance de la organización activa.","Entrada válida, estado vacío y error accionable sin revelar existencia de registros.","Permiso explícito de lectura o escritura aplicado en navegación, control, store y persistencia.","El estado visible cambia sólo después de completar la operación autorizada.","Error accesible y genérico; no mostrar éxito anticipado.","NO_APLICA","{""chapter_id"":""CH17"",""event_id"":""CH17-E0024"",""timestamp"":""00:51:37.200"",""image"":""references/video-audit/chapters/CH17_reporte_de_salud_detallado_e_impresion/event_frames/CH17-E0024_00h51m37s200ms_abrupt_change.jpg"",""detail_crop"":""references/video-audit/chapters/CH17_reporte_de_salud_detallado_e_impresion/detail_crops/CH17-E0024_00h51m37s200ms_DETAIL.jpg"",""transcript"":""references/video-audit/chapters/CH17_reporte_de_salud_detallado_e_impresion/transcript_raw.txt""} | {""chapter_id"":""CH17"",""event_id"":""CH17-E0026"",""timestamp"":""00:51:43.400"",""image"":""references/video-audit/chapters/CH17_reporte_de_salud_detallado_e_impresion/event_frames/CH17-E0026_00h51m43s400ms_abrupt_change.jpg"",""detail_crop"":"""",""transcript"":""references/video-audit/chapters/CH17_reporte_de_salud_detallado_e_impresion/transcript_raw.txt""} | {""chapter_id"":""CH17"",""event_id"":""CH17-E0027"",""timestamp"":""00:51:44.200"",""image"":""references/video-audit/chapters/CH17_reporte_de_salud_detallado_e_impresion/event_frames/CH17-E0027_00h51m44s200ms_abrupt_change.jpg"",""detail_crop"":"""",""transcript"":""references/video-audit/chapters/CH17_reporte_de_salud_detallado_e_impresion/transcript_raw.txt""}","app/views.js","renderHealthReportDetail","Estado mock persistido en localStorage; Supabase todavía no validado en runtime.","tests/ch17-health-report.test.mjs; tests/e2e/ch17.spec.mjs","IMPLEMENTED_PARTIAL","","CH17-Q002","Expone antecedentes estructurados, alergias documentadas y dispositivos sin inferir datos clínicos o permitir mutación sin un catálogo y política aprobados. | Persiste después de recargar cuando la acción modifica datos. | Respeta rol y organización. | Tiene prueba automatizada específica y prueba de navegador cuando corresponde."
"CH17-R007","VIDEO_REQUIREMENT","CH17","CH17-E0029 | CH17-E0030 | CH17-E0031","00:51:48.600 | 00:51:50.600 | 00:51:51.200","allergy_capture","Antecedentes y evaluaciones","","catalog_mutation","Alergias / Agregar","No agrega ni interpreta alergias hasta contar con catálogo autorizado, reacción/estado, permisos y política de contradicciones clínica aprobada.","Datos sintéticos y alcance de la organización activa.","Entrada válida, estado vacío y error accionable sin revelar existencia de registros.","Permiso explícito de lectura o escritura aplicado en navegación, control, store y persistencia.","El estado visible cambia sólo después de completar la operación autorizada.","Error accesible y genérico; no mostrar éxito anticipado.","NO_APLICA","{""chapter_id"":""CH17"",""event_id"":""CH17-E0029"",""timestamp"":""00:51:48.600"",""image"":""references/video-audit/chapters/CH17_reporte_de_salud_detallado_e_impresion/event_frames/CH17-E0029_00h51m48s600ms_abrupt_change.jpg"",""detail_crop"":""references/video-audit/chapters/CH17_reporte_de_salud_detallado_e_impresion/detail_crops/CH17-E0029_00h51m48s600ms_DETAIL.jpg"",""transcript"":""references/video-audit/chapters/CH17_reporte_de_salud_detallado_e_impresion/transcript_raw.txt""} | {""chapter_id"":""CH17"",""event_id"":""CH17-E0030"",""timestamp"":""00:51:50.600"",""image"":""references/video-audit/chapters/CH17_reporte_de_salud_detallado_e_impresion/event_frames/CH17-E0030_00h51m50s600ms_abrupt_change.jpg"",""detail_crop"":""references/video-audit/chapters/CH17_reporte_de_salud_detallado_e_impresion/detail_crops/CH17-E0030_00h51m50s600ms_DETAIL.jpg"",""transcript"":""references/video-audit/chapters/CH17_reporte_de_salud_detallado_e_impresion/transcript_raw.txt""} | {""chapter_id"":""CH17"",""event_id"":""CH17-E0031"",""timestamp"":""00:51:51.200"",""image"":""references/video-audit/chapters/CH17_reporte_de_salud_detallado_e_impresion/event_frames/CH17-E0031_00h51m51s200ms_abrupt_change.jpg"",""detail_crop"":""references/video-audit/chapters/CH17_reporte_de_salud_detallado_e_impresion/detail_crops/CH17-E0031_00h51m51s200ms_DETAIL.jpg"",""transcript"":""references/video-audit/chapters/CH17_reporte_de_salud_detallado_e_impresion/transcript_raw.txt""}","docs/OPEN_QUESTIONS.md","","Estado mock persistido en localStorage; Supabase todavía no validado en runtime.","tests/ch17-health-report.test.mjs","NEEDS_CLIENT_CONFIRMATION","","CH17-Q002","No agrega ni interpreta alergias hasta contar con catálogo autorizado, reacción/estado, permisos y política de contradicciones clínica aprobada. | Persiste después de recargar cuando la acción modifica datos. | Respeta rol y organización. | Tiene prueba automatizada específica y prueba de navegador cuando corresponde."
"CH17-R008","VIDEO_REQUIREMENT","CH17","CH17-E0038 | CH17-E0039 | CH17-E0042","00:52:00.600 | 00:52:02.000 | 00:52:03.800","vitals_by_origin","Signos vitales","","nested_sections","Gráficos / registros clínicos / signos cargados por el paciente","Separa fuente y autor de signos vitales sin crear umbrales ni alertas clínicas no aprobadas.","Datos sintéticos y alcance de la organización activa.","Entrada válida, estado vacío y error accionable sin revelar existencia de registros.","Permiso explícito de lectura o escritura aplicado en navegación, control, store y persistencia.","El estado visible cambia sólo después de completar la operación autorizada.","Error accesible y genérico; no mostrar éxito anticipado.","NO_APLICA","{""chapter_id"":""CH17"",""event_id"":""CH17-E0038"",""timestamp"":""00:52:00.600"",""image"":""references/video-audit/chapters/CH17_reporte_de_salud_detallado_e_impresion/event_frames/CH17-E0038_00h52m00s600ms_abrupt_change.jpg"",""detail_crop"":""references/video-audit/chapters/CH17_reporte_de_salud_detallado_e_impresion/detail_crops/CH17-E0038_00h52m00s600ms_DETAIL.jpg"",""transcript"":""references/video-audit/chapters/CH17_reporte_de_salud_detallado_e_impresion/transcript_raw.txt""} | {""chapter_id"":""CH17"",""event_id"":""CH17-E0039"",""timestamp"":""00:52:02.000"",""image"":""references/video-audit/chapters/CH17_reporte_de_salud_detallado_e_impresion/event_frames/CH17-E0039_00h52m02s000ms_abrupt_change.jpg"",""detail_crop"":""references/video-audit/chapters/CH17_reporte_de_salud_detallado_e_impresion/detail_crops/CH17-E0039_00h52m02s000ms_DETAIL.jpg"",""transcript"":""references/video-audit/chapters/CH17_reporte_de_salud_detallado_e_impresion/transcript_raw.txt""} | {""chapter_id"":""CH17"",""event_id"":""CH17-E0042"",""timestamp"":""00:52:03.800"",""image"":""references/video-audit/chapters/CH17_reporte_de_salud_detallado_e_impresion/event_frames/CH17-E0042_00h52m03s800ms_abrupt_change.jpg"",""detail_crop"":""references/video-audit/chapters/CH17_reporte_de_salud_detallado_e_impresion/detail_crops/CH17-E0042_00h52m03s800ms_DETAIL.jpg"",""transcript"":""references/video-audit/chapters/CH17_reporte_de_salud_detallado_e_impresion/transcript_raw.txt""}","app/views.js","renderHealthReportDetail","Estado mock persistido en localStorage; Supabase todavía no validado en runtime.","tests/ch17-health-report.test.mjs; tests/e2e/ch17.spec.mjs","IMPLEMENTED_EXACT","","","Separa fuente y autor de signos vitales sin crear umbrales ni alertas clínicas no aprobadas. | Persiste después de recargar cuando la acción modifica datos. | Respeta rol y organización. | Tiene prueba automatizada específica y prueba de navegador cuando corresponde."
"CH17-R009","VIDEO_REQUIREMENT","CH17","CH17-E0043 | CH17-E0046","00:52:08.400 | 00:52:09.800","nursing_notes_directory","Notas de enfermería","","search_pagination_print","Buscar / imprimir / fecha / turno / recurso / nota","Busca, pagina y selecciona notas para impresión; conserva fecha, profesional, estado y notas en el rango activo.","Datos sintéticos y alcance de la organización activa.","Entrada válida, estado vacío y error accionable sin revelar existencia de registros.","Permiso explícito de lectura o escritura aplicado en navegación, control, store y persistencia.","El estado visible cambia sólo después de completar la operación autorizada.","Error accesible y genérico; no mostrar éxito anticipado.","NO_APLICA","{""chapter_id"":""CH17"",""event_id"":""CH17-E0043"",""timestamp"":""00:52:08.400"",""image"":""references/video-audit/chapters/CH17_reporte_de_salud_detallado_e_impresion/event_frames/CH17-E0043_00h52m08s400ms_abrupt_change.jpg"",""detail_crop"":""references/video-audit/chapters/CH17_reporte_de_salud_detallado_e_impresion/detail_crops/CH17-E0043_00h52m08s400ms_DETAIL.jpg"",""transcript"":""references/video-audit/chapters/CH17_reporte_de_salud_detallado_e_impresion/transcript_raw.txt""} | {""chapter_id"":""CH17"",""event_id"":""CH17-E0046"",""timestamp"":""00:52:09.800"",""image"":""references/video-audit/chapters/CH17_reporte_de_salud_detallado_e_impresion/event_frames/CH17-E0046_00h52m09s800ms_abrupt_change.jpg"",""detail_crop"":"""",""transcript"":""references/video-audit/chapters/CH17_reporte_de_salud_detallado_e_impresion/transcript_raw.txt""}","app/views.js; app/main.js","renderHealthReportDetail/healthReportSectionHtml","Estado mock persistido en localStorage; Supabase todavía no validado en runtime.","tests/ch17-health-report.test.mjs; tests/e2e/ch17.spec.mjs","IMPLEMENTED_EXACT","","","Busca, pagina y selecciona notas para impresión; conserva fecha, profesional, estado y notas en el rango activo. | Persiste después de recargar cuando la acción modifica datos. | Respeta rol y organización. | Tiene prueba automatizada específica y prueba de navegador cuando corresponde."
"CH17-R010","VIDEO_REQUIREMENT","CH17","CH17-E0047 | CH17-E0048","00:52:12.400 | 00:52:14.800","clinical_corrections","Notas de enfermería","","correction_void_audit","Corrección / addendum / enmienda / anulación / auditoría","Una nota firmada conserva el original; requiere autorización y motivo para una corrección o anulación y registra nueva evidencia de auditoría.","Datos sintéticos y alcance de la organización activa.","Entrada válida, estado vacío y error accionable sin revelar existencia de registros.","Permiso explícito de lectura o escritura aplicado en navegación, control, store y persistencia.","El estado visible cambia sólo después de completar la operación autorizada.","Error accesible y genérico; no mostrar éxito anticipado.","NO_APLICA","{""chapter_id"":""CH17"",""event_id"":""CH17-E0047"",""timestamp"":""00:52:12.400"",""image"":""references/video-audit/chapters/CH17_reporte_de_salud_detallado_e_impresion/event_frames/CH17-E0047_00h52m12s400ms_abrupt_change.jpg"",""detail_crop"":""references/video-audit/chapters/CH17_reporte_de_salud_detallado_e_impresion/detail_crops/CH17-E0047_00h52m12s400ms_DETAIL.jpg"",""transcript"":""references/video-audit/chapters/CH17_reporte_de_salud_detallado_e_impresion/transcript_raw.txt""} | {""chapter_id"":""CH17"",""event_id"":""CH17-E0048"",""timestamp"":""00:52:14.800"",""image"":""references/video-audit/chapters/CH17_reporte_de_salud_detallado_e_impresion/event_frames/CH17-E0048_00h52m14s800ms_abrupt_change.jpg"",""detail_crop"":""references/video-audit/chapters/CH17_reporte_de_salud_detallado_e_impresion/detail_crops/CH17-E0048_00h52m14s800ms_DETAIL.jpg"",""transcript"":""references/video-audit/chapters/CH17_reporte_de_salud_detallado_e_impresion/transcript_raw.txt""}","app/store.js; app/main.js","createClinicalCorrection/voidClinicalRecord","Estado mock persistido en localStorage; Supabase todavía no validado en runtime.","tests/ch17-health-report.test.mjs","IMPLEMENTED_EXACT","","","Una nota firmada conserva el original; requiere autorización y motivo para una corrección o anulación y registra nueva evidencia de auditoría. | Persiste después de recargar cuando la acción modifica datos. | Respeta rol y organización. | Tiene prueba automatizada específica y prueba de navegador cuando corresponde."
"CH17-R011","VIDEO_REQUIREMENT","CH17","CH17-E0048","00:52:14.800","ai_audit","Notas de enfermería","","external_ai","Auditar con IA","La acción permanece fuera de alcance hasta definir proveedor, minimización, autorización, revisión humana, retención y auditoría de datos clínicos.","Datos sintéticos y alcance de la organización activa.","Entrada válida, estado vacío y error accionable sin revelar existencia de registros.","Permiso explícito de lectura o escritura aplicado en navegación, control, store y persistencia.","El estado visible cambia sólo después de completar la operación autorizada.","Error accesible y genérico; no mostrar éxito anticipado.","NO_APLICA","{""chapter_id"":""CH17"",""event_id"":""CH17-E0048"",""timestamp"":""00:52:14.800"",""image"":""references/video-audit/chapters/CH17_reporte_de_salud_detallado_e_impresion/event_frames/CH17-E0048_00h52m14s800ms_abrupt_change.jpg"",""detail_crop"":""references/video-audit/chapters/CH17_reporte_de_salud_detallado_e_impresion/detail_crops/CH17-E0048_00h52m14s800ms_DETAIL.jpg"",""transcript"":""references/video-audit/chapters/CH17_reporte_de_salud_detallado_e_impresion/transcript_raw.txt""}","docs/OPEN_QUESTIONS.md","","Estado mock persistido en localStorage; Supabase todavía no validado en runtime.","NONE","NEEDS_CLIENT_CONFIRMATION","","CH17-Q003","La acción permanece fuera de alcance hasta definir proveedor, minimización, autorización, revisión humana, retención y auditoría de datos clínicos. | Persiste después de recargar cuando la acción modifica datos. | Respeta rol y organización. | Tiene prueba automatizada específica y prueba de navegador cuando corresponde."
"CH17-R012","VIDEO_REQUIREMENT","CH17","CH17-E0048","00:52:14.800","nursing_note_sharing","Notas de enfermería","","secure_notification","Compartir","Sólo permite notificar disponibilidad por enlace seguro; no transmite diagnóstico, tratamiento, medicación ni el texto clínico mediante canales externos.","Datos sintéticos y alcance de la organización activa.","Entrada válida, estado vacío y error accionable sin revelar existencia de registros.","Permiso explícito de lectura o escritura aplicado en navegación, control, store y persistencia.","El estado visible cambia sólo después de completar la operación autorizada.","Error accesible y genérico; no mostrar éxito anticipado.","NO_APLICA","{""chapter_id"":""CH17"",""event_id"":""CH17-E0048"",""timestamp"":""00:52:14.800"",""image"":""references/video-audit/chapters/CH17_reporte_de_salud_detallado_e_impresion/event_frames/CH17-E0048_00h52m14s800ms_abrupt_change.jpg"",""detail_crop"":""references/video-audit/chapters/CH17_reporte_de_salud_detallado_e_impresion/detail_crops/CH17-E0048_00h52m14s800ms_DETAIL.jpg"",""transcript"":""references/video-audit/chapters/CH17_reporte_de_salud_detallado_e_impresion/transcript_raw.txt""}","app/store.js","shareNursingNote/queueNotification","Estado mock persistido en localStorage; Supabase todavía no validado en runtime.","tests/ch17-health-report.test.mjs","IMPLEMENTED_PARTIAL","","CH17-Q004","Sólo permite notificar disponibilidad por enlace seguro; no transmite diagnóstico, tratamiento, medicación ni el texto clínico mediante canales externos. | Persiste después de recargar cuando la acción modifica datos. | Respeta rol y organización. | Tiene prueba automatizada específica y prueba de navegador cuando corresponde."
"CH17-H001","PLATFORM_HARDENING","CH17","CH17-E0047 | CH17-E0048","00:52:12.400 | 00:52:14.800","clinical_record_integrity","Persistencia","","immutable_audited_record","Versión / firma metadata / corrección auditada","La aplicación conserva estado, versión y metadata de firma de documentos clínicos; las correcciones y anulaciones se registran sin sobrescribir el documento firmado. La validación runtime Supabase requiere un entorno real.","Datos sintéticos y alcance de la organización activa.","Entrada válida, estado vacío y error accionable sin revelar existencia de registros.","Permiso explícito de lectura o escritura aplicado en navegación, control, store y persistencia.","El estado visible cambia sólo después de completar la operación autorizada.","Error accesible y genérico; no mostrar éxito anticipado.","NO_APLICA","{""chapter_id"":""CH17"",""event_id"":""CH17-E0047"",""timestamp"":""00:52:12.400"",""image"":""references/video-audit/chapters/CH17_reporte_de_salud_detallado_e_impresion/event_frames/CH17-E0047_00h52m12s400ms_abrupt_change.jpg"",""detail_crop"":""references/video-audit/chapters/CH17_reporte_de_salud_detallado_e_impresion/detail_crops/CH17-E0047_00h52m12s400ms_DETAIL.jpg"",""transcript"":""references/video-audit/chapters/CH17_reporte_de_salud_detallado_e_impresion/transcript_raw.txt""} | {""chapter_id"":""CH17"",""event_id"":""CH17-E0048"",""timestamp"":""00:52:14.800"",""image"":""references/video-audit/chapters/CH17_reporte_de_salud_detallado_e_impresion/event_frames/CH17-E0048_00h52m14s800ms_abrupt_change.jpg"",""detail_crop"":""references/video-audit/chapters/CH17_reporte_de_salud_detallado_e_impresion/detail_crops/CH17-E0048_00h52m14s800ms_DETAIL.jpg"",""transcript"":""references/video-audit/chapters/CH17_reporte_de_salud_detallado_e_impresion/transcript_raw.txt""}","app/store.js; supabase/migrations/202608270005_ch09_clinical_profile_integrity.sql","signClinicalDocument/createClinicalCorrection/voidClinicalRecord","Estado mock persistido en localStorage; Supabase todavía no validado en runtime.","tests/ch17-health-report.test.mjs","IMPLEMENTED_PARTIAL","","CH17-Q005","La aplicación conserva estado, versión y metadata de firma de documentos clínicos; las correcciones y anulaciones se registran sin sobrescribir el documento firmado. La validación runtime Supabase requiere un entorno real. | Persiste después de recargar cuando la acción modifica datos. | Respeta rol y organización. | Tiene prueba automatizada específica y prueba de navegador cuando corresponde."
