requirement_id,module,feature,detailed_behavior,evidence_type,chapter_id,event_ids,timestamps,evidence_paths,classification,confidence,test_path,open_question_ids
CH01-F001,navegacion,Acceso mediante ruta directa al módulo de pacientes,Un enlace externo apunta a /pacientes.php y el producto muestra la lista cuando existe sesión.,INFERRED,CH01,CH01-E0002,00:00:05.600,references/video-audit/chapters/CH01_contexto_inicial_acceso_dashboard_y_listado_de_pacientes/event_frames/CH01-E0002_00h00m05s600ms_abrupt_change.jpg | references/video-audit/chapters/CH01_contexto_inicial_acceso_dashboard_y_listado_de_pacientes/detail_crops/CH01-E0002_00h00m05s600ms_DETAIL.jpg,INFERRED,MEDIUM,#/dashboard; #/pacientes; npm test,CH01-Q001
CH01-F002,pantallas,Listado de pacientes,"Pantalla Pacientes con pestañas Activos, Inactivos y Carga masiva.",VISIBLE,CH01,CH01-E0009,00:00:56.200,references/video-audit/chapters/CH01_contexto_inicial_acceso_dashboard_y_listado_de_pacientes/event_frames/CH01-E0009_00h00m56s200ms_abrupt_change.jpg,VISIBLE,HIGH,#/dashboard; #/pacientes; npm test,
CH01-F003,tablas_columnas,Columnas del catálogo de pacientes,"Acción por fila, Documento, Nombre completo, Edad, Empresa, Triage, Notif. Botmaker y Estado.",VISIBLE,CH01,CH01-E0012,00:01:25.000,references/video-audit/chapters/CH01_contexto_inicial_acceso_dashboard_y_listado_de_pacientes/event_frames/CH01-E0012_00h01m25s000ms_abrupt_change.jpg,VISIBLE,HIGH,#/dashboard; #/pacientes; npm test,
CH01-F004,busquedas_filtros,Búsqueda y paginación de pacientes,"Campo de búsqueda, selector de registros y navegación Anterior/1/2/3/Siguiente.",VISIBLE,CH01,CH01-E0013,00:01:26.800,references/video-audit/chapters/CH01_contexto_inicial_acceso_dashboard_y_listado_de_pacientes/event_frames/CH01-E0013_00h01m26s800ms_settled.jpg | references/video-audit/chapters/CH01_contexto_inicial_acceso_dashboard_y_listado_de_pacientes/detail_crops/CH01-E0013_00h01m26s800ms_DETAIL.jpg,VISIBLE,HIGH,#/dashboard; #/pacientes; npm test,
CH01-F005,acciones,Exportar y crear paciente,Acciones Excel y + Nuevo disponibles en la cabecera.,VISIBLE,CH01,CH01-E0009,00:00:56.200,references/video-audit/chapters/CH01_contexto_inicial_acceso_dashboard_y_listado_de_pacientes/event_frames/CH01-E0009_00h00m56s200ms_abrupt_change.jpg,VISIBLE,HIGH,#/dashboard; #/pacientes; npm test,
CH01-F006,estados_transiciones,Estados de carga y vacío de tabla,La tabla muestra Cargando... y No hay registros disponibles antes de presentar filas.,VISIBLE,CH01,CH01-E0011,00:01:24.600,references/video-audit/chapters/CH01_contexto_inicial_acceso_dashboard_y_listado_de_pacientes/event_frames/CH01-E0011_00h01m24s600ms_abrupt_change.jpg,VISIBLE,HIGH,#/dashboard; #/pacientes; npm test,CH01-Q004
CH01-F007,estados,"Indicadores de triage, notificación y estado","Cada fila muestra triage, controles de notificación y estado Activo.",VISIBLE,CH01,CH01-E0012,00:01:25.000,references/video-audit/chapters/CH01_contexto_inicial_acceso_dashboard_y_listado_de_pacientes/event_frames/CH01-E0012_00h01m25s000ms_abrupt_change.jpg,VISIBLE,HIGH,#/dashboard; #/pacientes; npm test,
CH01-F008,navegacion,Menú lateral colapsable y jerárquico,"Dashboard, Pacientes, Facturación, Clínica, Operaciones, Inventario, RRHH, Items y Maestros, con submódulos visibles.",VISIBLE,CH01,CH01-E0014,00:01:28.800,references/video-audit/chapters/CH01_contexto_inicial_acceso_dashboard_y_listado_de_pacientes/event_frames/CH01-E0014_00h01m28s800ms_abrupt_change.jpg,VISIBLE,HIGH,#/dashboard; #/pacientes; npm test,CH01-Q005
CH01-F009,pantallas,Dashboard operativo,"Seis tarjetas resumen pacientes con alertas, pacientes activos, tratamientos actualizados, tratamientos por finalizar, planes de cuidado e incidentes.",VISIBLE,CH01,CH01-E0018,00:01:31.400,references/video-audit/chapters/CH01_contexto_inicial_acceso_dashboard_y_listado_de_pacientes/event_frames/CH01-E0018_00h01m31s400ms_abrupt_change.jpg,VISIBLE,HIGH,#/dashboard; #/pacientes; npm test,CH01-Q002
CH01-F010,tablas_columnas,Pacientes con valores fuera de rango,"Sección con columnas Acciones, Paciente, FC, FR, Oxígeno, Sistólica, Diastólica, Temp, Dolor, Glicemia, Fecha y Recurso, y etiqueta Normales.",VISIBLE,CH01,CH01-E0019,00:01:32.000,references/video-audit/chapters/CH01_contexto_inicial_acceso_dashboard_y_listado_de_pacientes/event_frames/CH01-E0019_00h01m32s000ms_stable_change.jpg,VISIBLE,MEDIUM,#/dashboard; #/pacientes; npm test,CH01-Q003
CH01-F011,perfil_permisos,Menú de usuario y contexto organizacional,"Menú con organización, Mi usuario y Cerrar Sesión.",VISIBLE,CH01,CH01-E0020,00:01:38.400,references/video-audit/chapters/CH01_contexto_inicial_acceso_dashboard_y_listado_de_pacientes/event_frames/CH01-E0020_00h01m38s400ms_motion_progress.jpg | references/video-audit/chapters/CH01_contexto_inicial_acceso_dashboard_y_listado_de_pacientes/detail_crops/CH01-E0020_00h01m38s400ms_DETAIL.jpg,VISIBLE,HIGH,#/dashboard; #/pacientes; npm test,
CH01-F012,autenticacion,Cierre de sesión,Cerrar Sesión lleva directamente a la pantalla de login.,VISIBLE,CH01,CH01-E0022,00:01:41.800,references/video-audit/chapters/CH01_contexto_inicial_acceso_dashboard_y_listado_de_pacientes/event_frames/CH01-E0022_00h01m41s800ms_abrupt_change.jpg,VISIBLE,HIGH,#/dashboard; #/pacientes; npm test,
CH01-F013,formularios_campos,Formulario de inicio de sesión,"Campos Usuario y Clave, botón Iniciar sesión y enlace de recuperación.",VISIBLE,CH01,CH01-E0023,00:01:42.400,references/video-audit/chapters/CH01_contexto_inicial_acceso_dashboard_y_listado_de_pacientes/event_frames/CH01-E0023_00h01m42s400ms_stable_change.jpg | references/video-audit/chapters/CH01_contexto_inicial_acceso_dashboard_y_listado_de_pacientes/detail_crops/CH01-E0023_00h01m42s400ms_DETAIL.jpg,VISIBLE,HIGH,#/dashboard; #/pacientes; npm test,
CH01-F014,integraciones,Instalación en dispositivo aparente,"El login ofrece Instalar en dispositivo, compatible visualmente con una PWA.",INFERRED,CH01,CH01-E0023,00:01:42.400,references/video-audit/chapters/CH01_contexto_inicial_acceso_dashboard_y_listado_de_pacientes/event_frames/CH01-E0023_00h01m42s400ms_stable_change.jpg | references/video-audit/chapters/CH01_contexto_inicial_acceso_dashboard_y_listado_de_pacientes/detail_crops/CH01-E0023_00h01m42s400ms_DETAIL.jpg,INFERRED,MEDIUM,#/dashboard; #/pacientes; npm test,
CH02-F001,navegacion,Ruta autenticada hasta Pacientes,"El capítulo muestra login, dashboard y entrada al listado de pacientes antes de iniciar un alta.",VISIBLE,CH02,CH02-E0005,00:02:05.200,references/video-audit/chapters/CH02_alta_y_edicion_de_pacientes/event_frames/CH02-E0005_00h02m05s200ms_abrupt_change.jpg,VISIBLE,HIGH,#/pacientes; npm test,
CH02-F002,pantallas,Listado de pacientes con vistas y acciones,"Incluye Activos, Inactivos, Carga masiva, Excel, + Nuevo, búsqueda, paginación y tabla con datos operativos.",VISIBLE,CH02,CH02-E0008,00:02:07.000,references/video-audit/chapters/CH02_alta_y_edicion_de_pacientes/event_frames/CH02-E0008_00h02m07s000ms_stable_change.jpg,VISIBLE,HIGH,#/pacientes; npm test,
CH02-F003,formularios_campos,Formulario de alta por secciones,"La pantalla Paciente nuevo organiza Datos generales, Información del seguro, Contactos y Dirección.",VISIBLE,CH02,CH02-E0009,00:02:17.000,references/video-audit/chapters/CH02_alta_y_edicion_de_pacientes/event_frames/CH02-E0009_00h02m17s000ms_abrupt_change.jpg,VISIBLE,HIGH,#/pacientes; npm test,
CH02-F004,formularios_campos,Datos personales obligatorios y opcionales,"Tipo de documento, Documento, Nombre completo, Fecha de nacimiento, Sexo, Teléfono celular y Empresa muestran asterisco; teléfono de casa, correo, jubilado, tipo de sangre, estado civil, nacionalidad y ocupación no lo muestran.",VISIBLE,CH02,CH02-E0011,00:02:17.800,references/video-audit/chapters/CH02_alta_y_edicion_de_pacientes/event_frames/CH02-E0011_00h02m17s800ms_abrupt_change.jpg,VISIBLE,HIGH,#/pacientes; npm test,CH02-Q002
CH02-F005,catalogos_selectores,Documento y fecha de nacimiento,Tipo de documento ofrece Cédula o Pasaporte y la fecha utiliza selector de calendario con representación YYYY-MM-DD.,VISIBLE,CH02,CH02-E0012,00:02:23.400,references/video-audit/chapters/CH02_alta_y_edicion_de_pacientes/event_frames/CH02-E0012_00h02m23s400ms_motion_progress.jpg | references/video-audit/chapters/CH02_alta_y_edicion_de_pacientes/detail_crops/CH02-E0012_00h02m23s400ms_DETAIL.jpg,VISIBLE,HIGH,#/pacientes; npm test,CH02-Q001
CH02-F006,catalogos_selectores,Selectores demográficos y organizacionales,"El formulario incluye Sexo, Tipo de sangre, Estado civil, Nacionalidad buscable y Empresa.",VISIBLE,CH02,CH02-E0024,00:03:00.400,references/video-audit/chapters/CH02_alta_y_edicion_de_pacientes/event_frames/CH02-E0024_00h03m00s400ms_abrupt_change.jpg | references/video-audit/chapters/CH02_alta_y_edicion_de_pacientes/detail_crops/CH02-E0024_00h03m00s400ms_DETAIL.jpg,VISIBLE,HIGH,#/pacientes; npm test,
CH02-F007,notificaciones,Consentimiento visible para notificaciones Botmaker/WhatsApp,Una casilla marcada por defecto autoriza notificaciones automáticas por WhatsApp mediante Botmaker; el texto advierte que desmarcarla impide notificaciones al asignar visitas o recursos.,VISIBLE,CH02,CH02-E0022,00:02:57.200,references/video-audit/chapters/CH02_alta_y_edicion_de_pacientes/event_frames/CH02-E0022_00h02m57s200ms_settled.jpg | references/video-audit/chapters/CH02_alta_y_edicion_de_pacientes/detail_crops/CH02-E0022_00h02m57s200ms_DETAIL.jpg,VISIBLE,HIGH,#/pacientes; npm test,CH02-Q003
CH02-F008,seguros,Paciente regular frente a paciente asegurado,La narración distingue el valor inicial Paciente regular de la selección de una aseguradora para un paciente cubierto.,VERBAL,CH02,CH02-E0031,00:03:26.000,references/video-audit/chapters/CH02_alta_y_edicion_de_pacientes/event_frames/CH02-E0031_00h03m26s000ms_abrupt_change.jpg | references/video-audit/chapters/CH02_alta_y_edicion_de_pacientes/detail_crops/CH02-E0031_00h03m26s000ms_DETAIL.jpg,VERBAL,MEDIUM,#/pacientes; npm test,
CH02-F009,busquedas_filtros,Catálogo buscable de seguros,El selector de Seguro permite explorar una lista extensa y filtrar por texto.,VISIBLE,CH02,CH02-E0032,00:03:30.400,references/video-audit/chapters/CH02_alta_y_edicion_de_pacientes/event_frames/CH02-E0032_00h03m30s400ms_abrupt_change.jpg | references/video-audit/chapters/CH02_alta_y_edicion_de_pacientes/detail_crops/CH02-E0032_00h03m30s400ms_DETAIL.jpg,VISIBLE,HIGH,#/pacientes; npm test,
CH02-F010,calidad_datos,Resultados anómalos en el catálogo de seguros,Una búsqueda de texto devuelve una aseguradora junto con entradas cuya forma aparente es la de nombres de personas.,UNCERTAIN,CH02,CH02-E0058,00:03:46.600,references/video-audit/chapters/CH02_alta_y_edicion_de_pacientes/event_frames/CH02-E0058_00h03m46s600ms_stable_change.jpg | references/video-audit/chapters/CH02_alta_y_edicion_de_pacientes/detail_crops/CH02-E0058_00h03m46s600ms_DETAIL.jpg,UNCERTAIN,HIGH,#/pacientes; npm test,CH02-Q004
CH02-F011,seguros,Decisión de titularidad del seguro,Tras elegir aseguradora aparece el modal ¿Paciente es el asegurado titular? con respuestas No y Sí.,VISIBLE,CH02,CH02-E0062,00:03:49.800,references/video-audit/chapters/CH02_alta_y_edicion_de_pacientes/event_frames/CH02-E0062_00h03m49s800ms_stable_change.jpg,VISIBLE,HIGH,#/pacientes; npm test,CH02-Q005
CH02-F012,formularios_campos,Datos condicionales de cobertura,"La rama Sí despliega póliza, certificado/unidad, DUI/NIT, nombre y nacimiento del asegurado, fecha efectiva y acción Agregar.",VISIBLE,CH02,CH02-E0066,00:04:10.000,references/video-audit/chapters/CH02_alta_y_edicion_de_pacientes/event_frames/CH02-E0066_00h04m10s000ms_abrupt_change.jpg | references/video-audit/chapters/CH02_alta_y_edicion_de_pacientes/detail_crops/CH02-E0066_00h04m10s000ms_DETAIL.jpg,VISIBLE,HIGH,#/pacientes; npm test,CH02-Q005
CH02-F013,formularios_campos,Contactos asociados al paciente,"La sección Contactos incluye nombre completo, teléfono, correo, parentesco, rol y país de residencia.",VISIBLE,CH02,CH02-E0068,00:04:11.000,references/video-audit/chapters/CH02_alta_y_edicion_de_pacientes/event_frames/CH02-E0068_00h04m11s000ms_stable_change.jpg,VISIBLE,HIGH,#/pacientes; npm test,CH02-Q006
CH02-F014,ubicacion,Dirección con importación y limpieza,"La sección permite Pegar enlace, consultar información, Limpiar y capturar Dirección, Comentarios relevantes y Ubicación geográfica.",VISIBLE,CH02,CH02-E0071,00:04:19.600,references/video-audit/chapters/CH02_alta_y_edicion_de_pacientes/event_frames/CH02-E0071_00h04m19s600ms_abrupt_change.jpg,VISIBLE,HIGH,#/pacientes; npm test,CH02-Q007
CH02-F015,ubicacion,Mapa embebido para ubicación geográfica,"El formulario incluye mapa con marcador, capas Mapa/Satélite, pantalla completa, control de cámara y ayuda Ctrl+desplazar para zoom.",VISIBLE,CH02,CH02-E0076,00:04:35.800,references/video-audit/chapters/CH02_alta_y_edicion_de_pacientes/event_frames/CH02-E0076_00h04m35s800ms_abrupt_change.jpg | references/video-audit/chapters/CH02_alta_y_edicion_de_pacientes/detail_crops/CH02-E0076_00h04m35s800ms_DETAIL.jpg,VISIBLE,HIGH,#/pacientes; npm test,CH02-Q007
CH02-F016,acciones,Acciones Atrás y Guardar sin resultado observado,El final del formulario presenta Atrás y Guardar.,VISIBLE,CH02,CH02-E0082,00:04:39.000,references/video-audit/chapters/CH02_alta_y_edicion_de_pacientes/event_frames/CH02-E0082_00h04m39s000ms_stable_change.jpg | references/video-audit/chapters/CH02_alta_y_edicion_de_pacientes/detail_crops/CH02-E0082_00h04m39s000ms_DETAIL.jpg,VISIBLE,HIGH,#/pacientes; npm test,CH02-Q008
CH03-F001,navegacion,Menú financiero desde Pacientes,"El icono financiero despliega Hospitalización, Cuentas por cobrar y Preautorizaciones & Reclamos; se elige Hospitalización.",VISIBLE,CH03,CH03-E0005,00:04:48.200,references/video-audit/chapters/CH03_hospitalizacion_y_navegacion_de_preautorizaciones/event_frames/CH03-E0005_00h04m48s200ms_settled.jpg | references/video-audit/chapters/CH03_hospitalizacion_y_navegacion_de_preautorizaciones/detail_crops/CH03-E0005_00h04m48s200ms_DETAIL.jpg,VISIBLE,HIGH,#/hospitalizaciones; #/cotizaciones; npm test,
CH03-F002,pantallas,Panel y pestañas de Hospitalización Administrativa,"La vista estable contiene Relación de pacientes por empresa, Activos, Cotizaciones y PIC Ejecución.",VISIBLE,CH03,CH03-E0040,00:05:39.200,references/video-audit/chapters/CH03_hospitalizacion_y_navegacion_de_preautorizaciones/event_frames/CH03-E0040_00h05m39s200ms_stable_change.jpg | references/video-audit/chapters/CH03_hospitalizacion_y_navegacion_de_preautorizaciones/detail_crops/CH03-E0040_00h05m39s200ms_DETAIL.jpg,VISIBLE,HIGH,#/hospitalizaciones; #/cotizaciones; npm test,CH03-Q003
CH03-F003,calidad_ui,Pestaña Preadmisión transitoria,Preadmisión aparece durante dos cargas de Hospitalización y desaparece cuando se estabiliza la pantalla.,UNCERTAIN,CH03,CH03-E0036,00:05:37.000,references/video-audit/chapters/CH03_hospitalizacion_y_navegacion_de_preautorizaciones/event_frames/CH03-E0036_00h05m37s000ms_abrupt_change.jpg,UNCERTAIN,HIGH,#/hospitalizaciones; #/cotizaciones; npm test,CH03-Q001
CH03-F004,busquedas_filtros,Filtros de hospitalizaciones activas,"Activos ofrece Estado Administrativo, Fecha de inicio y Tipo de cuenta, con Aplicar y Limpiar.",VISIBLE,CH03,CH03-E0009,00:04:53.200,references/video-audit/chapters/CH03_hospitalizacion_y_navegacion_de_preautorizaciones/event_frames/CH03-E0009_00h04m53s200ms_stable_change.jpg,VISIBLE,HIGH,#/hospitalizaciones; #/cotizaciones; npm test,CH03-Q004
CH03-F005,tablas_listados,Tabla de hospitalizaciones activas,"La tabla muestra acción por elipsis, Hospitalización, DUI/NIT, Paciente, Empresa, Tipo Cuenta, Administrativo y Duración, además de búsqueda, orden y paginación.",VISIBLE,CH03,CH03-E0010,00:04:57.600,references/video-audit/chapters/CH03_hospitalizacion_y_navegacion_de_preautorizaciones/event_frames/CH03-E0010_00h04m57s600ms_abrupt_change.jpg | references/video-audit/chapters/CH03_hospitalizacion_y_navegacion_de_preautorizaciones/detail_crops/CH03-E0010_00h04m57s600ms_DETAIL.jpg,VISIBLE,HIGH,#/hospitalizaciones; #/cotizaciones; npm test,CH03-Q008
CH03-F006,reglas_estado,Interpretación verbal de hospitalización activa,La narración asocia Activos con pacientes que mantienen un proceso o servicio actual.,VERBAL,CH03,CH03-E0017,00:05:06.400,references/video-audit/chapters/CH03_hospitalizacion_y_navegacion_de_preautorizaciones/event_frames/CH03-E0017_00h05m06s400ms_abrupt_change.jpg,VERBAL,MEDIUM,#/hospitalizaciones; #/cotizaciones; npm test,CH03-Q002
CH03-F007,pacientes,Vista de pacientes inactivos,"Pacientes > Inactivos conserva búsqueda, paginación y columnas operativas, y muestra estado Inactivo y triage No Asignado.",VISIBLE,CH03,CH03-E0030,00:05:27.200,references/video-audit/chapters/CH03_hospitalizacion_y_navegacion_de_preautorizaciones/event_frames/CH03-E0030_00h05m27s200ms_abrupt_change.jpg | references/video-audit/chapters/CH03_hospitalizacion_y_navegacion_de_preautorizaciones/detail_crops/CH03-E0030_00h05m27s200ms_DETAIL.jpg,VISIBLE,HIGH,#/hospitalizaciones; #/cotizaciones; npm test,CH03-Q002
CH03-F008,calidad_ui,Carga y estado vacío simultáneos,Durante la carga de Hospitalización aparecen a la vez Cargando y No hay registros disponibles antes de que se llenen las filas.,VISIBLE,CH03,CH03-E0008,00:04:52.600,references/video-audit/chapters/CH03_hospitalizacion_y_navegacion_de_preautorizaciones/event_frames/CH03-E0008_00h04m52s600ms_abrupt_change.jpg,VISIBLE,HIGH,#/hospitalizaciones; #/cotizaciones; npm test,CH03-Q001
CH03-F009,cotizaciones,Filtros y alta desde Cotizaciones,"La pestaña Cotizaciones muestra Estado, Fecha de creación, Aplicar, Limpiar, búsqueda, paginación y + Nuevo.",VISIBLE,CH03,CH03-E0041,00:05:55.200,references/video-audit/chapters/CH03_hospitalizacion_y_navegacion_de_preautorizaciones/event_frames/CH03-E0041_00h05m55s200ms_abrupt_change.jpg | references/video-audit/chapters/CH03_hospitalizacion_y_navegacion_de_preautorizaciones/detail_crops/CH03-E0041_00h05m55s200ms_DETAIL.jpg,VISIBLE,HIGH,#/hospitalizaciones; #/cotizaciones; npm test,
CH03-F010,preautorizaciones_reclamos,"Seguimiento de cotización, preautorización, seguro y reclamo","La tabla relaciona Estado, Envío preautorización, Respuesta seguro y Envío de reclamo con cada cotización.",VISIBLE,CH03,CH03-E0042,00:05:55.800,references/video-audit/chapters/CH03_hospitalizacion_y_navegacion_de_preautorizaciones/event_frames/CH03-E0042_00h05m55s800ms_stable_change.jpg | references/video-audit/chapters/CH03_hospitalizacion_y_navegacion_de_preautorizaciones/detail_crops/CH03-E0042_00h05m55s800ms_DETAIL.jpg,VISIBLE,HIGH,#/hospitalizaciones; #/cotizaciones; npm test,CH03-Q005 | CH03-Q008
CH03-F011,finanzas,Fecha de creación y total por cotización,Cada fila expone Creación y Total.,VISIBLE,CH03,CH03-E0043,00:05:59.000,references/video-audit/chapters/CH03_hospitalizacion_y_navegacion_de_preautorizaciones/event_frames/CH03-E0043_00h05m59s000ms_abrupt_change.jpg,VISIBLE,HIGH,#/hospitalizaciones; #/cotizaciones; npm test,CH03-Q006
CH03-F012,formularios_campos,Nueva cotización y datos del paciente,"+ Nuevo abre Nueva cotización con Paciente obligatorio y campos DUI/NIT, Teléfono y Correo.",VISIBLE,CH03,CH03-E0045,00:06:08.600,references/video-audit/chapters/CH03_hospitalizacion_y_navegacion_de_preautorizaciones/event_frames/CH03-E0045_00h06m08s600ms_abrupt_change.jpg,VISIBLE,HIGH,#/hospitalizaciones; #/cotizaciones; npm test,
CH03-F013,formularios_campos,Datos iniciales de factura,"Datos de factura muestra Fecha, Grupo de descuento, Referido por y Comentarios con asterisco, además de Giftcard y acciones auxiliares.",VISIBLE,CH03,CH03-E0046,00:06:09.600,references/video-audit/chapters/CH03_hospitalizacion_y_navegacion_de_preautorizaciones/event_frames/CH03-E0046_00h06m09s600ms_settled.jpg | references/video-audit/chapters/CH03_hospitalizacion_y_navegacion_de_preautorizaciones/detail_crops/CH03-E0046_00h06m09s600ms_DETAIL.jpg,VISIBLE,HIGH,#/hospitalizaciones; #/cotizaciones; npm test,CH03-Q007
CH04-F001,pantallas,Nueva cotización por secciones,"El formulario separa Datos del paciente y Datos de la factura, seguido por categorías de ítems.",VISIBLE,CH04,CH04-E0006,00:06:27.600,references/video-audit/chapters/CH04_cotizacion_datos_generales/event_frames/CH04-E0006_00h06m27s600ms_abrupt_change.jpg,VISIBLE,HIGH,#/cotizaciones; npm test,
CH04-F002,busquedas_filtros,Selector buscable de paciente,Paciente es obligatorio y abre un catálogo buscable cuyos resultados combinan documento y nombre/etiqueta.,VISIBLE,CH04,CH04-E0002,00:06:18.200,references/video-audit/chapters/CH04_cotizacion_datos_generales/event_frames/CH04-E0002_00h06m18s200ms_motion_progress.jpg | references/video-audit/chapters/CH04_cotizacion_datos_generales/detail_crops/CH04-E0002_00h06m18s200ms_DETAIL.jpg,VISIBLE,HIGH,#/cotizaciones; npm test,
CH04-F003,calidad_datos,Resultados de paciente con etiquetas de cotización,"La búsqueda de Paciente devuelve entradas sintéticas rotuladas como Cotización, incluida una identificación compuesta solo por ceros.",UNCERTAIN,CH04,CH04-E0003,00:06:18.800,references/video-audit/chapters/CH04_cotizacion_datos_generales/event_frames/CH04-E0003_00h06m18s800ms_stable_change.jpg | references/video-audit/chapters/CH04_cotizacion_datos_generales/detail_crops/CH04-E0003_00h06m18s800ms_DETAIL.jpg,UNCERTAIN,HIGH,#/cotizaciones; npm test,CH04-Q001
CH04-F004,formularios_campos,Autocompletado de datos del paciente,"Al seleccionar Paciente se llenan DUI/NIT, Teléfono y Correo asociados.",VISIBLE,CH04,CH04-E0005,00:06:21.800,references/video-audit/chapters/CH04_cotizacion_datos_generales/event_frames/CH04-E0005_00h06m21s800ms_stable_change.jpg | references/video-audit/chapters/CH04_cotizacion_datos_generales/detail_crops/CH04-E0005_00h06m21s800ms_DETAIL.jpg,VISIBLE,HIGH,#/cotizaciones; npm test,CH04-Q002
CH04-F005,formularios_campos,Fecha requerida con calendario,"Fecha tiene asterisco y un selector con navegación de mes/año, Cancelar y Seleccionar.",VISIBLE,CH04,CH04-E0007,00:06:30.600,references/video-audit/chapters/CH04_cotizacion_datos_generales/event_frames/CH04-E0007_00h06m30s600ms_settled.jpg | references/video-audit/chapters/CH04_cotizacion_datos_generales/detail_crops/CH04-E0007_00h06m30s600ms_DETAIL.jpg,VISIBLE,HIGH,#/cotizaciones; npm test,CH04-Q003
CH04-F006,descuentos,Grupo de descuento obligatorio,Grupo de descuento tiene asterisco y muestra Regular en el capítulo.,VISIBLE,CH04,CH04-E0008,00:06:33.000,references/video-audit/chapters/CH04_cotizacion_datos_generales/event_frames/CH04-E0008_00h06m33s000ms_settled.jpg | references/video-audit/chapters/CH04_cotizacion_datos_generales/detail_crops/CH04-E0008_00h06m33s000ms_DETAIL.jpg,VISIBLE,HIGH,#/cotizaciones; npm test,CH04-Q004
CH04-F007,referencias,Referido por como multiselección buscable,"Referido por es obligatorio, permite buscar, desplazar el catálogo, elegir más de un valor y retirar tags mediante x.",VISIBLE,CH04,CH04-E0032,00:06:59.600,references/video-audit/chapters/CH04_cotizacion_datos_generales/event_frames/CH04-E0032_00h06m59s600ms_abrupt_change.jpg | references/video-audit/chapters/CH04_cotizacion_datos_generales/detail_crops/CH04-E0032_00h06m59s600ms_DETAIL.jpg,VISIBLE,HIGH,#/cotizaciones; npm test,CH04-Q005
CH04-F008,calidad_datos,Catálogo heterogéneo de referidos,"La misma lista mezcla VACIO, canales de marketing, aseguradora, condición de paciente recurrente y nombres de personas.",UNCERTAIN,CH04,CH04-E0014,00:06:42.000,references/video-audit/chapters/CH04_cotizacion_datos_generales/event_frames/CH04-E0014_00h06m42s000ms_abrupt_change.jpg | references/video-audit/chapters/CH04_cotizacion_datos_generales/detail_crops/CH04-E0014_00h06m42s000ms_DETAIL.jpg,UNCERTAIN,HIGH,#/cotizaciones; npm test,CH04-Q005
CH04-F009,acciones,Acción auxiliar para Referido por,Un botón circular verde con + aparece junto a Referido por.,VISIBLE,CH04,CH04-E0009,00:06:34.800,references/video-audit/chapters/CH04_cotizacion_datos_generales/event_frames/CH04-E0009_00h06m34s800ms_abrupt_change.jpg | references/video-audit/chapters/CH04_cotizacion_datos_generales/detail_crops/CH04-E0009_00h06m34s800ms_DETAIL.jpg,VISIBLE,HIGH,#/cotizaciones; npm test,CH04-Q006
CH04-F010,formularios_campos,Giftcard y Comentarios,Giftcard aparece sin asterisco y con icono de borrado; Comentarios tiene asterisco y área multilínea.,VISIBLE,CH04,CH04-E0034,00:07:01.000,references/video-audit/chapters/CH04_cotizacion_datos_generales/event_frames/CH04-E0034_00h07m01s000ms_abrupt_change.jpg,VISIBLE,HIGH,#/cotizaciones; npm test,CH04-Q007 | CH04-Q008
CH04-F011,cotizacion_items,Categorías de ítems y filtro de inventario,"La cotización organiza Servicios, Estudios Dx, Medicamentos, Insumos, Equipos, Honorarios y Extras; incluye Solo disponibles en inventario y, en Servicios, Socio de negocios, Servicios, Precio y Cantidad.",VISIBLE,CH04,CH04-E0035,00:07:01.600,references/video-audit/chapters/CH04_cotizacion_datos_generales/event_frames/CH04-E0035_00h07m01s600ms_stable_change.jpg,VISIBLE,HIGH,#/cotizaciones; npm test,CH04-Q009
CH05-F001,cotizacion_items,Categorías de conceptos en Nueva cotización,"La cotización expone Servicios, Estudios Dx, Medicamentos, Insumos, Equipos, Honorarios y Extras, con un compositor que cambia de tipo.",VISIBLE,CH05,CH05-E0001,00:07:32.200,references/video-audit/chapters/CH05_cotizacion_servicios_estudios_y_medicamentos/event_frames/CH05-E0001_00h07m32s200ms_abrupt_change.jpg,VISIBLE,HIGH,#/cotizaciones; npm test,
CH05-F002,precios_catalogos,Socio de negocios selecciona catálogo de precios,"Socio de negocios es obligatorio y abre una lista buscable con VITAE (precio regular), aseguradoras y otras listas.",VISIBLE,CH05,CH05-E0003,00:07:49.400,references/video-audit/chapters/CH05_cotizacion_servicios_estudios_y_medicamentos/event_frames/CH05-E0003_00h07m49s400ms_motion_progress.jpg | references/video-audit/chapters/CH05_cotizacion_servicios_estudios_y_medicamentos/detail_crops/CH05-E0003_00h07m49s400ms_DETAIL.jpg,VISIBLE,HIGH,#/cotizaciones; npm test,CH05-Q001
CH05-F003,estados_async,Bloqueo visual Procesando durante cargas y adiciones,Un overlay gris con Procesando... aparece al cargar el catálogo y al añadir conceptos.,VISIBLE,CH05,CH05-E0021,00:08:14.600,references/video-audit/chapters/CH05_cotizacion_servicios_estudios_y_medicamentos/event_frames/CH05-E0021_00h08m14s600ms_abrupt_change.jpg,VISIBLE,HIGH,#/cotizaciones; npm test,
CH05-F004,busquedas_filtros,Catálogo de Servicios con búsqueda incremental,El selector permite escribir texto parcial y filtra códigos y descripciones extensas de servicios.,VISIBLE,CH05,CH05-E0025,00:08:27.200,references/video-audit/chapters/CH05_cotizacion_servicios_estudios_y_medicamentos/event_frames/CH05-E0025_00h08m27s200ms_settled.jpg | references/video-audit/chapters/CH05_cotizacion_servicios_estudios_y_medicamentos/detail_crops/CH05-E0025_00h08m27s200ms_DETAIL.jpg,VISIBLE,HIGH,#/cotizaciones; npm test,
CH05-F005,precios_catalogos,Selección de servicio autocompleta precio,Al seleccionar V50111 Hospitalización en casa 24 Horas se muestra el precio unitario 137.17.,VISIBLE,CH05,CH05-E0050,00:09:16.200,references/video-audit/chapters/CH05_cotizacion_servicios_estudios_y_medicamentos/event_frames/CH05-E0050_00h09m16s200ms_stable_change.jpg | references/video-audit/chapters/CH05_cotizacion_servicios_estudios_y_medicamentos/detail_crops/CH05-E0050_00h09m16s200ms_DETAIL.jpg,VISIBLE,HIGH,#/cotizaciones; npm test,
CH05-F006,acciones,Cantidad requerida y acción Añadir,El compositor exige Cantidad y permite añadir el concepto seleccionado.,VISIBLE,CH05,CH05-E0052,00:09:30.400,references/video-audit/chapters/CH05_cotizacion_servicios_estudios_y_medicamentos/event_frames/CH05-E0052_00h09m30s400ms_abrupt_change.jpg,VISIBLE,HIGH,#/cotizaciones; npm test,CH05-Q003
CH05-F007,ledger,Ledger de conceptos agrupado por tipo,"Después de añadir, aparece una sección Servicios con fila removible y columnas Tipo, Código, Item, Precio, Cantidad, Subtotal, descuentos, Impuesto y Total.",VISIBLE,CH05,CH05-E0054,00:09:31.400,references/video-audit/chapters/CH05_cotizacion_servicios_estudios_y_medicamentos/event_frames/CH05-E0054_00h09m31s400ms_abrupt_change.jpg,VISIBLE,HIGH,#/cotizaciones; npm test,CH05-Q009
CH05-F008,totales,"Resumen de subtotal, descuentos, impuesto y total",La pantalla presenta importes por línea y un resumen global que se recalcula al añadir conceptos.,VISIBLE,CH05,CH05-E0067,00:09:56.400,references/video-audit/chapters/CH05_cotizacion_servicios_estudios_y_medicamentos/event_frames/CH05-E0067_00h09m56s400ms_abrupt_change.jpg,VISIBLE,HIGH,#/cotizaciones; npm test,CH05-Q004 | CH05-Q008
CH05-F009,cotizacion_items,Múltiples líneas de Servicios,"Se añade Atril metálico + Bomba de infusión como segunda línea, manteniendo la hospitalización previa.",VISIBLE,CH05,CH05-E0065,00:09:50.400,references/video-audit/chapters/CH05_cotizacion_servicios_estudios_y_medicamentos/event_frames/CH05-E0065_00h09m50s400ms_abrupt_change.jpg | references/video-audit/chapters/CH05_cotizacion_servicios_estudios_y_medicamentos/detail_crops/CH05-E0065_00h09m50s400ms_DETAIL.jpg,VISIBLE,HIGH,#/cotizaciones; npm test,CH05-Q002
CH05-F010,medicamentos,Compositor específico de Medicamentos,"Al cambiar a Medicamentos se reinician Socio de negocios, selector, Precio y Cantidad para ese tipo.",VISIBLE,CH05,CH05-E0071,00:10:42.400,references/video-audit/chapters/CH05_cotizacion_servicios_estudios_y_medicamentos/event_frames/CH05-E0071_00h10m42s400ms_settled.jpg | references/video-audit/chapters/CH05_cotizacion_servicios_estudios_y_medicamentos/detail_crops/CH05-E0071_00h10m42s400ms_DETAIL.jpg,VISIBLE,HIGH,#/cotizaciones; npm test,
CH05-F011,inventario,Catálogo de medicamentos muestra conteos entre paréntesis,"Las opciones combinan código, producto, principio activo, presentación, fabricante y un conteo visible.",VISIBLE,CH05,CH05-E0075,00:10:46.800,references/video-audit/chapters/CH05_cotizacion_servicios_estudios_y_medicamentos/event_frames/CH05-E0075_00h10m46s800ms_abrupt_change.jpg | references/video-audit/chapters/CH05_cotizacion_servicios_estudios_y_medicamentos/detail_crops/CH05-E0075_00h10m46s800ms_DETAIL.jpg,VISIBLE,HIGH,#/cotizaciones; npm test,CH05-Q005
CH05-F012,busquedas_filtros,Estado sin resultados en búsqueda,Una búsqueda que no coincide muestra el mensaje No results found y se recupera al corregir el término.,VISIBLE,CH05,CH05-E0077,00:10:48.800,references/video-audit/chapters/CH05_cotizacion_servicios_estudios_y_medicamentos/event_frames/CH05-E0077_00h10m48s800ms_abrupt_change.jpg | references/video-audit/chapters/CH05_cotizacion_servicios_estudios_y_medicamentos/detail_crops/CH05-E0077_00h10m48s800ms_DETAIL.jpg,VISIBLE,HIGH,#/cotizaciones; npm test,
CH05-F013,medicamentos,Selección de medicamento autocompleta precio,Invanz se selecciona con precio visible 64.10 y CEFAXONA con 10.97.,VISIBLE,CH05,CH05-E0079 | CH05-E0087,00:10:54.800 | 00:11:11.000,references/video-audit/chapters/CH05_cotizacion_servicios_estudios_y_medicamentos/event_frames/CH05-E0079_00h10m54s800ms_abrupt_change.jpg | references/video-audit/chapters/CH05_cotizacion_servicios_estudios_y_medicamentos/detail_crops/CH05-E0079_00h10m54s800ms_DETAIL.jpg | references/video-audit/chapters/CH05_cotizacion_servicios_estudios_y_medicamentos/event_frames/CH05-E0087_00h11m11s000ms_abrupt_change.jpg | references/video-audit/chapters/CH05_cotizacion_servicios_estudios_y_medicamentos/detail_crops/CH05-E0087_00h11m11s000ms_DETAIL.jpg,VISIBLE,HIGH,#/cotizaciones; npm test,
CH05-F014,acciones,Intento de añadir Invanz restablece el compositor,"Con Invanz, precio 64.10 y cantidad 5 se pulsa Añadir, aparece Procesando... y luego el selector queda vacío.",UNCERTAIN,CH05,CH05-E0080,00:11:04.400,references/video-audit/chapters/CH05_cotizacion_servicios_estudios_y_medicamentos/event_frames/CH05-E0080_00h11m04s400ms_abrupt_change.jpg | references/video-audit/chapters/CH05_cotizacion_servicios_estudios_y_medicamentos/detail_crops/CH05-E0080_00h11m04s400ms_DETAIL.jpg,UNCERTAIN,HIGH,#/cotizaciones; npm test,CH05-Q006 | CH05-Q007
CH05-F015,acciones,Filtro de inventario y acciones finales visibles,Solo disponibles en inventario permanece desmarcado; Atrás y Guardar aparecen debajo del resumen.,VISIBLE,CH05,CH05-E0067,00:09:56.400,references/video-audit/chapters/CH05_cotizacion_servicios_estudios_y_medicamentos/event_frames/CH05-E0067_00h09m56s400ms_abrupt_change.jpg,VISIBLE,HIGH,#/cotizaciones; npm test,CH05-Q004 | CH05-Q008
CH06-F01,"Cotización: insumos, equipos, honorarios, extras y totales",Categorías de ítems de cotización,"La nueva cotización presenta pestañas Servicios, Estudios Dx, Medicamentos, Insumos, Equipos, Honorarios y Extras, además de Solo disponibles en inventario.",VISIBLE,CH06,CH06-E0007,00:11:34.600,references/video-audit/chapters/CH06_cotizacion_insumos_equipos_honorarios_extras_y_totales/event_frames/CH06-E0007_00h11m34s600ms_motion_progress.jpg,VISIBLE,HIGH,#/cotizaciones; npm test,CH06-Q001
CH06-F02,"Cotización: insumos, equipos, honorarios, extras y totales",Catálogo por socio de negocios,"Cada categoría explorada solicita Socio de negocios y ofrece un selector buscable; las opciones visibles cambian entre socios como VITAE, SURA, MAPFRE, Socio 2021 y OMNIA.",VISIBLE,CH06,CH06-E0053,00:12:34.800,references/video-audit/chapters/CH06_cotizacion_insumos_equipos_honorarios_extras_y_totales/detail_crops/CH06-E0053_00h12m34s800ms_DETAIL.jpg,VISIBLE,HIGH,#/cotizaciones; npm test,
CH06-F03,"Cotización: insumos, equipos, honorarios, extras y totales",Selección de insumos con existencia,"El catálogo de Insumos muestra código, descripción, fabricante y existencia entre paréntesis; admite búsqueda, estado Sin resultados, precio autocompletado, cantidad y Añadir.",VISIBLE,CH06,CH06-E0025 | CH06-E0030,00:11:58.200 | 00:12:02.000,references/video-audit/chapters/CH06_cotizacion_insumos_equipos_honorarios_extras_y_totales/event_frames/CH06-E0025_00h11m58s200ms_stable_change.jpg | references/video-audit/chapters/CH06_cotizacion_insumos_equipos_honorarios_extras_y_totales/detail_crops/CH06-E0030_00h12m02s000ms_DETAIL.jpg,VISIBLE,HIGH,#/cotizaciones; npm test,
CH06-F04,"Cotización: insumos, equipos, honorarios, extras y totales",Selección de estudios diagnósticos,"Estudios Dx usa socio, catálogo buscable, precio, cantidad y Añadir; el video filtra y selecciona un estudio de hemoglobina.",VISIBLE,CH06,CH06-E0060,00:12:43.000,references/video-audit/chapters/CH06_cotizacion_insumos_equipos_honorarios_extras_y_totales/event_frames/CH06-E0060_00h12m43s000ms_settled.jpg,VISIBLE,HIGH,#/cotizaciones; npm test,
CH06-F05,"Cotización: insumos, equipos, honorarios, extras y totales",Honorarios por profesional o servicio,"Honorarios permite elegir socio y un servicio de seguimiento asociado a médico, con precio y cantidad antes de añadirlo.",VISIBLE,CH06,CH06-E0083,00:13:15.800,references/video-audit/chapters/CH06_cotizacion_insumos_equipos_honorarios_extras_y_totales/event_frames/CH06-E0083_00h13m15s800ms_abrupt_change.jpg,VISIBLE,HIGH,#/cotizaciones; npm test,
CH06-F06,"Cotización: insumos, equipos, honorarios, extras y totales",Tabla agrupada y cálculo por renglón,"La tabla agrupa categorías y muestra Tipo, Código, Item, Precio, Cantidad editable, Subtotal, Desc %, Desc $, Impuesto y Total; cada fila tiene acción de retiro.",VISIBLE,CH06,CH06-E0069,00:12:57.800,references/video-audit/chapters/CH06_cotizacion_insumos_equipos_honorarios_extras_y_totales/event_frames/CH06-E0069_00h12m57s800ms_abrupt_change.jpg,VISIBLE,HIGH,#/cotizaciones; npm test,CH06-Q004
CH06-F07,"Cotización: insumos, equipos, honorarios, extras y totales","Descuentos, impuesto y totales","Grupo de descuento y selección de paciente producen recálculo visible de descuentos por línea, impuesto y resumen Subtotal/Descuentos/Impuestos/Total.",VISIBLE,CH06,CH06-E0109 | CH06-E0115,00:14:14.200 | 00:14:24.200,references/video-audit/chapters/CH06_cotizacion_insumos_equipos_honorarios_extras_y_totales/event_frames/CH06-E0109_00h14m14s200ms_abrupt_change.jpg | references/video-audit/chapters/CH06_cotizacion_insumos_equipos_honorarios_extras_y_totales/detail_crops/CH06-E0115_00h14m24s200ms_DETAIL.jpg,VISIBLE,HIGH,#/cotizaciones; npm test,
CH06-F08,"Cotización: insumos, equipos, honorarios, extras y totales",Autocompletado por paciente,"Al cambiar Paciente se actualizan DUI/NIT, teléfono, correo, referido por y grupo de descuento visibles en la cabecera de la cotización.",VISIBLE,CH06,CH06-E0103,00:14:06.400,references/video-audit/chapters/CH06_cotizacion_insumos_equipos_honorarios_extras_y_totales/event_frames/CH06-E0103_00h14m06s400ms_stable_change.jpg,VISIBLE,HIGH,#/cotizaciones; npm test,
CH06-F09,"Cotización: insumos, equipos, honorarios, extras y totales",Persistencia y retroceso,El formulario ofrece Atrás y Guardar; el narrador afirma que Guardar persiste la cotización y luego usa Atrás.,VERBAL,CH06,CH06-E0115,00:14:24.200,references/video-audit/chapters/CH06_cotizacion_insumos_equipos_honorarios_extras_y_totales/event_frames/CH06-E0115_00h14m24s200ms_settled.jpg,VERBAL,MEDIUM,#/cotizaciones; npm test,
CH06-F10,"Cotización: insumos, equipos, honorarios, extras y totales",Contenido de Equipos y Extras,"Las pestañas Equipos y Extras son visibles, pero este capítulo no demuestra sus formularios ni reglas internas.",UNCERTAIN,CH06,CH06-E0085,00:13:50.600,references/video-audit/chapters/CH06_cotizacion_insumos_equipos_honorarios_extras_y_totales/event_frames/CH06-E0085_00h13m50s600ms_abrupt_change.jpg,UNCERTAIN,LOW,#/cotizaciones; npm test,CH06-Q005
CH07-F01,"Preautorización, seguro y reclamo",Listado de cotizaciones de hospitalización,"Hospitalización separa Activos, Cotizaciones y PIC Ejecución. Cotizaciones dispone de Estado, Fecha de creación, Aplicar, Limpiar, Nuevo, paginación, registros y búsqueda.",VISIBLE,CH07,CH07-E0013,00:15:48.600,references/video-audit/chapters/CH07_preautorizacion_seguro_y_reclamo/event_frames/CH07-E0013_00h15m48s600ms_stable_change.jpg,VISIBLE,HIGH,#/preautorizaciones; #/cotizaciones; node --test tests/p0-immutable-records.test.mjs,CH07-Q004
CH07-F02,"Preautorización, seguro y reclamo","Estados de cotización, preautorización y reclamo","La tabla muestra Paciente, DUI/NIT, Nro., Estado, Envío preautorización, Respuesta seguro, Envío de reclamo, Creación y Total; se observan Pendiente, No Enviado y No aplica.",VISIBLE,CH07,CH07-E0007,00:14:33.000,references/video-audit/chapters/CH07_preautorizacion_seguro_y_reclamo/event_frames/CH07-E0007_00h14m33s000ms_abrupt_change.jpg,VISIBLE,HIGH,#/preautorizaciones; #/cotizaciones; npm test,CH07-Q002
CH07-F03,"Preautorización, seguro y reclamo",Búsqueda de cotización,El buscador global filtra el total de 26 registros hasta una fila del paciente consultado.,VISIBLE,CH07,CH07-E0008,00:14:44.400,references/video-audit/chapters/CH07_preautorizacion_seguro_y_reclamo/event_frames/CH07-E0008_00h14m44s400ms_abrupt_change.jpg,VISIBLE,HIGH,#/preautorizaciones; #/cotizaciones; npm test,
CH07-F04,"Preautorización, seguro y reclamo",Menú contextual y documentos,"La fila expone Editar, Duplicar, Versiones, Imprimir, Enviar, Envíos al seguro, Historial de envíos y Eliminar. Imprimir abre Excel, Detalle de servicio, Cotización, Factura y cotizaciones internacionales.",VISIBLE,CH07,CH07-E0010,00:14:49.600,references/video-audit/chapters/CH07_preautorizacion_seguro_y_reclamo/detail_crops/CH07-E0010_00h14m49s600ms_DETAIL.jpg,VISIBLE,HIGH,#/preautorizaciones; #/cotizaciones; npm test,CH07-Q003 | CH07-Q006
CH07-F05,"Preautorización, seguro y reclamo",Envío por correo o WhatsApp,El submenú Enviar ofrece E-mail y Whatsapp. No se ejecuta el envío ni se evidencia su contenido.,VISIBLE,CH07,CH07-E0014,00:16:02.600,references/video-audit/chapters/CH07_preautorizacion_seguro_y_reclamo/detail_crops/CH07-E0014_00h16m02s600ms_DETAIL.jpg,VISIBLE,HIGH,#/preautorizaciones; #/cotizaciones; npm test,
CH07-F06,"Preautorización, seguro y reclamo",Generación y envío directo de PDF,"La conversación propone que el sistema cree el PDF y lo envíe por WhatsApp sin descarga manual; la evidencia visual sólo confirma el menú Whatsapp, no la automatización.",VERBAL,CH07,CH07-E0014,00:16:02.600,references/video-audit/chapters/CH07_preautorizacion_seguro_y_reclamo/detail_crops/CH07-E0014_00h16m02s600ms_DETAIL.jpg,VERBAL,MEDIUM,#/preautorizaciones; #/cotizaciones; npm test,
CH07-F07,"Preautorización, seguro y reclamo",Transiciones de estado,"El control Estado abre Pre aprobación, Poner en ejecución, Rechazar y No aplica.",VISIBLE,CH07,CH07-E0018,00:16:08.200,references/video-audit/chapters/CH07_preautorizacion_seguro_y_reclamo/detail_crops/CH07-E0018_00h16m08s200ms_DETAIL.jpg,VISIBLE,HIGH,#/preautorizaciones; #/cotizaciones; npm test,
CH07-F08,"Preautorización, seguro y reclamo",Cotización guardada pero no activada,El narrador distingue una cotización guardada de una activada; la fila sigue Pendiente y No Enviado.,VERBAL,CH07,CH07-E0007,00:14:33.000,references/video-audit/chapters/CH07_preautorizacion_seguro_y_reclamo/event_frames/CH07-E0007_00h14m33s000ms_abrupt_change.jpg,VERBAL,MEDIUM,#/preautorizaciones; #/cotizaciones; npm test,CH07-Q002
CH07-F09,"Preautorización, seguro y reclamo",Resultado de una transición de estado,"El menú de estados es visible, pero este corte no confirma persistencia, validaciones ni efectos en preautorización/reclamo después de seleccionar una opción.",UNCERTAIN,CH07,CH07-E0018,00:16:08.200,references/video-audit/chapters/CH07_preautorizacion_seguro_y_reclamo/event_frames/CH07-E0018_00h16m08s200ms_settled.jpg,UNCERTAIN,LOW,#/preautorizaciones; #/cotizaciones; npm test,
CH08-F01,"Perfil administrativo, cuentas por cobrar y pagos",Perfil administrativo de ejecución,"Detalles de Hospitalización contiene un perfil administrativo asociado a PIC Ejecución, con Guardar y Cancelar.",VISIBLE,CH08,CH08-E0002,00:16:16.400,references/video-audit/chapters/CH08_perfil_administrativo_cuentas_por_cobrar_y_pagos/event_frames/CH08-E0002_00h16m16s400ms_abrupt_change.jpg,VISIBLE,HIGH,#/cuentas-por-cobrar; npm test,
CH08-F02,"Perfil administrativo, cuentas por cobrar y pagos",Campos administrativos y de aseguradora,"El perfil solicita health manager, referido por, tipo Revenue, tipo, fecha, días, forma de pago, aseguradora, tipo de solicitud, categoría, subcategoría, hospital de origen y clasificación del paciente.",VISIBLE,CH08,CH08-E0010,00:16:25.600,references/video-audit/chapters/CH08_perfil_administrativo_cuentas_por_cobrar_y_pagos/detail_crops/CH08-E0010_00h16m25s600ms_DETAIL.jpg,VISIBLE,HIGH,#/cuentas-por-cobrar; npm test,CH08-Q002
CH08-F03,"Perfil administrativo, cuentas por cobrar y pagos",Guardado del perfil administrativo,Guardar produce una transición de Procesando y devuelve a PIC Ejecución.,VISIBLE,CH08,CH08-E0021,00:16:46.200,references/video-audit/chapters/CH08_perfil_administrativo_cuentas_por_cobrar_y_pagos/event_frames/CH08-E0021_00h16m46s200ms_stable_change.jpg,VISIBLE,HIGH,#/cuentas-por-cobrar; npm test,
CH08-F04,"Perfil administrativo, cuentas por cobrar y pagos",Listado de cuentas por cobrar y exportaciones,"Cuentas por cobrar separa Cuentas y Pagos; ofrece búsqueda, paginación y botones Excel con filtros, Reporte y Excel. La tabla incluye inicio, paciente, hospitalización, estado, tipo, gestor y totales.",VISIBLE,CH08,CH08-E0037,00:17:08.800,references/video-audit/chapters/CH08_perfil_administrativo_cuentas_por_cobrar_y_pagos/detail_crops/CH08-E0037_00h17m08s800ms_DETAIL.jpg,VISIBLE,HIGH,#/cuentas-por-cobrar; npm test,CH08-Q009
CH08-F05,"Perfil administrativo, cuentas por cobrar y pagos",Acciones de una cuenta,"El menú de la cuenta ofrece Ver Cotizaciones, Estados de cuenta, Ver pagos, Archivar y Registro XPO.",VISIBLE,CH08,CH08-E0041,00:17:33.600,references/video-audit/chapters/CH08_perfil_administrativo_cuentas_por_cobrar_y_pagos/detail_crops/CH08-E0041_00h17m33s600ms_DETAIL.jpg,VISIBLE,HIGH,#/cuentas-por-cobrar; npm test,CH08-Q004 | CH08-Q005
CH08-F06,"Perfil administrativo, cuentas por cobrar y pagos",Histórico de estados de cuenta,"El histórico separa Estados Particulares y Estados Mixtos y prevé fecha, creador, período, saldo anterior, facturas, pagos y pendiente; la fila consultada no tiene histórico visible.",VISIBLE,CH08,CH08-E0044,00:17:41.600,references/video-audit/chapters/CH08_perfil_administrativo_cuentas_por_cobrar_y_pagos/event_frames/CH08-E0044_00h17m41s600ms_abrupt_change.jpg,VISIBLE,HIGH,#/cuentas-por-cobrar; npm test,
CH08-F07,"Perfil administrativo, cuentas por cobrar y pagos",Pagos de hospitalización,"Ver pagos abre una lista con Añadir pago, fecha, tipo, monto, pagado por y estado. Cada pago ofrece Editar pago, Imprimir y Eliminar pagos.",VISIBLE,CH08,CH08-E0049 | CH08-E0056,00:17:51.800 | 00:18:06.200,references/video-audit/chapters/CH08_perfil_administrativo_cuentas_por_cobrar_y_pagos/detail_crops/CH08-E0049_00h17m51s800ms_DETAIL.jpg | references/video-audit/chapters/CH08_perfil_administrativo_cuentas_por_cobrar_y_pagos/detail_crops/CH08-E0056_00h18m06s200ms_DETAIL.jpg,VISIBLE,HIGH,#/cuentas-por-cobrar; npm test,CH08-Q003
CH08-F08,"Perfil administrativo, cuentas por cobrar y pagos",Configuración de estado de cuenta,"Reporte permite seleccionar tipo Paciente, persona, código de hospitalización, tipo de paciente y rango de fecha antes de Vista previa.",VISIBLE,CH08,CH08-E0068,00:19:00.400,references/video-audit/chapters/CH08_perfil_administrativo_cuentas_por_cobrar_y_pagos/detail_crops/CH08-E0068_00h19m00s400ms_DETAIL.jpg,VISIBLE,HIGH,#/cuentas-por-cobrar; npm test,
CH08-F09,"Perfil administrativo, cuentas por cobrar y pagos",Vista previa de cuenta del paciente,"La vista previa presenta datos del paciente y hospitalización; contiene pestañas Cotizaciones, Pagos y Documentos, casillas de selección, deuda y pagos acumulados.",VISIBLE,CH08,CH08-E0075 | CH08-E0083,00:19:26.800 | 00:19:34.200,references/video-audit/chapters/CH08_perfil_administrativo_cuentas_por_cobrar_y_pagos/event_frames/CH08-E0075_00h19m26s800ms_abrupt_change.jpg | references/video-audit/chapters/CH08_perfil_administrativo_cuentas_por_cobrar_y_pagos/event_frames/CH08-E0083_00h19m34s200ms_abrupt_change.jpg,VISIBLE,HIGH,#/cuentas-por-cobrar; npm test,
CH08-F10,"Perfil administrativo, cuentas por cobrar y pagos",Resumen de pago,"Ver resumen calcula Saldo Anterior, Total Facturas, Total Pagos y Total Pendientes, y ofrece Cerrar, Imprimir y Guardar cambios.",VISIBLE,CH08,CH08-E0087,00:19:52.000,references/video-audit/chapters/CH08_perfil_administrativo_cuentas_por_cobrar_y_pagos/event_frames/CH08-E0087_00h19m52s000ms_abrupt_change.jpg,VISIBLE,HIGH,#/cuentas-por-cobrar; npm test,
CH08-F11,"Perfil administrativo, cuentas por cobrar y pagos",Interpretación de total pendiente negativo,"El ejemplo visible tiene pagos mayores que facturas y muestra Total Pendientes negativo. El capítulo no explica si representa crédito, sobrepago o un error.",UNCERTAIN,CH08,CH08-E0087,00:19:52.000,references/video-audit/chapters/CH08_perfil_administrativo_cuentas_por_cobrar_y_pagos/event_frames/CH08-E0087_00h19m52s000ms_abrupt_change.jpg,UNCERTAIN,MEDIUM,#/cuentas-por-cobrar; npm test,
CH08-F12,"Perfil administrativo, cuentas por cobrar y pagos",Estado de cuenta automático,"La conversación considera que el estado de cuenta podría generarse de forma automática, pero no demuestra programación ni entrega automática.",VERBAL,CH08,CH08-E0095,00:20:59.600,references/video-audit/chapters/CH08_perfil_administrativo_cuentas_por_cobrar_y_pagos/detail_crops/CH08-E0095_00h20m59s600ms_DETAIL.jpg,VERBAL,LOW,#/cuentas-por-cobrar; npm test,
CH09-F01,Hospitalización clínica y reporte de salud,Listado de Hospitalización Clínica,"La vista ofrece filtros por estado clínico, activador, tipo de servicio y tipo de atención, y una tabla con paciente, DUI/NIT, hospitalización, triage, empresa, clínico, fechas y duración.",VISIBLE,CH09,CH09-E0009,00:21:12.200,references/video-audit/chapters/CH09_hospitalizacion_clinica_y_reporte_de_salud/event_frames/CH09-E0009_00h21m12s200ms_abrupt_change.jpg,VISIBLE,HIGH,#/hospitalizaciones; #/clinica/reportes; npm test,
CH09-F02,Hospitalización clínica y reporte de salud,Acciones de una hospitalización clínica,"El menú de fila ofrece Ver cotizaciones, Perfil clínico, documento y acciones relacionadas con reingresos, reinfecciones y ulceraciones.",VISIBLE,CH09,CH09-E0016,00:21:34.800,references/video-audit/chapters/CH09_hospitalizacion_clinica_y_reporte_de_salud/detail_crops/CH09-E0016_00h21m34s800ms_DETAIL.jpg,VISIBLE,HIGH,#/hospitalizaciones; #/clinica/reportes; npm test,
CH09-F03,Hospitalización clínica y reporte de salud,Versiones de perfiles clínicos por hospitalización,"Perfiles Clínicos lista perfiles con fecha de inicio, triage, médico tratante, tipo de servicio, estatus y fecha fin, y permite crear Nuevo perfil clínico.",VISIBLE,CH09,CH09-E0019,00:21:43.000,references/video-audit/chapters/CH09_hospitalizacion_clinica_y_reporte_de_salud/detail_crops/CH09-E0019_00h21m43s000ms_DETAIL.jpg,VISIBLE,HIGH,#/hospitalizaciones; #/clinica/reportes; npm test,
CH09-F04,Hospitalización clínica y reporte de salud,Formulario de perfil clínico,"El perfil contiene fechas, adjuntos, médico tratante y otros médicos, diagnóstico, grupo diagnóstico, triage, grupo/subgrupo de paciente, tipo, responsables, tags y frecuencias.",VISIBLE,CH09,CH09-E0024 | CH09-E0040,00:21:47.600 | 00:22:18.200,references/video-audit/chapters/CH09_hospitalizacion_clinica_y_reporte_de_salud/event_frames/CH09-E0024_00h21m47s600ms_abrupt_change.jpg | references/video-audit/chapters/CH09_hospitalizacion_clinica_y_reporte_de_salud/event_frames/CH09-E0040_00h22m18s200ms_abrupt_change.jpg,VISIBLE,HIGH,#/hospitalizaciones; #/clinica/reportes; npm test,
CH09-F05,Hospitalización clínica y reporte de salud,Catálogo codificado de diagnósticos,"Diagnósticos es un selector buscable con códigos visibles A00–A02 y descripciones de cólera, fiebres tifoideas y salmonelosis. La conversación lo llama un estándar, pero la transcripción de la versión es ambigua.",VISIBLE,CH09,CH09-E0030,00:22:01.400,references/video-audit/chapters/CH09_hospitalizacion_clinica_y_reporte_de_salud/detail_crops/CH09-E0030_00h22m01s400ms_DETAIL.jpg,VISIBLE,HIGH,#/hospitalizaciones; #/clinica/reportes; npm test,
CH09-F06,Hospitalización clínica y reporte de salud,Grupos operativos del perfil,"Grupo perfil del paciente es configurable y muestra opciones como Administración IV, Alquiler de Equipo, Antibioticoterapia, Citas Especialistas, ECV, Hidratación y Laboratorios Clínicos.",VISIBLE,CH09,CH09-E0046,00:22:25.600,references/video-audit/chapters/CH09_hospitalizacion_clinica_y_reporte_de_salud/detail_crops/CH09-E0046_00h22m25s600ms_DETAIL.jpg,VISIBLE,HIGH,#/hospitalizaciones; #/clinica/reportes; npm test,
CH09-F07,Hospitalización clínica y reporte de salud,Dispositivos y planificación de turnos,"El perfil permite preparar dispositivos con fecha, calibre, motivo, frecuencia y observaciones; debajo configura rango de fechas para turnos, frecuencia y tipo de atención.",VISIBLE,CH09,CH09-E0055 | CH09-E0058,00:22:33.800 | 00:22:35.200,references/video-audit/chapters/CH09_hospitalizacion_clinica_y_reporte_de_salud/event_frames/CH09-E0055_00h22m33s800ms_abrupt_change.jpg | references/video-audit/chapters/CH09_hospitalizacion_clinica_y_reporte_de_salud/event_frames/CH09-E0058_00h22m35s200ms_stable_change.jpg,VISIBLE,HIGH,#/hospitalizaciones; #/clinica/reportes; npm test,
CH09-F08,Hospitalización clínica y reporte de salud,Listado de Reporte de salud y menú clínico,"Reporte de salud lista cédula, nombre, empresa, hospitalización, período, auditoría, triage y estatus. El menú incluye Historial clínico, Reporte Clínico, visitas, notas, Reporte de salud, Auditorías y Registro XPO.",VISIBLE,CH09,CH09-E0073 | CH09-E0076,00:22:56.200 | 00:23:01.600,references/video-audit/chapters/CH09_hospitalizacion_clinica_y_reporte_de_salud/detail_crops/CH09-E0073_00h22m56s200ms_DETAIL.jpg | references/video-audit/chapters/CH09_hospitalizacion_clinica_y_reporte_de_salud/detail_crops/CH09-E0076_00h23m01s600ms_DETAIL.jpg,VISIBLE,HIGH,#/hospitalizaciones; #/clinica/reportes; npm test,
CH09-F09,Hospitalización clínica y reporte de salud,Reporte longitudinal por pestañas,"El reporte contiene Información Principal, Evaluación Clínica, Atención Médica, Tratamientos y Órdenes, Eventos Clínicos y Evidencia y Documentos, con datos de paciente y seguros.",VISIBLE,CH09,CH09-E0089,00:23:34.800,references/video-audit/chapters/CH09_hospitalizacion_clinica_y_reporte_de_salud/event_frames/CH09-E0089_00h23m34s800ms_stable_change.jpg,VISIBLE,HIGH,#/hospitalizaciones; #/clinica/reportes; npm test,
CH09-F10,Hospitalización clínica y reporte de salud,Cambio de rango del reporte,Cambiar rango de fechas abre un modal y un calendario doble para seleccionar inicio y fin antes de cargar nuevamente el reporte.,VISIBLE,CH09,CH09-E0083,00:23:16.200,references/video-audit/chapters/CH09_hospitalizacion_clinica_y_reporte_de_salud/detail_crops/CH09-E0083_00h23m16s200ms_DETAIL.jpg,VISIBLE,HIGH,#/hospitalizaciones; #/clinica/reportes; npm test,
CH09-F11,Hospitalización clínica y reporte de salud,Configuración de secciones para impresión,Configuración de reporte permite incluir adjuntos y ordenar títulos entre Títulos disponibles y Títulos para el reporte; al pie ofrece Cerrar e Imprimir.,VISIBLE,CH09,CH09-E0115 | CH09-E0126,00:24:10.000 | 00:24:26.200,references/video-audit/chapters/CH09_hospitalizacion_clinica_y_reporte_de_salud/event_frames/CH09-E0115_00h24m10s000ms_abrupt_change.jpg | references/video-audit/chapters/CH09_hospitalizacion_clinica_y_reporte_de_salud/detail_crops/CH09-E0126_00h24m26s200ms_DETAIL.jpg,VISIBLE,HIGH,#/hospitalizaciones; #/clinica/reportes; npm test,
CH09-F12,Hospitalización clínica y reporte de salud,Resultado de Imprimir no demostrado,Al pulsar Imprimir aparece una confirmación de salida en lugar de un PDF visible. Ni los frames ni la comprobación del clip exacto demuestran que se genere o descargue un documento.,UNCERTAIN,CH09,CH09-E0127,00:24:28.000,references/video-audit/chapters/CH09_hospitalizacion_clinica_y_reporte_de_salud/event_frames/CH09-E0127_00h24m28s000ms_abrupt_change.jpg,UNCERTAIN,HIGH,#/hospitalizaciones; #/clinica/reportes; npm test,
CH09-F13,Hospitalización clínica y reporte de salud,Intervalo visual discontinuo antes de repetir la confirmación,Entre E0129 y E0130 hay un salto de aproximadamente 146.6 segundos; luego se alterna de nuevo entre confirmación y configuración. No se infiere el estado intermedio ni un resultado de impresión.,UNCERTAIN,CH09,CH09-E0129 | CH09-E0130,00:24:47.200 | 00:27:13.800,references/video-audit/chapters/CH09_hospitalizacion_clinica_y_reporte_de_salud/detail_crops/CH09-E0129_00h24m47s200ms_DETAIL.jpg | references/video-audit/chapters/CH09_hospitalizacion_clinica_y_reporte_de_salud/event_frames/CH09-E0130_00h27m13s800ms_abrupt_change.jpg,UNCERTAIN,HIGH,#/hospitalizaciones; #/clinica/reportes; npm test,
CH09-F14,Hospitalización clínica y reporte de salud,Contenido del expediente impreso descrito verbalmente,"La conversación describe que el expediente incluiría datos del paciente, historial, duración, médicos, diagnóstico, signos vitales, medicamentos y notas de enfermería, pero el documento final no aparece legible en la evidencia visual.",VERBAL,CH09,CH09-E0129,00:24:47.200,references/video-audit/chapters/CH09_hospitalizacion_clinica_y_reporte_de_salud/detail_crops/CH09-E0129_00h24m47s200ms_DETAIL.jpg,VERBAL,MEDIUM,#/hospitalizaciones; #/clinica/reportes; npm test,
CH10-F01,"Orden médica, tratamientos y tarjeta de medicamentos",Listado de pacientes de Orden Médica,"Pestañas Activos, Inactivos, Tratamientos con cambios y Actualizaciones; búsqueda, paginación, columnas Nombre, Cédula, Fecha Nac., Triage, Hospitalización y Estatus; acciones Nuevo, Ver Órdenes y Registro XPO.",VISIBLE,CH10,CH10-E0008 | CH10-E0009,00:27:37.600 | 00:27:42.200,references/video-audit/chapters/CH10_orden_medica_tratamientos_y_tarjeta_de_medicamentos/event_frames/CH10-E0008_00h27m37s600ms_stable_change.jpg | references/video-audit/chapters/CH10_orden_medica_tratamientos_y_tarjeta_de_medicamentos/event_frames/CH10-E0009_00h27m42s200ms_settled.jpg | references/video-audit/chapters/CH10_orden_medica_tratamientos_y_tarjeta_de_medicamentos/detail_crops/CH10-E0009_00h27m42s200ms_DETAIL.jpg,VISIBLE,HIGH,tests/ch10-medical-orders-cards.test.mjs; tests/e2e/ch10.spec.mjs,CH10-Q011
CH10-F02,"Orden médica, tratamientos y tarjeta de medicamentos",Elección de tipo de documento,La acción Nuevo permite escoger Orden Médica o Tarjeta de medicamentos.,VISIBLE,CH10,CH10-E0011,00:27:43.800,references/video-audit/chapters/CH10_orden_medica_tratamientos_y_tarjeta_de_medicamentos/event_frames/CH10-E0011_00h27m43s800ms_abrupt_change.jpg,VISIBLE,HIGH,tests/e2e/ch10.spec.mjs,
CH10-F03,"Orden médica, tratamientos y tarjeta de medicamentos",Encabezado y tratamientos de tarjeta,"Formulario con paciente, cédula, hospitalización, triage, médicos y diagnósticos; pestañas y tabla de tratamientos; Agregar tratamiento, Guardar y Atrás.",VISIBLE,CH10,CH10-E0013,00:27:55.600,references/video-audit/chapters/CH10_orden_medica_tratamientos_y_tarjeta_de_medicamentos/event_frames/CH10-E0013_00h27m55s600ms_abrupt_change.jpg,VISIBLE,HIGH,tests/ch10-medical-orders-cards.test.mjs; tests/e2e/ch10.spec.mjs,
CH10-F04,"Orden médica, tratamientos y tarjeta de medicamentos",Editor detallado de tratamiento,"Modal con medicamento, médico, vía, dosis, frecuencia, duración, fechas, crónico, horarios, indicaciones enriquecidas y control Mostrar diluciones.",VISIBLE,CH10,CH10-E0020 | CH10-E0050,00:27:59.800 | 00:29:08.800,references/video-audit/chapters/CH10_orden_medica_tratamientos_y_tarjeta_de_medicamentos/event_frames/CH10-E0020_00h27m59s800ms_abrupt_change.jpg | references/video-audit/chapters/CH10_orden_medica_tratamientos_y_tarjeta_de_medicamentos/event_frames/CH10-E0050_00h29m08s800ms_abrupt_change.jpg | references/video-audit/chapters/CH10_orden_medica_tratamientos_y_tarjeta_de_medicamentos/detail_crops/CH10-E0050_00h29m08s800ms_DETAIL.jpg,VISIBLE,HIGH,tests/ch10-medical-orders-cards.test.mjs; tests/e2e/ch10.spec.mjs,CH10-Q006
CH10-F05,"Orden médica, tratamientos y tarjeta de medicamentos",Catálogos visibles de pauta y horarios,"Se observan vías IV/VO/SC/IM, frecuencias cada 4/6/8/12 horas, cada día, BID y TID, duraciones de 1 a 5 días, horarios de 30 minutos y PRN.",VISIBLE,CH10,CH10-E0021 | CH10-E0028 | CH10-E0031 | CH10-E0034 | CH10-E0042,00:28:00.400 | 00:28:14.000 | 00:28:22.800 | 00:28:26.200 | 00:28:42.400,references/video-audit/chapters/CH10_orden_medica_tratamientos_y_tarjeta_de_medicamentos/event_frames/CH10-E0021_00h28m00s400ms_stable_change.jpg | references/video-audit/chapters/CH10_orden_medica_tratamientos_y_tarjeta_de_medicamentos/detail_crops/CH10-E0021_00h28m00s400ms_DETAIL.jpg | references/video-audit/chapters/CH10_orden_medica_tratamientos_y_tarjeta_de_medicamentos/event_frames/CH10-E0028_00h28m14s000ms_motion_progress.jpg | references/video-audit/chapters/CH10_orden_medica_tratamientos_y_tarjeta_de_medicamentos/detail_crops/CH10-E0028_00h28m14s000ms_DETAIL.jpg | references/video-audit/chapters/CH10_orden_medica_tratamientos_y_tarjeta_de_medicamentos/event_frames/CH10-E0031_00h28m22s800ms_motion_progress.jpg | references/video-audit/chapters/CH10_orden_medica_tratamientos_y_tarjeta_de_medicamentos/detail_crops/CH10-E0031_00h28m22s800ms_DETAIL.jpg | references/video-audit/chapters/CH10_orden_medica_tratamientos_y_tarjeta_de_medicamentos/event_frames/CH10-E0034_00h28m26s200ms_stable_change.jpg | references/video-audit/chapters/CH10_orden_medica_tratamientos_y_tarjeta_de_medicamentos/detail_crops/CH10-E0034_00h28m26s200ms_DETAIL.jpg | references/video-audit/chapters/CH10_orden_medica_tratamientos_y_tarjeta_de_medicamentos/event_frames/CH10-E0042_00h28m42s400ms_abrupt_change.jpg | references/video-audit/chapters/CH10_orden_medica_tratamientos_y_tarjeta_de_medicamentos/detail_crops/CH10-E0042_00h28m42s400ms_DETAIL.jpg,VISIBLE,HIGH,tests/ch10-medical-orders-cards.test.mjs; tests/e2e/ch10.spec.mjs,CH10-Q003 | CH10-Q005
CH10-F06,"Orden médica, tratamientos y tarjeta de medicamentos",Derivación aparente de fecha final,"Al escoger cinco días se muestra un intervalo del 16 al 20 de junio; parece derivarse de inicio y duración, pero el clip no prueba la fórmula general.",INFERRED,CH10,CH10-E0035,00:28:27.200,references/video-audit/chapters/CH10_orden_medica_tratamientos_y_tarjeta_de_medicamentos/event_frames/CH10-E0035_00h28m27s200ms_motion_progress.jpg | references/video-audit/chapters/CH10_orden_medica_tratamientos_y_tarjeta_de_medicamentos/detail_crops/CH10-E0035_00h28m27s200ms_DETAIL.jpg,INFERRED,MEDIUM,tests/ch10-medical-orders-cards.test.mjs; tests/e2e/ch10.spec.mjs,CH10-Q004
CH10-F07,"Orden médica, tratamientos y tarjeta de medicamentos",Composición de orden por etiquetas,"Agregar Orden abre un panel arrastrable con etiquetas clínicas, Nueva Etiqueta, Guardar y Cerrar; al agregar secciones aparecen editores enriquecidos y eliminación.",VISIBLE,CH10,CH10-E0072 | CH10-E0073 | CH10-E0091,00:29:30.800 | 00:29:31.400 | 00:29:52.400,references/video-audit/chapters/CH10_orden_medica_tratamientos_y_tarjeta_de_medicamentos/event_frames/CH10-E0072_00h29m30s800ms_abrupt_change.jpg | references/video-audit/chapters/CH10_orden_medica_tratamientos_y_tarjeta_de_medicamentos/event_frames/CH10-E0073_00h29m31s400ms_stable_change.jpg | references/video-audit/chapters/CH10_orden_medica_tratamientos_y_tarjeta_de_medicamentos/event_frames/CH10-E0091_00h29m52s400ms_abrupt_change.jpg,VISIBLE,HIGH,tests/ch10-medical-orders-cards.test.mjs; tests/e2e/ch10.spec.mjs,
CH10-F08,"Orden médica, tratamientos y tarjeta de medicamentos","Consulta de órdenes, tarjetas e historial","Modal con pestañas Órdenes médicas, Tarjetas de medicamentos e Historial de tratamientos; tabla de código, estatus, actualización y estatus PMC.",VISIBLE,CH10,CH10-E0109,00:30:13.200,references/video-audit/chapters/CH10_orden_medica_tratamientos_y_tarjeta_de_medicamentos/event_frames/CH10-E0109_00h30m13s200ms_settled.jpg | references/video-audit/chapters/CH10_orden_medica_tratamientos_y_tarjeta_de_medicamentos/detail_crops/CH10-E0109_00h30m13s200ms_DETAIL.jpg,VISIBLE,HIGH,tests/e2e/ch10.spec.mjs,CH10-Q009 | CH10-Q010 | CH10-Q013
CH10-F09,"Orden médica, tratamientos y tarjeta de medicamentos",Impresiones de tarjeta de medicamentos,"El menú abierto de una tarjeta ofrece Imprimir tarjeta completa, Imprimir tarjeta simple e Imprimir conteo presencial. El frame no prueba las acciones del menú de una orden médica.",VISIBLE,CH10,CH10-E0109,00:30:13.200,references/video-audit/chapters/CH10_orden_medica_tratamientos_y_tarjeta_de_medicamentos/event_frames/CH10-E0109_00h30m13s200ms_settled.jpg | references/video-audit/chapters/CH10_orden_medica_tratamientos_y_tarjeta_de_medicamentos/detail_crops/CH10-E0109_00h30m13s200ms_DETAIL.jpg,VISIBLE,HIGH,tests/ch10-medical-orders-cards.test.mjs; tests/e2e/ch10.spec.mjs,CH10-Q009 | CH10-Q010 | CH10-Q013
CH10-F10,"Orden médica, tratamientos y tarjeta de medicamentos",Permisos y corrección clínica,"No se evidencia qué roles pueden crear, finalizar, modificar, eliminar o imprimir, ni la política de corrección de documentos clínicos firmados.",UNCERTAIN,CH10,CH10-E0112,00:31:12.200,references/video-audit/chapters/CH10_orden_medica_tratamientos_y_tarjeta_de_medicamentos/event_frames/CH10-E0112_00h31m12s200ms_abrupt_change.jpg | references/video-audit/chapters/CH10_orden_medica_tratamientos_y_tarjeta_de_medicamentos/detail_crops/CH10-E0112_00h31m12s200ms_DETAIL.jpg,UNCERTAIN,HIGH,tests/p0-immutable-records.test.mjs; tests/ch10-medical-orders-cards.test.mjs,CH10-Q001
CH11-F01,Agenda y turnos,Agenda filtrable por paciente,Criterio Paciente con selector buscable y ficha/filtro del paciente; calendario con eventos coloreados.,VISIBLE,CH11,CH11-E0010 | CH11-E0015,00:31:50.200 | 00:31:55.600,references/video-audit/chapters/CH11_agenda_y_turnos/event_frames/CH11-E0010_00h31m50s200ms_abrupt_change.jpg | references/video-audit/chapters/CH11_agenda_y_turnos/detail_crops/CH11-E0010_00h31m50s200ms_DETAIL.jpg | references/video-audit/chapters/CH11_agenda_y_turnos/event_frames/CH11-E0015_00h31m55s600ms_stable_change.jpg,VISIBLE,HIGH,tests/ch11-agenda-visits.test.mjs; tests/e2e/ch11.spec.mjs,CH11-Q004
CH11-F02,Agenda y turnos,Navegación y vistas de calendario,"Controles anterior/hoy/siguiente y vistas Mes, Semana, Lista por semana y Lista por día; aparecen acciones Eliminar visitas y Crear.",VISIBLE,CH11,CH11-E0010,00:31:50.200,references/video-audit/chapters/CH11_agenda_y_turnos/event_frames/CH11-E0010_00h31m50s200ms_abrupt_change.jpg | references/video-audit/chapters/CH11_agenda_y_turnos/detail_crops/CH11-E0010_00h31m50s200ms_DETAIL.jpg,VISIBLE,HIGH,#/agenda; npm test,
CH11-F03,Agenda y turnos,Formulario de creación de visita,"Paciente, DUI, empresa, inicio/fin, frecuencia/cantidad, clasificación, tipo y descuento; botones Cerrar y Guardar.",VISIBLE,CH11,CH11-E0022 | CH11-E0023,00:32:03.600 | 00:32:08.400,references/video-audit/chapters/CH11_agenda_y_turnos/event_frames/CH11-E0022_00h32m03s600ms_abrupt_change.jpg | references/video-audit/chapters/CH11_agenda_y_turnos/detail_crops/CH11-E0022_00h32m03s600ms_DETAIL.jpg | references/video-audit/chapters/CH11_agenda_y_turnos/event_frames/CH11-E0023_00h32m08s400ms_motion_progress.jpg | references/video-audit/chapters/CH11_agenda_y_turnos/detail_crops/CH11-E0023_00h32m08s400ms_DETAIL.jpg,VISIBLE,HIGH,tests/ch11-agenda-visits.test.mjs; tests/e2e/ch11.spec.mjs,
CH11-F04,Agenda y turnos,Clasificación puntual o turno,El formulario expone las opciones Puntual y Turno para clasificar la visita.,VISIBLE,CH11,CH11-E0026 | CH11-E0027,00:32:28.600 | 00:32:29.200,references/video-audit/chapters/CH11_agenda_y_turnos/event_frames/CH11-E0026_00h32m28s600ms_settled.jpg | references/video-audit/chapters/CH11_agenda_y_turnos/detail_crops/CH11-E0026_00h32m28s600ms_DETAIL.jpg | references/video-audit/chapters/CH11_agenda_y_turnos/event_frames/CH11-E0027_00h32m29s200ms_stable_change.jpg | references/video-audit/chapters/CH11_agenda_y_turnos/detail_crops/CH11-E0027_00h32m29s200ms_DETAIL.jpg,VISIBLE,HIGH,tests/ch11-agenda-visits.test.mjs; tests/e2e/ch11.spec.mjs,
CH11-F05,Agenda y turnos,Catálogo de tipos de visita,"Lista visible de servicios de enfermería, supervisión, medicina, terapias, nutrición, cuidador, psicología, trabajo social, visita espiritual, laboratorio y otras especialidades.",VISIBLE,CH11,CH11-E0040,00:32:44.200,references/video-audit/chapters/CH11_agenda_y_turnos/event_frames/CH11-E0040_00h32m44s200ms_stable_change.jpg | references/video-audit/chapters/CH11_agenda_y_turnos/detail_crops/CH11-E0040_00h32m44s200ms_DETAIL.jpg,VISIBLE,HIGH,tests/ch11-agenda-visits.test.mjs,
CH11-F06,Agenda y turnos,Detalle de visita finalizada,"Modal de visita con pestañas Agenda y Actualizaciones, datos del paciente/agenda, recurso asignado, observaciones y estado finalizado.",VISIBLE,CH11,CH11-E0050,00:32:51.800,references/video-audit/chapters/CH11_agenda_y_turnos/event_frames/CH11-E0050_00h32m51s800ms_abrupt_change.jpg,VISIBLE,HIGH,tests/ch11-agenda-visits.test.mjs; tests/e2e/ch11.spec.mjs,CH11-Q002 | CH11-Q004 | CH11-Q006 | CH11-Q008
CH11-F07,Agenda y turnos,Tipo de atención en liquidación,"Opciones primera visita, seguimiento y última visita dentro del detalle; se muestra una tarifa asociada al servicio.",VISIBLE,CH11,CH11-E0060,00:33:10.600,references/video-audit/chapters/CH11_agenda_y_turnos/event_frames/CH11-E0060_00h33m10s600ms_abrupt_change.jpg,VISIBLE,HIGH,tests/ch11-agenda-visits.test.mjs,
CH11-F08,Agenda y turnos,Ajustes al pago de servicio profesional,"Tabla y controles para motivo, monto y comentario de descuento/pago del servicio; Guardar y Cerrar.",VISIBLE,CH11,CH11-E0055 | CH11-E0060,00:33:00.600 | 00:33:10.600,references/video-audit/chapters/CH11_agenda_y_turnos/event_frames/CH11-E0055_00h33m00s600ms_abrupt_change.jpg | references/video-audit/chapters/CH11_agenda_y_turnos/event_frames/CH11-E0060_00h33m10s600ms_abrupt_change.jpg,VISIBLE,HIGH,tests/ch11-agenda-visits.test.mjs; tests/e2e/ch11.spec.mjs,
CH11-F09,Agenda y turnos,Reglas de liquidación y permisos,"La visita muestra controles de tarifa, descuento, edición de pago, guardar y cerrar, pero no prueba qué roles pueden usarlos ni las reglas contables de la liquidación.",UNCERTAIN,CH11,CH11-E0055,00:33:00.600,references/video-audit/chapters/CH11_agenda_y_turnos/event_frames/CH11-E0055_00h33m00s600ms_abrupt_change.jpg,UNCERTAIN,HIGH,tests/ch11-agenda-visits.test.mjs; tests/e2e/ch11.spec.mjs,
CH12-F01,Cuentas por pagar y pagos de servicios,Resumen de cuentas por pagar,"Pestañas Resumen y Pagos; en Resumen aparecen Facturas y Reclamos, tabla, búsqueda y acciones Generar planilla, Restricciones, Descargar y Limpiar Tabla.",VISIBLE,CH12,CH12-E0004,00:33:30.600,references/video-audit/chapters/CH12_cuentas_por_pagar_y_pagos_de_servicios/event_frames/CH12-E0004_00h33m30s600ms_abrupt_change.jpg | references/video-audit/chapters/CH12_cuentas_por_pagar_y_pagos_de_servicios/detail_crops/CH12-E0004_00h33m30s600ms_DETAIL.jpg,VISIBLE,HIGH,tests/ch12-professional-payables.test.mjs; tests/e2e/ch12.spec.mjs,CH12-Q011
CH12-F02,Cuentas por pagar y pagos de servicios,Listado de pagos de servicios,"Registros con selección, búsqueda, paginación y columnas Recurso, Fecha Visita, Paciente, Monto, Estatus y Est. Visita; se ven Pendiente de pago y Finalizada.",VISIBLE,CH12,CH12-E0016,00:34:17.000,references/video-audit/chapters/CH12_cuentas_por_pagar_y_pagos_de_servicios/event_frames/CH12-E0016_00h34m17s000ms_abrupt_change.jpg | references/video-audit/chapters/CH12_cuentas_por_pagar_y_pagos_de_servicios/detail_crops/CH12-E0016_00h34m17s000ms_DETAIL.jpg,VISIBLE,HIGH,tests/ch12-professional-payables.test.mjs; tests/e2e/ch12.spec.mjs,CH12-Q001 | CH12-Q002 | CH12-Q003
CH12-F03,Cuentas por pagar y pagos de servicios,Acciones de pagos y reportes,"Acciones visibles Editar Grupo, Reporte Por Recurso y un segundo reporte cuyo rótulo queda parcialmente oculto.",VISIBLE,CH12,CH12-E0016,00:34:17.000,references/video-audit/chapters/CH12_cuentas_por_pagar_y_pagos_de_servicios/event_frames/CH12-E0016_00h34m17s000ms_abrupt_change.jpg | references/video-audit/chapters/CH12_cuentas_por_pagar_y_pagos_de_servicios/detail_crops/CH12-E0016_00h34m17s000ms_DETAIL.jpg,VISIBLE,MEDIUM,tests/e2e/ch12.spec.mjs,CH12-Q001 | CH12-Q002 | CH12-Q003
CH12-F04,Cuentas por pagar y pagos de servicios,Filtro de pagos,"Filtro por rango de fechas, recurso y estado con acciones Cerrar, Limpiar y Aplicar.",VISIBLE,CH12,CH12-E0010,00:34:02.200,references/video-audit/chapters/CH12_cuentas_por_pagar_y_pagos_de_servicios/event_frames/CH12-E0010_00h34m02s200ms_settled.jpg | references/video-audit/chapters/CH12_cuentas_por_pagar_y_pagos_de_servicios/detail_crops/CH12-E0010_00h34m02s200ms_DETAIL.jpg,VISIBLE,HIGH,tests/e2e/ch12.spec.mjs,
CH12-F05,Cuentas por pagar y pagos de servicios,Edición de pago de servicio profesional,"Modal con fecha, hospitalización, recurso, paciente, tarifa, monto, estatus, comentarios y tabla de conceptos con Agregar.",VISIBLE,CH12,CH12-E0022 | CH12-E0024,00:34:42.800 | 00:34:44.600,references/video-audit/chapters/CH12_cuentas_por_pagar_y_pagos_de_servicios/event_frames/CH12-E0022_00h34m42s800ms_stable_change.jpg | references/video-audit/chapters/CH12_cuentas_por_pagar_y_pagos_de_servicios/detail_crops/CH12-E0022_00h34m42s800ms_DETAIL.jpg | references/video-audit/chapters/CH12_cuentas_por_pagar_y_pagos_de_servicios/event_frames/CH12-E0024_00h34m44s600ms_stable_change.jpg | references/video-audit/chapters/CH12_cuentas_por_pagar_y_pagos_de_servicios/detail_crops/CH12-E0024_00h34m44s600ms_DETAIL.jpg,VISIBLE,HIGH,tests/ch12-professional-payables.test.mjs; tests/e2e/ch12.spec.mjs,CH12-Q004 | CH12-Q007
CH12-F06,Cuentas por pagar y pagos de servicios,Conceptos de adición o descuento,"Agregar concepto permite tipo Añadidura o Descuento, motivo requerido, monto y comentario.",VISIBLE,CH12,CH12-E0025 | CH12-E0027,00:34:47.600 | 00:34:49.800,references/video-audit/chapters/CH12_cuentas_por_pagar_y_pagos_de_servicios/event_frames/CH12-E0025_00h34m47s600ms_abrupt_change.jpg | references/video-audit/chapters/CH12_cuentas_por_pagar_y_pagos_de_servicios/event_frames/CH12-E0027_00h34m49s800ms_motion_progress.jpg | references/video-audit/chapters/CH12_cuentas_por_pagar_y_pagos_de_servicios/detail_crops/CH12-E0027_00h34m49s800ms_DETAIL.jpg,VISIBLE,HIGH,tests/ch12-professional-payables.test.mjs; tests/e2e/ch12.spec.mjs,CH12-Q006
CH12-F07,Cuentas por pagar y pagos de servicios,Catálogo visible de motivos,"Se observan motivos de añadidura como Tiempo extra, Excelencia, Mal agendado, Paciente especial y Transporte, y diversos motivos de descuento por retraso, inasistencia, cambio de turno, cierre tardío, transporte y cumplimiento.",VISIBLE,CH12,CH12-E0029 | CH12-E0034 | CH12-E0040,00:34:55.800 | 00:35:02.000 | 00:35:07.600,references/video-audit/chapters/CH12_cuentas_por_pagar_y_pagos_de_servicios/event_frames/CH12-E0029_00h34m55s800ms_motion_progress.jpg | references/video-audit/chapters/CH12_cuentas_por_pagar_y_pagos_de_servicios/detail_crops/CH12-E0029_00h34m55s800ms_DETAIL.jpg | references/video-audit/chapters/CH12_cuentas_por_pagar_y_pagos_de_servicios/event_frames/CH12-E0034_00h35m02s000ms_abrupt_change.jpg | references/video-audit/chapters/CH12_cuentas_por_pagar_y_pagos_de_servicios/detail_crops/CH12-E0034_00h35m02s000ms_DETAIL.jpg | references/video-audit/chapters/CH12_cuentas_por_pagar_y_pagos_de_servicios/event_frames/CH12-E0040_00h35m07s600ms_stable_change.jpg | references/video-audit/chapters/CH12_cuentas_por_pagar_y_pagos_de_servicios/detail_crops/CH12-E0040_00h35m07s600ms_DETAIL.jpg,VISIBLE,HIGH,tests/ch12-professional-payables.test.mjs; tests/e2e/ch12.spec.mjs,CH12-Q005
CH12-F08,Cuentas por pagar y pagos de servicios,Reglas financieras de montos y aprobación,"Los montos y estados son datos observados; el capítulo no demuestra fórmulas, tratamiento contable/fiscal, permisos de aprobación ni inmutabilidad posterior a planilla.",UNCERTAIN,CH12,CH12-E0022,00:34:42.800,references/video-audit/chapters/CH12_cuentas_por_pagar_y_pagos_de_servicios/event_frames/CH12-E0022_00h34m42s800ms_stable_change.jpg | references/video-audit/chapters/CH12_cuentas_por_pagar_y_pagos_de_servicios/detail_crops/CH12-E0022_00h34m42s800ms_DETAIL.jpg,UNCERTAIN,HIGH,tests/ch12-professional-payables.test.mjs,CH12-Q004 | CH12-Q007
CH13-F01,Compras y compras al por mayor,Listado de compras,"Tabla con Acciones, Tipo, Número, Proveedor, Total, # Factura, Fecha, Estado y Registro PT; búsqueda, paginación y exportación Excel.",VISIBLE,CH13,CH13-E0004,00:36:46.400,references/video-audit/chapters/CH13_compras_y_compras_al_por_mayor/event_frames/CH13-E0004_00h36m46s400ms_abrupt_change.jpg | references/video-audit/chapters/CH13_compras_y_compras_al_por_mayor/detail_crops/CH13-E0004_00h36m46s400ms_DETAIL.jpg,VISIBLE,HIGH,tests/ch13-purchase-drafts.test.mjs; tests/e2e/ch13.spec.mjs,CH13-Q001 | CH13-Q009
CH13-F02,Compras y compras al por mayor,Estados visibles de compra,"Se observan Compra Recibida y Pendiente, además de Registro PT Sin Registro o Pendiente.",VISIBLE,CH13,CH13-E0004,00:36:46.400,references/video-audit/chapters/CH13_compras_y_compras_al_por_mayor/event_frames/CH13-E0004_00h36m46s400ms_abrupt_change.jpg | references/video-audit/chapters/CH13_compras_y_compras_al_por_mayor/detail_crops/CH13-E0004_00h36m46s400ms_DETAIL.jpg,VISIBLE,HIGH,tests/ch13-purchase-drafts.test.mjs; tests/e2e/ch13.spec.mjs,CH13-Q001 | CH13-Q009
CH13-F03,Compras y compras al por mayor,Elección de modalidad de compra,Nuevo permite escoger Orden de compra o Caja menuda.,VISIBLE,CH13,CH13-E0006 | CH13-E0035,00:36:50.400 | 00:37:37.800,references/video-audit/chapters/CH13_compras_y_compras_al_por_mayor/event_frames/CH13-E0006_00h36m50s400ms_abrupt_change.jpg | references/video-audit/chapters/CH13_compras_y_compras_al_por_mayor/event_frames/CH13-E0035_00h37m37s800ms_abrupt_change.jpg,VISIBLE,HIGH,tests/ch13-purchase-drafts.test.mjs; tests/e2e/ch13.spec.mjs,CH13-Q008
CH13-F04,Compras y compras al por mayor,Formulario de orden de compra,"Fecha, número de factura, observaciones, ítem, proveedor, presentación, costo y cantidad; permite agregar presentación/ítem y guardar.",VISIBLE,CH13,CH13-E0007,00:36:54.400,references/video-audit/chapters/CH13_compras_y_compras_al_por_mayor/event_frames/CH13-E0007_00h36m54s400ms_abrupt_change.jpg,VISIBLE,HIGH,tests/ch13-purchase-drafts.test.mjs; tests/e2e/ch13.spec.mjs,
CH13-F05,Compras y compras al por mayor,Tabla de ítems de orden,"Tabla Proveedor, Ítem, Costo, Cantidad, Presentación y Total con acciones Atrás y Guardar.",VISIBLE,CH13,CH13-E0027 | CH13-E0029,00:37:23.000 | 00:37:24.000,references/video-audit/chapters/CH13_compras_y_compras_al_por_mayor/event_frames/CH13-E0027_00h37m23s000ms_motion_progress.jpg | references/video-audit/chapters/CH13_compras_y_compras_al_por_mayor/detail_crops/CH13-E0027_00h37m23s000ms_DETAIL.jpg | references/video-audit/chapters/CH13_compras_y_compras_al_por_mayor/event_frames/CH13-E0029_00h37m24s000ms_stable_change.jpg,VISIBLE,HIGH,tests/ch13-purchase-drafts.test.mjs; tests/e2e/ch13.spec.mjs,
CH13-F06,Compras y compras al por mayor,Formulario de compra por caja menuda,"Fecha, proveedor, factura, archivo de factura con Buscar, observaciones, ítem, presentación, costo, cantidad, impuesto y descuento.",VISIBLE,CH13,CH13-E0035 | CH13-E0052,00:37:37.800 | 00:38:22.400,references/video-audit/chapters/CH13_compras_y_compras_al_por_mayor/event_frames/CH13-E0035_00h37m37s800ms_abrupt_change.jpg | references/video-audit/chapters/CH13_compras_y_compras_al_por_mayor/event_frames/CH13-E0052_00h38m22s400ms_settled.jpg | references/video-audit/chapters/CH13_compras_y_compras_al_por_mayor/detail_crops/CH13-E0052_00h38m22s400ms_DETAIL.jpg,VISIBLE,HIGH,tests/ch13-purchase-drafts.test.mjs; tests/e2e/ch13.spec.mjs,CH13-Q008 | CH13-Q014
CH13-F07,Compras y compras al por mayor,Desglose de totales de caja menuda,"Tabla Ítem, Costo, Cantidad, Presentación, Impuesto, Descuento y Total; resumen Subtotal, Descuentos, Extra, Impuesto y Total. Los valores son datos del ejemplo, no reglas de cálculo confirmadas.",VISIBLE,CH13,CH13-E0065 | CH13-E0069,00:38:52.400 | 00:38:58.600,references/video-audit/chapters/CH13_compras_y_compras_al_por_mayor/event_frames/CH13-E0065_00h38m52s400ms_abrupt_change.jpg | references/video-audit/chapters/CH13_compras_y_compras_al_por_mayor/event_frames/CH13-E0069_00h38m58s600ms_stable_change.jpg,VISIBLE,HIGH,tests/ch13-purchase-drafts.test.mjs; tests/e2e/ch13.spec.mjs,CH13-Q004
CH13-F08,Compras y compras al por mayor,Detalle de compra y adjuntos,"Modal con fecha, orden, factura, estado, categoría, proveedor, observaciones, adjuntos con Ver archivo, tabla de ítems y totales.",VISIBLE,CH13,CH13-E0083 | CH13-E0084,00:39:33.000 | 00:39:33.400,references/video-audit/chapters/CH13_compras_y_compras_al_por_mayor/event_frames/CH13-E0083_00h39m33s000ms_abrupt_change.jpg | references/video-audit/chapters/CH13_compras_y_compras_al_por_mayor/event_frames/CH13-E0084_00h39m33s400ms_abrupt_change.jpg,VISIBLE,HIGH,tests/ch13-purchase-drafts.test.mjs; tests/e2e/ch13.spec.mjs,CH13-Q007
CH13-F09,Compras y compras al por mayor,Acciones sobre compra,"Menú con Ver, Editar detalles, Copiar, Imprimir PDF, Imprimir con montos, Imprimir a Excel y Anular.",VISIBLE,CH13,CH13-E0091,00:39:40.800,references/video-audit/chapters/CH13_compras_y_compras_al_por_mayor/event_frames/CH13-E0091_00h39m40s800ms_settled.jpg | references/video-audit/chapters/CH13_compras_y_compras_al_por_mayor/detail_crops/CH13-E0091_00h39m40s800ms_DETAIL.jpg,VISIBLE,HIGH,tests/e2e/ch13.spec.mjs,CH13-Q010 | CH13-Q011 | CH13-Q012 | CH13-Q013
CH13-F10,Compras y compras al por mayor,Relación de compras con inventario,La narración dice que compras sirve para alimentar el inventario; no se observa recepción ni movimiento de inventario en pantalla.,VERBAL,CH13,CH13-E0092,00:39:43.000,references/video-audit/chapters/CH13_compras_y_compras_al_por_mayor/event_frames/CH13-E0092_00h39m43s000ms_settled.jpg | references/video-audit/chapters/CH13_compras_y_compras_al_por_mayor/detail_crops/CH13-E0092_00h39m43s000ms_DETAIL.jpg,VERBAL,MEDIUM,tests/ch13-purchase-drafts.test.mjs,CH13-Q002 | CH13-Q003
CH13-F11,Compras y compras al por mayor,"Reglas fiscales, de anulación y autorización","No se demuestran cálculo fiscal, reglas de redondeo, permisos para editar/anular, efecto de anulación ni control de archivos adjuntos.",UNCERTAIN,CH13,CH13-E0092,00:39:43.000,references/video-audit/chapters/CH13_compras_y_compras_al_por_mayor/event_frames/CH13-E0092_00h39m43s000ms_settled.jpg | references/video-audit/chapters/CH13_compras_y_compras_al_por_mayor/detail_crops/CH13-E0092_00h39m43s000ms_DETAIL.jpg,UNCERTAIN,HIGH,tests/ch13-purchase-drafts.test.mjs; tests/e2e/ch13.spec.mjs,CH13-Q002 | CH13-Q003
CH14-F01,"Inventario, movimientos, acuses, cierres, bodegas y kits","Existencias disponibles, comprometidas y totales","Gestión de inventario lista items por bodega y separa disponible, comprometido y total; ofrece búsqueda, paginación, Excel y Traslados.",VISIBLE,CH14,CH14-E0006,00:40:05.400,references/video-audit/chapters/CH14_inventario_movimientos_acuses_cierres_bodegas_y_kits/detail_crops/CH14-E0006_00h40m05s400ms_DETAIL.jpg,VISIBLE,HIGH,tests/ch14-inventory-boundaries.test.mjs; tests/e2e/ch14.spec.mjs,CH14-Q001 | CH14-Q015
CH14-F02,"Inventario, movimientos, acuses, cierres, bodegas y kits",Historial de movimientos por item,"Ver movimientos abre un historial con rango de fechas, lote/serie, origen, destino, cantidad, Entrada/Salida y estado Disponible/Gastado.",VISIBLE,CH14,CH14-E0016 | CH14-E0018,00:40:37.800 | 00:40:39.000,references/video-audit/chapters/CH14_inventario_movimientos_acuses_cierres_bodegas_y_kits/event_frames/CH14-E0016_00h40m37s800ms_stable_change.jpg | references/video-audit/chapters/CH14_inventario_movimientos_acuses_cierres_bodegas_y_kits/event_frames/CH14-E0018_00h40m39s000ms_abrupt_change.jpg,VISIBLE,HIGH,tests/e2e/ch14.spec.mjs,CH14-Q001
CH14-F03,"Inventario, movimientos, acuses, cierres, bodegas y kits",Inventario comprometido como estado temporal,La conversación explica que lo enviado al domicilio queda comprometido en la cuenta del paciente hasta cerrar o contabilizar el servicio; no demuestra la fórmula de reserva.,VERBAL,CH14,CH14-E0018,00:40:39.000,references/video-audit/chapters/CH14_inventario_movimientos_acuses_cierres_bodegas_y_kits/event_frames/CH14-E0018_00h40m39s000ms_abrupt_change.jpg,VERBAL,MEDIUM,tests/ch14-inventory-boundaries.test.mjs,CH14-Q001
CH14-F04,"Inventario, movimientos, acuses, cierres, bodegas y kits",Panel de acuses por pacientes y recursos,"Acuses separa Pacientes, Recursos, No disponible, Solicitudes y Tareas, con selector de área y tabla de identificación, empresa y estado.",VISIBLE,CH14,CH14-E0029,00:40:51.600,references/video-audit/chapters/CH14_inventario_movimientos_acuses_cierres_bodegas_y_kits/event_frames/CH14-E0029_00h40m51s600ms_abrupt_change.jpg,VISIBLE,HIGH,tests/e2e/ch14.spec.mjs,
CH14-F05,"Inventario, movimientos, acuses, cierres, bodegas y kits",Gestión y exportación de acuses,"La fila permite Nuevo, Ver acuses, Descargar Excel y Registro XPO; un acuse permite Duplicar, Editar, Asignar hospitalización, Imprimir, consultar items faltantes y Eliminar.",VISIBLE,CH14,CH14-E0032 | CH14-E0035,00:40:53.200 | 00:41:00.800,references/video-audit/chapters/CH14_inventario_movimientos_acuses_cierres_bodegas_y_kits/event_frames/CH14-E0032_00h40m53s200ms_abrupt_change.jpg | references/video-audit/chapters/CH14_inventario_movimientos_acuses_cierres_bodegas_y_kits/detail_crops/CH14-E0035_00h41m00s800ms_DETAIL.jpg,VISIBLE,HIGH,tests/e2e/ch14.spec.mjs,CH14-Q002 | CH14-Q003
CH14-F06,"Inventario, movimientos, acuses, cierres, bodegas y kits","Cierres pendientes, totales y cerrados","Cierres separa Pendientes, Cierres totales, Cerrados y Recursos; Pendientes lista pacientes activos con estado y fecha de inicio.",VISIBLE,CH14,CH14-E0041,00:41:38.600,references/video-audit/chapters/CH14_inventario_movimientos_acuses_cierres_bodegas_y_kits/event_frames/CH14-E0041_00h41m38s600ms_stable_change.jpg,VISIBLE,HIGH,tests/ch14-inventory-boundaries.test.mjs; tests/e2e/ch14.spec.mjs,
CH14-F07,"Inventario, movimientos, acuses, cierres, bodegas y kits",Advertencia de cierre ya abierto,"Al iniciar un cierre cuando existe uno abierto, la interfaz advierte que continuar podría borrar datos guardados y obliga a Cancelar o Aceptar.",VISIBLE,CH14,CH14-E0046,00:41:47.400,references/video-audit/chapters/CH14_inventario_movimientos_acuses_cierres_bodegas_y_kits/detail_crops/CH14-E0046_00h41m47s400ms_DETAIL.jpg,VISIBLE,HIGH,tests/e2e/ch14.spec.mjs,CH14-Q006
CH14-F08,"Inventario, movimientos, acuses, cierres, bodegas y kits",Aprobación de cierre total,"Un cierre total ofrece Editar, Imprimir, Aprobar y Cancelar. Verbalmente se explica una etapa editable antes de la aprobación/cierre definitivo.",VISIBLE,CH14,CH14-E0050,00:42:16.400,references/video-audit/chapters/CH14_inventario_movimientos_acuses_cierres_bodegas_y_kits/detail_crops/CH14-E0050_00h42m16s400ms_DETAIL.jpg,VISIBLE,HIGH,tests/ch14-inventory-boundaries.test.mjs; tests/e2e/ch14.spec.mjs,CH14-Q007
CH14-F09,"Inventario, movimientos, acuses, cierres, bodegas y kits",Catálogo de proveedores,"Proveedores muestra código, empresa, contacto, teléfono, correo y dirección, con búsqueda, paginación y alta.",VISIBLE,CH14,CH14-E0061,00:43:24.400,references/video-audit/chapters/CH14_inventario_movimientos_acuses_cierres_bodegas_y_kits/event_frames/CH14-E0061_00h43m24s400ms_abrupt_change.jpg,VISIBLE,HIGH,tests/e2e/ch14.spec.mjs,CH14-Q008
CH14-F10,"Inventario, movimientos, acuses, cierres, bodegas y kits",Catálogo de bodegas y traslados,"Bodegas filtra por Activo y lista nombre, descripción y fecha; la conversación menciona traslados entre ubicaciones.",VISIBLE,CH14,CH14-E0068,00:43:28.600,references/video-audit/chapters/CH14_inventario_movimientos_acuses_cierres_bodegas_y_kits/event_frames/CH14-E0068_00h43m28s600ms_settled.jpg,VISIBLE,HIGH,tests/ch14-inventory-boundaries.test.mjs; tests/e2e/ch14.spec.mjs,CH14-Q009
CH14-F11,"Inventario, movimientos, acuses, cierres, bodegas y kits","Lotes, números de serie y vencimiento","El módulo separa Lotes y Nros de serie; la tabla enlaza lote con item, fechas y estado, y resalta varias Fecha inválida en rojo.",VISIBLE,CH14,CH14-E0075,00:43:37.200,references/video-audit/chapters/CH14_inventario_movimientos_acuses_cierres_bodegas_y_kits/event_frames/CH14-E0075_00h43m37s200ms_stable_change.jpg,VISIBLE,HIGH,tests/ch14-inventory-boundaries.test.mjs; tests/e2e/ch14.spec.mjs,
CH14-F12,"Inventario, movimientos, acuses, cierres, bodegas y kits",Catálogo de kits de insumos,"Kit de insumos ofrece Excel, Nuevo, búsqueda, paginación y acciones Editar, Duplicar y Eliminar.",VISIBLE,CH14,CH14-E0084 | CH14-E0089,00:44:13.600 | 00:44:23.000,references/video-audit/chapters/CH14_inventario_movimientos_acuses_cierres_bodegas_y_kits/event_frames/CH14-E0084_00h44m13s600ms_stable_change.jpg | references/video-audit/chapters/CH14_inventario_movimientos_acuses_cierres_bodegas_y_kits/detail_crops/CH14-E0089_00h44m23s000ms_DETAIL.jpg,VISIBLE,HIGH,tests/ch14-inventory-boundaries.test.mjs; tests/e2e/ch14.spec.mjs,
CH14-F13,"Inventario, movimientos, acuses, cierres, bodegas y kits",Composición cuantificada del kit,"El editor permite nombrar el kit, seleccionar item y cantidad, añadir componentes, modificar cantidades y quitarlos; el relato indica descarga automática al usar un kit.",VISIBLE,CH14,CH14-E0091 | CH14-E0117,00:44:23.800 | 00:44:44.800,references/video-audit/chapters/CH14_inventario_movimientos_acuses_cierres_bodegas_y_kits/detail_crops/CH14-E0091_00h44m23s800ms_DETAIL.jpg | references/video-audit/chapters/CH14_inventario_movimientos_acuses_cierres_bodegas_y_kits/event_frames/CH14-E0117_00h44m44s800ms_abrupt_change.jpg,VISIBLE,HIGH,tests/ch14-inventory-boundaries.test.mjs; tests/e2e/ch14.spec.mjs,CH14-Q013
CH14-F14,"Inventario, movimientos, acuses, cierres, bodegas y kits",Creación de acuse para hospitalización,"Acuse nuevo captura paciente, fecha, hospitalización, bodega, item, cantidad disponible y cantidad a asignar, con Vaciar, Plantilla y Añadir.",VISIBLE,CH14,CH14-E0151,00:45:27.000,references/video-audit/chapters/CH14_inventario_movimientos_acuses_cierres_bodegas_y_kits/event_frames/CH14-E0151_00h45m27s000ms_abrupt_change.jpg,VISIBLE,HIGH,tests/e2e/ch14.spec.mjs,CH14-Q004
CH14-F15,"Inventario, movimientos, acuses, cierres, bodegas y kits",Detección de items faltantes,"La hoja de seguridad posterior al último evento muestra Items faltantes disponibles con bodega, acuse, tipo, código, nombre, Disponible, Requerido y Acuse creado.",VISIBLE,CH14,CH14-E0152,00:45:27.400,references/video-audit/chapters/CH14_inventario_movimientos_acuses_cierres_bodegas_y_kits/contact_sheets_safety/safety_022.jpg,VISIBLE,MEDIUM,tests/e2e/ch14.spec.mjs,CH14-Q005 | CH14-Q014 | CH14-Q015
CH14-F16,"Inventario, movimientos, acuses, cierres, bodegas y kits",Vínculo de faltantes con cotización,"La conversación menciona una opción relacionada con faltar una cotización, pero la frase y el comportamiento no quedan demostrados visualmente.",UNCERTAIN,CH14,CH14-E0152,00:45:27.400,references/video-audit/chapters/CH14_inventario_movimientos_acuses_cierres_bodegas_y_kits/event_frames/CH14-E0152_00h45m27s400ms_abrupt_change.jpg,UNCERTAIN,LOW,NONE,CH14-Q005 | CH14-Q014 | CH14-Q015
CH15-F01,Acuse de inventario y catálogos de ítems,Reconciliación de items faltantes,"Items faltantes disponibles compara Disponible y Requerido por acuse y bodega, identifica si existe Acuse creado y permite Agregar al acuse.",VISIBLE,CH15,CH15-E0003 | CH15-E0009,00:45:29.400 | 00:45:32.200,references/video-audit/chapters/CH15_acuse_de_inventario_y_catalogos_de_items/event_frames/CH15-E0003_00h45m29s400ms_abrupt_change.jpg | references/video-audit/chapters/CH15_acuse_de_inventario_y_catalogos_de_items/event_frames/CH15-E0009_00h45m32s200ms_stable_change.jpg,VISIBLE,HIGH,#/inventario/comprometidos; #/catalogos; npm test,
CH15-F02,Acuse de inventario y catálogos de ítems,Solicitudes desde la casa del paciente,"El modal permite elegir la bodega de descarga y prevé Tipo, Código, Nombre, Disponibilidad, Cantidad y Faltante para acusar solicitudes domiciliarias.",VISIBLE,CH15,CH15-E0013 | CH15-E0017,00:45:35.200 | 00:45:38.200,references/video-audit/chapters/CH15_acuse_de_inventario_y_catalogos_de_items/event_frames/CH15-E0013_00h45m35s200ms_abrupt_change.jpg | references/video-audit/chapters/CH15_acuse_de_inventario_y_catalogos_de_items/event_frames/CH15-E0017_00h45m38s200ms_stable_change.jpg,VISIBLE,HIGH,#/inventario/comprometidos; #/catalogos; npm test,
CH15-F03,Acuse de inventario y catálogos de ítems,Alta manual de items en un acuse,"Acuse nuevo captura paciente, fecha, hospitalización, bodega, item, disponibilidad y cantidad a asignar, con Vaciar, Plantilla y Añadir.",VISIBLE,CH15,CH15-E0020,00:45:45.000,references/video-audit/chapters/CH15_acuse_de_inventario_y_catalogos_de_items/event_frames/CH15-E0020_00h45m45s000ms_abrupt_change.jpg,VISIBLE,HIGH,#/inventario/comprometidos; #/catalogos; npm test,
CH15-F04,Acuse de inventario y catálogos de ítems,Carga de acuse desde plantilla o cotización,"Añadir plantilla acepta origen Plantilla o Cotización, bodega y referencia; una cotización carga tipo, código, descripción y cantidad de sus items.",VISIBLE,CH15,CH15-E0023 | CH15-E0032,00:45:48.400 | 00:45:57.400,references/video-audit/chapters/CH15_acuse_de_inventario_y_catalogos_de_items/detail_crops/CH15-E0023_00h45m48s400ms_DETAIL.jpg | references/video-audit/chapters/CH15_acuse_de_inventario_y_catalogos_de_items/detail_crops/CH15-E0032_00h45m57s400ms_DETAIL.jpg,VISIBLE,HIGH,#/inventario/comprometidos; #/catalogos; npm test,
CH15-F05,Acuse de inventario y catálogos de ítems,Estados seleccionables de cotización,El selector muestra cotizaciones En ejecución y Finalizado; no se demuestra si ambos estados pueden aplicarse ni qué validaciones posteriores existen.,UNCERTAIN,CH15,CH15-E0029,00:45:54.400,references/video-audit/chapters/CH15_acuse_de_inventario_y_catalogos_de_items/detail_crops/CH15-E0029_00h45m54s400ms_DETAIL.jpg,UNCERTAIN,MEDIUM,#/inventario/comprometidos; #/catalogos; npm test,
CH15-F06,Acuse de inventario y catálogos de ítems,Catálogo y alta de medicamentos,"Medicamentos lista impuesto, descuento, lotes y estado; el alta incluye identidad farmacéutica, presentación, fabricante, vía y banderas comerciales y logísticas.",VISIBLE,CH15,CH15-E0046 | CH15-E0047,00:46:24.600 | 00:46:28.400,references/video-audit/chapters/CH15_acuse_de_inventario_y_catalogos_de_items/event_frames/CH15-E0046_00h46m24s600ms_abrupt_change.jpg | references/video-audit/chapters/CH15_acuse_de_inventario_y_catalogos_de_items/event_frames/CH15-E0047_00h46m28s400ms_abrupt_change.jpg,VISIBLE,HIGH,#/inventario/comprometidos; #/catalogos; npm test,
CH15-F07,Acuse de inventario y catálogos de ítems,Advertencia por cambios no guardados,"Los formularios de medicamento, insumo y honorario presentan Salir con Cancelar y Aceptar cuando se intenta abandonar cambios.",VISIBLE,CH15,CH15-E0052 | CH15-E0071 | CH15-E0114,00:46:35.800 | 00:47:09.600 | 00:48:57.200,references/video-audit/chapters/CH15_acuse_de_inventario_y_catalogos_de_items/event_frames/CH15-E0052_00h46m35s800ms_abrupt_change.jpg | references/video-audit/chapters/CH15_acuse_de_inventario_y_catalogos_de_items/event_frames/CH15-E0071_00h47m09s600ms_abrupt_change.jpg | references/video-audit/chapters/CH15_acuse_de_inventario_y_catalogos_de_items/event_frames/CH15-E0114_00h48m57s200ms_stable_change.jpg,VISIBLE,HIGH,#/inventario/comprometidos; #/catalogos; npm test,
CH15-F08,Acuse de inventario y catálogos de ítems,Catálogo y alta de insumos,"Insumos lista tipo, impuesto, descuento, lotes y estado; el alta captura tipo, fabricante y descripción con banderas Facturable, Descuento, Impuesto, Lotes y Giftcard.",VISIBLE,CH15,CH15-E0067 | CH15-E0068,00:46:48.400 | 00:46:51.600,references/video-audit/chapters/CH15_acuse_de_inventario_y_catalogos_de_items/event_frames/CH15-E0067_00h46m48s400ms_stable_change.jpg | references/video-audit/chapters/CH15_acuse_de_inventario_y_catalogos_de_items/event_frames/CH15-E0068_00h46m51s600ms_abrupt_change.jpg,VISIBLE,HIGH,#/inventario/comprometidos; #/catalogos; npm test,
CH15-F09,Acuse de inventario y catálogos de ítems,Catálogo de estudios diagnósticos,"Estudios Dx presenta código, nombre, descripción, impuesto, descuento y estado, con búsqueda, paginación, Excel y alta.",VISIBLE,CH15,CH15-E0084,00:47:20.600,references/video-audit/chapters/CH15_acuse_de_inventario_y_catalogos_de_items/detail_crops/CH15-E0084_00h47m20s600ms_DETAIL.jpg,VISIBLE,HIGH,#/inventario/comprometidos; #/catalogos; npm test,
CH15-F10,Acuse de inventario y catálogos de ítems,Catálogo y alta de honorarios,"Honorarios lista código, nombre, impuesto, descuento y estado; el alta asocia un Recurso y permite Descuento, Impuesto y Giftcard.",VISIBLE,CH15,CH15-E0094 | CH15-E0097,00:47:31.600 | 00:47:42.000,references/video-audit/chapters/CH15_acuse_de_inventario_y_catalogos_de_items/event_frames/CH15-E0094_00h47m31s600ms_abrupt_change.jpg | references/video-audit/chapters/CH15_acuse_de_inventario_y_catalogos_de_items/event_frames/CH15-E0097_00h47m42s000ms_stable_change.jpg,VISIBLE,HIGH,#/inventario/comprometidos; #/catalogos; npm test,
CH15-F11,Acuse de inventario y catálogos de ítems,Confirmación de guardado de honorario,Guardar pasa por Procesando y muestra Honorario médico guardado exitosamente.,VISIBLE,CH15,CH15-E0100 | CH15-E0101,00:48:10.400 | 00:48:11.000,references/video-audit/chapters/CH15_acuse_de_inventario_y_catalogos_de_items/event_frames/CH15-E0100_00h48m10s400ms_abrupt_change.jpg | references/video-audit/chapters/CH15_acuse_de_inventario_y_catalogos_de_items/event_frames/CH15-E0101_00h48m11s000ms_abrupt_change.jpg,VISIBLE,HIGH,#/inventario/comprometidos; #/catalogos; npm test,
CH15-F12,Acuse de inventario y catálogos de ítems,Acciones y edición de honorarios,"Un honorario puede Editar, consultar costos de compra, precios de venta y cuentas, o Inactivar; la edición conserva recurso y banderas.",VISIBLE,CH15,CH15-E0110 | CH15-E0113,00:48:27.800 | 00:48:56.600,references/video-audit/chapters/CH15_acuse_de_inventario_y_catalogos_de_items/event_frames/CH15-E0110_00h48m27s800ms_abrupt_change.jpg | references/video-audit/chapters/CH15_acuse_de_inventario_y_catalogos_de_items/event_frames/CH15-E0113_00h48m56s600ms_abrupt_change.jpg,VISIBLE,HIGH,#/inventario/comprometidos; #/catalogos; npm test,
CH15-F13,Acuse de inventario y catálogos de ítems,Catálogo de servicios,"Servicios lista código, nombre, tipo de producto, categoría, impuesto, descuento y estado; se observan categorías de atención, transporte, alquiler y terapias.",VISIBLE,CH15,CH15-E0122 | CH15-E0128,00:49:05.800 | 00:49:09.000,references/video-audit/chapters/CH15_acuse_de_inventario_y_catalogos_de_items/event_frames/CH15-E0122_00h49m05s800ms_abrupt_change.jpg | references/video-audit/chapters/CH15_acuse_de_inventario_y_catalogos_de_items/detail_crops/CH15-E0128_00h49m09s000ms_DETAIL.jpg,VISIBLE,HIGH,#/inventario/comprometidos; #/catalogos; npm test,
CH15-F14,Acuse de inventario y catálogos de ítems,Matriz de perfiles de descuento,"Descuentos distribuye valores por Servicios, Laboratorios, Medicamentos, Equipos, Insumos y Honorarios; el capítulo sólo demuestra el listado inicial.",VISIBLE,CH15,CH15-E0144 | CH15-E0148,00:49:33.200 | 00:49:41.400,references/video-audit/chapters/CH15_acuse_de_inventario_y_catalogos_de_items/event_frames/CH15-E0144_00h49m33s200ms_abrupt_change.jpg | references/video-audit/chapters/CH15_acuse_de_inventario_y_catalogos_de_items/detail_crops/CH15-E0148_00h49m41s400ms_DETAIL.jpg,VISIBLE,HIGH,#/inventario/comprometidos; #/catalogos; npm test,
CH15-F15,Acuse de inventario y catálogos de ítems,Regla de lotes para consumos internos,"La conversación plantea que algunos insumos podrían requerir lote al usarse internamente, pero no muestra la decisión ni el flujo de selección.",VERBAL,CH15,CH15-E0068,00:46:51.600,references/video-audit/chapters/CH15_acuse_de_inventario_y_catalogos_de_items/event_frames/CH15-E0068_00h46m51s600ms_abrupt_change.jpg,VERBAL,LOW,#/inventario/comprometidos; #/catalogos; npm test,
CH15-F16,Acuse de inventario y catálogos de ítems,Honorario vinculado a profesional,"La narración indica que el honorario se crea y se asigna al médico; el formulario demuestra el selector Recurso, no el cálculo o liquidación posterior.",VERBAL,CH15,CH15-E0097,00:47:42.000,references/video-audit/chapters/CH15_acuse_de_inventario_y_catalogos_de_items/event_frames/CH15-E0097_00h47m42s000ms_stable_change.jpg,VERBAL,MEDIUM,#/inventario/comprometidos; #/catalogos; npm test,
CH16-F01,Descuentos y reglas por categoría,Matriz de descuentos por familia,"Cada perfil contiene Nombre, Descripción y porcentajes independientes para Servicios, Laboratorios, Medicamentos, Equipos, Insumos y Honorarios.",VISIBLE,CH16,CH16-E0001 | CH16-E0018,00:49:45.000 | 00:50:18.200,references/video-audit/chapters/CH16_descuentos_y_reglas_por_categoria/detail_crops/CH16-E0001_00h49m45s000ms_DETAIL.jpg | references/video-audit/chapters/CH16_descuentos_y_reglas_por_categoria/event_frames/CH16-E0018_00h50m18s200ms_abrupt_change.jpg,VISIBLE,HIGH,#/catalogos/descuentos; npm test,
CH16-F02,Descuentos y reglas por categoría,Catálogo paginado y exportable,"Descuentos ofrece selección de registros, búsqueda, tres páginas, navegación Anterior/Siguiente, acciones por fila y Excel.",VISIBLE,CH16,CH16-E0013 | CH16-E0030,00:50:13.800 | 00:50:38.000,references/video-audit/chapters/CH16_descuentos_y_reglas_por_categoria/event_frames/CH16-E0013_00h50m13s800ms_settled.jpg | references/video-audit/chapters/CH16_descuentos_y_reglas_por_categoria/event_frames/CH16-E0030_00h50m38s000ms_abrupt_change.jpg,VISIBLE,HIGH,#/catalogos/descuentos; npm test,
CH16-F03,Descuentos y reglas por categoría,Perfiles con categorías excluidas,"Los ejemplos visibles usan cero en categorías no cubiertas y porcentajes distintos en las incluidas; esos valores son datos de configuración, no reglas universales.",VISIBLE,CH16,CH16-E0003 | CH16-E0024,00:49:58.000 | 00:50:25.800,references/video-audit/chapters/CH16_descuentos_y_reglas_por_categoria/detail_crops/CH16-E0003_00h49m58s000ms_DETAIL.jpg | references/video-audit/chapters/CH16_descuentos_y_reglas_por_categoria/event_frames/CH16-E0024_00h50m25s800ms_abrupt_change.jpg,VISIBLE,HIGH,#/catalogos/descuentos; npm test,
CH16-F04,Descuentos y reglas por categoría,Alta de perfil de descuento,"Nuevo Descuento captura nombre obligatorio, descripción y porcentajes de las seis familias, con Atrás y Guardar.",VISIBLE,CH16,CH16-E0035,00:50:42.400,references/video-audit/chapters/CH16_descuentos_y_reglas_por_categoria/event_frames/CH16-E0035_00h50m42s400ms_stable_change.jpg,VISIBLE,HIGH,#/catalogos/descuentos; npm test,
CH16-F05,Descuentos y reglas por categoría,Marca de jubilado,"El formulario incluye la casilla Es Jubilado, pero no demuestra asignación automática, elegibilidad ni efecto sobre los porcentajes.",VISIBLE,CH16,CH16-E0034 | CH16-E0035,00:50:41.800 | 00:50:42.400,references/video-audit/chapters/CH16_descuentos_y_reglas_por_categoria/event_frames/CH16-E0034_00h50m41s800ms_abrupt_change.jpg | references/video-audit/chapters/CH16_descuentos_y_reglas_por_categoria/event_frames/CH16-E0035_00h50m42s400ms_stable_change.jpg,VISIBLE,HIGH,#/catalogos/descuentos; npm test,
CH16-F06,Descuentos y reglas por categoría,Perfiles negociados por categoría,"La conversación explica perfiles con un porcentaje para servicios y exclusión de medicamentos, y menciona porcentajes pactados distintos por cliente; no define precedencia ni elegibilidad.",VERBAL,CH16,CH16-E0003,00:49:58.000,references/video-audit/chapters/CH16_descuentos_y_reglas_por_categoria/event_frames/CH16-E0003_00h49m58s000ms_settled.jpg,VERBAL,MEDIUM,#/catalogos/descuentos; npm test,
CH16-F07,Descuentos y reglas por categoría,Recarga del catálogo después del alta,"Al volver de Nuevo Descuento, el listado atraviesa estado vacío y Cargando antes de recuperar la matriz.",VISIBLE,CH16,CH16-E0036 | CH16-E0039,00:50:48.000 | 00:50:49.400,references/video-audit/chapters/CH16_descuentos_y_reglas_por_categoria/event_frames/CH16-E0036_00h50m48s000ms_abrupt_change.jpg | references/video-audit/chapters/CH16_descuentos_y_reglas_por_categoria/event_frames/CH16-E0039_00h50m49s400ms_stable_change.jpg,VISIBLE,HIGH,#/catalogos/descuentos; npm test,
CH16-F08,Descuentos y reglas por categoría,Acceso al reporte de salud,"Desde Clínica se abre Reporte de salud, que empieza a listar hospitalizaciones con periodo, auditoría, triage y estatus.",VISIBLE,CH16,CH16-E0041 | CH16-E0044,00:50:54.000 | 00:51:07.200,references/video-audit/chapters/CH16_descuentos_y_reglas_por_categoria/detail_crops/CH16-E0041_00h50m54s000ms_DETAIL.jpg | references/video-audit/chapters/CH16_descuentos_y_reglas_por_categoria/event_frames/CH16-E0044_00h51m07s200ms_abrupt_change.jpg,VISIBLE,HIGH,#/catalogos/descuentos; npm test,
CH16-F09,Descuentos y reglas por categoría,Bloqueo de edición clínica tras guardar,"La narración afirma que enfermería no podía volver a editar después de guardar por motivos legales, mientras otro rol sí corregía errores ortográficos; no se muestra el flujo ni la preservación de versiones.",VERBAL,CH16,CH16-E0040,00:50:52.200,references/video-audit/chapters/CH16_descuentos_y_reglas_por_categoria/event_frames/CH16-E0040_00h50m52s200ms_settled.jpg,VERBAL,MEDIUM,#/catalogos/descuentos; npm test,
CH17-F01,Reporte de salud detallado e impresión,Listado clínico con triage y auditoría,"Reporte de salud lista hospitalizaciones por periodo con estado de auditoría, triage Estable o Comprometido y estatus activo.",VISIBLE,CH17,CH17-E0001 | CH17-E0003,00:51:10.000 | 00:51:12.400,references/video-audit/chapters/CH17_reporte_de_salud_detallado_e_impresion/detail_crops/CH17-E0001_00h51m10s000ms_DETAIL.jpg | references/video-audit/chapters/CH17_reporte_de_salud_detallado_e_impresion/event_frames/CH17-E0003_00h51m12s400ms_abrupt_change.jpg,VISIBLE,HIGH,#/clinica/reportes; #/clinica/evoluciones; npm test,
CH17-F02,Reporte de salud detallado e impresión,Acciones de la hospitalización,"El menú permite abrir Historia clínica, Reporte Claims, Ver visitas, Notas de servicio, Reporte de salud, Auditorías y Registro XPO.",VISIBLE,CH17,CH17-E0005,00:51:14.200,references/video-audit/chapters/CH17_reporte_de_salud_detallado_e_impresion/detail_crops/CH17-E0005_00h51m14s200ms_DETAIL.jpg,VISIBLE,HIGH,#/clinica/reportes; #/clinica/evoluciones; npm test,
CH17-F03,Reporte de salud detallado e impresión,Reporte clínico por hospitalización,"El detalle organiza Información Principal, Evaluación Clínica, Atención Médica, Tratamientos y Órdenes, Eventos Clínicos y Evidencia y Documentos.",VISIBLE,CH17,CH17-E0008,00:51:16.600,references/video-audit/chapters/CH17_reporte_de_salud_detallado_e_impresion/event_frames/CH17-E0008_00h51m16s600ms_abrupt_change.jpg,VISIBLE,HIGH,#/clinica/reportes; #/clinica/evoluciones; npm test,
CH17-F04,Reporte de salud detallado e impresión,Cambio de rango temporal,"Cambiar rango de fechas abre un calendario doble, permite seleccionar intervalo, Cargarlo y muestra Procesando antes de actualizar el encabezado.",VISIBLE,CH17,CH17-E0012 | CH17-E0017 | CH17-E0019,00:51:18.800 | 00:51:32.000 | 00:51:33.000,references/video-audit/chapters/CH17_reporte_de_salud_detallado_e_impresion/detail_crops/CH17-E0012_00h51m18s800ms_DETAIL.jpg | references/video-audit/chapters/CH17_reporte_de_salud_detallado_e_impresion/event_frames/CH17-E0017_00h51m32s000ms_abrupt_change.jpg | references/video-audit/chapters/CH17_reporte_de_salud_detallado_e_impresion/event_frames/CH17-E0019_00h51m33s000ms_abrupt_change.jpg,VISIBLE,HIGH,#/clinica/reportes; #/clinica/evoluciones; npm test,
CH17-F05,Reporte de salud detallado e impresión,Información principal del paciente,"El reporte presenta identidad, fecha de nacimiento, edad, sexo, periodo de hospitalización, estado, tipo de paciente, tipo de módulo y adicional.",VISIBLE,CH17,CH17-E0019,00:51:33.000,references/video-audit/chapters/CH17_reporte_de_salud_detallado_e_impresion/event_frames/CH17-E0019_00h51m33s000ms_abrupt_change.jpg,VISIBLE,HIGH,#/clinica/reportes; #/clinica/evoluciones; npm test,
CH17-F06,Reporte de salud detallado e impresión,Seguros seleccionables para impresión,"Seguros del paciente expone seguro, póliza, certificado, fecha efectiva, titular y DUI/NIT, con una casilla Imprimir por fila.",VISIBLE,CH17,CH17-E0021,00:51:34.400,references/video-audit/chapters/CH17_reporte_de_salud_detallado_e_impresion/event_frames/CH17-E0021_00h51m34s400ms_abrupt_change.jpg,VISIBLE,HIGH,#/clinica/reportes; #/clinica/evoluciones; npm test,
CH17-F07,Reporte de salud detallado e impresión,Salida imprimible configurable,"El encabezado ofrece Imprimir y varias tablas incluyen casillas Imprimir, pero no se observa el documento final ni su formato.",UNCERTAIN,CH17,CH17-E0008 | CH17-E0021 | CH17-E0043,00:51:16.600 | 00:51:34.400 | 00:52:08.400,references/video-audit/chapters/CH17_reporte_de_salud_detallado_e_impresion/event_frames/CH17-E0008_00h51m16s600ms_abrupt_change.jpg | references/video-audit/chapters/CH17_reporte_de_salud_detallado_e_impresion/event_frames/CH17-E0021_00h51m34s400ms_abrupt_change.jpg | references/video-audit/chapters/CH17_reporte_de_salud_detallado_e_impresion/event_frames/CH17-E0043_00h52m08s400ms_abrupt_change.jpg,UNCERTAIN,MEDIUM,#/clinica/reportes; #/clinica/evoluciones; npm test,
CH17-F08,Reporte de salud detallado e impresión,Navegación de Evaluación Clínica,"Evaluación Clínica separa antecedentes y evaluaciones, signos vitales, perfiles clínicos, notas de evolución, interconsultas, notas de enfermería y bitácoras.",VISIBLE,CH17,CH17-E0024,00:51:37.200,references/video-audit/chapters/CH17_reporte_de_salud_detallado_e_impresion/detail_crops/CH17-E0024_00h51m37s200ms_DETAIL.jpg,VISIBLE,HIGH,#/clinica/reportes; #/clinica/evoluciones; npm test,
CH17-F09,Reporte de salud detallado e impresión,Antecedentes clínicos estructurados,"Los paneles cubren alergias, antecedentes personales patológicos, hábitos personales, antecedentes quirúrgicos, antecedentes familiares y tarjeta de vacunas.",VISIBLE,CH17,CH17-E0026 | CH17-E0027,00:51:43.400 | 00:51:44.200,references/video-audit/chapters/CH17_reporte_de_salud_detallado_e_impresion/event_frames/CH17-E0026_00h51m43s400ms_abrupt_change.jpg | references/video-audit/chapters/CH17_reporte_de_salud_detallado_e_impresion/event_frames/CH17-E0027_00h51m44s200ms_abrupt_change.jpg,VISIBLE,HIGH,#/clinica/reportes; #/clinica/evoluciones; npm test,
CH17-F10,Reporte de salud detallado e impresión,Captura de alergias desde catálogo,"Alergias muestra No registrado, un catálogo seleccionable y Agregar; el capítulo no demuestra la persistencia ni cómo se resuelve la contradicción con No registrado.",VISIBLE,CH17,CH17-E0029 | CH17-E0030,00:51:48.600 | 00:51:50.600,references/video-audit/chapters/CH17_reporte_de_salud_detallado_e_impresion/detail_crops/CH17-E0029_00h51m48s600ms_DETAIL.jpg | references/video-audit/chapters/CH17_reporte_de_salud_detallado_e_impresion/detail_crops/CH17-E0030_00h51m50s600ms_DETAIL.jpg,VISIBLE,HIGH,#/clinica/reportes; #/clinica/evoluciones; npm test,
CH17-F11,Reporte de salud detallado e impresión,Signos vitales agrupados por origen,"La subpestaña separa gráficos, registros clínicos de signos vitales y signos cargados por el paciente.",VISIBLE,CH17,CH17-E0038,00:52:00.600,references/video-audit/chapters/CH17_reporte_de_salud_detallado_e_impresion/detail_crops/CH17-E0038_00h52m00s600ms_DETAIL.jpg,VISIBLE,HIGH,#/clinica/reportes; #/clinica/evoluciones; npm test,
CH17-F12,Reporte de salud detallado e impresión,Listado de notas de enfermería,"Notas de enfermería muestra fecha, turno, recurso y nota clínica, con búsqueda, paginación, selección para impresión y acciones por fila.",VISIBLE,CH17,CH17-E0043 | CH17-E0046,00:52:08.400 | 00:52:09.800,references/video-audit/chapters/CH17_reporte_de_salud_detallado_e_impresion/detail_crops/CH17-E0043_00h52m08s400ms_DETAIL.jpg | references/video-audit/chapters/CH17_reporte_de_salud_detallado_e_impresion/event_frames/CH17-E0046_00h52m09s800ms_abrupt_change.jpg,VISIBLE,HIGH,#/clinica/reportes; #/clinica/evoluciones; npm test,
CH17-F13,Reporte de salud detallado e impresión,Edición de nota clínica,"El menú ofrece Editar y la secuencia de seguridad muestra un área de texto editable con control de guardado; no se demuestra versión, motivo ni preservación del original.",VISIBLE,CH17,CH17-E0048 | CH17-E0048,00:52:14.800 | 00:52:14.800,references/video-audit/chapters/CH17_reporte_de_salud_detallado_e_impresion/detail_crops/CH17-E0048_00h52m14s800ms_DETAIL.jpg | references/video-audit/chapters/CH17_reporte_de_salud_detallado_e_impresion/contact_sheets_safety/safety_005.jpg,VISIBLE,HIGH,#/clinica/reportes; #/clinica/evoluciones; npm test,
CH17-F14,Reporte de salud detallado e impresión,Auditoría de nota con IA,"El menú de la nota incluye Auditar con IA; no se evidencia proveedor, datos enviados, resultado, revisión humana ni persistencia.",VISIBLE,CH17,CH17-E0048,00:52:14.800,references/video-audit/chapters/CH17_reporte_de_salud_detallado_e_impresion/detail_crops/CH17-E0048_00h52m14s800ms_DETAIL.jpg,VISIBLE,HIGH,#/clinica/reportes; #/clinica/evoluciones; npm test,
CH17-F15,Reporte de salud detallado e impresión,Restricción de edición por rol,"La conversación indica que personal de enfermería no puede volver a editar después de guardar, mientras otro rol puede corregir ortografía; la pantalla no demuestra la matriz de permisos.",VERBAL,CH17,CH17-E0048,00:52:14.800,references/video-audit/chapters/CH17_reporte_de_salud_detallado_e_impresion/event_frames/CH17-E0048_00h52m14s800ms_abrupt_change.jpg,VERBAL,MEDIUM,#/clinica/reportes; #/clinica/evoluciones; npm test,
CH17-F16,Reporte de salud detallado e impresión,Aplicación operativa de enfermería,"La narración describe una aplicación donde enfermería ve paciente asignado, hora, diagnóstico, médico, supervisores, registra signos vitales, evaluaciones y nota de enfermería; no se muestra esa aplicación.",VERBAL,CH17,CH17-E0046,00:52:09.800,references/video-audit/chapters/CH17_reporte_de_salud_detallado_e_impresion/event_frames/CH17-E0046_00h52m09s800ms_abrupt_change.jpg,VERBAL,MEDIUM,#/clinica/reportes; #/clinica/evoluciones; npm test,
CH17-F17,Reporte de salud detallado e impresión,Compartir nota de enfermería por WhatsApp,La narración afirma que la nota podía compartirse por WhatsApp con el médico; no se observa interfaz ni protección del contenido.,VERBAL,CH17,CH17-E0048,00:52:14.800,references/video-audit/chapters/CH17_reporte_de_salud_detallado_e_impresion/event_frames/CH17-E0048_00h52m14s800ms_abrupt_change.jpg,VERBAL,HIGH,#/clinica/reportes; #/clinica/evoluciones; npm test,
